date,value
1885-02-16,30.922600
1885-02-17,31.336500
1885-02-18,31.474400
1885-02-19,31.676500
1885-02-20,31.425200
1885-02-21,31.893300
1885-02-24,32.331800
1885-02-25,32.849100
1885-02-26,32.331800
1885-02-27,31.765100
1885-02-28,31.898200
1885-03-02,31.942500
1885-03-03,31.829200
1885-03-04,31.568000
1885-03-05,31.779900
1885-03-06,31.710900
1885-03-07,32.198700
1885-03-09,32.287400
1885-03-10,32.292300
1885-03-11,32.514000
1885-03-12,32.218400
1885-03-13,31.981900
1885-03-14,32.129700
1885-03-16,31.986800
1885-03-17,31.651800
1885-03-18,31.469500
1885-03-19,31.075300
1885-03-20,31.001400
1885-03-21,30.587500
1885-03-23,30.829000
1885-03-24,30.484100
1885-03-25,30.740300
1885-03-26,30.996500
1885-03-27,31.006300
1885-03-28,30.962000
1885-03-30,30.602300
1885-03-31,30.710700
1885-04-01,30.745200
1885-04-02,30.799400
1885-04-04,30.774800
1885-04-06,30.745200
1885-04-07,30.346100
1885-04-08,30.454500
1885-04-09,31.213300
1885-04-10,30.883200
1885-04-11,31.405400
1885-04-13,31.385700
1885-04-14,31.518800
1885-04-15,32.085400
1885-04-16,31.789700
1885-04-17,31.577900
1885-04-18,31.385700
1885-04-20,31.577900
1885-04-21,31.499000
1885-04-22,31.592700
1885-04-23,31.632100
1885-04-24,31.484300
1885-04-25,31.449800
1885-04-27,31.518800
1885-04-28,31.592700
1885-04-29,31.632100
1885-04-30,31.730600
1885-05-01,31.518800
1885-05-02,31.435000
1885-05-04,30.661400
1885-05-05,30.508700
1885-05-06,30.824000
1885-05-07,30.503800
1885-05-08,30.922600
1885-05-09,31.144300
1885-05-11,30.794500
1885-05-12,30.656500
1885-05-13,30.656500
1885-05-14,30.656500
1885-05-15,30.873300
1885-05-16,31.031000
1885-05-18,31.095000
1885-05-19,31.100000
1885-05-20,30.942300
1885-05-21,31.124600
1885-05-22,31.361100
1885-05-23,31.484300
1885-05-25,31.065500
1885-05-26,31.193600
1885-05-27,31.026000
1885-05-28,30.917600
1885-05-29,30.686100
1885-06-01,30.538300
1885-06-02,30.715600
1885-06-03,30.907800
1885-06-04,30.710700
1885-06-05,30.469300
1885-06-06,30.548100
1885-06-08,30.415100
1885-06-09,30.513600
1885-06-10,30.587500
1885-06-11,30.863400
1885-06-12,31.021100
1885-06-13,31.050700
1885-06-15,31.292100
1885-06-16,31.183700
1885-06-17,31.183700
1885-06-18,31.370900
1885-06-19,31.597600
1885-06-20,31.853800
1885-06-22,31.439900
1885-06-23,31.375900
1885-06-24,31.720800
1885-06-25,31.523700
1885-06-26,31.306900
1885-06-27,31.100000
1885-06-29,30.794500
1885-06-30,30.725500
1885-07-01,30.523500
1885-07-02,30.296800
1885-07-03,30.626900
1885-07-06,30.626900
1885-07-07,30.518600
1885-07-08,31.031000
1885-07-09,31.095000
1885-07-10,31.095000
1885-07-11,31.701100
1885-07-13,32.139600
1885-07-14,32.277500
1885-07-15,32.735800
1885-07-16,32.563300
1885-07-17,32.996900
1885-07-18,33.430500
1885-07-20,32.903300
1885-07-21,32.918100
1885-07-22,33.430500
1885-07-23,33.923200
1885-07-24,33.479700
1885-07-25,32.977200
1885-07-27,33.115100
1885-07-28,33.189000
1885-07-29,33.524100
1885-07-30,33.479700
1885-07-31,33.578300
1885-08-01,33.450200
1885-08-03,33.312200
1885-08-04,33.410800
1885-08-05,33.331900
1885-08-06,33.494500
1885-08-07,33.780300
1885-08-10,33.918300
1885-08-11,33.854200
1885-08-12,34.268100
1885-08-13,34.041400
1885-08-14,34.445500
1885-08-15,34.849500
1885-08-17,35.524500
1885-08-18,34.736200
1885-08-19,35.248600
1885-08-20,34.948000
1885-08-21,34.997300
1885-08-22,35.135300
1885-08-24,34.775600
1885-08-25,34.450400
1885-08-26,34.583400
1885-08-27,35.021900
1885-08-28,34.785400
1885-08-29,34.243400
1885-08-31,34.268100
1885-09-01,34.041400
1885-09-02,34.287800
1885-09-03,34.144900
1885-09-04,34.031600
1885-09-05,33.721200
1885-09-07,32.972300
1885-09-08,33.238300
1885-09-09,33.381200
1885-09-10,33.065900
1885-09-11,33.169300
1885-09-12,33.307300
1885-09-14,33.691600
1885-09-15,33.543800
1885-09-16,33.873900
1885-09-17,33.760600
1885-09-18,34.031600
1885-09-19,34.263200
1885-09-21,33.893600
1885-09-22,33.942900
1885-09-23,33.972500
1885-09-24,33.790200
1885-09-25,33.632500
1885-09-26,33.642300
1885-09-28,34.159700
1885-09-29,34.100600
1885-09-30,34.332100
1885-10-01,34.263200
1885-10-02,33.957700
1885-10-03,34.598200
1885-10-05,34.948000
1885-10-06,35.002200
1885-10-07,35.672300
1885-10-08,35.687100
1885-10-09,35.810300
1885-10-10,36.199500
1885-10-12,36.238900
1885-10-13,36.465600
1885-10-14,36.613400
1885-10-15,36.253700
1885-10-16,36.790800
1885-10-17,37.308100
1885-10-19,37.672700
1885-10-20,38.091500
1885-10-21,38.101400
1885-10-22,37.396800
1885-10-23,37.608700
1885-10-24,37.761400
1885-10-26,37.165200
1885-10-27,37.638200
1885-10-28,37.889500
1885-10-29,37.662900
1885-10-30,38.135900
1885-10-31,38.554700
1885-11-02,38.549700
1885-11-04,38.254100
1885-11-05,38.781300
1885-11-06,38.436400
1885-11-07,38.845400
1885-11-09,38.628600
1885-11-10,38.943900
1885-11-11,39.540100
1885-11-12,39.500700
1885-11-13,39.816000
1885-11-14,39.481000
1885-11-16,39.717500
1885-11-17,40.220000
1885-11-18,40.338300
1885-11-19,40.771900
1885-11-20,40.436800
1885-11-21,39.875100
1885-11-23,39.293700
1885-11-24,40.407300
1885-11-25,40.210200
1885-11-27,39.604200
1885-11-28,39.786500
1885-11-30,39.569700
1885-12-01,39.214900
1885-12-02,39.338100
1885-12-03,39.387400
1885-12-04,39.550000
1885-12-05,39.968800
1885-12-07,39.416900
1885-12-08,39.525300
1885-12-09,39.421800
1885-12-10,38.830600
1885-12-11,38.884800
1885-12-12,38.268900
1885-12-14,37.914200
1885-12-15,38.618700
1885-12-16,39.274000
1885-12-17,38.963600
1885-12-18,39.195200
1885-12-19,39.421800
1885-12-21,38.648300
1885-12-22,37.958500
1885-12-23,38.047200
1885-12-24,38.490600
1885-12-26,39.269100
1885-12-28,38.909400
1885-12-29,39.540100
1885-12-30,39.559800
1885-12-31,39.485900
1886-01-02,39.485900
1886-01-04,39.517900
1886-01-05,39.156300
1886-01-06,39.257000
1886-01-07,39.170100
1886-01-08,38.927400
1886-01-09,39.096800
1886-01-11,38.762700
1886-01-12,38.671100
1886-01-13,38.140100
1886-01-14,38.405600
1886-01-15,37.659500
1886-01-16,37.352800
1886-01-18,37.014000
1886-01-19,37.375700
1886-01-20,37.275000
1886-01-21,37.613700
1886-01-22,37.348200
1886-01-23,36.835500
1886-01-25,36.748500
1886-01-26,37.101000
1886-01-27,37.105600
1886-01-28,37.329900
1886-01-29,37.316100
1886-01-30,37.810500
1886-02-01,38.277400
1886-02-02,38.355300
1886-02-03,38.579600
1886-02-04,38.616200
1886-02-05,38.968600
1886-02-06,38.538400
1886-02-08,39.298200
1886-02-09,39.682700
1886-02-10,39.183800
1886-02-11,39.316500
1886-02-12,39.385200
1886-02-13,39.746800
1886-02-15,39.476800
1886-02-16,39.572900
1886-02-17,39.366900
1886-02-18,38.831300
1886-02-19,38.689400
1886-02-20,38.355300
1886-02-23,38.565800
1886-02-24,38.570400
1886-02-25,38.451400
1886-02-26,38.423900
1886-02-27,38.295700
1886-03-01,38.332400
1886-03-02,38.863400
1886-03-03,38.872500
1886-03-04,38.506300
1886-03-05,38.556700
1886-03-06,38.597900
1886-03-08,38.456000
1886-03-09,38.364400
1886-03-10,38.355300
1886-03-11,38.474300
1886-03-12,37.796800
1886-03-13,37.719000
1886-03-15,37.934100
1886-03-16,37.934100
1886-03-17,37.352800
1886-03-18,37.416900
1886-03-19,37.654900
1886-03-20,37.632000
1886-03-22,37.508400
1886-03-23,36.675300
1886-03-24,36.505900
1886-03-25,36.830900
1886-03-26,36.730200
1886-03-27,36.899600
1886-03-29,36.693600
1886-03-30,37.036900
1886-03-31,37.252100
1886-04-01,37.421400
1886-04-02,36.812600
1886-04-03,36.817200
1886-04-05,36.885900
1886-04-06,36.876700
1886-04-07,37.220000
1886-04-08,37.174200
1886-04-09,37.210900
1886-04-10,37.270400
1886-04-12,37.860900
1886-04-13,37.558800
1886-04-14,37.545000
1886-04-15,37.050700
1886-04-16,36.798900
1886-04-17,36.908700
1886-04-19,36.789700
1886-04-20,36.995700
1886-04-21,37.210900
1886-04-22,37.165100
1886-04-24,37.128500
1886-04-26,37.119300
1886-04-27,37.009500
1886-04-28,36.597500
1886-04-29,36.441800
1886-04-30,36.130600
1886-05-01,35.929200
1886-05-03,35.375300
1886-05-04,35.736900
1886-05-05,36.194700
1886-05-06,35.768900
1886-05-07,36.180900
1886-05-08,36.327400
1886-05-10,36.405200
1886-05-11,36.364000
1886-05-12,36.803500
1886-05-13,36.670700
1886-05-14,36.231300
1886-05-15,36.588300
1886-05-17,35.105200
1886-05-18,36.176300
1886-05-19,36.107700
1886-05-20,36.437300
1886-05-21,36.661600
1886-05-22,36.977400
1886-05-24,36.863000
1886-05-25,36.899600
1886-05-26,37.311600
1886-05-27,37.645700
1886-05-28,37.279500
1886-05-29,37.769300
1886-06-01,37.906700
1886-06-02,37.677800
1886-06-03,37.448900
1886-06-04,37.783100
1886-06-05,37.545000
1886-06-07,37.682400
1886-06-08,37.586200
1886-06-09,38.057700
1886-06-10,37.696100
1886-06-11,37.938700
1886-06-12,37.966200
1886-06-14,38.085200
1886-06-15,38.121800
1886-06-16,38.488000
1886-06-17,38.652800
1886-06-18,38.822200
1886-06-19,39.179200
1886-06-21,38.822200
1886-06-22,38.735200
1886-06-23,39.051000
1886-06-24,38.451400
1886-06-25,38.808400
1886-06-26,38.799300
1886-06-28,38.689400
1886-06-29,38.387300
1886-06-30,38.378100
1886-07-01,38.538400
1886-07-02,38.575000
1886-07-03,39.078500
1886-07-06,38.506300
1886-07-07,38.703100
1886-07-08,38.460500
1886-07-09,38.414800
1886-07-10,38.510900
1886-07-12,38.007400
1886-07-13,38.176700
1886-07-14,38.222500
1886-07-15,38.602400
1886-07-16,38.593300
1886-07-17,38.639100
1886-07-19,38.410200
1886-07-20,38.684800
1886-07-21,38.799300
1886-07-22,38.776400
1886-07-23,38.698600
1886-07-24,38.753500
1886-07-26,38.927400
1886-07-27,38.982400
1886-07-28,39.257000
1886-07-29,39.041900
1886-07-30,39.188400
1886-07-31,39.458400
1886-08-02,39.733100
1886-08-03,39.522500
1886-08-04,39.568300
1886-08-05,39.751400
1886-08-06,39.861300
1886-08-07,39.614100
1886-08-09,39.389800
1886-08-10,39.623200
1886-08-11,39.385200
1886-08-12,39.321100
1886-08-13,39.211300
1886-08-14,39.275300
1886-08-16,39.005300
1886-08-17,38.465100
1886-08-18,38.231700
1886-08-19,38.579600
1886-08-20,39.051000
1886-08-21,39.073900
1886-08-23,38.913700
1886-08-24,39.051000
1886-08-25,38.721500
1886-08-26,38.767200
1886-08-27,38.987000
1886-08-28,39.023600
1886-08-30,38.968600
1886-08-31,38.712300
1886-09-01,38.845100
1886-09-02,39.037300
1886-09-03,39.426400
1886-09-04,39.385200
1886-09-06,39.614100
1886-09-07,39.490500
1886-09-08,39.769700
1886-09-09,39.572900
1886-09-10,39.760600
1886-09-11,39.952800
1886-09-13,40.126800
1886-09-14,40.076400
1886-09-15,40.113000
1886-09-16,40.323600
1886-09-17,40.451800
1886-09-18,40.804200
1886-09-20,41.129200
1886-09-21,41.257400
1886-09-22,41.234500
1886-09-23,41.165900
1886-09-24,41.280300
1886-09-25,41.312300
1886-09-27,40.909500
1886-09-28,41.390200
1886-09-29,41.509200
1886-09-30,41.106400
1886-10-01,40.831700
1886-10-02,40.932400
1886-10-04,41.161300
1886-10-05,41.522900
1886-10-06,41.472600
1886-10-07,41.284900
1886-10-08,41.312300
1886-10-09,41.156700
1886-10-11,40.969000
1886-10-12,40.712700
1886-10-13,41.417600
1886-10-14,41.660200
1886-10-15,41.664800
1886-10-16,41.706000
1886-10-18,41.490900
1886-10-19,41.646500
1886-10-20,41.403900
1886-10-21,41.660200
1886-10-22,41.477100
1886-10-23,41.532100
1886-10-25,41.289500
1886-10-26,41.587000
1886-10-27,41.536600
1886-10-28,41.747200
1886-10-29,41.770100
1886-10-30,42.049300
1886-11-01,42.163800
1886-11-03,42.287400
1886-11-04,41.980700
1886-11-05,41.930300
1886-11-06,42.076800
1886-11-08,41.948600
1886-11-09,41.976100
1886-11-10,42.218700
1886-11-11,41.944000
1886-11-12,42.081400
1886-11-13,42.127200
1886-11-15,42.218700
1886-11-16,42.392600
1886-11-17,42.314800
1886-11-18,42.461300
1886-11-19,42.502500
1886-11-20,42.328600
1886-11-22,42.337700
1886-11-23,42.191200
1886-11-24,42.223300
1886-11-26,42.365200
1886-11-27,42.424700
1886-11-29,42.726800
1886-11-30,42.342300
1886-12-01,42.722200
1886-12-02,42.845800
1886-12-03,43.143400
1886-12-04,42.978600
1886-12-06,42.877900
1886-12-07,42.259900
1886-12-08,42.548300
1886-12-09,42.713100
1886-12-10,42.145500
1886-12-11,41.912000
1886-12-13,41.449700
1886-12-14,40.868300
1886-12-15,39.966500
1886-12-16,40.502100
1886-12-17,40.396800
1886-12-18,40.538700
1886-12-20,39.577500
1886-12-21,40.035200
1886-12-22,40.158800
1886-12-23,40.227500
1886-12-24,40.168000
1886-12-27,39.765100
1886-12-28,40.200000
1886-12-29,40.685200
1886-12-30,41.074300
1886-12-31,41.239100
1887-01-03,41.129200
1887-01-04,40.396800
1887-01-05,40.511300
1887-01-06,40.753900
1887-01-07,40.319000
1887-01-08,40.378500
1887-01-10,40.502100
1887-01-11,40.456300
1887-01-12,40.699000
1887-01-13,40.378500
1887-01-14,40.639400
1887-01-15,40.818000
1887-01-17,40.671500
1887-01-18,40.785900
1887-01-19,40.991900
1887-01-20,40.808800
1887-01-21,40.534200
1887-01-22,40.593700
1887-01-24,39.618700
1887-01-25,40.282400
1887-01-26,39.916200
1887-01-27,39.778900
1887-01-28,40.067300
1887-01-29,39.865800
1887-01-31,39.650700
1887-02-01,39.417200
1887-02-02,39.742200
1887-02-03,39.522500
1887-02-04,39.806300
1887-02-05,40.273200
1887-02-07,40.268700
1887-02-08,40.493000
1887-02-09,40.877500
1887-02-10,41.001100
1887-02-11,40.753900
1887-02-12,40.904900
1887-02-14,40.630300
1887-02-15,39.646100
1887-02-16,40.639400
1887-02-17,40.369400
1887-02-18,40.538700
1887-02-19,40.703500
1887-02-21,40.584500
1887-02-23,40.932400
1887-02-24,41.165900
1887-02-25,41.211600
1887-02-26,40.877500
1887-02-28,40.694400
1887-03-01,40.488400
1887-03-02,40.877500
1887-03-03,41.024000
1887-03-04,40.703500
1887-03-05,40.785900
1887-03-07,41.074300
1887-03-08,41.110900
1887-03-09,40.877500
1887-03-10,40.749300
1887-03-11,40.781400
1887-03-12,40.657800
1887-03-14,40.438000
1887-03-15,40.776800
1887-03-16,40.827100
1887-03-17,40.680600
1887-03-18,40.763000
1887-03-19,40.918700
1887-03-21,40.749300
1887-03-22,40.772200
1887-03-23,40.776800
1887-03-24,41.101800
1887-03-25,40.969000
1887-03-26,41.230000
1887-03-28,41.435900
1887-03-29,41.472600
1887-03-30,41.362700
1887-03-31,41.564100
1887-04-01,41.426800
1887-04-02,41.577800
1887-04-04,41.692300
1887-04-05,41.806700
1887-04-06,41.742600
1887-04-07,41.934900
1887-04-09,42.008100
1887-04-11,41.852500
1887-04-12,41.916600
1887-04-13,41.678600
1887-04-14,41.756400
1887-04-15,41.641900
1887-04-16,41.829600
1887-04-18,41.838800
1887-04-19,41.728900
1887-04-20,41.957800
1887-04-21,41.738100
1887-04-22,41.788400
1887-04-23,41.852500
1887-04-25,41.898300
1887-04-26,41.536600
1887-04-27,41.696900
1887-04-28,41.623600
1887-04-29,41.907400
1887-04-30,41.875400
1887-05-02,41.664800
1887-05-03,41.646500
1887-05-04,41.728900
1887-05-05,41.921200
1887-05-06,41.811300
1887-05-07,41.596200
1887-05-09,41.609900
1887-05-10,41.719700
1887-05-11,41.985200
1887-05-12,42.218700
1887-05-13,42.259900
1887-05-14,42.200400
1887-05-16,42.305700
1887-05-17,42.351400
1887-05-18,42.694800
1887-05-19,42.493400
1887-05-20,42.502500
1887-05-21,42.525400
1887-05-23,42.200400
1887-05-24,42.172900
1887-05-25,42.264500
1887-05-26,42.356000
1887-05-27,42.086000
1887-05-28,42.191200
1887-05-31,42.314800
1887-06-01,42.337700
1887-06-02,41.948600
1887-06-03,42.090500
1887-06-04,42.150000
1887-06-06,42.168300
1887-06-07,42.072200
1887-06-08,41.861700
1887-06-09,41.861700
1887-06-10,41.962400
1887-06-11,41.815900
1887-06-13,41.522900
1887-06-14,41.275700
1887-06-15,41.390200
1887-06-16,41.619000
1887-06-17,41.426800
1887-06-18,41.550400
1887-06-20,41.559500
1887-06-21,41.550400
1887-06-22,41.225400
1887-06-23,40.767600
1887-06-24,40.291600
1887-06-25,40.341900
1887-06-27,39.682700
1887-06-28,40.039800
1887-06-29,40.854600
1887-06-30,40.488400
1887-07-01,40.511300
1887-07-05,40.168000
1887-07-06,39.971100
1887-07-07,40.035200
1887-07-08,39.669000
1887-07-09,39.778900
1887-07-11,39.815500
1887-07-12,39.774300
1887-07-13,39.060200
1887-07-14,39.435600
1887-07-15,39.517900
1887-07-16,39.751400
1887-07-18,39.801800
1887-07-19,39.417200
1887-07-20,39.641500
1887-07-21,39.893300
1887-07-22,39.801800
1887-07-23,39.746800
1887-07-25,39.550000
1887-07-26,39.252500
1887-07-27,38.794700
1887-07-28,39.106000
1887-07-29,38.378100
1887-07-30,37.769300
1887-08-01,38.213300
1887-08-02,37.654900
1887-08-03,38.369000
1887-08-04,38.748900
1887-08-05,39.170100
1887-08-06,39.023600
1887-08-08,38.657400
1887-08-09,38.721500
1887-08-10,38.721500
1887-08-11,38.698600
1887-08-12,38.881700
1887-08-13,39.160900
1887-08-15,39.179200
1887-08-16,39.197500
1887-08-17,39.119700
1887-08-18,38.881700
1887-08-19,38.794700
1887-08-20,38.680300
1887-08-22,38.378100
1887-08-23,38.451400
1887-08-24,37.966200
1887-08-25,37.654900
1887-08-26,37.677800
1887-08-27,37.883800
1887-08-29,37.915800
1887-08-30,37.174200
1887-08-31,37.984500
1887-09-01,38.625300
1887-09-02,38.790100
1887-09-03,39.504200
1887-09-06,39.380600
1887-09-07,38.858800
1887-09-08,38.716900
1887-09-09,39.096800
1887-09-10,38.840500
1887-09-12,38.570400
1887-09-13,38.707700
1887-09-14,38.231700
1887-09-15,38.002800
1887-09-16,38.039400
1887-09-17,38.016500
1887-09-19,37.165100
1887-09-20,37.206300
1887-09-21,37.435200
1887-09-22,37.705200
1887-09-23,37.604500
1887-09-24,37.398500
1887-09-26,37.448900
1887-09-27,37.773900
1887-09-28,38.044000
1887-09-29,38.034800
1887-09-30,38.121800
1887-10-01,38.062300
1887-10-03,37.549600
1887-10-04,37.673200
1887-10-05,37.494700
1887-10-06,37.705200
1887-10-07,37.307000
1887-10-08,37.073500
1887-10-10,36.657000
1887-10-11,36.744000
1887-10-12,35.901700
1887-10-13,36.254200
1887-10-14,35.494300
1887-10-15,35.448500
1887-10-17,35.654500
1887-10-18,35.961200
1887-10-19,35.846800
1887-10-20,36.679900
1887-10-21,36.675300
1887-10-22,36.473900
1887-10-24,35.787200
1887-10-25,36.217500
1887-10-26,36.460100
1887-10-27,36.538000
1887-10-28,36.240400
1887-10-29,36.327400
1887-10-31,36.066500
1887-11-01,36.753100
1887-11-02,36.748500
1887-11-03,36.679900
1887-11-04,37.270400
1887-11-05,37.091900
1887-11-07,37.050700
1887-11-09,37.458100
1887-11-10,36.876700
1887-11-11,37.307000
1887-11-12,37.380200
1887-11-14,37.824300
1887-11-15,37.984500
1887-11-16,38.451400
1887-11-17,38.561200
1887-11-18,38.570400
1887-11-19,38.373600
1887-11-21,38.208800
1887-11-22,38.318600
1887-11-23,38.643600
1887-11-25,38.584100
1887-11-26,38.465100
1887-11-28,37.915800
1887-11-29,37.952400
1887-11-30,37.769300
1887-12-01,37.613700
1887-12-02,37.902100
1887-12-03,37.966200
1887-12-05,38.295700
1887-12-06,37.925000
1887-12-07,37.773900
1887-12-08,37.394000
1887-12-09,37.627400
1887-12-10,37.439700
1887-12-12,36.945400
1887-12-13,36.794300
1887-12-14,37.265800
1887-12-15,37.165100
1887-12-16,37.238300
1887-12-17,37.297800
1887-12-19,37.114700
1887-12-20,37.032300
1887-12-21,37.133000
1887-12-22,37.265800
1887-12-23,37.549600
1887-12-27,37.769300
1887-12-28,37.581600
1887-12-29,37.842600
1887-12-30,37.769300
1888-01-03,37.925000
1888-01-04,37.490100
1888-01-05,37.654900
1888-01-06,37.847100
1888-01-07,37.870000
1888-01-09,38.167600
1888-01-10,38.144700
1888-01-11,37.906700
1888-01-12,37.975300
1888-01-13,37.805900
1888-01-14,37.957000
1888-01-16,37.920400
1888-01-17,37.865500
1888-01-18,37.860900
1888-01-19,37.426000
1888-01-20,37.398500
1888-01-21,37.535900
1888-01-23,37.311600
1888-01-24,37.252100
1888-01-25,37.467200
1888-01-26,37.709800
1888-01-27,37.838000
1888-01-28,38.085200
1888-01-30,38.103500
1888-01-31,37.838000
1888-02-01,37.838000
1888-02-02,37.622800
1888-02-03,37.522100
1888-02-04,37.343600
1888-02-06,37.412300
1888-02-07,37.380200
1888-02-08,37.155900
1888-02-09,37.320700
1888-02-10,37.412300
1888-02-11,37.311600
1888-02-13,37.261200
1888-02-14,37.229200
1888-02-15,37.421400
1888-02-16,37.499300
1888-02-17,37.819700
1888-02-18,37.778500
1888-02-20,37.567900
1888-02-21,37.567900
1888-02-23,37.705200
1888-02-24,37.682400
1888-02-25,37.499300
1888-02-27,37.165100
1888-02-28,37.297800
1888-02-29,37.069000
1888-03-01,37.293300
1888-03-02,37.064400
1888-03-03,36.977400
1888-03-05,36.675300
1888-03-06,36.840100
1888-03-07,36.551700
1888-03-08,36.547100
1888-03-09,36.620400
1888-03-10,36.624900
1888-03-14,36.675300
1888-03-15,36.711900
1888-03-16,36.382300
1888-03-17,36.190100
1888-03-19,36.643300
1888-03-20,36.222100
1888-03-21,35.595000
1888-03-22,35.897100
1888-03-23,35.695700
1888-03-24,35.727700
1888-03-26,35.617900
1888-03-27,35.489700
1888-03-28,35.311200
1888-03-29,35.256300
1888-03-31,34.720700
1888-04-02,34.459800
1888-04-03,34.899200
1888-04-04,35.476000
1888-04-05,35.494300
1888-04-06,36.034400
1888-04-07,35.855900
1888-04-09,35.617900
1888-04-10,35.288300
1888-04-11,35.334100
1888-04-12,35.498900
1888-04-13,35.704900
1888-04-14,35.640800
1888-04-16,35.768900
1888-04-17,36.007000
1888-04-18,35.892500
1888-04-19,36.176300
1888-04-20,36.354900
1888-04-21,36.533400
1888-04-23,36.666100
1888-04-24,37.027800
1888-04-25,37.155900
1888-04-26,37.343600
1888-04-27,37.311600
1888-04-28,37.719000
1888-04-30,38.034800
1888-05-01,38.240800
1888-05-02,37.700700
1888-05-03,37.696100
1888-05-04,37.513000
1888-05-05,37.480900
1888-05-07,37.206300
1888-05-08,36.908700
1888-05-09,37.128500
1888-05-10,36.734800
1888-05-11,36.936200
1888-05-12,36.876700
1888-05-14,36.885900
1888-05-15,36.789700
1888-05-16,36.954500
1888-05-17,36.725600
1888-05-18,36.890400
1888-05-19,36.945400
1888-05-21,36.922500
1888-05-22,36.702800
1888-05-23,36.538000
1888-05-24,36.272500
1888-05-25,36.611200
1888-05-26,36.190100
1888-05-28,35.933700
1888-05-29,36.158000
1888-05-31,35.965800
1888-06-01,36.020700
1888-06-02,35.933700
1888-06-04,36.135100
1888-06-05,35.942900
1888-06-06,36.002400
1888-06-07,36.263300
1888-06-08,36.176300
1888-06-09,35.906300
1888-06-11,35.421000
1888-06-12,35.508000
1888-06-13,35.302000
1888-06-14,35.521800
1888-06-15,35.668200
1888-06-16,35.933700
1888-06-18,36.084800
1888-06-19,35.897100
1888-06-20,35.915400
1888-06-21,36.107700
1888-06-22,36.245000
1888-06-23,36.199200
1888-06-25,35.823900
1888-06-26,35.846800
1888-06-27,35.901700
1888-06-28,36.002400
1888-06-29,36.126000
1888-06-30,35.938300
1888-07-02,35.865100
1888-07-03,35.906300
1888-07-05,36.052700
1888-07-06,36.547100
1888-07-07,36.583700
1888-07-09,36.405200
1888-07-10,36.895000
1888-07-11,37.151400
1888-07-12,36.982000
1888-07-13,37.435200
1888-07-14,37.851700
1888-07-16,37.540400
1888-07-17,37.892900
1888-07-18,37.957000
1888-07-19,37.673200
1888-07-20,37.664000
1888-07-21,37.792200
1888-07-23,38.048600
1888-07-24,38.364400
1888-07-25,37.641200
1888-07-26,38.314100
1888-07-27,38.373600
1888-07-28,38.094300
1888-07-30,38.323200
1888-07-31,38.620800
1888-08-01,38.661900
1888-08-02,38.629900
1888-08-03,38.565800
1888-08-04,38.639100
1888-08-06,39.087700
1888-08-07,39.215800
1888-08-08,39.344000
1888-08-09,39.156300
1888-08-10,39.325700
1888-08-11,39.298200
1888-08-13,39.316500
1888-08-14,38.790100
1888-08-15,39.078500
1888-08-16,38.854200
1888-08-17,38.364400
1888-08-18,38.341500
1888-08-20,38.767200
1888-08-21,39.037300
1888-08-22,39.064800
1888-08-23,39.064800
1888-08-24,39.009800
1888-08-25,39.124300
1888-08-27,39.408100
1888-08-28,39.600300
1888-08-29,39.517900
1888-08-30,39.508800
1888-08-31,39.453900
1888-09-04,39.929900
1888-09-05,40.048900
1888-09-06,39.833800
1888-09-07,40.058100
1888-09-08,40.062700
1888-09-10,39.861300
1888-09-11,40.044400
1888-09-12,39.939100
1888-09-13,39.325700
1888-09-14,39.064800
1888-09-15,38.684800
1888-09-17,38.840500
1888-09-18,39.234100
1888-09-19,39.682700
1888-09-20,39.678200
1888-09-21,39.316500
1888-09-22,39.174600
1888-09-24,38.982400
1888-09-25,39.073900
1888-09-26,39.380600
1888-09-27,39.838400
1888-09-28,40.103900
1888-09-29,40.190800
1888-10-01,40.328200
1888-10-02,40.003200
1888-10-03,39.929900
1888-10-04,40.026100
1888-10-05,39.788000
1888-10-06,39.472200
1888-10-08,39.412700
1888-10-09,39.778900
1888-10-10,39.554600
1888-10-11,39.682700
1888-10-12,39.783400
1888-10-13,39.701100
1888-10-15,39.344000
1888-10-16,39.495100
1888-10-17,39.458400
1888-10-18,39.705600
1888-10-19,39.463000
1888-10-20,39.600300
1888-10-22,39.321100
1888-10-23,39.380600
1888-10-24,39.266200
1888-10-25,39.334800
1888-10-26,39.495100
1888-10-27,39.389800
1888-10-29,39.019000
1888-10-30,39.183800
1888-10-31,39.279900
1888-11-01,39.504200
1888-11-02,39.376000
1888-11-03,39.357700
1888-11-05,39.604900
1888-11-07,39.760600
1888-11-08,39.513400
1888-11-09,39.554600
1888-11-10,39.513400
1888-11-12,39.133400
1888-11-13,38.826700
1888-11-14,38.982400
1888-11-15,38.835900
1888-11-16,38.968600
1888-11-17,39.124300
1888-11-19,38.735200
1888-11-20,38.964100
1888-11-21,38.428500
1888-11-22,38.401000
1888-11-23,38.579600
1888-11-24,38.675700
1888-11-26,38.277400
1888-11-27,38.698600
1888-11-28,38.629900
1888-12-01,38.250000
1888-12-03,37.833400
1888-12-04,37.664000
1888-12-05,37.480900
1888-12-06,37.957000
1888-12-07,38.044000
1888-12-08,37.796800
1888-12-10,37.682400
1888-12-11,37.947900
1888-12-12,38.327800
1888-12-13,38.121800
1888-12-14,37.911200
1888-12-15,38.002800
1888-12-17,38.510900
1888-12-18,38.282000
1888-12-19,38.593300
1888-12-20,38.602400
1888-12-21,38.927400
1888-12-22,38.968600
1888-12-24,39.678200
1888-12-26,39.646100
1888-12-27,39.385200
1888-12-28,39.394400
1888-12-29,39.385200
1888-12-31,39.586600
1889-01-02,39.380600
1889-01-03,39.156300
1889-01-04,39.179200
1889-01-05,39.160900
1889-01-07,39.275300
1889-01-08,39.083100
1889-01-09,39.270800
1889-01-10,39.261600
1889-01-11,39.472200
1889-01-12,39.632400
1889-01-14,39.884200
1889-01-15,39.600300
1889-01-16,39.389800
1889-01-17,39.618700
1889-01-18,39.376000
1889-01-19,39.334800
1889-01-21,39.540800
1889-01-22,39.403500
1889-01-23,39.261600
1889-01-24,39.312000
1889-01-25,39.376000
1889-01-26,39.330300
1889-01-28,39.440100
1889-01-29,39.577500
1889-01-30,39.577500
1889-01-31,39.810900
1889-02-01,40.177100
1889-02-02,40.076400
1889-02-04,39.925400
1889-02-05,39.847500
1889-02-06,40.012300
1889-02-07,40.149700
1889-02-08,39.847500
1889-02-09,39.838400
1889-02-11,40.071800
1889-02-12,39.957400
1889-02-13,39.962000
1889-02-14,40.085600
1889-02-15,40.177100
1889-02-16,40.140500
1889-02-18,40.177100
1889-02-19,39.929900
1889-02-20,39.920800
1889-02-21,39.687300
1889-02-23,39.829200
1889-02-25,39.655300
1889-02-26,39.806300
1889-02-27,39.637000
1889-02-28,39.682700
1889-03-01,39.902500
1889-03-02,39.929900
1889-03-04,40.071800
1889-03-05,39.856700
1889-03-06,39.705600
1889-03-07,39.742200
1889-03-08,39.641500
1889-03-09,39.197500
1889-03-11,39.394400
1889-03-12,39.380600
1889-03-13,39.261600
1889-03-14,39.041900
1889-03-15,38.680300
1889-03-16,38.767200
1889-03-18,38.263700
1889-03-19,38.694000
1889-03-20,38.799300
1889-03-21,38.932000
1889-03-22,38.826700
1889-03-23,38.767200
1889-03-25,38.684800
1889-03-26,38.625300
1889-03-27,38.835900
1889-03-28,38.680300
1889-03-29,38.369000
1889-03-30,38.478800
1889-04-01,38.529200
1889-04-02,38.771800
1889-04-03,38.629900
1889-04-04,38.900000
1889-04-05,39.147200
1889-04-06,39.238700
1889-04-08,38.936600
1889-04-09,39.106000
1889-04-10,39.334800
1889-04-11,39.504200
1889-04-12,39.559100
1889-04-13,39.531700
1889-04-15,39.362300
1889-04-16,39.312000
1889-04-17,39.316500
1889-04-18,39.330300
1889-04-20,39.408100
1889-04-22,39.458400
1889-04-23,39.266200
1889-04-24,39.412700
1889-04-25,39.746800
1889-04-26,39.646100
1889-04-27,39.723900
1889-05-02,39.897900
1889-05-03,40.044400
1889-05-04,39.971100
1889-05-06,40.062700
1889-05-07,39.925400
1889-05-08,40.053500
1889-05-09,39.893300
1889-05-10,39.733100
1889-05-11,39.820100
1889-05-13,40.012300
1889-05-14,39.966500
1889-05-15,40.094700
1889-05-16,40.168000
1889-05-17,40.177100
1889-05-18,40.355600
1889-05-20,40.493000
1889-05-21,40.529600
1889-05-22,40.630300
1889-05-23,41.001100
1889-05-24,40.927800
1889-05-25,41.133800
1889-05-27,41.188800
1889-05-28,41.399300
1889-05-29,41.179600
1889-05-31,41.339800
1889-06-01,41.252800
1889-06-03,41.289500
1889-06-04,41.243700
1889-06-05,41.472600
1889-06-06,41.522900
1889-06-07,41.527500
1889-06-08,41.445100
1889-06-10,41.600700
1889-06-11,41.756400
1889-06-12,41.829600
1889-06-13,41.811300
1889-06-14,41.568700
1889-06-15,41.568700
1889-06-17,41.541200
1889-06-18,41.783800
1889-06-19,41.509200
1889-06-20,41.545800
1889-06-21,41.431400
1889-06-22,41.408500
1889-06-24,41.257400
1889-06-25,41.271100
1889-06-26,41.275700
1889-06-27,41.115500
1889-06-28,40.923300
1889-06-29,40.914100
1889-07-01,41.046800
1889-07-02,40.767600
1889-07-03,40.360200
1889-07-05,40.300700
1889-07-06,40.149700
1889-07-08,39.879600
1889-07-09,39.929900
1889-07-10,40.163400
1889-07-11,40.525000
1889-07-12,39.989400
1889-07-13,40.245800
1889-07-15,40.254900
1889-07-16,40.264100
1889-07-17,40.140500
1889-07-18,39.943700
1889-07-19,39.751400
1889-07-20,39.531700
1889-07-22,39.495100
1889-07-23,39.870400
1889-07-24,39.783400
1889-07-25,40.003200
1889-07-26,39.911600
1889-07-27,39.939100
1889-07-29,39.916200
1889-07-30,40.103900
1889-07-31,40.172500
1889-08-01,40.190800
1889-08-02,40.291600
1889-08-03,40.332800
1889-08-05,40.662300
1889-08-06,40.808800
1889-08-07,40.785900
1889-08-08,40.950700
1889-08-09,41.110900
1889-08-10,41.088000
1889-08-12,41.284900
1889-08-13,41.175000
1889-08-14,41.165900
1889-08-15,41.202500
1889-08-16,41.275700
1889-08-17,41.271100
1889-08-19,41.092600
1889-08-20,41.147600
1889-08-21,41.202500
1889-08-22,40.671500
1889-08-23,40.657800
1889-08-24,40.776800
1889-08-26,41.202500
1889-08-27,41.426800
1889-08-28,41.596200
1889-08-29,41.587000
1889-08-30,41.724300
1889-08-31,41.916600
1889-09-03,42.209500
1889-09-04,42.127200
1889-09-05,42.571200
1889-09-06,42.690200
1889-09-07,42.708500
1889-09-09,42.754300
1889-09-10,42.534600
1889-09-11,42.877900
1889-09-12,42.772600
1889-09-13,42.763400
1889-09-14,42.649000
1889-09-16,42.342300
1889-09-17,42.507100
1889-09-18,42.420100
1889-09-19,42.493400
1889-09-20,42.342300
1889-09-21,42.456700
1889-09-23,42.470500
1889-09-24,42.266600
1889-09-25,42.458800
1889-09-26,42.633600
1889-09-27,42.639400
1889-09-28,42.639400
1889-09-30,42.674300
1889-10-01,42.552000
1889-10-02,42.627700
1889-10-03,42.196700
1889-10-04,42.220000
1889-10-05,42.121000
1889-10-07,41.794800
1889-10-08,41.888000
1889-10-09,42.190900
1889-10-10,42.179200
1889-10-11,41.940400
1889-10-12,42.121000
1889-10-14,42.260800
1889-10-15,41.987000
1889-10-16,42.010300
1889-10-17,41.596700
1889-10-18,41.788900
1889-10-19,41.596700
1889-10-21,41.194800
1889-10-22,41.526800
1889-10-23,41.800600
1889-10-24,41.678300
1889-10-25,42.080200
1889-10-26,42.068500
1889-10-28,41.818100
1889-10-29,41.829700
1889-10-30,41.853000
1889-10-31,41.899600
1889-11-01,41.643300
1889-11-02,41.707400
1889-11-04,41.689900
1889-11-06,41.987000
1889-11-07,42.062700
1889-11-08,41.672400
1889-11-09,41.754000
1889-11-11,41.526800
1889-11-12,41.864700
1889-11-13,41.526800
1889-11-14,42.144300
1889-11-15,42.220000
1889-11-16,42.470500
1889-11-18,42.412200
1889-11-19,42.412200
1889-11-20,42.388900
1889-11-21,42.208300
1889-11-22,42.243300
1889-11-23,42.348100
1889-11-25,42.313200
1889-11-26,42.313200
1889-11-27,42.062700
1889-11-29,41.620000
1889-11-30,41.334600
1889-12-02,41.264700
1889-12-03,41.352100
1889-12-04,41.241400
1889-12-05,41.218100
1889-12-06,41.969500
1889-12-07,42.033600
1889-12-09,41.987000
1889-12-10,42.086000
1889-12-11,42.016100
1889-12-12,41.812200
1889-12-13,41.841400
1889-12-14,42.039400
1889-12-16,42.086000
1889-12-17,42.161700
1889-12-18,42.027800
1889-12-19,42.167600
1889-12-20,42.243300
1889-12-21,42.289900
1889-12-23,42.185000
1889-12-24,42.190900
1889-12-26,42.161700
1889-12-27,42.016100
1889-12-28,41.655000
1889-12-30,41.480200
1889-12-31,42.039400
1890-01-02,41.975300
1890-01-03,42.336500
1890-01-04,42.470500
1890-01-06,42.458800
1890-01-07,42.185000
1890-01-08,42.231600
1890-01-09,42.388900
1890-01-10,42.464600
1890-01-11,42.412200
1890-01-13,42.056900
1890-01-14,41.934600
1890-01-15,41.987000
1890-01-16,41.858800
1890-01-17,41.992800
1890-01-18,41.922900
1890-01-20,42.010300
1890-01-21,42.144300
1890-01-22,42.266600
1890-01-23,42.289900
1890-01-24,42.464600
1890-01-25,42.499600
1890-01-27,42.616100
1890-01-28,42.726800
1890-01-29,42.616100
1890-01-30,42.557800
1890-01-31,42.557800
1890-02-01,42.598600
1890-02-03,42.319000
1890-02-04,42.348100
1890-02-05,42.289900
1890-02-06,42.394700
1890-02-07,42.517100
1890-02-08,42.464600
1890-02-10,42.254900
1890-02-11,42.027800
1890-02-12,42.074400
1890-02-13,42.103500
1890-02-14,42.068500
1890-02-15,41.853000
1890-02-17,41.666600
1890-02-18,41.812200
1890-02-19,41.777300
1890-02-20,41.748200
1890-02-21,41.503500
1890-02-24,41.538500
1890-02-25,41.532600
1890-02-26,41.346200
1890-02-27,41.276300
1890-02-28,41.218100
1890-03-01,41.247200
1890-03-03,41.317100
1890-03-04,41.328800
1890-03-05,41.154000
1890-03-06,41.247200
1890-03-07,41.544300
1890-03-08,41.462700
1890-03-10,41.375400
1890-03-11,41.596700
1890-03-12,41.876300
1890-03-13,41.783100
1890-03-14,41.724900
1890-03-15,41.777300
1890-03-17,41.818100
1890-03-18,41.538500
1890-03-19,41.474400
1890-03-20,41.451100
1890-03-21,41.631700
1890-03-22,41.678300
1890-03-24,41.777300
1890-03-25,41.660800
1890-03-26,41.765600
1890-03-27,41.678300
1890-03-28,41.550100
1890-03-29,41.509300
1890-03-31,41.491900
1890-04-01,41.625800
1890-04-02,41.649100
1890-04-03,41.841400
1890-04-05,41.742300
1890-04-07,41.678300
1890-04-08,41.719000
1890-04-09,41.596700
1890-04-10,41.503500
1890-04-11,41.328800
1890-04-12,41.381200
1890-04-14,41.637500
1890-04-15,41.754000
1890-04-16,41.783100
1890-04-17,41.957900
1890-04-18,41.981200
1890-04-19,42.196700
1890-04-21,42.435500
1890-04-22,42.429700
1890-04-23,42.557800
1890-04-24,42.948100
1890-04-25,43.251000
1890-04-26,43.414100
1890-04-28,43.676300
1890-04-29,43.868500
1890-04-30,43.781100
1890-05-01,44.188900
1890-05-02,44.153900
1890-05-03,44.066500
1890-05-05,44.550000
1890-05-06,44.555800
1890-05-07,44.317000
1890-05-08,44.421900
1890-05-09,44.841300
1890-05-10,44.858700
1890-05-12,44.684000
1890-05-13,44.928600
1890-05-14,45.266500
1890-05-15,45.039300
1890-05-16,45.219900
1890-05-17,45.441200
1890-05-19,45.452900
1890-05-20,45.406300
1890-05-21,45.045100
1890-05-22,45.365500
1890-05-23,45.336400
1890-05-24,45.458700
1890-05-26,45.452900
1890-05-27,45.155800
1890-05-28,45.353900
1890-05-29,44.998500
1890-05-31,45.033500
1890-06-02,44.585000
1890-06-03,45.085900
1890-06-04,45.656800
1890-06-05,45.330600
1890-06-06,45.260700
1890-06-07,45.167500
1890-06-09,45.307300
1890-06-10,45.202400
1890-06-11,44.829600
1890-06-12,45.045100
1890-06-13,44.835400
1890-06-14,44.783000
1890-06-16,44.654900
1890-06-17,44.480100
1890-06-18,44.025800
1890-06-19,43.996600
1890-06-20,44.107300
1890-06-21,43.926700
1890-06-23,44.008300
1890-06-24,44.014100
1890-06-25,44.153900
1890-06-26,43.798600
1890-06-27,43.647100
1890-06-28,43.810200
1890-06-30,44.095700
1890-07-01,44.049100
1890-07-02,44.008300
1890-07-03,44.049100
1890-07-07,43.804400
1890-07-08,44.037400
1890-07-09,43.647100
1890-07-10,43.722900
1890-07-11,44.054900
1890-07-12,43.990800
1890-07-14,44.124800
1890-07-15,44.229600
1890-07-16,44.218000
1890-07-17,44.049100
1890-07-18,44.008300
1890-07-19,44.043200
1890-07-21,43.920900
1890-07-22,43.990800
1890-07-23,44.089800
1890-07-24,44.177200
1890-07-25,44.002500
1890-07-26,43.961700
1890-07-28,43.600500
1890-07-29,43.734500
1890-07-30,43.868500
1890-07-31,43.478200
1890-08-01,43.443200
1890-08-02,43.501500
1890-08-04,43.274300
1890-08-05,43.140300
1890-08-06,42.907300
1890-08-07,42.971400
1890-08-08,42.936500
1890-08-09,42.482100
1890-08-11,42.056900
1890-08-12,42.779200
1890-08-13,42.796700
1890-08-14,43.058800
1890-08-15,43.227700
1890-08-16,43.396600
1890-08-18,42.988900
1890-08-19,42.691800
1890-08-20,42.837400
1890-08-21,41.812200
1890-08-22,42.348100
1890-08-23,42.225800
1890-08-25,42.435500
1890-08-26,43.128700
1890-08-27,42.738400
1890-08-28,43.035500
1890-08-29,43.041300
1890-08-30,43.070400
1890-09-02,43.111200
1890-09-03,43.018000
1890-09-04,42.546200
1890-09-05,42.668500
1890-09-06,42.453000
1890-09-08,42.453000
1890-09-09,42.715100
1890-09-10,42.616100
1890-09-11,42.045200
1890-09-12,41.969500
1890-09-13,41.608400
1890-09-15,41.346200
1890-09-16,41.666600
1890-09-17,41.695700
1890-09-18,41.917100
1890-09-19,42.319000
1890-09-20,42.074400
1890-09-22,41.486000
1890-09-23,41.579200
1890-09-24,41.754000
1890-09-25,41.451100
1890-09-26,41.270500
1890-09-27,41.183100
1890-09-29,41.189000
1890-09-30,41.340400
1890-10-01,41.276300
1890-10-02,41.037500
1890-10-03,40.565700
1890-10-04,40.175400
1890-10-06,40.123000
1890-10-07,40.245300
1890-10-08,39.377400
1890-10-09,39.627800
1890-10-10,39.994800
1890-10-11,40.018100
1890-10-13,39.948200
1890-10-14,39.260900
1890-10-15,39.482200
1890-10-16,39.447300
1890-10-17,40.105500
1890-10-18,40.210300
1890-10-20,39.872500
1890-10-21,40.064700
1890-10-22,40.326800
1890-10-23,39.936600
1890-10-24,39.796800
1890-10-25,39.470600
1890-10-27,39.610400
1890-10-28,39.406500
1890-10-29,39.138500
1890-10-30,39.080300
1890-10-31,39.284200
1890-11-01,39.249200
1890-11-03,39.482200
1890-11-05,39.103600
1890-11-06,38.392900
1890-11-07,37.758000
1890-11-08,37.443400
1890-11-10,35.888200
1890-11-11,35.567800
1890-11-12,36.866800
1890-11-13,36.429900
1890-11-14,35.695900
1890-11-15,34.717300
1890-11-17,35.328900
1890-11-18,34.513400
1890-11-19,34.967800
1890-11-20,35.031900
1890-11-21,36.290100
1890-11-22,36.738600
1890-11-24,37.297800
1890-11-25,36.715300
1890-11-26,37.134700
1890-11-28,37.332800
1890-11-29,36.849300
1890-12-01,35.678500
1890-12-02,36.237700
1890-12-03,36.033800
1890-12-04,35.655200
1890-12-05,35.311500
1890-12-06,34.064900
1890-12-08,33.843600
1890-12-09,35.037700
1890-12-10,34.501800
1890-12-11,34.828000
1890-12-12,35.655200
1890-12-13,35.591100
1890-12-15,35.655200
1890-12-16,35.183300
1890-12-17,35.661000
1890-12-18,35.725100
1890-12-19,35.515400
1890-12-20,35.596900
1890-12-22,35.416300
1890-12-23,35.340600
1890-12-24,35.247400
1890-12-26,35.061000
1890-12-27,35.288200
1890-12-29,35.969700
1890-12-30,35.765800
1890-12-31,36.092000
1891-01-02,36.552200
1891-01-03,36.686200
1891-01-05,36.901700
1891-01-06,36.890100
1891-01-07,37.123100
1891-01-08,37.326900
1891-01-09,37.758000
1891-01-10,38.066700
1891-01-12,37.897800
1891-01-13,38.591000
1891-01-14,38.509400
1891-01-15,37.979300
1891-01-16,37.816200
1891-01-17,38.084200
1891-01-19,37.979300
1891-01-20,37.967700
1891-01-21,37.822100
1891-01-22,37.734700
1891-01-23,37.391000
1891-01-24,37.193000
1891-01-26,36.761900
1891-01-27,37.396800
1891-01-28,37.402700
1891-01-29,37.460900
1891-01-30,37.519200
1891-01-31,37.396800
1891-02-02,37.967700
1891-02-03,37.880300
1891-02-04,38.410400
1891-02-05,38.375500
1891-02-06,38.503600
1891-02-07,38.532700
1891-02-09,38.725000
1891-02-10,38.649200
1891-02-11,38.439500
1891-02-12,38.101700
1891-02-13,38.008500
1891-02-14,38.136600
1891-02-16,38.433700
1891-02-17,38.171600
1891-02-18,38.037600
1891-02-19,38.101700
1891-02-20,38.148300
1891-02-21,38.189100
1891-02-24,38.084200
1891-02-25,38.014300
1891-02-26,38.299700
1891-02-27,38.229800
1891-02-28,38.084200
1891-03-02,37.950200
1891-03-03,38.189100
1891-03-04,37.676400
1891-03-05,37.688100
1891-03-06,37.181300
1891-03-07,36.983300
1891-03-09,37.210400
1891-03-10,37.105600
1891-03-11,37.367700
1891-03-12,37.344400
1891-03-13,37.350200
1891-03-14,37.670600
1891-03-16,37.921100
1891-03-17,37.723000
1891-03-18,37.589100
1891-03-19,37.367700
1891-03-20,37.233700
1891-03-21,37.268700
1891-03-23,37.577400
1891-03-24,37.460900
1891-03-25,37.600700
1891-03-26,37.577400
1891-03-28,37.536600
1891-03-30,38.025900
1891-03-31,37.950200
1891-04-01,37.851200
1891-04-02,37.723000
1891-04-03,37.892000
1891-04-04,38.014300
1891-04-06,38.404600
1891-04-07,38.299700
1891-04-08,38.579300
1891-04-09,38.905500
1891-04-10,38.876400
1891-04-11,38.777400
1891-04-13,38.701700
1891-04-14,38.556000
1891-04-15,38.556000
1891-04-16,38.725000
1891-04-17,38.794900
1891-04-18,38.911400
1891-04-20,39.435600
1891-04-21,39.278300
1891-04-22,40.128800
1891-04-23,39.732700
1891-04-24,39.942400
1891-04-25,40.088000
1891-04-27,39.773500
1891-04-28,40.047200
1891-04-29,39.860800
1891-04-30,40.222000
1891-05-01,40.006500
1891-05-02,40.006500
1891-05-04,39.785100
1891-05-05,39.488000
1891-05-06,39.738500
1891-05-07,39.284200
1891-05-08,38.928800
1891-05-09,38.614300
1891-05-11,38.765700
1891-05-12,38.183200
1891-05-13,38.550200
1891-05-14,38.521100
1891-05-15,38.288100
1891-05-16,38.113300
1891-05-18,37.647300
1891-05-19,37.554100
1891-05-20,38.171600
1891-05-21,37.833700
1891-05-22,38.707500
1891-05-23,38.858900
1891-05-25,38.707500
1891-05-26,38.637600
1891-05-27,38.596800
1891-05-28,38.678400
1891-05-29,38.363800
1891-06-01,37.857000
1891-06-02,38.043400
1891-06-03,37.851200
1891-06-04,37.734700
1891-06-05,37.880300
1891-06-06,37.950200
1891-06-08,37.769600
1891-06-09,37.501700
1891-06-10,37.618200
1891-06-11,37.699700
1891-06-12,37.868700
1891-06-13,38.183200
1891-06-15,38.218200
1891-06-16,38.130800
1891-06-17,37.961900
1891-06-18,38.049200
1891-06-19,37.874500
1891-06-20,37.909400
1891-06-22,37.565800
1891-06-23,37.530800
1891-06-24,37.385200
1891-06-25,37.297800
1891-06-26,36.919200
1891-06-27,36.662900
1891-06-29,36.505600
1891-06-30,37.070600
1891-07-01,37.146400
1891-07-02,37.035700
1891-07-03,37.385200
1891-07-06,37.618200
1891-07-07,37.792900
1891-07-08,37.892000
1891-07-09,37.647300
1891-07-10,37.874500
1891-07-11,37.926900
1891-07-13,37.862800
1891-07-14,37.699700
1891-07-15,37.717200
1891-07-16,37.717200
1891-07-17,37.449300
1891-07-18,37.297800
1891-07-20,37.111400
1891-07-21,37.018200
1891-07-22,37.146400
1891-07-23,37.012400
1891-07-24,36.913400
1891-07-25,36.692000
1891-07-27,36.348300
1891-07-28,36.505600
1891-07-29,36.307600
1891-07-30,35.824100
1891-07-31,36.028000
1891-08-01,36.418200
1891-08-03,36.587200
1891-08-04,36.208500
1891-08-05,36.348300
1891-08-06,36.394900
1891-08-07,36.558000
1891-08-08,36.622100
1891-08-10,36.435700
1891-08-11,36.330900
1891-08-12,36.639600
1891-08-13,36.837600
1891-08-14,37.070600
1891-08-15,37.466700
1891-08-17,38.206500
1891-08-18,38.352200
1891-08-19,38.363800
1891-08-20,38.282300
1891-08-21,38.334700
1891-08-22,38.375500
1891-08-24,38.695800
1891-08-25,39.208400
1891-08-26,39.354100
1891-08-27,39.225900
1891-08-28,39.907400
1891-08-29,40.344300
1891-08-31,40.711300
1891-09-01,40.635600
1891-09-02,40.443300
1891-09-03,40.023900
1891-09-04,40.897700
1891-09-05,41.066600
1891-09-08,41.154000
1891-09-09,41.212300
1891-09-10,41.066600
1891-09-11,41.008400
1891-09-12,41.008400
1891-09-14,41.084100
1891-09-15,41.451100
1891-09-16,41.422000
1891-09-17,41.742300
1891-09-18,42.056900
1891-09-19,42.336500
1891-09-21,42.645200
1891-09-22,42.249100
1891-09-23,42.289900
1891-09-24,41.241400
1891-09-25,41.917100
1891-09-26,41.975300
1891-09-28,41.794800
1891-09-29,41.235600
1891-09-30,41.165700
1891-10-01,40.431700
1891-10-02,41.142400
1891-10-03,41.724900
1891-10-05,41.707400
1891-10-06,41.649100
1891-10-07,41.346200
1891-10-08,41.375400
1891-10-09,41.480200
1891-10-10,41.410300
1891-10-12,40.956000
1891-10-13,41.025900
1891-10-14,40.705500
1891-10-15,40.915200
1891-10-16,41.334600
1891-10-17,41.270500
1891-10-19,41.095800
1891-10-20,41.229700
1891-10-21,41.596700
1891-10-22,41.416100
1891-10-23,41.392800
1891-10-24,41.555900
1891-10-26,41.433600
1891-10-27,41.270500
1891-10-28,40.804500
1891-10-29,41.258900
1891-10-30,41.020000
1891-10-31,41.037500
1891-11-02,40.915200
1891-11-04,40.699600
1891-11-05,40.373400
1891-11-06,39.965700
1891-11-07,40.012300
1891-11-09,39.330800
1891-11-10,40.251100
1891-11-11,40.286100
1891-11-12,40.053100
1891-11-13,40.443300
1891-11-14,40.542400
1891-11-16,40.326800
1891-11-17,40.274400
1891-11-18,40.315200
1891-11-19,40.361800
1891-11-20,40.862800
1891-11-21,40.996700
1891-11-23,40.845300
1891-11-24,41.014200
1891-11-25,41.037500
1891-11-27,41.002600
1891-11-28,40.967600
1891-11-30,41.060800
1891-12-01,40.705500
1891-12-02,40.868600
1891-12-03,40.938500
1891-12-04,40.693800
1891-12-05,40.880200
1891-12-07,40.752100
1891-12-08,40.938500
1891-12-09,41.055000
1891-12-10,41.229700
1891-12-11,41.142400
1891-12-12,40.868600
1891-12-14,41.020000
1891-12-15,41.060800
1891-12-16,41.223900
1891-12-17,41.538500
1891-12-18,41.567600
1891-12-19,41.695700
1891-12-21,41.678300
1891-12-22,41.975300
1891-12-23,42.196700
1891-12-24,42.482100
1891-12-28,42.668500
1891-12-29,42.429700
1891-12-30,42.289900
1891-12-31,42.453000
1892-01-02,42.785000
1892-01-04,42.820000
1892-01-05,42.656900
1892-01-06,42.773400
1892-01-07,42.493800
1892-01-08,42.645200
1892-01-09,42.511200
1892-01-11,42.412200
1892-01-12,42.738400
1892-01-13,42.587000
1892-01-14,42.365600
1892-01-15,42.319000
1892-01-16,42.295700
1892-01-18,41.812200
1892-01-19,41.229700
1892-01-20,42.056900
1892-01-21,42.173400
1892-01-22,42.249100
1892-01-23,42.121000
1892-01-25,41.678300
1892-01-26,42.336500
1892-01-27,42.278200
1892-01-28,42.691800
1892-01-29,42.528700
1892-01-30,42.266600
1892-02-01,42.056900
1892-02-02,42.190900
1892-02-03,41.946200
1892-02-04,42.033600
1892-02-05,42.295700
1892-02-06,42.569500
1892-02-08,43.105400
1892-02-09,42.738400
1892-02-10,42.738400
1892-02-11,43.286000
1892-02-12,43.204400
1892-02-13,43.221900
1892-02-15,43.886000
1892-02-16,43.588900
1892-02-17,43.320900
1892-02-18,43.449100
1892-02-19,43.058800
1892-02-20,42.860700
1892-02-23,43.169500
1892-02-24,42.732600
1892-02-25,42.802500
1892-02-26,42.889900
1892-02-27,43.082100
1892-02-29,43.676300
1892-03-01,43.658800
1892-03-02,43.676300
1892-03-03,43.472400
1892-03-04,44.084000
1892-03-05,43.629700
1892-03-07,43.489800
1892-03-08,43.233500
1892-03-09,43.635500
1892-03-10,43.618000
1892-03-11,43.926700
1892-03-12,43.734500
1892-03-14,43.687900
1892-03-15,43.699600
1892-03-16,43.641300
1892-03-17,43.641300
1892-03-18,43.309300
1892-03-19,43.437400
1892-03-21,43.111200
1892-03-22,43.431600
1892-03-23,43.023800
1892-03-24,43.058800
1892-03-25,42.936500
1892-03-26,42.755900
1892-03-28,42.674300
1892-03-29,43.006400
1892-03-30,42.499600
1892-03-31,42.394700
1892-04-01,42.062700
1892-04-02,41.952000
1892-04-04,42.289900
1892-04-05,42.295700
1892-04-06,42.959800
1892-04-07,42.919000
1892-04-08,42.790800
1892-04-09,42.755900
1892-04-11,43.023800
1892-04-12,42.901500
1892-04-13,43.122900
1892-04-14,43.344200
1892-04-16,43.466500
1892-04-18,43.600500
1892-04-19,43.286000
1892-04-20,43.344200
1892-04-21,43.105400
1892-04-22,43.018000
1892-04-23,42.755900
1892-04-25,42.645200
1892-04-26,42.621900
1892-04-27,42.435500
1892-04-28,42.651000
1892-04-29,42.808300
1892-04-30,42.738400
1892-05-02,42.715100
1892-05-03,42.552000
1892-05-04,42.843300
1892-05-05,42.674300
1892-05-06,42.761700
1892-05-07,42.808300
1892-05-09,43.012200
1892-05-10,42.785000
1892-05-11,42.860700
1892-05-12,42.511200
1892-05-13,42.266600
1892-05-14,42.016100
1892-05-16,42.365600
1892-05-17,42.068500
1892-05-18,42.115100
1892-05-19,41.783100
1892-05-20,41.521000
1892-05-21,41.701600
1892-05-23,41.957900
1892-05-24,41.672400
1892-05-25,42.056900
1892-05-26,42.056900
1892-05-27,41.969500
1892-05-28,42.062700
1892-05-31,41.858800
1892-06-01,41.532600
1892-06-02,41.719000
1892-06-03,41.719000
1892-06-04,41.509300
1892-06-06,41.218100
1892-06-07,40.944300
1892-06-08,41.130700
1892-06-09,41.328800
1892-06-10,41.194800
1892-06-11,41.596700
1892-06-13,41.957900
1892-06-14,42.161700
1892-06-15,42.027800
1892-06-16,41.649100
1892-06-17,41.765600
1892-06-18,41.724900
1892-06-20,41.672400
1892-06-21,42.121000
1892-06-22,42.045200
1892-06-23,41.987000
1892-06-24,41.905400
1892-06-25,41.934600
1892-06-27,41.992800
1892-06-28,41.952000
1892-06-29,41.992800
1892-06-30,41.800600
1892-07-01,41.800600
1892-07-05,40.932700
1892-07-06,40.810300
1892-07-07,41.119100
1892-07-08,41.334600
1892-07-09,41.352100
1892-07-11,41.095800
1892-07-12,41.200600
1892-07-13,41.416100
1892-07-14,41.183100
1892-07-15,41.171500
1892-07-16,41.276300
1892-07-18,41.218100
1892-07-19,41.305500
1892-07-20,41.521000
1892-07-21,41.678300
1892-07-22,41.713200
1892-07-23,41.660800
1892-07-25,41.620000
1892-07-26,41.678300
1892-07-27,41.952000
1892-07-28,42.289900
1892-07-29,42.517100
1892-07-30,42.412200
1892-08-01,42.569500
1892-08-02,42.482100
1892-08-03,42.423900
1892-08-04,42.202500
1892-08-05,42.569500
1892-08-06,42.266600
1892-08-08,42.121000
1892-08-09,42.179200
1892-08-10,42.260800
1892-08-11,41.987000
1892-08-12,42.027800
1892-08-13,41.899600
1892-08-15,41.940400
1892-08-16,42.202500
1892-08-17,41.823900
1892-08-18,41.911300
1892-08-19,41.724900
1892-08-20,41.684100
1892-08-22,42.348100
1892-08-23,42.278200
1892-08-24,42.365600
1892-08-25,42.231600
1892-08-26,41.981200
1892-08-27,41.992800
1892-08-29,41.672400
1892-08-30,41.783100
1892-08-31,41.229700
1892-09-01,40.501600
1892-09-02,40.501600
1892-09-03,40.618100
1892-09-06,40.623900
1892-09-07,40.915200
1892-09-08,40.950100
1892-09-09,40.985100
1892-09-10,40.722900
1892-09-12,40.233600
1892-09-13,40.239500
1892-09-14,39.954000
1892-09-15,39.592900
1892-09-16,39.890000
1892-09-17,40.006500
1892-09-19,40.367600
1892-09-20,40.163700
1892-09-21,40.210300
1892-09-22,40.408400
1892-09-23,40.682200
1892-09-24,40.519100
1892-09-26,40.822000
1892-09-27,40.769500
1892-09-28,40.688000
1892-09-29,40.577300
1892-09-30,40.507400
1892-10-01,40.507400
1892-10-03,40.915200
1892-10-04,41.113200
1892-10-05,41.218100
1892-10-06,41.194800
1892-10-07,41.055000
1892-10-08,41.014200
1892-10-10,41.072500
1892-10-11,41.270500
1892-10-13,41.561800
1892-10-14,41.590900
1892-10-15,41.608400
1892-10-17,41.357900
1892-10-18,41.235600
1892-10-19,41.218100
1892-10-20,41.305500
1892-10-24,41.550100
1892-10-25,41.538500
1892-10-26,41.340400
1892-10-27,41.247200
1892-10-28,41.270500
1892-10-29,41.299600
1892-10-31,41.509300
1892-11-01,41.794800
1892-11-02,41.264700
1892-11-03,41.340400
1892-11-04,41.340400
1892-11-05,41.363700
1892-11-07,41.439400
1892-11-09,41.229700
1892-11-10,41.480200
1892-11-11,41.264700
1892-11-12,41.241400
1892-11-14,40.833600
1892-11-15,41.055000
1892-11-16,40.880200
1892-11-17,40.664700
1892-11-18,40.798700
1892-11-19,40.705500
1892-11-21,40.396700
1892-11-22,40.489900
1892-11-23,40.245300
1892-11-25,39.808400
1892-11-26,39.761800
1892-11-28,39.785100
1892-11-29,39.552100
1892-11-30,39.365700
1892-12-01,39.330800
1892-12-02,39.587100
1892-12-03,39.674400
1892-12-05,39.924900
1892-12-06,39.668600
1892-12-07,39.785100
1892-12-08,39.686100
1892-12-09,40.000600
1892-12-10,40.256900
1892-12-12,40.012300
1892-12-13,40.076400
1892-12-14,40.134600
1892-12-15,39.616200
1892-12-16,39.400700
1892-12-17,39.150200
1892-12-19,38.958000
1892-12-20,39.441400
1892-12-21,39.290000
1892-12-22,39.173500
1892-12-23,38.946300
1892-12-24,39.016200
1892-12-27,39.196800
1892-12-28,39.249200
1892-12-29,39.674400
1892-12-30,39.458900
1892-12-31,39.668600
1893-01-03,39.406500
1893-01-04,39.278300
1893-01-05,39.109400
1893-01-06,39.220100
1893-01-07,39.394800
1893-01-09,39.528800
1893-01-10,39.581200
1893-01-11,39.511300
1893-01-12,39.942400
1893-01-13,40.385100
1893-01-14,40.408400
1893-01-16,40.775400
1893-01-17,40.530700
1893-01-18,40.862800
1893-01-19,40.781200
1893-01-20,41.124900
1893-01-21,41.282200
1893-01-23,41.043300
1893-01-24,41.055000
1893-01-25,40.868600
1893-01-26,40.990900
1893-01-27,40.973400
1893-01-28,40.938500
1893-01-30,40.385100
1893-01-31,40.571500
1893-02-01,40.827800
1893-02-02,40.635600
1893-02-03,40.676300
1893-02-04,40.798700
1893-02-06,40.402600
1893-02-07,40.489900
1893-02-08,40.268600
1893-02-09,39.971500
1893-02-10,39.884100
1893-02-11,40.000600
1893-02-13,40.076400
1893-02-14,39.738500
1893-02-15,39.761800
1893-02-16,39.633700
1893-02-17,39.517200
1893-02-18,39.383200
1893-02-20,38.625900
1893-02-21,38.637600
1893-02-23,37.746300
1893-02-24,38.084200
1893-02-25,37.798800
1893-02-27,37.426000
1893-02-28,37.967700
1893-03-01,38.113300
1893-03-02,38.206500
1893-03-03,37.822100
1893-03-04,37.752200
1893-03-06,37.222100
1893-03-07,37.618200
1893-03-08,37.501700
1893-03-09,37.367700
1893-03-10,37.245400
1893-03-11,37.233700
1893-03-13,37.268700
1893-03-14,37.134700
1893-03-15,36.581300
1893-03-16,36.598800
1893-03-17,36.890100
1893-03-18,37.169700
1893-03-20,36.890100
1893-03-21,36.872600
1893-03-22,37.047300
1893-03-23,37.227900
1893-03-24,37.612400
1893-03-25,37.868700
1893-03-27,37.752200
1893-03-28,37.624000
1893-03-29,37.600700
1893-03-30,38.037600
1893-04-01,38.293900
1893-04-03,38.288100
1893-04-04,37.932700
1893-04-05,38.625900
1893-04-06,38.480300
1893-04-07,38.591000
1893-04-08,38.422100
1893-04-10,38.247300
1893-04-11,38.031800
1893-04-12,38.142500
1893-04-13,37.443400
1893-04-14,37.548300
1893-04-15,37.361900
1893-04-17,37.035700
1893-04-18,37.315300
1893-04-19,36.773600
1893-04-20,36.499800
1893-04-21,36.761900
1893-04-22,36.552200
1893-04-24,36.849300
1893-04-25,37.123100
1893-04-26,37.222100
1893-04-28,37.093900
1893-04-29,36.791000
1893-05-01,36.028000
1893-05-02,35.952200
1893-05-03,35.078500
1893-05-04,34.402800
1893-05-05,35.171700
1893-05-06,34.956100
1893-05-08,35.404700
1893-05-09,34.624100
1893-05-10,33.581400
1893-05-11,33.907600
1893-05-12,33.831900
1893-05-13,32.923200
1893-05-15,33.016400
1893-05-16,33.511500
1893-05-17,34.140600
1893-05-18,34.059100
1893-05-19,34.857100
1893-05-20,34.717300
1893-05-22,34.472700
1893-05-23,34.024100
1893-05-24,33.837700
1893-05-25,34.228000
1893-05-26,34.047400
1893-05-27,33.756200
1893-05-29,33.406700
1893-05-31,33.505700
1893-06-01,33.068800
1893-06-02,32.666900
1893-06-03,32.748500
1893-06-05,32.894100
1893-06-06,32.841700
1893-06-07,32.713500
1893-06-08,32.998900
1893-06-09,33.645500
1893-06-10,33.977500
1893-06-12,33.529000
1893-06-13,33.395000
1893-06-14,33.272700
1893-06-15,33.191200
1893-06-16,33.354300
1893-06-17,33.389200
1893-06-19,33.336800
1893-06-20,33.010600
1893-06-21,33.418300
1893-06-22,33.290200
1893-06-23,32.958200
1893-06-24,32.830000
1893-06-26,32.329000
1893-06-27,32.841700
1893-06-28,31.909600
1893-06-29,31.938800
1893-06-30,32.329000
1893-07-01,32.567900
1893-07-03,32.463000
1893-07-05,31.868900
1893-07-06,32.061100
1893-07-07,32.270800
1893-07-08,32.084400
1893-07-10,31.647500
1893-07-11,30.558200
1893-07-12,30.371800
1893-07-13,30.610700
1893-07-14,30.849500
1893-07-15,30.744600
1893-07-17,30.045600
1893-07-18,28.519500
1893-07-19,28.682600
1893-07-20,29.270900
1893-07-21,28.956300
1893-07-22,28.630100
1893-07-24,28.228200
1893-07-25,27.342800
1893-07-26,25.321500
1893-07-27,26.999100
1893-07-28,26.812700
1893-07-29,26.212700
1893-07-31,26.375800
1893-08-01,26.737000
1893-08-02,28.484500
1893-08-03,27.773900
1893-08-04,28.839800
1893-08-05,28.694200
1893-08-07,28.105900
1893-08-08,27.628200
1893-08-09,27.803000
1893-08-10,28.269000
1893-08-11,28.403000
1893-08-12,28.088400
1893-08-14,27.575800
1893-08-15,27.465100
1893-08-16,27.511700
1893-08-17,27.208800
1893-08-18,27.121400
1893-08-19,27.366100
1893-08-21,27.867100
1893-08-22,27.639900
1893-08-23,27.657400
1893-08-24,27.849600
1893-08-25,28.135000
1893-08-26,28.373800
1893-08-28,28.636000
1893-08-29,29.201000
1893-08-30,29.474800
1893-08-31,29.125300
1893-09-01,29.731100
1893-09-02,30.336900
1893-09-05,30.983500
1893-09-06,30.721300
1893-09-07,30.371800
1893-09-08,31.024200
1893-09-09,31.210600
1893-09-11,31.501900
1893-09-12,30.977600
1893-09-13,31.298000
1893-09-14,31.111600
1893-09-15,30.872800
1893-09-16,30.849500
1893-09-18,30.686400
1893-09-19,30.861100
1893-09-20,30.832000
1893-09-21,30.791200
1893-09-22,30.756300
1893-09-23,30.529100
1893-09-25,29.888300
1893-09-26,29.521400
1893-09-27,29.282500
1893-09-28,30.179600
1893-09-29,30.575700
1893-09-30,30.511600
1893-10-02,30.267000
1893-10-03,30.290300
1893-10-04,30.296100
1893-10-05,30.179600
1893-10-06,30.628100
1893-10-07,30.657300
1893-10-09,30.715500
1893-10-10,30.360200
1893-10-11,30.406800
1893-10-12,30.517500
1893-10-13,29.626200
1893-10-14,29.643700
1893-10-16,29.771800
1893-10-17,29.562100
1893-10-18,30.185400
1893-10-19,30.336900
1893-10-20,30.680600
1893-10-21,30.960200
1893-10-23,31.950400
1893-10-24,32.305700
1893-10-25,32.841700
1893-10-26,32.666900
1893-10-27,33.045500
1893-10-28,33.680500
1893-10-30,32.969800
1893-10-31,32.579500
1893-11-01,33.132900
1893-11-02,32.579500
1893-11-03,32.538700
1893-11-04,32.538700
1893-11-06,32.352300
1893-11-08,32.678600
1893-11-09,32.270800
1893-11-10,32.212500
1893-11-11,32.171800
1893-11-13,31.979500
1893-11-14,31.886300
1893-11-15,31.833900
1893-11-16,31.985400
1893-11-17,31.734900
1893-11-18,32.014500
1893-11-20,31.880500
1893-11-21,32.463000
1893-11-22,32.509600
1893-11-23,32.323200
1893-11-24,32.952300
1893-11-25,33.144600
1893-11-27,32.666900
1893-11-28,33.033900
1893-11-29,33.144600
1893-12-01,33.406700
1893-12-02,33.354300
1893-12-04,33.167900
1893-12-05,32.684400
1893-12-06,32.661100
1893-12-07,32.771800
1893-12-08,32.661100
1893-12-09,32.084400
1893-12-11,32.142600
1893-12-12,32.218400
1893-12-13,32.358200
1893-12-14,32.212500
1893-12-15,32.026100
1893-12-16,31.898000
1893-12-18,31.484400
1893-12-19,31.315500
1893-12-20,31.239800
1893-12-21,30.698000
1893-12-22,30.465000
1893-12-23,30.523300
1893-12-26,30.144700
1893-12-27,30.220400
1893-12-28,29.795100
1893-12-29,29.795100
1893-12-30,29.911700
1894-01-02,29.550500
1894-01-03,29.958300
1894-01-04,30.319400
1894-01-05,30.191300
1894-01-06,30.971800
1894-01-08,30.354400
1894-01-09,30.430100
1894-01-10,30.232000
1894-01-11,29.870900
1894-01-12,30.086400
1894-01-13,30.179600
1894-01-15,31.000900
1894-01-16,30.773800
1894-01-17,30.709700
1894-01-18,30.651400
1894-01-19,31.140700
1894-01-20,31.286400
1894-01-22,31.333000
1894-01-23,31.152400
1894-01-24,31.228100
1894-01-25,31.123300
1894-01-26,31.263100
1894-01-27,31.402900
1894-01-29,31.350400
1894-01-30,31.595100
1894-01-31,31.635900
1894-02-01,31.665000
1894-02-02,31.490200
1894-02-03,31.548500
1894-02-05,31.525200
1894-02-06,31.449500
1894-02-07,31.274700
1894-02-08,31.280500
1894-02-09,31.315500
1894-02-10,31.257200
1894-02-12,30.931000
1894-02-13,30.843700
1894-02-14,31.000900
1894-02-15,30.989300
1894-02-16,31.268900
1894-02-17,31.187300
1894-02-19,31.065000
1894-02-20,31.059200
1894-02-21,31.193200
1894-02-23,31.094100
1894-02-24,31.111600
1894-02-26,31.140700
1894-02-27,31.350400
1894-02-28,31.606700
1894-03-01,31.915500
1894-03-02,31.577600
1894-03-03,31.717400
1894-03-05,32.020300
1894-03-06,31.804800
1894-03-07,32.084400
1894-03-08,31.903800
1894-03-09,31.967900
1894-03-10,32.084400
1894-03-12,32.241700
1894-03-13,32.562000
1894-03-14,32.433900
1894-03-15,32.200900
1894-03-16,32.550400
1894-03-17,32.451400
1894-03-19,32.538700
1894-03-20,32.719300
1894-03-21,32.637800
1894-03-22,32.532900
1894-03-24,32.556200
1894-03-26,32.765900
1894-03-27,32.637800
1894-03-28,32.923200
1894-03-29,32.655300
1894-03-30,32.998900
1894-03-31,33.098000
1894-04-02,32.853300
1894-04-03,32.876600
1894-04-04,32.719300
1894-04-05,33.074700
1894-04-06,33.360100
1894-04-07,33.191200
1894-04-09,33.150400
1894-04-10,33.051400
1894-04-11,33.068800
1894-04-12,32.876600
1894-04-13,32.981500
1894-04-14,32.981500
1894-04-16,32.754300
1894-04-17,32.666900
1894-04-18,32.591200
1894-04-19,32.550400
1894-04-20,32.765900
1894-04-21,32.713500
1894-04-23,32.276600
1894-04-24,32.317400
1894-04-25,32.416400
1894-04-26,32.270800
1894-04-27,32.183400
1894-04-28,32.288300
1894-04-30,32.451400
1894-05-01,32.725200
1894-05-02,32.626100
1894-05-03,32.177600
1894-05-04,32.317400
1894-05-05,32.218400
1894-05-07,32.160100
1894-05-08,32.119300
1894-05-09,31.973700
1894-05-10,32.177600
1894-05-11,32.096000
1894-05-12,32.142600
1894-05-14,32.072700
1894-05-15,31.682500
1894-05-16,31.426200
1894-05-17,31.379600
1894-05-18,30.971800
1894-05-19,30.779600
1894-05-21,30.552400
1894-05-22,30.703900
1894-05-23,31.210600
1894-05-24,30.983500
1894-05-25,31.414500
1894-05-26,31.379600
1894-05-28,31.006800
1894-05-29,31.193200
1894-05-31,31.018400
1894-06-01,30.989300
1894-06-02,31.111600
1894-06-04,31.344600
1894-06-05,31.268900
1894-06-06,31.717400
1894-06-07,31.775700
1894-06-08,31.775700
1894-06-09,31.589300
1894-06-11,31.443600
1894-06-12,31.472800
1894-06-13,31.566000
1894-06-14,31.134900
1894-06-15,31.018400
1894-06-16,31.047500
1894-06-18,31.024200
1894-06-19,30.861100
1894-06-20,30.808700
1894-06-21,30.756300
1894-06-22,30.447600
1894-06-23,30.307800
1894-06-25,30.272800
1894-06-26,30.552400
1894-06-27,30.936900
1894-06-28,30.628100
1894-06-29,30.529100
1894-06-30,30.465000
1894-07-02,30.401000
1894-07-03,30.523300
1894-07-05,30.552400
1894-07-06,30.406800
1894-07-07,30.051500
1894-07-09,30.191300
1894-07-10,30.086400
1894-07-11,30.418400
1894-07-12,30.389300
1894-07-13,30.552400
1894-07-14,30.756300
1894-07-16,30.861100
1894-07-17,30.826200
1894-07-18,30.849500
1894-07-19,30.674700
1894-07-20,30.622300
1894-07-21,30.639800
1894-07-23,30.406800
1894-07-24,30.465000
1894-07-25,30.290300
1894-07-26,30.371800
1894-07-27,30.319400
1894-07-28,30.202900
1894-07-30,30.063100
1894-07-31,30.115500
1894-08-01,29.969900
1894-08-02,30.004900
1894-08-03,30.406800
1894-08-04,30.616500
1894-08-06,30.441700
1894-08-07,30.727200
1894-08-08,30.907700
1894-08-09,31.111600
1894-08-10,31.134900
1894-08-11,30.989300
1894-08-13,31.694100
1894-08-14,31.956200
1894-08-15,31.758200
1894-08-16,32.125200
1894-08-17,32.369800
1894-08-18,32.684400
1894-08-20,32.899900
1894-08-21,32.474700
1894-08-22,32.713500
1894-08-23,33.290200
1894-08-24,33.430000
1894-08-25,33.208600
1894-08-27,33.552300
1894-08-28,33.063000
1894-08-29,32.812500
1894-08-30,32.958200
1894-08-31,32.754300
1894-09-01,32.923200
1894-09-04,33.278500
1894-09-05,33.068800
1894-09-06,32.899900
1894-09-07,32.754300
1894-09-08,32.736800
1894-09-10,32.998900
1894-09-11,33.074700
1894-09-12,33.016400
1894-09-13,32.806700
1894-09-14,32.678600
1894-09-15,32.503800
1894-09-17,31.956200
1894-09-18,31.979500
1894-09-19,32.247500
1894-09-20,32.329000
1894-09-21,31.991200
1894-09-22,32.165900
1894-09-24,31.787300
1894-09-25,31.769800
1894-09-26,31.531000
1894-09-27,31.513500
1894-09-28,31.356300
1894-09-29,31.222300
1894-10-01,30.820400
1894-10-02,30.872800
1894-10-03,30.814500
1894-10-04,30.966000
1894-10-05,31.222300
1894-10-06,31.397000
1894-10-08,31.082500
1894-10-09,30.867000
1894-10-10,30.802900
1894-10-11,30.878600
1894-10-12,30.977600
1894-10-13,30.989300
1894-10-15,30.668900
1894-10-16,30.715500
1894-10-17,30.849500
1894-10-18,30.878600
1894-10-19,31.169900
1894-10-20,31.035900
1894-10-22,30.977600
1894-10-23,30.896100
1894-10-24,30.948500
1894-10-25,30.779600
1894-10-26,30.674700
1894-10-27,30.360200
1894-10-29,29.847600
1894-10-30,29.993200
1894-10-31,29.853400
1894-11-01,30.074800
1894-11-02,30.290300
1894-11-03,30.401000
1894-11-05,30.645600
1894-11-07,31.088300
1894-11-08,30.983500
1894-11-09,31.571800
1894-11-10,31.909600
1894-11-12,31.490200
1894-11-13,31.560100
1894-11-14,31.181500
1894-11-15,31.070800
1894-11-16,30.954300
1894-11-17,30.604800
1894-11-19,30.668900
1894-11-20,30.610700
1894-11-21,30.261200
1894-11-22,30.313600
1894-11-23,30.214600
1894-11-24,30.476700
1894-11-26,30.214600
1894-11-27,30.325200
1894-11-28,29.917500
1894-11-30,29.701900
1894-12-01,30.086400
1894-12-03,30.191300
1894-12-04,30.162100
1894-12-05,30.144700
1894-12-06,30.144700
1894-12-07,30.651400
1894-12-08,30.395100
1894-12-10,30.144700
1894-12-11,30.307800
1894-12-12,30.552400
1894-12-13,31.000900
1894-12-14,30.674700
1894-12-15,30.494200
1894-12-17,30.587400
1894-12-18,30.395100
1894-12-19,30.150500
1894-12-20,30.290300
1894-12-21,30.348500
1894-12-22,30.168000
1894-12-24,30.150500
1894-12-26,29.847600
1894-12-27,29.806800
1894-12-28,29.701900
1894-12-29,29.801000
1894-12-31,29.742700
1895-01-02,29.428200
1895-01-03,29.544700
1895-01-04,29.358300
1895-01-05,29.346600
1895-01-07,29.544700
1895-01-08,29.667000
1895-01-09,29.870900
1895-01-10,29.725200
1895-01-11,29.958300
1895-01-12,29.929100
1895-01-14,30.057300
1895-01-15,29.940800
1895-01-16,30.092200
1895-01-17,30.232000
1895-01-18,30.261200
1895-01-19,30.068900
1895-01-21,29.795100
1895-01-22,29.672800
1895-01-23,29.387400
1895-01-24,29.468900
1895-01-25,29.457300
1895-01-26,29.364100
1895-01-28,29.102000
1895-01-29,28.950500
1895-01-30,29.026200
1895-01-31,29.340800
1895-02-01,29.771800
1895-02-02,29.748500
1895-02-04,29.830100
1895-02-05,29.637900
1895-02-06,29.812600
1895-02-07,29.806800
1895-02-08,29.387400
1895-02-09,29.212600
1895-02-11,28.968000
1895-02-12,29.014600
1895-02-13,29.084500
1895-02-14,28.997100
1895-02-15,28.845700
1895-02-16,28.985500
1895-02-18,28.956300
1895-02-19,28.938900
1895-02-20,29.067000
1895-02-21,29.026200
1895-02-23,28.927200
1895-02-25,28.764100
1895-02-26,28.542800
1895-02-27,28.665100
1895-02-28,28.408800
1895-03-01,28.589400
1895-03-02,28.397100
1895-03-04,28.531100
1895-03-05,28.746600
1895-03-06,28.467000
1895-03-07,28.566100
1895-03-08,28.403000
1895-03-09,28.472900
1895-03-11,28.711700
1895-03-12,28.787400
1895-03-13,28.810700
1895-03-14,28.822400
1895-03-15,28.740800
1895-03-16,28.822400
1895-03-18,29.171900
1895-03-19,29.678600
1895-03-20,29.556300
1895-03-21,29.789300
1895-03-22,29.649500
1895-03-23,30.092200
1895-03-25,30.360200
1895-03-26,30.307800
1895-03-27,29.870900
1895-03-28,30.074800
1895-03-29,30.208700
1895-03-30,30.558200
1895-04-01,30.424300
1895-04-02,30.494200
1895-04-03,30.191300
1895-04-04,30.115500
1895-04-05,30.156300
1895-04-06,30.074800
1895-04-08,30.168000
1895-04-09,30.092200
1895-04-10,30.249500
1895-04-11,30.336900
1895-04-13,30.663100
1895-04-15,30.779600
1895-04-16,30.820400
1895-04-17,30.989300
1895-04-18,31.432000
1895-04-19,31.397000
1895-04-20,31.513500
1895-04-22,31.531000
1895-04-23,31.944600
1895-04-24,31.694100
1895-04-25,31.898000
1895-04-26,31.967900
1895-04-27,31.909600
1895-04-29,31.950400
1895-04-30,31.764000
1895-05-01,31.985400
1895-05-02,32.218400
1895-05-03,32.014500
1895-05-04,32.043600
1895-05-06,32.474700
1895-05-07,33.004800
1895-05-08,32.882400
1895-05-09,33.441600
1895-05-10,33.785300
1895-05-11,34.111500
1895-05-13,33.785300
1895-05-14,33.692100
1895-05-15,33.144600
1895-05-16,34.059100
1895-05-17,34.129000
1895-05-18,33.872700
1895-05-20,33.424200
1895-05-21,33.791100
1895-05-22,33.453300
1895-05-23,33.651300
1895-05-24,33.866900
1895-05-25,33.930900
1895-05-27,34.030000
1895-05-28,33.499900
1895-05-29,33.587300
1895-05-31,33.628000
1895-06-01,33.499900
1895-06-03,33.826100
1895-06-04,33.616400
1895-06-05,33.243600
1895-06-06,33.278500
1895-06-07,33.278500
1895-06-08,33.412500
1895-06-10,33.523200
1895-06-11,33.977500
1895-06-12,34.099900
1895-06-13,34.198900
1895-06-14,34.105700
1895-06-15,34.105700
1895-06-17,34.327000
1895-06-18,34.350300
1895-06-19,34.396900
1895-06-20,34.367800
1895-06-21,34.082400
1895-06-22,33.884300
1895-06-24,34.239700
1895-06-25,34.315400
1895-06-26,34.047400
1895-06-27,33.779500
1895-06-28,33.657200
1895-06-29,33.622200
1895-07-01,33.837700
1895-07-02,33.721200
1895-07-03,33.802800
1895-07-05,33.983400
1895-07-06,33.960100
1895-07-08,34.175600
1895-07-09,33.948400
1895-07-10,34.263000
1895-07-11,33.861000
1895-07-12,33.890200
1895-07-13,33.762000
1895-07-15,33.814400
1895-07-16,33.668800
1895-07-17,33.936800
1895-07-18,33.925100
1895-07-19,33.954200
1895-07-20,34.076600
1895-07-22,34.513400
1895-07-23,34.647400
1895-07-24,34.606600
1895-07-25,34.664900
1895-07-26,34.909500
1895-07-27,35.084300
1895-07-29,35.328900
1895-07-30,35.323100
1895-07-31,35.492100
1895-08-01,35.428000
1895-08-02,35.066800
1895-08-03,35.195000
1895-08-05,35.055200
1895-08-06,34.973600
1895-08-07,34.985300
1895-08-08,34.962000
1895-08-09,35.212400
1895-08-10,35.305600
1895-08-12,35.212400
1895-08-13,35.259000
1895-08-14,35.090100
1895-08-15,35.154200
1895-08-16,35.177500
1895-08-17,35.247400
1895-08-19,35.270700
1895-08-20,35.410500
1895-08-21,35.334800
1895-08-22,35.422200
1895-08-23,35.393000
1895-08-24,35.492100
1895-08-26,35.742500
1895-08-27,36.261000
1895-08-28,36.429900
1895-08-29,36.418200
1895-08-30,36.354200
1895-08-31,36.528900
1895-09-03,36.948300
1895-09-04,37.146400
1895-09-05,36.627900
1895-09-06,36.709500
1895-09-07,36.849300
1895-09-09,37.035700
1895-09-10,36.389100
1895-09-11,36.092000
1895-09-12,35.940600
1895-09-13,35.229900
1895-09-14,34.752300
1895-09-16,35.066800
1895-09-17,35.433800
1895-09-18,35.480400
1895-09-19,35.888200
1895-09-20,35.940600
1895-09-21,36.109500
1895-09-23,36.406600
1895-09-24,35.998800
1895-09-25,36.121200
1895-09-26,36.022100
1895-09-27,36.115300
1895-09-28,36.161900
1895-09-30,35.824100
1895-10-01,35.993000
1895-10-02,36.255100
1895-10-03,36.202700
1895-10-04,35.800800
1895-10-05,35.666800
1895-10-07,35.661000
1895-10-08,35.428000
1895-10-09,35.707600
1895-10-10,35.532800
1895-10-11,35.562000
1895-10-12,35.719200
1895-10-14,35.649300
1895-10-15,36.039600
1895-10-16,35.754200
1895-10-17,35.591100
1895-10-18,35.497900
1895-10-19,35.439600
1895-10-21,35.445500
1895-10-22,35.381400
1895-10-23,35.136700
1895-10-24,34.950300
1895-10-25,35.154200
1895-10-26,34.996900
1895-10-28,34.874600
1895-10-29,34.525100
1895-10-30,34.251300
1895-10-31,34.146500
1895-11-01,34.163900
1895-11-02,33.919300
1895-11-04,33.249400
1895-11-06,33.150400
1895-11-07,33.540700
1895-11-08,33.074700
1895-11-09,33.068800
1895-11-11,33.365900
1895-11-12,33.965900
1895-11-13,33.948400
1895-11-14,34.006700
1895-11-15,33.779500
1895-11-16,33.785300
1895-11-18,33.622200
1895-11-19,33.383400
1895-11-20,33.441600
1895-11-21,33.336800
1895-11-22,33.179500
1895-11-23,33.191200
1895-11-25,33.523200
1895-11-26,33.464900
1895-11-27,33.727100
1895-11-29,33.581400
1895-11-30,33.424200
1895-12-02,33.464900
1895-12-03,33.715400
1895-12-04,33.348400
1895-12-05,33.220300
1895-12-06,33.383400
1895-12-07,33.331000
1895-12-09,33.191200
1895-12-10,33.220300
1895-12-11,33.103800
1895-12-12,33.098000
1895-12-13,33.231900
1895-12-14,33.202800
1895-12-16,33.639700
1895-12-17,33.144600
1895-12-18,32.748500
1895-12-19,32.160100
1895-12-20,29.422300
1895-12-21,28.286500
1895-12-23,29.771800
1895-12-24,30.651400
1895-12-26,30.733000
1895-12-27,29.999000
1895-12-28,30.144700
1895-12-30,29.882500
1895-12-31,30.424300
1896-01-02,30.191300
1896-01-03,30.150500
1896-01-04,29.591300
1896-01-06,28.740800
1896-01-07,28.601000
1896-01-08,29.008800
1896-01-09,29.247600
1896-01-10,29.591300
1896-01-11,29.667000
1896-01-13,30.325200
1896-01-14,30.267000
1896-01-15,30.354400
1896-01-16,30.325200
1896-01-17,29.975700
1896-01-18,29.486400
1896-01-20,29.608700
1896-01-21,29.812600
1896-01-22,30.220400
1896-01-23,29.917500
1896-01-24,30.482500
1896-01-25,30.674700
1896-01-27,30.849500
1896-01-28,31.035900
1896-01-29,31.140700
1896-01-30,31.257200
1896-01-31,31.519400
1896-02-01,31.554300
1896-02-03,31.268900
1896-02-04,31.688300
1896-02-05,32.125200
1896-02-06,32.078600
1896-02-07,32.189200
1896-02-08,32.369800
1896-02-10,32.655300
1896-02-11,32.107700
1896-02-13,32.567900
1896-02-14,32.247500
1896-02-15,32.136800
1896-02-17,32.276600
1896-02-18,32.200900
1896-02-19,32.375600
1896-02-20,32.713500
1896-02-21,32.800900
1896-02-24,33.080500
1896-02-25,32.870800
1896-02-26,32.696000
1896-02-27,32.678600
1896-02-28,32.125200
1896-02-29,31.944600
1896-03-02,31.967900
1896-03-03,32.020300
1896-03-04,32.416400
1896-03-05,32.171800
1896-03-06,32.014500
1896-03-07,32.026100
1896-03-09,32.032000
1896-03-10,32.014500
1896-03-11,31.967900
1896-03-12,32.043600
1896-03-13,31.979500
1896-03-14,31.851400
1896-03-16,31.752400
1896-03-17,31.886300
1896-03-18,31.501900
1896-03-19,31.344600
1896-03-20,31.898000
1896-03-21,31.338800
1896-03-23,30.849500
1896-03-24,30.855300
1896-03-25,30.989300
1896-03-26,30.948500
1896-03-27,30.907700
1896-03-28,31.065000
1896-03-30,31.210600
1896-03-31,31.461100
1896-04-01,31.367900
1896-04-02,31.426200
1896-04-04,31.542700
1896-04-06,31.391200
1896-04-07,31.490200
1896-04-08,31.362100
1896-04-09,31.263100
1896-04-10,31.367900
1896-04-11,31.402900
1896-04-13,31.659200
1896-04-14,31.705800
1896-04-15,31.851400
1896-04-16,31.833900
1896-04-17,31.711600
1896-04-18,31.828100
1896-04-20,32.334900
1896-04-21,32.445500
1896-04-22,32.725200
1896-04-23,32.626100
1896-04-24,32.585300
1896-04-25,32.474700
1896-04-27,32.649400
1896-04-28,32.486300
1896-04-29,32.428100
1896-04-30,32.294100
1896-05-01,32.241700
1896-05-02,32.329000
1896-05-04,32.404800
1896-05-05,32.195100
1896-05-06,32.072700
1896-05-07,31.641700
1896-05-08,31.758200
1896-05-09,31.863000
1896-05-11,31.391200
1896-05-12,31.373700
1896-05-13,31.618400
1896-05-14,31.670800
1896-05-15,31.367900
1896-05-16,31.385400
1896-05-18,31.472800
1896-05-19,31.367900
1896-05-20,31.531000
1896-05-21,31.624200
1896-05-22,31.699900
1896-05-23,31.868900
1896-05-25,31.630000
1896-05-26,31.583400
1896-05-27,31.443600
1896-05-28,31.134900
1896-05-29,31.449500
1896-06-01,31.472800
1896-06-02,31.082500
1896-06-03,31.094100
1896-06-04,31.210600
1896-06-05,31.385400
1896-06-06,31.338800
1896-06-08,31.053400
1896-06-09,30.942700
1896-06-10,30.226200
1896-06-11,30.919400
1896-06-12,31.041700
1896-06-13,31.373700
1896-06-15,31.863000
1896-06-16,32.078600
1896-06-17,32.189200
1896-06-18,31.676600
1896-06-19,31.723200
1896-06-20,31.548500
1896-06-22,30.936900
1896-06-23,30.867000
1896-06-24,31.123300
1896-06-25,31.082500
1896-06-26,31.117400
1896-06-27,30.564100
1896-06-29,29.684500
1896-06-30,30.039800
1896-07-01,29.224300
1896-07-02,29.608700
1896-07-03,29.503900
1896-07-06,29.544700
1896-07-07,29.643700
1896-07-08,29.538800
1896-07-09,29.177700
1896-07-10,29.416500
1896-07-11,30.109700
1896-07-13,29.300000
1896-07-14,28.723300
1896-07-15,27.867100
1896-07-16,27.575800
1896-07-17,27.482600
1896-07-18,27.243800
1896-07-20,26.585500
1896-07-21,26.702000
1896-07-22,27.552500
1896-07-23,27.465100
1896-07-24,27.104000
1896-07-25,27.587500
1896-07-27,27.203000
1896-07-28,26.655400
1896-07-29,26.754500
1896-07-30,26.929200
1896-07-31,27.267100
1896-08-01,27.092300
1896-08-03,26.946700
1896-08-04,26.509800
1896-08-05,26.393300
1896-08-06,25.781700
1896-08-07,25.001100
1896-08-08,24.360400
1896-08-10,25.787500
1896-08-11,25.828300
1896-08-12,25.426400
1896-08-13,26.160300
1896-08-14,26.381700
1896-08-15,26.335100
1896-08-17,26.626300
1896-08-18,26.585500
1896-08-19,26.742800
1896-08-20,26.352500
1896-08-21,25.921500
1896-08-22,26.049600
1896-08-24,25.822500
1896-08-25,25.665200
1896-08-26,25.595300
1896-08-27,25.729300
1896-08-28,26.387500
1896-08-29,26.573900
1896-08-31,26.830200
1896-09-01,26.777800
1896-09-02,27.610800
1896-09-03,27.476800
1896-09-04,28.100100
1896-09-05,28.146700
1896-09-08,28.280600
1896-09-09,28.286500
1896-09-10,27.791300
1896-09-11,28.117500
1896-09-12,27.878700
1896-09-14,27.762200
1896-09-15,27.505900
1896-09-16,27.191400
1896-09-17,27.826300
1896-09-18,27.855400
1896-09-19,27.907800
1896-09-21,28.338900
1896-09-22,28.210700
1896-09-23,28.350500
1896-09-24,28.636000
1896-09-25,29.014600
1896-09-26,29.247600
1896-09-28,29.008800
1896-09-29,29.247600
1896-09-30,29.247600
1896-10-01,29.224300
1896-10-02,29.125300
1896-10-03,29.043700
1896-10-05,29.183500
1896-10-06,28.956300
1896-10-07,28.571900
1896-10-08,28.490300
1896-10-09,28.216600
1896-10-10,27.942800
1896-10-12,27.674800
1896-10-13,28.274800
1896-10-14,28.455400
1896-10-15,28.204900
1896-10-16,28.228200
1896-10-17,28.228200
1896-10-19,28.624300
1896-10-20,29.113600
1896-10-21,29.311700
1896-10-22,29.439800
1896-10-23,29.701900
1896-10-24,29.795100
1896-10-26,30.127200
1896-10-27,29.835900
1896-10-28,29.591300
1896-10-29,28.886400
1896-10-30,29.952400
1896-10-31,30.278600
1896-11-02,30.942700
1896-11-04,31.793100
1896-11-05,31.292200
1896-11-06,32.078600
1896-11-07,32.585300
1896-11-09,32.923200
1896-11-10,33.016400
1896-11-11,32.678600
1896-11-12,32.841700
1896-11-13,32.428100
1896-11-14,32.474700
1896-11-16,32.090200
1896-11-17,32.032000
1896-11-18,32.055300
1896-11-19,32.061100
1896-11-20,31.816400
1896-11-21,31.589300
1896-11-23,31.577600
1896-11-24,31.659200
1896-11-25,31.472800
1896-11-27,31.315500
1896-11-28,31.164000
1896-11-30,30.733000
1896-12-01,31.245600
1896-12-02,31.356300
1896-12-03,31.589300
1896-12-04,31.659200
1896-12-05,31.531000
1896-12-07,31.280500
1896-12-08,31.303800
1896-12-09,31.233900
1896-12-10,31.035900
1896-12-11,31.047500
1896-12-12,31.012600
1896-12-14,30.430100
1896-12-15,30.261200
1896-12-16,30.476700
1896-12-17,30.727200
1896-12-18,29.113600
1896-12-19,29.521400
1896-12-21,30.039800
1896-12-22,29.579600
1896-12-23,29.614600
1896-12-24,29.818400
1896-12-28,29.707800
1896-12-29,30.063100
1896-12-30,30.004900
1896-12-31,29.900000
1897-01-02,29.844700
1897-01-04,29.573600
1897-01-05,29.939900
1897-01-06,29.998500
1897-01-07,29.939900
1897-01-08,30.013200
1897-01-09,29.961900
1897-01-11,29.852000
1897-01-12,30.328200
1897-01-13,30.364800
1897-01-14,30.613900
1897-01-15,30.965500
1897-01-16,31.368400
1897-01-18,31.324500
1897-01-19,31.683400
1897-01-20,31.339100
1897-01-21,31.148600
1897-01-22,31.075400
1897-01-23,30.782400
1897-01-25,30.701800
1897-01-26,30.928900
1897-01-27,30.921500
1897-01-28,30.679800
1897-01-29,30.811700
1897-01-30,31.177900
1897-02-01,31.046100
1897-02-02,30.782400
1897-02-03,30.716400
1897-02-04,30.254900
1897-02-05,30.203600
1897-02-06,30.342800
1897-02-08,30.115700
1897-02-09,29.720100
1897-02-10,29.720100
1897-02-11,29.500400
1897-02-13,29.097500
1897-02-15,29.112100
1897-02-16,29.522300
1897-02-17,29.522300
1897-02-18,29.537000
1897-02-19,29.507700
1897-02-20,29.734800
1897-02-23,29.808000
1897-02-24,29.859300
1897-02-25,29.456400
1897-02-26,30.247600
1897-02-27,30.555300
1897-03-01,30.540600
1897-03-02,30.679800
1897-03-03,30.862900
1897-03-04,30.284200
1897-03-05,30.364800
1897-03-06,30.262200
1897-03-08,30.694400
1897-03-09,30.489300
1897-03-10,30.613900
1897-03-11,30.723700
1897-03-12,30.804300
1897-03-13,30.980100
1897-03-15,30.826300
1897-03-16,30.716400
1897-03-17,30.401400
1897-03-18,30.474700
1897-03-19,30.123000
1897-03-20,30.218300
1897-03-22,30.320800
1897-03-23,29.932600
1897-03-24,29.742100
1897-03-25,29.727500
1897-03-26,29.353900
1897-03-27,28.950900
1897-03-29,28.665200
1897-03-30,29.200000
1897-03-31,28.914300
1897-04-01,29.134100
1897-04-02,29.163400
1897-04-03,29.222000
1897-04-05,29.112100
1897-04-06,28.987600
1897-04-07,29.104800
1897-04-08,29.573600
1897-04-09,29.456400
1897-04-10,29.515000
1897-04-12,29.265900
1897-04-13,29.617600
1897-04-14,29.126800
1897-04-15,28.870400
1897-04-17,28.621300
1897-04-19,28.196400
1897-04-20,28.342900
1897-04-21,28.504100
1897-04-22,28.255000
1897-04-23,28.196400
1897-04-24,28.233000
1897-04-26,28.731200
1897-04-28,28.584700
1897-04-29,28.577300
1897-04-30,28.540700
1897-05-01,28.372200
1897-05-03,28.408800
1897-05-04,28.921600
1897-05-05,28.701900
1897-05-06,28.965600
1897-05-07,29.002200
1897-05-08,29.024200
1897-05-10,29.265900
1897-05-11,29.229300
1897-05-12,29.075500
1897-05-13,28.767800
1897-05-14,28.526100
1897-05-15,28.328300
1897-05-17,28.328300
1897-05-18,28.716500
1897-05-19,28.423500
1897-05-20,28.328300
1897-05-21,28.445500
1897-05-22,28.555400
1897-05-24,28.811800
1897-05-25,28.716500
1897-05-26,28.972900
1897-05-27,28.723800
1897-05-28,29.038900
1897-05-29,29.236600
1897-06-01,29.309900
1897-06-02,29.463700
1897-06-03,29.507700
1897-06-04,29.683500
1897-06-05,30.064400
1897-06-07,30.269600
1897-06-08,30.577200
1897-06-09,30.921500
1897-06-10,31.046100
1897-06-11,31.163300
1897-06-12,31.185300
1897-06-14,31.471000
1897-06-15,31.353800
1897-06-16,31.053400
1897-06-17,31.273200
1897-06-18,31.551500
1897-06-19,31.419700
1897-06-21,31.221900
1897-06-22,31.353800
1897-06-23,31.632100
1897-06-24,31.786000
1897-06-25,31.705400
1897-06-26,32.013100
1897-06-28,32.679700
1897-06-29,32.430600
1897-06-30,32.306100
1897-07-01,32.386700
1897-07-02,32.364700
1897-07-03,32.144900
1897-07-06,31.939800
1897-07-07,32.284100
1897-07-08,32.174200
1897-07-09,32.350000
1897-07-10,32.503900
1897-07-12,33.002000
1897-07-13,33.412300
1897-07-14,33.485500
1897-07-15,33.163200
1897-07-16,33.317000
1897-07-17,33.346300
1897-07-19,34.027600
1897-07-20,34.254700
1897-07-21,34.393900
1897-07-22,34.965300
1897-07-23,35.075200
1897-07-24,35.104500
1897-07-26,34.950600
1897-07-27,34.511100
1897-07-28,35.060500
1897-07-29,34.943300
1897-07-30,35.126500
1897-07-31,35.075200
1897-08-02,35.778400
1897-08-03,36.701500
1897-08-04,37.170300
1897-08-05,37.543900
1897-08-06,37.888200
1897-08-07,37.946800
1897-08-09,37.595200
1897-08-10,37.895600
1897-08-11,37.946800
1897-08-12,38.071400
1897-08-13,37.727100
1897-08-14,38.071400
1897-08-16,38.232500
1897-08-17,37.763700
1897-08-18,37.939500
1897-08-19,37.946800
1897-08-20,37.837000
1897-08-21,37.976100
1897-08-23,38.379000
1897-08-24,38.481600
1897-08-25,38.188600
1897-08-26,38.503600
1897-08-27,38.767300
1897-08-28,38.899200
1897-08-30,38.994400
1897-08-31,40.151900
1897-09-01,40.613400
1897-09-02,40.855100
1897-09-03,40.759900
1897-09-04,40.767200
1897-09-07,40.840500
1897-09-08,40.730600
1897-09-09,40.884400
1897-09-10,40.891700
1897-09-11,40.811200
1897-09-13,40.005300
1897-09-14,40.547400
1897-09-15,40.745200
1897-09-16,40.488800
1897-09-17,40.628000
1897-09-18,40.547400
1897-09-20,40.042000
1897-09-21,38.481600
1897-09-22,39.155600
1897-09-23,39.265500
1897-09-24,38.445000
1897-09-25,38.313100
1897-09-27,38.774600
1897-09-28,38.320400
1897-09-29,38.020100
1897-09-30,37.346100
1897-10-01,37.756400
1897-10-02,38.525600
1897-10-04,38.576800
1897-10-05,38.283800
1897-10-06,37.939500
1897-10-07,37.631800
1897-10-08,37.829600
1897-10-09,37.272900
1897-10-11,37.097100
1897-10-12,35.631900
1897-10-13,36.078800
1897-10-14,35.741800
1897-10-15,35.470800
1897-10-16,35.595300
1897-10-18,36.042200
1897-10-19,36.511000
1897-10-20,36.913900
1897-10-21,36.496400
1897-10-22,36.628200
1897-10-23,36.379100
1897-10-25,35.719800
1897-10-26,35.968900
1897-10-27,35.602600
1897-10-28,35.500100
1897-10-29,35.756500
1897-10-30,35.917600
1897-11-01,35.976200
1897-11-03,34.921300
1897-11-04,34.657600
1897-11-05,33.500200
1897-11-06,33.932400
1897-11-08,33.441600
1897-11-09,34.086200
1897-11-10,34.518400
1897-11-11,33.837100
1897-11-12,34.020300
1897-11-13,34.518400
1897-11-15,34.042300
1897-11-16,34.467200
1897-11-17,34.306000
1897-11-18,34.423200
1897-11-19,34.628300
1897-11-20,34.599000
1897-11-22,34.349900
1897-11-23,34.159500
1897-11-24,33.851800
1897-11-26,34.210800
1897-11-27,34.569700
1897-11-29,34.284000
1897-11-30,34.767500
1897-12-01,35.463400
1897-12-02,35.390200
1897-12-03,35.390200
1897-12-04,35.331600
1897-12-06,35.741800
1897-12-07,36.232600
1897-12-08,36.181400
1897-12-09,36.335200
1897-12-10,36.027500
1897-12-11,36.247300
1897-12-13,36.489000
1897-12-14,36.386500
1897-12-15,35.910300
1897-12-16,35.558700
1897-12-17,35.265600
1897-12-18,35.778400
1897-12-20,35.492700
1897-12-21,35.346200
1897-12-22,35.558700
1897-12-23,35.778400
1897-12-24,36.181400
1897-12-27,36.108100
1897-12-28,36.144700
1897-12-29,36.137400
1897-12-30,36.049500
1897-12-31,36.196000
1898-01-03,36.122700
1898-01-04,35.829700
1898-01-05,36.283900
1898-01-06,36.760100
1898-01-07,37.119000
1898-01-08,37.082400
1898-01-10,37.016500
1898-01-11,36.870000
1898-01-12,36.767400
1898-01-13,36.518300
1898-01-14,36.357200
1898-01-15,36.005500
1898-01-17,36.159400
1898-01-18,35.756500
1898-01-19,36.100800
1898-01-20,35.939600
1898-01-21,35.837000
1898-01-22,35.807700
1898-01-24,35.163100
1898-01-25,35.646600
1898-01-26,36.283900
1898-01-27,36.467100
1898-01-28,36.130100
1898-01-29,36.305900
1898-01-31,36.635500
1898-02-01,36.452400
1898-02-02,36.291200
1898-02-03,36.291200
1898-02-04,36.496400
1898-02-05,36.796700
1898-02-07,36.708800
1898-02-08,36.349800
1898-02-09,36.525700
1898-02-10,36.745400
1898-02-11,36.730800
1898-02-14,36.254600
1898-02-15,36.657500
1898-02-16,35.873700
1898-02-17,36.042200
1898-02-18,35.595300
1898-02-19,35.009300
1898-02-21,34.511100
1898-02-23,33.815200
1898-02-24,32.723700
1898-02-25,33.192500
1898-02-26,33.089900
1898-02-28,33.822500
1898-03-01,34.774800
1898-03-02,34.122800
1898-03-03,34.100900
1898-03-04,33.815200
1898-03-05,33.500200
1898-03-07,32.862800
1898-03-08,33.185200
1898-03-09,33.339000
1898-03-10,33.243800
1898-03-11,32.555200
1898-03-12,31.712700
1898-03-14,32.767600
1898-03-15,32.533200
1898-03-16,33.353700
1898-03-17,32.635700
1898-03-18,32.862800
1898-03-19,32.848200
1898-03-21,32.599100
1898-03-22,31.829900
1898-03-23,31.661400
1898-03-24,31.302500
1898-03-25,30.767700
1898-03-26,31.463600
1898-03-28,33.214500
1898-03-29,32.591800
1898-03-30,33.807800
1898-03-31,33.273100
1898-04-01,32.335400
1898-04-02,32.672400
1898-04-04,33.390300
1898-04-05,33.009400
1898-04-06,33.712600
1898-04-07,33.683300
1898-04-08,33.317000
1898-04-09,33.361000
1898-04-11,33.661300
1898-04-12,33.932400
1898-04-13,33.104600
1898-04-14,33.741900
1898-04-15,33.236400
1898-04-16,32.621100
1898-04-18,32.906800
1898-04-19,32.584500
1898-04-20,32.643100
1898-04-21,31.698100
1898-04-22,32.137600
1898-04-23,32.635700
1898-04-25,32.247500
1898-04-26,32.496600
1898-04-27,32.525900
1898-04-28,32.972700
1898-04-29,33.514800
1898-04-30,33.698000
1898-05-02,35.602600
1898-05-03,35.382900
1898-05-05,36.210700
1898-05-06,36.012900
1898-05-07,36.921200
1898-05-09,37.397400
1898-05-10,36.965200
1898-05-11,37.822300
1898-05-12,37.426700
1898-05-13,37.228900
1898-05-14,37.126400
1898-05-16,36.870000
1898-05-17,37.551200
1898-05-18,37.031100
1898-05-19,37.390100
1898-05-20,37.170300
1898-05-21,37.653800
1898-05-23,37.895600
1898-05-24,38.305800
1898-05-25,37.998100
1898-05-26,38.020100
1898-05-27,38.152000
1898-05-28,38.195900
1898-05-31,38.635400
1898-06-01,38.730700
1898-06-02,39.089600
1898-06-03,38.657400
1898-06-04,38.921100
1898-06-06,39.067700
1898-06-07,39.045700
1898-06-08,38.935800
1898-06-09,38.913800
1898-06-10,39.346000
1898-06-11,39.016400
1898-06-13,38.540200
1898-06-14,38.239900
1898-06-15,37.265500
1898-06-16,37.924900
1898-06-17,38.188600
1898-06-18,37.749000
1898-06-20,38.020100
1898-06-21,37.895600
1898-06-22,37.639200
1898-06-23,37.902900
1898-06-24,38.100700
1898-06-25,38.357100
1898-06-27,38.576800
1898-06-28,38.415700
1898-06-29,38.672100
1898-06-30,38.547500
1898-07-01,38.825900
1898-07-05,38.818600
1898-07-06,38.664700
1898-07-07,38.891800
1898-07-08,39.009100
1898-07-09,39.177500
1898-07-11,39.082300
1898-07-12,38.943100
1898-07-13,38.540200
1898-07-14,38.935800
1898-07-15,38.481600
1898-07-16,38.364400
1898-07-18,38.291100
1898-07-19,38.327800
1898-07-20,38.562200
1898-07-21,38.921100
1898-07-22,38.833200
1898-07-23,38.979800
1898-07-25,39.316700
1898-07-26,39.683000
1898-07-27,39.397300
1898-07-28,39.448600
1898-07-29,39.573100
1898-07-30,39.705000
1898-08-01,39.998000
1898-08-02,40.481500
1898-08-03,40.628000
1898-08-04,40.481500
1898-08-05,40.913700
1898-08-06,40.972300
1898-08-08,41.250700
1898-08-09,41.243400
1898-08-10,41.470500
1898-08-11,41.426500
1898-08-12,41.177400
1898-08-13,41.631600
1898-08-15,42.122500
1898-08-16,42.818400
1898-08-17,43.140700
1898-08-18,42.547300
1898-08-19,43.287200
1898-08-22,43.507000
1898-08-23,43.682800
1898-08-24,43.748700
1898-08-25,44.334800
1898-08-26,44.664500
1898-08-27,44.452000
1898-08-29,43.638900
1898-08-30,43.895300
1898-08-31,44.210300
1898-09-01,44.320100
1898-09-02,44.232200
1898-09-06,44.071100
1898-09-07,43.162700
1898-09-08,42.884300
1898-09-09,42.320200
1898-09-10,42.767100
1898-09-12,42.547300
1898-09-13,42.159100
1898-09-14,42.063800
1898-09-15,42.767100
1898-09-16,42.518000
1898-09-17,42.605900
1898-09-19,42.203000
1898-09-20,41.924700
1898-09-21,42.730500
1898-09-22,42.290900
1898-09-23,42.217700
1898-09-24,42.144400
1898-09-26,41.426500
1898-09-27,40.452200
1898-09-28,39.939400
1898-09-29,40.203100
1898-09-30,39.148200
1898-10-01,38.474300
1898-10-03,39.280100
1898-10-04,39.412000
1898-10-05,39.382700
1898-10-06,39.089600
1898-10-07,38.884500
1898-10-08,39.023700
1898-10-10,38.467000
1898-10-11,37.983500
1898-10-12,37.954200
1898-10-13,38.730700
1898-10-14,38.298500
1898-10-15,38.020100
1898-10-17,38.225200
1898-10-18,37.917500
1898-10-19,37.771000
1898-10-20,37.946800
1898-10-21,38.247200
1898-10-22,38.833200
1898-10-24,38.716000
1898-10-25,39.294800
1898-10-26,39.727000
1898-10-27,39.734300
1898-10-28,40.210500
1898-10-29,40.107900
1898-10-31,40.606000
1898-11-01,40.247100
1898-11-02,39.932100
1898-11-03,40.254400
1898-11-04,40.107900
1898-11-05,40.239800
1898-11-07,40.708600
1898-11-09,40.510800
1898-11-10,41.038300
1898-11-11,41.316600
1898-11-12,41.858700
1898-11-14,41.814800
1898-11-15,41.682900
1898-11-16,41.587700
1898-11-17,41.602300
1898-11-18,41.448500
1898-11-19,41.624300
1898-11-21,41.573000
1898-11-22,41.734200
1898-11-23,41.543700
1898-11-25,41.221400
1898-11-26,41.389900
1898-11-28,41.602300
1898-11-29,41.675600
1898-11-30,41.902700
1898-12-01,42.605900
1898-12-02,42.591300
1898-12-03,42.818400
1898-12-05,42.708500
1898-12-06,42.708500
1898-12-07,42.869700
1898-12-08,43.250600
1898-12-09,43.770700
1898-12-10,44.034400
1898-12-12,44.159000
1898-12-13,43.609600
1898-12-14,43.499700
1898-12-15,43.199300
1898-12-16,43.082100
1898-12-17,43.030800
1898-12-19,43.060100
1898-12-20,43.301900
1898-12-21,43.360500
1898-12-22,43.536300
1898-12-23,44.019800
1898-12-27,44.261500
1898-12-28,43.221300
1898-12-29,44.071100
1898-12-30,44.334800
1899-01-03,44.254200
1899-01-04,44.459300
1899-01-05,44.620500
1899-01-06,44.583900
1899-01-07,44.942800
1899-01-09,45.404300
1899-01-10,45.016100
1899-01-11,44.913500
1899-01-12,44.854900
1899-01-13,45.206500
1899-01-14,45.001400
1899-01-16,44.891500
1899-01-17,44.986800
1899-01-18,45.367700
1899-01-19,45.638800
1899-01-20,45.712000
1899-01-21,45.550900
1899-01-23,45.690000
1899-01-24,45.272500
1899-01-25,46.188200
1899-01-26,46.759600
1899-01-27,47.353000
1899-01-28,47.521500
1899-01-30,47.631300
1899-01-31,47.140500
1899-02-01,47.206400
1899-02-02,46.832800
1899-02-03,46.598400
1899-02-04,46.437300
1899-02-06,46.188200
1899-02-07,45.382400
1899-02-08,45.587500
1899-02-09,45.492200
1899-02-10,45.499600
1899-02-14,45.821900
1899-02-15,45.785300
1899-02-16,45.931800
1899-02-17,46.246800
1899-02-18,47.440900
1899-02-20,48.906000
1899-02-21,49.001200
1899-02-23,49.316200
1899-02-24,49.338200
1899-02-25,49.462700
1899-02-27,49.067200
1899-02-28,48.920600
1899-03-01,48.818100
1899-03-02,48.276000
1899-03-03,49.096500
1899-03-04,48.884000
1899-03-06,48.312600
1899-03-07,48.642300
1899-03-08,49.294300
1899-03-09,49.565300
1899-03-10,49.916900
1899-03-11,49.931600
1899-03-13,50.466400
1899-03-14,50.532300
1899-03-15,50.473700
1899-03-16,51.799600
1899-03-17,52.202500
1899-03-18,52.759300
1899-03-20,52.151300
1899-03-21,52.217200
1899-03-22,52.620100
1899-03-23,52.422300
1899-03-24,52.730000
1899-03-25,53.037700
1899-03-27,54.012000
1899-03-28,54.722600
1899-03-29,54.334300
1899-03-30,54.451500
1899-04-01,55.052200
1899-04-03,55.689500
1899-04-04,55.704200
1899-04-05,55.579700
1899-04-06,54.334300
1899-04-07,53.535800
1899-04-08,53.579800
1899-04-10,53.184200
1899-04-11,54.568700
1899-04-12,55.015600
1899-04-13,55.184100
1899-04-14,55.704200
1899-04-15,55.894700
1899-04-17,55.645600
1899-04-18,55.938600
1899-04-19,55.887300
1899-04-20,55.711500
1899-04-21,56.195000
1899-04-22,56.414800
1899-04-24,56.063200
1899-04-25,56.612600
1899-04-26,56.510000
1899-04-27,56.429400
1899-04-28,56.480700
1899-04-29,56.195000
1899-05-01,54.642000
1899-05-02,55.704200
1899-05-03,55.674900
1899-05-04,55.228000
1899-05-05,54.561400
1899-05-06,54.085200
1899-05-08,52.876500
1899-05-09,51.264900
1899-05-10,53.088900
1899-05-11,52.656700
1899-05-12,52.876500
1899-05-13,50.810700
1899-05-15,51.111000
1899-05-16,51.982800
1899-05-17,53.294100
1899-05-18,52.627400
1899-05-19,52.605400
1899-05-20,52.576100
1899-05-22,52.532200
1899-05-23,52.019400
1899-05-24,51.477300
1899-05-25,51.836300
1899-05-26,51.492000
1899-05-27,50.920500
1899-05-31,49.455400
1899-06-01,50.107400
1899-06-02,51.360100
1899-06-03,51.374700
1899-06-05,51.081700
1899-06-06,51.345400
1899-06-07,51.799600
1899-06-08,52.034000
1899-06-09,52.957100
1899-06-10,53.052300
1899-06-12,53.535800
1899-06-13,52.656700
1899-06-14,52.686000
1899-06-15,52.532200
1899-06-16,52.466300
1899-06-17,52.231800
1899-06-19,51.594500
1899-06-20,51.499300
1899-06-21,50.832600
1899-06-22,50.429700
1899-06-23,51.147600
1899-06-24,51.250200
1899-06-26,51.169600
1899-06-27,51.601800
1899-06-28,51.675100
1899-06-29,51.411400
1899-06-30,51.557900
1899-07-01,51.770300
1899-07-05,52.363700
1899-07-06,52.686000
1899-07-07,52.854500
1899-07-08,52.517500
1899-07-10,51.682400
1899-07-11,52.268500
1899-07-12,52.415000
1899-07-13,52.502900
1899-07-14,52.026700
1899-07-15,52.114600
1899-07-17,51.938800
1899-07-18,52.283100
1899-07-19,52.063400
1899-07-20,52.429600
1899-07-21,52.803200
1899-07-22,52.517500
1899-07-24,52.561500
1899-07-25,52.883800
1899-07-26,52.737300
1899-07-27,53.096300
1899-07-28,53.440600
1899-07-29,53.477200
1899-07-31,54.012000
1899-08-01,54.129200
1899-08-02,54.422200
1899-08-03,54.656600
1899-08-04,54.707900
1899-08-05,54.268400
1899-08-07,53.975300
1899-08-08,54.378300
1899-08-09,54.642000
1899-08-10,55.213400
1899-08-11,55.081500
1899-08-12,55.521100
1899-08-14,55.843400
1899-08-15,55.403800
1899-08-16,55.052200
1899-08-17,55.396500
1899-08-18,55.411200
1899-08-19,55.718800
1899-08-21,55.477100
1899-08-22,55.015600
1899-08-23,55.674900
1899-08-24,55.389200
1899-08-25,55.374500
1899-08-26,55.389200
1899-08-28,55.411200
1899-08-29,55.132800
1899-08-30,55.704200
1899-08-31,55.425800
1899-09-01,55.359900
1899-09-02,55.499100
1899-09-05,56.854300
1899-09-06,56.385500
1899-09-07,56.121800
1899-09-08,56.085100
1899-09-09,56.414800
1899-09-11,55.374500
1899-09-12,54.707900
1899-09-13,55.755500
1899-09-14,55.418500
1899-09-15,54.612700
1899-09-16,53.872800
1899-09-18,53.030300
1899-09-19,53.550500
1899-09-20,53.147500
1899-09-21,53.550500
1899-09-22,54.370900
1899-09-23,54.107200
1899-09-25,53.301400
1899-09-26,53.037700
1899-09-27,53.213500
1899-09-28,53.382000
1899-10-02,51.975400
1899-10-03,51.990100
1899-10-04,52.546800
1899-10-05,52.766600
1899-10-06,52.964400
1899-10-07,53.242800
1899-10-09,53.235500
1899-10-10,53.821500
1899-10-11,53.477200
1899-10-12,53.074300
1899-10-13,52.605400
1899-10-14,52.634800
1899-10-16,53.088900
1899-10-17,52.905800
1899-10-18,53.425900
1899-10-19,53.374600
1899-10-20,53.557800
1899-10-21,53.762900
1899-10-23,54.656600
1899-10-24,54.436900
1899-10-25,54.510100
1899-10-26,54.590700
1899-10-27,54.517400
1899-10-28,54.817800
1899-10-30,54.480800
1899-10-31,54.920400
1899-11-01,55.066900
1899-11-02,55.469800
1899-11-03,55.191400
1899-11-04,54.891000
1899-11-06,55.037600
1899-11-08,55.037600
1899-11-09,54.488100
1899-11-10,53.968000
1899-11-11,53.521200
1899-11-13,54.268400
1899-11-14,54.327000
1899-11-15,54.700600
1899-11-16,55.294000
1899-11-17,55.528400
1899-11-18,55.623600
1899-11-20,55.403800
1899-11-21,54.979000
1899-11-22,55.088800
1899-11-23,55.308600
1899-11-24,55.528400
1899-11-27,55.447800
1899-11-28,55.294000
1899-11-29,55.345200
1899-12-01,55.286600
1899-12-02,55.440500
1899-12-04,54.400200
1899-12-05,53.894800
1899-12-06,53.865500
1899-12-07,53.499200
1899-12-08,51.477300
1899-12-09,50.737400
1899-12-11,49.396800
1899-12-12,49.477400
1899-12-13,46.906100
1899-12-14,47.807200
1899-12-15,48.503100
1899-12-16,46.766900
1899-12-18,42.686500
1899-12-19,44.701100
1899-12-20,44.825600
1899-12-21,43.931900
1899-12-22,42.994200
1899-12-23,44.371400
1899-12-26,45.419000
1899-12-27,47.228400
1899-12-28,47.169800
1899-12-29,48.151500
1899-12-30,48.407900
1900-01-02,49.909600
1900-01-03,48.796100
1900-01-04,49.191700
1900-01-05,48.869400
1900-01-06,48.363900
1900-01-08,48.649600
1900-01-09,47.609400
1900-01-10,46.986700
1900-01-11,46.349300
1900-01-12,47.565400
1900-01-13,47.470200
1900-01-15,47.045300
1900-01-16,47.096600
1900-01-17,47.294400
1900-01-18,47.089200
1900-01-19,47.829100
1900-01-20,47.492100
1900-01-22,47.887700
1900-01-23,47.162500
1900-01-24,47.411600
1900-01-25,47.653300
1900-01-26,47.052600
1900-01-27,47.081900
1900-01-29,47.213800
1900-01-30,48.393200
1900-01-31,48.444500
1900-02-01,49.330900
1900-02-02,49.711800
1900-02-03,49.726500
1900-02-05,50.078100
1900-02-06,49.836400
1900-02-07,49.770400
1900-02-08,49.418800
1900-02-09,48.979300
1900-02-10,48.832700
1900-02-13,49.367500
1900-02-14,49.008600
1900-02-15,49.140400
1900-02-16,48.642300
1900-02-17,48.210100
1900-02-19,48.532400
1900-02-20,48.466500
1900-02-21,48.048900
1900-02-23,47.265100
1900-02-24,46.972000
1900-02-26,46.561800
1900-02-27,46.408000
1900-02-28,46.854800
1900-03-01,46.583800
1900-03-02,45.382400
1900-03-03,45.975700
1900-03-05,45.506900
1900-03-06,45.323800
1900-03-07,45.294500
1900-03-08,44.972100
1900-03-09,44.767000
1900-03-10,45.184600
1900-03-12,46.378700
1900-03-13,46.063600
1900-03-14,45.441000
1900-03-15,45.279800
1900-03-16,45.353100
1900-03-17,45.785300
1900-03-19,46.085600
1900-03-20,46.481200
1900-03-21,46.942700
1900-03-22,46.928100
1900-03-23,46.642400
1900-03-24,47.074600
1900-03-26,46.928100
1900-03-27,47.404200
1900-03-28,47.704600
1900-03-29,46.935400
1900-03-30,47.902400
1900-03-31,48.363900
1900-04-02,48.019600
1900-04-03,47.741200
1900-04-04,47.697300
1900-04-05,47.961000
1900-04-06,48.459100
1900-04-07,48.459100
1900-04-09,47.953700
1900-04-10,47.287000
1900-04-11,47.455500
1900-04-12,47.177100
1900-04-16,45.089300
1900-04-17,45.272500
1900-04-18,45.287100
1900-04-19,45.697400
1900-04-20,45.565500
1900-04-21,44.298200
1900-04-23,44.825600
1900-04-24,45.191900
1900-04-25,45.338400
1900-04-26,46.188200
1900-04-27,45.602100
1900-04-28,45.265200
1900-04-30,44.928200
1900-05-01,44.920800
1900-05-02,44.723100
1900-05-03,44.701100
1900-05-04,44.818300
1900-05-05,44.950200
1900-05-07,44.408100
1900-05-08,43.411800
1900-05-09,43.909900
1900-05-10,44.027100
1900-05-11,42.942900
1900-05-12,42.576600
1900-05-14,42.159100
1900-05-15,41.477800
1900-05-16,41.844100
1900-05-17,41.580400
1900-05-18,42.312900
1900-05-19,42.620600
1900-05-21,42.049200
1900-05-22,42.562000
1900-05-23,42.745100
1900-05-24,42.129800
1900-05-25,41.946600
1900-05-26,42.159100
1900-05-28,42.247000
1900-05-29,42.496100
1900-05-31,43.294600
1900-06-01,43.499700
1900-06-02,43.074800
1900-06-04,42.466800
1900-06-05,42.107800
1900-06-06,41.741500
1900-06-07,42.166400
1900-06-08,41.477800
1900-06-09,41.324000
1900-06-11,41.045600
1900-06-12,41.133500
1900-06-13,41.844100
1900-06-14,41.397200
1900-06-15,41.148100
1900-06-16,40.598700
1900-06-18,40.261700
1900-06-19,40.349600
1900-06-20,39.844200
1900-06-21,40.034600
1900-06-22,39.639100
1900-06-23,39.324100
1900-06-25,39.324100
1900-06-26,39.558500
1900-06-27,39.639100
1900-06-28,40.107900
1900-06-29,40.166500
1900-06-30,40.239800
1900-07-02,40.642700
1900-07-03,40.781900
1900-07-05,41.397200
1900-07-06,41.118800
1900-07-07,41.045600
1900-07-09,40.847800
1900-07-10,41.690200
1900-07-11,41.587700
1900-07-12,41.543700
1900-07-13,41.009000
1900-07-14,40.935700
1900-07-16,41.184800
1900-07-17,41.573000
1900-07-18,41.470500
1900-07-19,41.954000
1900-07-20,42.745100
1900-07-21,42.789100
1900-07-23,43.235900
1900-07-24,42.745100
1900-07-25,42.620600
1900-07-26,42.437500
1900-07-27,42.510700
1900-07-28,42.269000
1900-07-30,41.851400
1900-07-31,41.609700
1900-08-01,41.800100
1900-08-02,41.910000
1900-08-03,41.968600
1900-08-04,42.269000
1900-08-06,42.173700
1900-08-07,42.276300
1900-08-08,42.400800
1900-08-09,42.298300
1900-08-10,42.488700
1900-08-11,42.554700
1900-08-13,42.855000
1900-08-14,43.052800
1900-08-15,43.148000
1900-08-16,43.118700
1900-08-17,43.104100
1900-08-18,42.994200
1900-08-20,43.074800
1900-08-21,42.891600
1900-08-22,42.964900
1900-08-23,42.796400
1900-08-24,42.708500
1900-08-25,42.613300
1900-08-27,42.649900
1900-08-28,42.334900
1900-08-29,42.803700
1900-08-30,42.774400
1900-08-31,42.349500
1900-09-04,42.891600
1900-09-05,42.913600
1900-09-06,42.855000
1900-09-07,42.723200
1900-09-08,42.400800
1900-09-10,42.540000
1900-09-11,42.562000
1900-09-12,42.671900
1900-09-13,42.635200
1900-09-14,42.100500
1900-09-15,41.433800
1900-09-17,41.514400
1900-09-18,41.485100
1900-09-19,40.752600
1900-09-20,39.829500
1900-09-21,39.829500
1900-09-22,39.140900
1900-09-24,38.796600
1900-09-25,38.921100
1900-09-26,39.009100
1900-09-27,39.946700
1900-09-28,39.661000
1900-09-29,39.756300
1900-10-01,40.261700
1900-10-02,39.939400
1900-10-03,40.100600
1900-10-04,40.503500
1900-10-05,40.803800
1900-10-06,40.664600
1900-10-08,40.569400
1900-10-09,40.664600
1900-10-10,40.217800
1900-10-11,40.540100
1900-10-12,41.089500
1900-10-13,41.448500
1900-10-15,42.415500
1900-10-16,42.356900
1900-10-17,42.408200
1900-10-18,42.825700
1900-10-19,43.023500
1900-10-20,43.616900
1900-10-22,44.415400
1900-10-23,44.532600
1900-10-24,44.532600
1900-10-25,44.422700
1900-10-26,44.320100
1900-10-27,44.012500
1900-10-29,43.448400
1900-10-30,43.609600
1900-10-31,43.250600
1900-11-01,43.353200
1900-11-02,43.507000
1900-11-03,43.807300
1900-11-05,44.591200
1900-11-07,46.078300
1900-11-08,46.708300
1900-11-09,47.726600
1900-11-10,48.700900
1900-11-12,49.323600
1900-11-13,48.151500
1900-11-14,48.517700
1900-11-15,48.942600
1900-11-16,49.953600
1900-11-17,50.327200
1900-11-19,50.459000
1900-11-20,50.598200
1900-11-21,50.525000
1900-11-22,50.114700
1900-11-23,49.023200
1900-11-24,48.898700
1900-11-26,49.250300
1900-11-27,49.089100
1900-11-28,48.781500
1900-11-30,48.781500
1900-12-01,48.605600
1900-12-03,48.664300
1900-12-04,47.924400
1900-12-05,48.385900
1900-12-06,47.668000
1900-12-07,47.008700
1900-12-08,46.869500
1900-12-10,47.360300
1900-12-11,48.012300
1900-12-12,47.946300
1900-12-13,47.536100
1900-12-14,48.012300
1900-12-15,48.305300
1900-12-17,48.129500
1900-12-18,48.730200
1900-12-19,49.221000
1900-12-20,49.360200
1900-12-21,50.275900
1900-12-22,51.301500
1900-12-26,51.902200
1900-12-27,52.041400
1900-12-28,51.125700
1900-12-29,51.426000
1900-12-31,51.799600
1901-01-02,51.601800
1901-01-03,49.792400
1901-01-04,50.788700
1901-01-05,49.580000
1901-01-07,49.169700
1901-01-08,49.558000
1901-01-09,49.470100
1901-01-10,49.733800
1901-01-11,49.704500
1901-01-12,49.345500
1901-01-14,49.272300
1901-01-15,48.715500
1901-01-16,48.136800
1901-01-17,47.836500
1901-01-18,47.770500
1901-01-19,47.448200
1901-01-21,47.558100
1901-01-22,48.004900
1901-01-23,48.620300
1901-01-24,48.092900
1901-01-25,48.466500
1901-01-26,48.847400
1901-01-28,48.561700
1901-01-29,48.759500
1901-01-30,48.876700
1901-01-31,48.942600
1901-02-01,49.601900
1901-02-04,50.151400
1901-02-05,50.744700
1901-02-06,51.198900
1901-02-07,50.788700
1901-02-08,51.133000
1901-02-09,51.396700
1901-02-11,51.631100
1901-02-13,50.876600
1901-02-14,51.733700
1901-02-15,51.850900
1901-02-16,51.411400
1901-02-18,50.488300
1901-02-19,50.085400
1901-02-20,49.785100
1901-02-21,50.217300
1901-02-25,50.012200
1901-02-26,49.345500
1901-02-27,49.895000
1901-02-28,49.081800
1901-03-01,49.638600
1901-03-02,49.572600
1901-03-04,49.506700
1901-03-05,49.338200
1901-03-06,49.367500
1901-03-07,49.609300
1901-03-08,49.484700
1901-03-09,49.301600
1901-03-11,49.433400
1901-03-12,49.286900
1901-03-13,49.213700
1901-03-14,49.477400
1901-03-15,49.323600
1901-03-16,49.426100
1901-03-18,50.122100
1901-03-19,50.349100
1901-03-20,50.415100
1901-03-21,50.495700
1901-03-22,50.488300
1901-03-23,50.415100
1901-03-25,50.246600
1901-03-26,50.195300
1901-03-27,50.744700
1901-03-28,50.832600
1901-03-29,50.861900
1901-03-30,51.220900
1901-04-01,51.946100
1901-04-02,52.026700
1901-04-03,52.268500
1901-04-04,52.752000
1901-04-08,52.356400
1901-04-09,53.118200
1901-04-10,53.557800
1901-04-11,53.198800
1901-04-12,53.389300
1901-04-13,53.953400
1901-04-15,55.198700
1901-04-16,55.250000
1901-04-17,54.854400
1901-04-18,55.015600
1901-04-19,55.594300
1901-04-20,55.425800
1901-04-22,54.620000
1901-04-23,54.063300
1901-04-24,53.631000
1901-04-25,53.938700
1901-04-26,54.466200
1901-04-29,55.110800
1901-04-30,55.528400
1901-05-01,55.623600
1901-05-02,55.081500
1901-05-03,54.480800
1901-05-04,54.869100
1901-05-06,55.345200
1901-05-07,54.957000
1901-05-08,52.539500
1901-05-09,49.360200
1901-05-10,52.502900
1901-05-13,52.686000
1901-05-14,50.979200
1901-05-15,51.323500
1901-05-16,51.894900
1901-05-17,53.543100
1901-05-18,54.107200
1901-05-20,53.301400
1901-05-21,53.799500
1901-05-22,53.850800
1901-05-23,53.352700
1901-05-24,54.012000
1901-05-25,53.931400
1901-05-27,53.968000
1901-05-28,54.217100
1901-05-29,54.583400
1901-05-31,55.506400
1901-06-01,56.107100
1901-06-03,56.942200
1901-06-04,56.458700
1901-06-05,55.945900
1901-06-06,56.004500
1901-06-07,55.902000
1901-06-08,55.726200
1901-06-10,55.872700
1901-06-11,55.755500
1901-06-12,56.077800
1901-06-13,56.634600
1901-06-14,56.458700
1901-06-15,56.722500
1901-06-17,57.330500
1901-06-18,57.008200
1901-06-19,56.817700
1901-06-20,56.568600
1901-06-21,57.096100
1901-06-22,56.927600
1901-06-24,56.927600
1901-06-25,56.356200
1901-06-26,56.312200
1901-06-27,56.275600
1901-06-28,56.019200
1901-06-29,57.096100
1901-07-01,56.466100
1901-07-02,56.458700
1901-07-03,56.114400
1901-07-08,54.239100
1901-07-09,54.693300
1901-07-10,53.316000
1901-07-11,52.905800
1901-07-12,51.843600
1901-07-13,52.048700
1901-07-15,50.883900
1901-07-16,51.037800
1901-07-17,52.415000
1901-07-18,52.678700
1901-07-19,52.722700
1901-07-20,52.246500
1901-07-22,51.594500
1901-07-23,52.297800
1901-07-24,51.946100
1901-07-25,52.517500
1901-07-26,52.839900
1901-07-27,53.257400
1901-07-29,53.433200
1901-07-30,53.220800
1901-07-31,52.473600
1901-08-01,52.532200
1901-08-02,52.217200
1901-08-03,52.173200
1901-08-05,50.700800
1901-08-06,50.583600
1901-08-07,50.935200
1901-08-08,51.587200
1901-08-09,51.030400
1901-08-10,50.810700
1901-08-12,51.213600
1901-08-13,51.521300
1901-08-14,51.799600
1901-08-15,52.532200
1901-08-16,52.437000
1901-08-17,52.019400
1901-08-19,52.019400
1901-08-20,52.070700
1901-08-21,52.305100
1901-08-22,52.817900
1901-08-23,53.499200
1901-08-24,53.990000
1901-08-26,54.085200
1901-08-27,53.338000
1901-08-28,53.264800
1901-08-29,53.345300
1901-08-30,53.821500
1901-09-03,53.220800
1901-09-04,53.675000
1901-09-05,53.521200
1901-09-06,52.913100
1901-09-07,50.568900
1901-09-09,51.785000
1901-09-10,52.341700
1901-09-11,52.019400
1901-09-12,51.462600
1901-09-13,49.265000
1901-09-16,51.286800
1901-09-17,51.184300
1901-09-18,51.462600
1901-09-20,51.623800
1901-09-21,51.081700
1901-09-23,49.499400
1901-09-24,49.396800
1901-09-25,48.510400
1901-09-26,49.001200
1901-09-27,49.587300
1901-09-28,49.374800
1901-09-30,48.832700
1901-10-01,48.400500
1901-10-02,48.305300
1901-10-03,47.235800
1901-10-04,47.301700
1901-10-05,46.503200
1901-10-07,46.679000
1901-10-08,46.766900
1901-10-09,46.979400
1901-10-10,47.880400
1901-10-11,48.283300
1901-10-12,47.997600
1901-10-14,48.195400
1901-10-15,47.836500
1901-10-16,47.550800
1901-10-17,47.785200
1901-10-18,47.968300
1901-10-19,48.210100
1901-10-21,47.924400
1901-10-22,48.100200
1901-10-23,48.100200
1901-10-24,47.939000
1901-10-25,47.829100
1901-10-26,47.682600
1901-10-28,46.891400
1901-10-29,47.221100
1901-10-30,47.514100
1901-10-31,47.213800
1901-11-01,47.374900
1901-11-02,47.492100
1901-11-04,47.235800
1901-11-06,47.294400
1901-11-07,47.455500
1901-11-08,47.689900
1901-11-09,48.100200
1901-11-11,48.730200
1901-11-12,48.605600
1901-11-13,48.371200
1901-11-14,47.880400
1901-11-15,48.422500
1901-11-16,48.437200
1901-11-18,48.254000
1901-11-19,48.070900
1901-11-20,47.726600
1901-11-21,47.946300
1901-11-22,48.261300
1901-11-23,48.114800
1901-11-25,47.726600
1901-11-26,47.748500
1901-11-27,48.188100
1901-11-29,48.114800
1901-11-30,47.624000
1901-12-02,46.898800
1901-12-03,47.206400
1901-12-04,47.521500
1901-12-05,47.499500
1901-12-06,46.752300
1901-12-07,46.122300
1901-12-09,46.649700
1901-12-10,46.349300
1901-12-11,45.968400
1901-12-12,45.133300
1901-12-13,45.301800
1901-12-14,45.580200
1901-12-16,45.382400
1901-12-17,45.616800
1901-12-18,45.997700
1901-12-19,46.049000
1901-12-20,46.276100
1901-12-21,46.239500
1901-12-23,45.499600
1901-12-24,45.067400
1901-12-26,45.873200
1901-12-27,46.378700
1901-12-28,46.708300
1901-12-30,46.393300
1901-12-31,47.294400
1902-01-02,47.118500
1902-01-03,47.067300
1902-01-04,47.316300
1902-01-06,47.543400
1902-01-07,47.045300
1902-01-08,47.521500
1902-01-09,46.942700
1902-01-10,46.774200
1902-01-11,46.898800
1902-01-13,46.378700
1902-01-14,45.836600
1902-01-15,46.268800
1902-01-16,46.583800
1902-01-17,46.898800
1902-01-18,46.547100
1902-01-20,46.481200
1902-01-21,46.473900
1902-01-22,46.547100
1902-01-23,46.891400
1902-01-24,46.979400
1902-01-25,46.810900
1902-01-27,47.008700
1902-01-28,47.741200
1902-01-29,47.440900
1902-01-30,47.521500
1902-01-31,47.580100
1902-02-01,47.646000
1902-02-03,47.448200
1902-02-04,47.338300
1902-02-05,47.587400
1902-02-06,47.558100
1902-02-07,47.843800
1902-02-08,47.572700
1902-02-10,47.484800
1902-02-11,47.733900
1902-02-13,47.309000
1902-02-14,47.331000
1902-02-15,47.374900
1902-02-17,47.836500
1902-02-18,47.477500
1902-02-19,48.004900
1902-02-20,47.382300
1902-02-21,47.602000
1902-02-24,47.836500
1902-02-25,48.041600
1902-02-26,47.763200
1902-02-27,47.814500
1902-02-28,47.477500
1902-03-01,47.711900
1902-03-03,47.836500
1902-03-04,47.448200
1902-03-05,47.594700
1902-03-06,48.466500
1902-03-07,48.026900
1902-03-08,48.056200
1902-03-10,47.697300
1902-03-11,47.851100
1902-03-12,47.528800
1902-03-13,47.807200
1902-03-14,47.895100
1902-03-15,48.048900
1902-03-17,48.048900
1902-03-18,48.334600
1902-03-19,48.715500
1902-03-20,49.265000
1902-03-21,49.462700
1902-03-22,49.308900
1902-03-24,49.301600
1902-03-25,49.089100
1902-03-26,49.265000
1902-03-27,49.235700
1902-03-31,49.221000
1902-04-01,49.228300
1902-04-02,49.206300
1902-04-03,49.089100
1902-04-04,48.950000
1902-04-05,48.964600
1902-04-07,48.788800
1902-04-08,48.788800
1902-04-09,48.906000
1902-04-10,48.312600
1902-04-11,48.481100
1902-04-12,48.591000
1902-04-14,48.371200
1902-04-15,48.686200
1902-04-16,48.979300
1902-04-17,49.404100
1902-04-18,49.631200
1902-04-19,49.528700
1902-04-21,49.155100
1902-04-22,48.495800
1902-04-23,48.964600
1902-04-24,50.136700
1902-04-25,49.536000
1902-04-26,49.543300
1902-04-28,49.308900
1902-04-29,49.352900
1902-04-30,49.089100
1902-05-01,49.162400
1902-05-02,48.268700
1902-05-03,48.532400
1902-05-05,48.393200
1902-05-06,49.089100
1902-05-07,48.613000
1902-05-08,48.832700
1902-05-09,48.642300
1902-05-10,48.312600
1902-05-12,47.990300
1902-05-13,48.276000
1902-05-14,48.312600
1902-05-15,48.393200
1902-05-16,47.873100
1902-05-17,47.506800
1902-05-19,47.418900
1902-05-20,47.858400
1902-05-21,48.246700
1902-05-22,48.261300
1902-05-23,48.671600
1902-05-24,48.950000
1902-05-26,48.686200
1902-05-27,48.532400
1902-05-28,48.503100
1902-05-29,48.656900
1902-06-02,48.539700
1902-06-03,48.473800
1902-06-04,48.319900
1902-06-05,47.851100
1902-06-06,47.953700
1902-06-07,47.975600
1902-06-09,48.114800
1902-06-10,48.429800
1902-06-11,48.495800
1902-06-12,48.305300
1902-06-13,48.305300
1902-06-14,48.385900
1902-06-16,48.276000
1902-06-17,48.268700
1902-06-18,47.931700
1902-06-19,47.550800
1902-06-20,47.440900
1902-06-21,47.455500
1902-06-23,47.030600
1902-06-24,46.642400
1902-06-25,46.752300
1902-06-26,46.913400
1902-06-27,46.686300
1902-06-28,46.788900
1902-06-30,47.111200
1902-07-01,47.067300
1902-07-02,47.440900
1902-07-03,47.536100
1902-07-07,47.682600
1902-07-08,47.257700
1902-07-09,47.081900
1902-07-10,47.360300
1902-07-11,47.250400
1902-07-12,47.213800
1902-07-14,47.353000
1902-07-15,47.462800
1902-07-16,48.019600
1902-07-17,48.276000
1902-07-18,48.371200
1902-07-19,48.378600
1902-07-21,48.356600
1902-07-22,48.671600
1902-07-23,48.715500
1902-07-24,48.620300
1902-07-25,48.781500
1902-07-26,48.781500
1902-07-28,49.286900
1902-07-29,48.722900
1902-07-30,48.759500
1902-07-31,48.217400
1902-08-01,48.283300
1902-08-02,48.224700
1902-08-04,48.319900
1902-08-05,48.437200
1902-08-06,48.693600
1902-08-07,48.730200
1902-08-08,48.737500
1902-08-11,48.488400
1902-08-12,48.400500
1902-08-13,48.700900
1902-08-14,48.920600
1902-08-15,48.781500
1902-08-16,48.715500
1902-08-18,48.627600
1902-08-19,48.686200
1902-08-20,48.554400
1902-08-21,47.858400
1902-08-22,48.202700
1902-08-23,48.202700
1902-08-25,48.254000
1902-08-26,48.195400
1902-08-27,48.488400
1902-08-28,48.554400
1902-08-29,48.554400
1902-09-02,48.752200
1902-09-03,48.818100
1902-09-04,48.788800
1902-09-05,48.935300
1902-09-06,48.759500
1902-09-08,49.169700
1902-09-09,49.103800
1902-09-10,49.001200
1902-09-11,48.840100
1902-09-12,48.385900
1902-09-13,48.569000
1902-09-15,48.429800
1902-09-16,48.642300
1902-09-17,49.001200
1902-09-18,49.265000
1902-09-19,49.645900
1902-09-20,49.374800
1902-09-22,49.015900
1902-09-23,47.946300
1902-09-24,47.924400
1902-09-25,48.210100
1902-09-26,48.598300
1902-09-27,48.554400
1902-09-29,46.935400
1902-09-30,48.459100
1902-10-01,48.678900
1902-10-02,48.671600
1902-10-03,48.774100
1902-10-04,48.136800
1902-10-06,47.038000
1902-10-07,46.766900
1902-10-08,47.089200
1902-10-09,47.660600
1902-10-10,47.440900
1902-10-11,46.766900
1902-10-13,47.008700
1902-10-14,47.631300
1902-10-15,47.887700
1902-10-16,48.422500
1902-10-17,48.766800
1902-10-18,48.715500
1902-10-20,48.774100
1902-10-21,48.210100
1902-10-22,48.268700
1902-10-23,48.188100
1902-10-24,47.887700
1902-10-25,48.671600
1902-10-27,48.393200
1902-10-28,48.290600
1902-10-29,47.711900
1902-10-30,47.931700
1902-10-31,48.393200
1902-11-01,48.202700
1902-11-03,48.019600
1902-11-05,47.287000
1902-11-06,47.155200
1902-11-07,47.023300
1902-11-08,46.078300
1902-11-10,45.675400
1902-11-11,44.657100
1902-11-12,45.133300
1902-11-13,45.279800
1902-11-14,44.408100
1902-11-15,45.126000
1902-11-17,45.558200
1902-11-18,45.133300
1902-11-19,45.191900
1902-11-20,45.448300
1902-11-21,46.107600
1902-11-22,46.056300
1902-11-24,45.997700
1902-11-25,45.528900
1902-11-26,44.986800
1902-11-28,45.521600
1902-11-29,45.455600
1902-12-01,45.807300
1902-12-02,45.580200
1902-12-03,45.419000
1902-12-04,45.345700
1902-12-05,45.243200
1902-12-06,45.221200
1902-12-08,45.521600
1902-12-09,45.558200
1902-12-10,44.474000
1902-12-11,43.931900
1902-12-12,44.093000
1902-12-13,43.844000
1902-12-15,43.638900
1902-12-16,43.741400
1902-12-17,44.027100
1902-12-18,44.818300
1902-12-19,44.950200
1902-12-20,45.323800
1902-12-22,45.909800
1902-12-23,45.419000
1902-12-24,45.865900
1902-12-26,46.305400
1902-12-27,46.657000
1902-12-29,46.371300
1902-12-30,46.854800
1902-12-31,47.096600
1903-01-02,47.323700
1903-01-03,47.360300
1903-01-05,47.895100
1903-01-06,48.261300
1903-01-07,48.151500
1903-01-08,48.591000
1903-01-09,48.503100
1903-01-10,48.239400
1903-01-12,48.092900
1903-01-13,47.602000
1903-01-14,47.536100
1903-01-15,47.250400
1903-01-16,47.470200
1903-01-17,47.668000
1903-01-19,47.265100
1903-01-20,47.023300
1903-01-21,47.616700
1903-01-22,47.492100
1903-01-23,47.103900
1903-01-24,47.111200
1903-01-26,47.543400
1903-01-27,47.880400
1903-01-28,47.887700
1903-01-29,48.019600
1903-01-30,47.587400
1903-01-31,47.748500
1903-02-02,48.004900
1903-02-03,48.393200
1903-02-04,48.642300
1903-02-05,48.752200
1903-02-06,48.627600
1903-02-07,48.693600
1903-02-09,49.155100
1903-02-10,49.243000
1903-02-11,49.221000
1903-02-13,49.030500
1903-02-14,49.118400
1903-02-16,49.594600
1903-02-17,49.587300
1903-02-18,49.316200
1903-02-19,48.854700
1903-02-20,49.272300
1903-02-24,49.396800
1903-02-25,49.147700
1903-02-26,48.730200
1903-02-27,48.466500
1903-02-28,48.488400
1903-03-02,48.356600
1903-03-03,48.114800
1903-03-04,48.210100
1903-03-05,47.396900
1903-03-06,47.484800
1903-03-07,46.979400
1903-03-09,47.191800
1903-03-10,46.810900
1903-03-11,47.089200
1903-03-12,46.825500
1903-03-13,46.964700
1903-03-14,47.111200
1903-03-16,47.023300
1903-03-17,47.257700
1903-03-18,47.514100
1903-03-19,47.909700
1903-03-20,48.166100
1903-03-21,48.122200
1903-03-23,47.902400
1903-03-24,47.199100
1903-03-25,46.854800
1903-03-26,46.994000
1903-03-27,46.481200
1903-03-28,46.473900
1903-03-30,46.049000
1903-03-31,46.620400
1903-04-01,46.495900
1903-04-02,45.880500
1903-04-03,45.821900
1903-04-04,45.624100
1903-04-06,45.712000
1903-04-07,45.484900
1903-04-08,45.624100
1903-04-09,45.653400
1903-04-13,44.532600
1903-04-14,45.506900
1903-04-15,45.521600
1903-04-16,46.056300
1903-04-17,46.766900
1903-04-18,46.986700
1903-04-20,47.199100
1903-04-21,47.294400
1903-04-23,47.038000
1903-04-24,46.935400
1903-04-25,46.730300
1903-04-27,46.503200
1903-04-28,46.715600
1903-04-29,46.950100
1903-04-30,46.723000
1903-05-01,46.766900
1903-05-02,46.781600
1903-05-04,46.928100
1903-05-05,46.891400
1903-05-06,46.803500
1903-05-07,46.554500
1903-05-08,46.664400
1903-05-09,46.554500
1903-05-11,46.708300
1903-05-12,46.517800
1903-05-13,46.613100
1903-05-14,46.261400
1903-05-15,46.158900
1903-05-16,45.924500
1903-05-18,45.506900
1903-05-19,45.624100
1903-05-20,44.869600
1903-05-21,45.382400
1903-05-22,45.829200
1903-05-23,44.979500
1903-05-25,44.444700
1903-05-26,45.074700
1903-05-27,44.803600
1903-05-28,44.334800
1903-05-29,44.151700
1903-06-01,43.653500
1903-06-02,43.858600
1903-06-03,43.880600
1903-06-04,43.118700
1903-06-05,42.877000
1903-06-06,42.855000
1903-06-08,42.466800
1903-06-09,42.027200
1903-06-10,41.595000
1903-06-11,42.693900
1903-06-12,43.499700
1903-06-13,43.177300
1903-06-15,42.305600
1903-06-16,42.371500
1903-06-17,42.159100
1903-06-18,41.675600
1903-06-19,42.107800
1903-06-20,41.844100
1903-06-22,41.499800
1903-06-23,42.203000
1903-06-24,42.195700
1903-06-25,41.983300
1903-06-26,41.954000
1903-06-27,42.225000
1903-06-29,43.052800
1903-06-30,43.279900
1903-07-01,43.082100
1903-07-02,42.547300
1903-07-03,42.642600
1903-07-06,42.547300
1903-07-07,42.371500
1903-07-08,42.452100
1903-07-09,41.734200
1903-07-10,41.470500
1903-07-11,40.943000
1903-07-13,41.111500
1903-07-14,40.232400
1903-07-15,39.829500
1903-07-16,39.631700
1903-07-17,40.093200
1903-07-18,39.631700
1903-07-20,38.650100
1903-07-21,37.690400
1903-07-22,38.100700
1903-07-23,37.236200
1903-07-24,36.511000
1903-07-25,35.954300
1903-07-27,36.708800
1903-07-28,37.741700
1903-07-29,37.375400
1903-07-30,37.155700
1903-07-31,37.185000
1903-08-01,37.177600
1903-08-03,37.045800
1903-08-04,36.056800
1903-08-05,35.148400
1903-08-06,36.159400
1903-08-07,35.631900
1903-08-08,34.708900
1903-08-10,35.207000
1903-08-11,35.653900
1903-08-12,36.855300
1903-08-13,37.624500
1903-08-14,38.679400
1903-08-15,38.803900
1903-08-17,39.470600
1903-08-18,39.272800
1903-08-19,37.675800
1903-08-20,37.917500
1903-08-21,37.690400
1903-08-22,37.822300
1903-08-24,37.624500
1903-08-25,38.291100
1903-08-26,38.327800
1903-08-27,38.371700
1903-08-28,38.840600
1903-08-29,38.950400
1903-08-31,38.965100
1903-09-01,38.642800
1903-09-02,38.532900
1903-09-03,37.983500
1903-09-04,38.042100
1903-09-08,37.749000
1903-09-09,37.646500
1903-09-10,37.360800
1903-09-11,37.309500
1903-09-12,37.214300
1903-09-14,36.745400
1903-09-15,36.848000
1903-09-16,36.496400
1903-09-17,36.218000
1903-09-18,35.697900
1903-09-19,35.529400
1903-09-21,35.492700
1903-09-22,35.478100
1903-09-23,34.979900
1903-09-24,34.152200
1903-09-25,34.166800
1903-09-26,33.837100
1903-09-28,33.031300
1903-09-29,34.188800
1903-09-30,33.551400
1903-10-01,34.474500
1903-10-02,34.884700
1903-10-03,34.818800
1903-10-05,34.467200
1903-10-06,34.599000
1903-10-07,34.401200
1903-10-08,33.339000
1903-10-09,33.214500
1903-10-10,32.753000
1903-10-12,31.991100
1903-10-13,31.646800
1903-10-14,31.075400
1903-10-15,30.950800
1903-10-16,32.533200
1903-10-17,33.016700
1903-10-19,31.639500
1903-10-20,32.782300
1903-10-21,33.038700
1903-10-22,32.796900
1903-10-23,32.665000
1903-10-24,32.584500
1903-10-26,33.207100
1903-10-27,33.265700
1903-10-28,33.302400
1903-10-29,33.119200
1903-10-30,32.833500
1903-10-31,33.060600
1903-11-02,33.302400
1903-11-04,32.892100
1903-11-05,31.939800
1903-11-06,32.188900
1903-11-07,32.020400
1903-11-09,30.877600
1903-11-10,31.749300
1903-11-11,31.375700
1903-11-12,31.449000
1903-11-13,31.800600
1903-11-14,31.595500
1903-11-16,31.764000
1903-11-17,31.866600
1903-11-18,32.379300
1903-11-19,32.621100
1903-11-20,32.372000
1903-11-21,32.342700
1903-11-23,32.635700
1903-11-24,31.969100
1903-11-25,32.166900
1903-11-27,32.416000
1903-11-28,32.335400
1903-11-30,32.474600
1903-12-01,32.489200
1903-12-02,33.331700
1903-12-03,33.866500
1903-12-04,34.064200
1903-12-05,33.741900
1903-12-07,34.723600
1903-12-08,34.679600
1903-12-09,34.679600
1903-12-10,33.954400
1903-12-11,33.785900
1903-12-12,33.719900
1903-12-14,34.210800
1903-12-15,34.306000
1903-12-16,34.328000
1903-12-17,34.210800
1903-12-18,34.547700
1903-12-19,34.672300
1903-12-21,34.393900
1903-12-22,34.159500
1903-12-23,34.833400
1903-12-24,34.979900
1903-12-28,35.631900
1903-12-29,36.152100
1903-12-30,35.939600
1903-12-31,35.976200
1904-01-02,34.708900
1904-01-04,34.994600
1904-01-05,35.229000
1904-01-06,34.481800
1904-01-07,34.547700
1904-01-08,35.104500
1904-01-09,35.177700
1904-01-11,35.031200
1904-01-12,34.892000
1904-01-13,34.994600
1904-01-14,35.053200
1904-01-15,35.141100
1904-01-16,35.221700
1904-01-18,35.763800
1904-01-19,35.639300
1904-01-20,35.588000
1904-01-21,36.174000
1904-01-22,36.584300
1904-01-23,36.562300
1904-01-25,36.342500
1904-01-26,36.760100
1904-01-27,36.994500
1904-01-28,36.203300
1904-01-29,35.976200
1904-01-30,35.829700
1904-02-01,35.917600
1904-02-02,35.668600
1904-02-03,35.456100
1904-02-04,35.419500
1904-02-05,35.067900
1904-02-06,34.906700
1904-02-08,35.236300
1904-02-09,34.415900
1904-02-10,34.987300
1904-02-11,35.280300
1904-02-13,35.243700
1904-02-15,35.793100
1904-02-16,35.448800
1904-02-17,35.280300
1904-02-18,35.089800
1904-02-19,34.804100
1904-02-20,34.657600
1904-02-23,34.328000
1904-02-24,34.218100
1904-02-25,34.774800
1904-02-26,34.533100
1904-02-27,34.489100
1904-02-29,34.818800
1904-03-01,35.060500
1904-03-02,35.067900
1904-03-03,35.163100
1904-03-04,35.089800
1904-03-05,34.635600
1904-03-07,34.562400
1904-03-08,34.958000
1904-03-09,34.459800
1904-03-10,34.379200
1904-03-11,34.034900
1904-03-12,33.998300
1904-03-14,34.064200
1904-03-15,34.965300
1904-03-16,34.994600
1904-03-17,35.382900
1904-03-18,35.097200
1904-03-19,35.719800
1904-03-21,35.353600
1904-03-22,35.529400
1904-03-23,35.617300
1904-03-24,35.280300
1904-03-25,35.273000
1904-03-26,35.316900
1904-03-28,35.661200
1904-03-29,35.602600
1904-03-30,35.727200
1904-03-31,35.983600
1904-04-02,35.954300
1904-04-04,35.661200
1904-04-05,35.815100
1904-04-06,36.115400
1904-04-07,36.613600
1904-04-08,36.327900
1904-04-09,36.371800
1904-04-11,36.613600
1904-04-12,36.320500
1904-04-13,36.430400
1904-04-14,36.196000
1904-04-15,36.152100
1904-04-16,36.174000
1904-04-18,36.137400
1904-04-19,35.837000
1904-04-20,35.617300
1904-04-21,35.968900
1904-04-22,35.961600
1904-04-23,35.983600
1904-04-25,35.639300
1904-04-26,35.756500
1904-04-27,35.859000
1904-04-28,35.793100
1904-04-29,35.822400
1904-04-30,35.749100
1904-05-02,35.470800
1904-05-03,35.404800
1904-05-04,35.602600
1904-05-05,35.573300
1904-05-06,35.683200
1904-05-07,35.595300
1904-05-09,35.683200
1904-05-10,35.470800
1904-05-11,35.382900
1904-05-12,35.111800
1904-05-13,34.958000
1904-05-14,34.958000
1904-05-16,34.840800
1904-05-17,34.921300
1904-05-18,34.745500
1904-05-19,34.760200
1904-05-20,34.818800
1904-05-21,35.207000
1904-05-23,35.551300
1904-05-24,35.170400
1904-05-25,35.265600
1904-05-26,35.331600
1904-05-27,35.353600
1904-05-31,35.295000
1904-06-01,35.353600
1904-06-02,35.236300
1904-06-03,35.287600
1904-06-04,35.287600
1904-06-06,35.221700
1904-06-07,35.360900
1904-06-08,35.602600
1904-06-09,35.646600
1904-06-10,35.939600
1904-06-11,35.983600
1904-06-13,35.807700
1904-06-14,35.932300
1904-06-15,35.793100
1904-06-16,35.771100
1904-06-17,35.697900
1904-06-18,35.815100
1904-06-20,35.873700
1904-06-21,35.917600
1904-06-22,36.232600
1904-06-23,36.240000
1904-06-24,36.130100
1904-06-25,35.983600
1904-06-27,36.108100
1904-06-28,35.983600
1904-06-29,35.954300
1904-06-30,36.078800
1904-07-01,36.122700
1904-07-05,36.349800
1904-07-06,36.694100
1904-07-07,36.598900
1904-07-08,36.950500
1904-07-09,37.243600
1904-07-11,37.119000
1904-07-12,37.631800
1904-07-13,37.895600
1904-07-14,37.998100
1904-07-15,38.137300
1904-07-16,38.459600
1904-07-18,38.459600
1904-07-19,38.796600
1904-07-20,38.679400
1904-07-21,38.437700
1904-07-22,38.569500
1904-07-23,38.928500
1904-07-25,38.811300
1904-07-26,38.291100
1904-07-27,38.408400
1904-07-28,38.379000
1904-07-29,38.181300
1904-07-30,38.188600
1904-08-01,38.628100
1904-08-02,38.591500
1904-08-03,38.642800
1904-08-04,38.606100
1904-08-05,38.716000
1904-08-06,38.752700
1904-08-08,38.628100
1904-08-09,38.847900
1904-08-10,38.921100
1904-08-11,39.031000
1904-08-12,39.111600
1904-08-13,39.580500
1904-08-15,39.543800
1904-08-16,39.221500
1904-08-17,39.617100
1904-08-18,39.741600
1904-08-19,39.382700
1904-08-20,39.082300
1904-08-22,38.921100
1904-08-23,39.492500
1904-08-24,39.653700
1904-08-25,39.858800
1904-08-26,39.880800
1904-08-27,39.902800
1904-08-29,40.005300
1904-08-30,39.880800
1904-08-31,39.976000
1904-09-01,40.247100
1904-09-02,40.400900
1904-09-06,40.569400
1904-09-07,40.789200
1904-09-08,40.979700
1904-09-09,41.419200
1904-09-10,42.071200
1904-09-12,41.360600
1904-09-13,41.258000
1904-09-14,41.829400
1904-09-15,41.507100
1904-09-16,41.895400
1904-09-17,41.448500
1904-09-19,41.426500
1904-09-20,40.781900
1904-09-21,41.023600
1904-09-22,40.818500
1904-09-23,41.250700
1904-09-24,41.389900
1904-09-26,41.690200
1904-09-27,41.858700
1904-09-28,42.078500
1904-09-29,41.836800
1904-09-30,42.188400
1904-10-01,42.525400
1904-10-03,42.964900
1904-10-04,42.686500
1904-10-05,42.620600
1904-10-06,42.188400
1904-10-07,42.459400
1904-10-08,42.649900
1904-10-10,43.038200
1904-10-11,43.243300
1904-10-12,43.389800
1904-10-13,44.071100
1904-10-14,44.994100
1904-10-15,45.470300
1904-10-17,45.462900
1904-10-18,45.536200
1904-10-19,45.213900
1904-10-20,45.506900
1904-10-21,45.675400
1904-10-22,46.129600
1904-10-24,46.276100
1904-10-25,45.917100
1904-10-26,45.880500
1904-10-27,45.397000
1904-10-28,46.437300
1904-10-29,47.279700
1904-10-31,46.173500
1904-11-01,46.679000
1904-11-02,47.440900
1904-11-03,47.521500
1904-11-04,47.843800
1904-11-05,47.799800
1904-11-07,48.503100
1904-11-09,49.133100
1904-11-10,49.506700
1904-11-11,49.836400
1904-11-12,49.953600
1904-11-14,50.385800
1904-11-15,50.671500
1904-11-16,50.627500
1904-11-17,51.338100
1904-11-18,51.052400
1904-11-19,51.286800
1904-11-21,51.733700
1904-11-22,51.133000
1904-11-23,51.198900
1904-11-25,51.887500
1904-11-26,52.422300
1904-11-28,53.008400
1904-11-29,53.001000
1904-11-30,52.759300
1904-12-01,52.781300
1904-12-02,53.081600
1904-12-03,53.374600
1904-12-05,53.645700
1904-12-06,53.162200
1904-12-07,50.525000
1904-12-08,49.814400
1904-12-09,50.708100
1904-12-10,51.286800
1904-12-12,48.180800
1904-12-13,48.656900
1904-12-14,48.473800
1904-12-15,48.803400
1904-12-16,50.349100
1904-12-17,50.158700
1904-12-19,50.166000
1904-12-20,50.612900
1904-12-21,50.092800
1904-12-22,49.719100
1904-12-23,50.158700
1904-12-27,50.642200
1904-12-28,51.426000
1904-12-29,52.063400
1904-12-30,51.316100
1904-12-31,50.993800
1905-01-03,51.565200
1905-01-04,51.440700
1905-01-05,51.448000
1905-01-06,50.883900
1905-01-07,50.715400
1905-01-09,50.927900
1905-01-10,51.352800
1905-01-11,51.301500
1905-01-12,50.993800
1905-01-13,51.506600
1905-01-14,51.792300
1905-01-16,51.968100
1905-01-17,51.770300
1905-01-18,51.997400
1905-01-19,51.770300
1905-01-20,51.741000
1905-01-21,51.382100
1905-01-23,50.876600
1905-01-24,50.832600
1905-01-25,50.371100
1905-01-26,51.330800
1905-01-27,51.594500
1905-01-28,51.880200
1905-01-30,51.843600
1905-01-31,52.253800
1905-02-01,51.946100
1905-02-02,52.151300
1905-02-03,52.356400
1905-02-04,52.400300
1905-02-06,52.598100
1905-02-07,53.206200
1905-02-08,53.140200
1905-02-09,52.935100
1905-02-10,53.675000
1905-02-11,53.726300
1905-02-14,53.828800
1905-02-15,53.894800
1905-02-16,53.938700
1905-02-17,54.151200
1905-02-18,54.378300
1905-02-20,54.898400
1905-02-21,55.315900
1905-02-23,55.191400
1905-02-24,55.755500
1905-02-25,55.792100
1905-02-27,55.491800
1905-02-28,55.052200
1905-03-01,55.718800
1905-03-02,56.268300
1905-03-03,55.616300
1905-03-04,55.777500
1905-03-06,55.916600
1905-03-07,55.689500
1905-03-08,55.887300
1905-03-09,56.671200
1905-03-10,57.052100
1905-03-11,56.934900
1905-03-13,57.301200
1905-03-14,57.264600
1905-03-15,57.059400
1905-03-16,57.000800
1905-03-17,56.539300
1905-03-18,56.605200
1905-03-20,57.154700
1905-03-21,56.781100
1905-03-22,55.997200
1905-03-23,56.715100
1905-03-24,58.070400
1905-03-25,57.792000
1905-03-27,57.564900
1905-03-28,57.235300
1905-03-29,57.652800
1905-03-30,58.041100
1905-03-31,58.619800
1905-04-01,59.096000
1905-04-03,59.432900
1905-04-04,59.564800
1905-04-05,60.194800
1905-04-06,60.627000
1905-04-07,60.890800
1905-04-08,60.399900
1905-04-10,60.216800
1905-04-11,60.019000
1905-04-12,60.539100
1905-04-13,60.971300
1905-04-14,61.352300
1905-04-15,60.890800
1905-04-17,61.103200
1905-04-18,60.509800
1905-04-19,61.125200
1905-04-20,59.301100
1905-04-24,58.583200
1905-04-25,59.227800
1905-04-26,59.528200
1905-04-27,57.528300
1905-04-28,57.044800
1905-04-29,55.733500
1905-05-01,56.334200
1905-05-02,56.971500
1905-05-03,56.048500
1905-05-04,54.707900
1905-05-05,56.275600
1905-05-06,55.799400
1905-05-08,54.590700
1905-05-09,55.513700
1905-05-10,55.924000
1905-05-11,56.517300
1905-05-12,57.176600
1905-05-13,56.737100
1905-05-15,56.744400
1905-05-16,56.326900
1905-05-17,56.151100
1905-05-18,54.671300
1905-05-19,54.114500
1905-05-20,53.638400
1905-05-22,52.283100
1905-05-23,52.429600
1905-05-24,54.026600
1905-05-25,53.411300
1905-05-26,53.484500
1905-05-27,53.411300
1905-05-29,54.297700
1905-05-31,54.444200
1905-06-01,53.601700
1905-06-02,53.704300
1905-06-03,53.792200
1905-06-05,53.850800
1905-06-06,53.132900
1905-06-07,53.433200
1905-06-08,53.513800
1905-06-09,53.675000
1905-06-10,54.707900
1905-06-12,54.656600
1905-06-13,54.173100
1905-06-14,54.290300
1905-06-15,54.033900
1905-06-16,54.180500
1905-06-17,53.740900
1905-06-19,53.975300
1905-06-20,54.524800
1905-06-21,55.081500
1905-06-22,55.455100
1905-06-23,55.513700
1905-06-24,55.447800
1905-06-26,56.737100
1905-06-27,56.737100
1905-06-28,56.978900
1905-06-29,56.546600
1905-06-30,56.312200
1905-07-01,56.759100
1905-07-03,57.652800
1905-07-05,57.616200
1905-07-06,58.114300
1905-07-07,58.268200
1905-07-08,58.216900
1905-07-10,58.216900
1905-07-11,57.154700
1905-07-12,57.938500
1905-07-13,57.821300
1905-07-14,57.550300
1905-07-15,57.638200
1905-07-17,57.945800
1905-07-18,57.945800
1905-07-19,58.063100
1905-07-20,58.312100
1905-07-21,58.092400
1905-07-22,57.176600
1905-07-24,57.645500
1905-07-25,57.403700
1905-07-26,57.623500
1905-07-27,58.070400
1905-07-28,58.942100
1905-07-29,59.074000
1905-07-31,59.850500
1905-08-01,59.594100
1905-08-02,59.564800
1905-08-03,59.799200
1905-08-04,59.997000
1905-08-05,59.887100
1905-08-07,60.216800
1905-08-08,59.997000
1905-08-09,59.945700
1905-08-10,60.092300
1905-08-11,60.216800
1905-08-12,60.077600
1905-08-14,60.158200
1905-08-15,60.326700
1905-08-16,60.399900
1905-08-17,60.605100
1905-08-18,60.092300
1905-08-19,60.172800
1905-08-21,60.260700
1905-08-22,60.143500
1905-08-23,60.671000
1905-08-24,60.517100
1905-08-25,60.341300
1905-08-26,60.517100
1905-08-28,60.231400
1905-08-29,60.649000
1905-08-30,60.106900
1905-08-31,59.066700
1905-09-01,58.356100
1905-09-02,58.392700
1905-09-05,59.139900
1905-09-06,57.814000
1905-09-07,57.579600
1905-09-08,58.444000
1905-09-09,57.887200
1905-09-11,57.916500
1905-09-12,58.700400
1905-09-13,58.187600
1905-09-14,58.685700
1905-09-15,58.986100
1905-09-16,59.418300
1905-09-18,59.616100
1905-09-19,59.169200
1905-09-20,59.667400
1905-09-21,59.901800
1905-09-22,60.004300
1905-09-23,59.909100
1905-09-25,59.374300
1905-09-26,59.557500
1905-09-27,59.432900
1905-09-28,59.279100
1905-09-29,59.623400
1905-09-30,59.997000
1905-10-02,60.194800
1905-10-03,60.524500
1905-10-04,60.348700
1905-10-05,60.641700
1905-10-06,60.473200
1905-10-07,60.084900
1905-10-09,59.813900
1905-10-10,60.084900
1905-10-11,59.213200
1905-10-12,59.308400
1905-10-13,59.733300
1905-10-14,59.682000
1905-10-16,59.689300
1905-10-17,59.652700
1905-10-18,59.308400
1905-10-19,59.638100
1905-10-20,60.268100
1905-10-21,60.678300
1905-10-23,60.700300
1905-10-24,60.685600
1905-10-25,60.553800
1905-10-26,60.128900
1905-10-27,60.048300
1905-10-28,59.711300
1905-10-30,60.312000
1905-10-31,61.366900
1905-11-01,61.638000
1905-11-02,61.476800
1905-11-03,61.374200
1905-11-04,60.751600
1905-11-06,61.037300
1905-11-08,60.194800
1905-11-09,59.748000
1905-11-10,60.487800
1905-11-11,60.253400
1905-11-13,59.213200
1905-11-14,59.828500
1905-11-15,60.634400
1905-11-16,60.414600
1905-11-17,61.674600
1905-11-18,61.923700
1905-11-20,62.429100
1905-11-21,62.883300
1905-11-22,63.081100
1905-11-23,62.949300
1905-11-24,62.861300
1905-11-25,63.689100
1905-11-27,65.513200
1905-11-28,65.762300
1905-11-29,65.850200
1905-12-01,65.652400
1905-12-02,65.564500
1905-12-04,65.608500
1905-12-05,66.531500
1905-12-06,66.597400
1905-12-07,67.667000
1905-12-08,68.275000
1905-12-09,68.011300
1905-12-11,68.560700
1905-12-12,69.688800
1905-12-13,70.091800
1905-12-14,69.937900
1905-12-15,70.362800
1905-12-16,70.392100
1905-12-18,70.113700
1905-12-19,70.062500
1905-12-20,69.307900
1905-12-21,69.007600
1905-12-22,69.176100
1905-12-23,69.630200
1905-12-26,70.209000
1905-12-27,68.890400
1905-12-28,69.864700
1905-12-29,70.736400
1905-12-30,70.472700
1906-01-02,69.593600
1906-01-03,70.055100
1906-01-04,69.183400
1906-01-05,70.392100
1906-01-06,71.124700
1906-01-08,71.813300
1906-01-09,71.681400
1906-01-10,71.857200
1906-01-11,72.567800
1906-01-12,73.439600
1906-01-13,73.102600
1906-01-15,73.842500
1906-01-16,73.849800
1906-01-17,74.479800
1906-01-18,74.912000
1906-01-19,75.454100
1906-01-20,75.249000
1906-01-22,74.992600
1906-01-23,75.087800
1906-01-24,75.109800
1906-01-25,75.205100
1906-01-26,75.380900
1906-01-27,74.619000
1906-01-29,72.758300
1906-01-30,72.018400
1906-01-31,73.761900
1906-02-01,74.391900
1906-02-02,74.509100
1906-02-03,73.087900
1906-02-05,73.293100
1906-02-06,73.542100
1906-02-07,72.963400
1906-02-08,72.890200
1906-02-09,73.205200
1906-02-10,73.080600
1906-02-13,73.315000
1906-02-14,72.721700
1906-02-15,71.703400
1906-02-16,71.285800
1906-02-17,70.699800
1906-02-19,71.285800
1906-02-20,71.110000
1906-02-21,70.509300
1906-02-23,70.882900
1906-02-24,70.963500
1906-02-26,71.337100
1906-02-27,70.648500
1906-02-28,68.817100
1906-03-01,68.736500
1906-03-02,68.758500
1906-03-03,68.751200
1906-03-05,68.055200
1906-03-06,68.861100
1906-03-07,68.927000
1906-03-08,69.366500
1906-03-09,70.641200
1906-03-10,70.567900
1906-03-12,70.619200
1906-03-13,71.029400
1906-03-14,70.648500
1906-03-15,70.172300
1906-03-16,69.835400
1906-03-17,69.666900
1906-03-19,68.165100
1906-03-20,69.117400
1906-03-21,69.139400
1906-03-22,69.564300
1906-03-23,69.637600
1906-03-24,69.425100
1906-03-26,70.509300
1906-03-27,70.194300
1906-03-28,70.795000
1906-03-29,70.641200
1906-03-30,70.765700
1906-03-31,71.022100
1906-04-02,71.674100
1906-04-03,71.930500
1906-04-04,71.410400
1906-04-05,71.058700
1906-04-06,71.124700
1906-04-07,70.736400
1906-04-09,70.274900
1906-04-10,69.630200
1906-04-11,70.648500
1906-04-12,70.340800
1906-04-13,70.699800
1906-04-14,71.073400
1906-04-16,71.066100
1906-04-17,70.941500
1906-04-18,70.084400
1906-04-19,69.029500
1906-04-20,69.806100
1906-04-21,69.776800
1906-04-23,68.465500
1906-04-24,68.568000
1906-04-25,68.143100
1906-04-26,67.718300
1906-04-27,65.872200
1906-04-28,64.978500
1906-04-30,66.319100
1906-05-01,64.487600
1906-05-02,63.850300
1906-05-03,63.330200
1906-05-04,65.256800
1906-05-05,65.747700
1906-05-07,66.502200
1906-05-08,67.454500
1906-05-09,68.025900
1906-05-10,68.282300
1906-05-11,68.428800
1906-05-12,68.223700
1906-05-14,67.982000
1906-05-15,68.172400
1906-05-16,68.692600
1906-05-17,68.165100
1906-05-18,67.945300
1906-05-19,67.894100
1906-05-21,67.542400
1906-05-22,67.505800
1906-05-23,67.513100
1906-05-24,67.952700
1906-05-25,68.436200
1906-05-26,68.238400
1906-05-28,68.340900
1906-05-29,68.634000
1906-05-31,68.677900
1906-06-01,68.868400
1906-06-02,69.139400
1906-06-04,69.732800
1906-06-05,69.622900
1906-06-06,69.747500
1906-06-07,69.681500
1906-06-08,69.227300
1906-06-09,68.853700
1906-06-11,69.139400
1906-06-12,68.934300
1906-06-13,68.590000
1906-06-14,68.062600
1906-06-15,67.579100
1906-06-16,66.678000
1906-06-18,66.414300
1906-06-19,66.978400
1906-06-20,67.395900
1906-06-21,66.333700
1906-06-22,66.626700
1906-06-23,65.820900
1906-06-25,65.212900
1906-06-26,65.476600
1906-06-27,64.253200
1906-06-28,64.978500
1906-06-29,63.945500
1906-06-30,63.740400
1906-07-02,63.088400
1906-07-03,63.469400
1906-07-05,63.425400
1906-07-06,64.311800
1906-07-07,64.443700
1906-07-09,64.370400
1906-07-10,63.923600
1906-07-11,63.271600
1906-07-12,62.780800
1906-07-13,62.399800
1906-07-14,62.561000
1906-07-16,63.330200
1906-07-17,63.667200
1906-07-18,63.396100
1906-07-19,63.886900
1906-07-20,64.553600
1906-07-21,64.839300
1906-07-23,64.897900
1906-07-24,64.553600
1906-07-25,65.630400
1906-07-26,65.952800
1906-07-27,66.963700
1906-07-28,67.249400
1906-07-30,67.190800
1906-07-31,67.696300
1906-08-01,68.655900
1906-08-02,68.399500
1906-08-03,67.718300
1906-08-04,67.154200
1906-08-06,68.018600
1906-08-07,68.106500
1906-08-08,67.469200
1906-08-09,67.176200
1906-08-10,67.337300
1906-08-11,67.417900
1906-08-13,67.784200
1906-08-14,67.908700
1906-08-15,68.084500
1906-08-16,67.828100
1906-08-17,68.406900
1906-08-18,69.842700
1906-08-20,70.296900
1906-08-21,70.033200
1906-08-22,69.659500
1906-08-23,69.857300
1906-08-24,70.377500
1906-08-25,70.384800
1906-08-27,69.732800
1906-08-28,68.868400
1906-08-29,69.513000
1906-08-30,69.088100
1906-08-31,68.868400
1906-09-01,69.168700
1906-09-04,68.355600
1906-09-05,68.692600
1906-09-06,69.322600
1906-09-07,69.022200
1906-09-08,69.227300
1906-09-10,69.264000
1906-09-11,68.516700
1906-09-12,69.872000
1906-09-13,69.791400
1906-09-14,70.245600
1906-09-15,69.981900
1906-09-17,70.055100
1906-09-18,70.209000
1906-09-19,69.937900
1906-09-20,70.377500
1906-09-21,70.326200
1906-09-22,69.959900
1906-09-24,70.267600
1906-09-25,69.359200
1906-09-26,69.461800
1906-09-27,69.425100
1906-09-28,69.579000
1906-09-29,69.476400
1906-10-01,70.157700
1906-10-02,69.901300
1906-10-03,69.754800
1906-10-04,69.344500
1906-10-05,69.945200
1906-10-06,70.238300
1906-10-08,70.714400
1906-10-09,70.875600
1906-10-10,70.699800
1906-10-11,70.802300
1906-10-12,70.751100
1906-10-13,70.355500
1906-10-15,70.165000
1906-10-16,70.428700
1906-10-17,70.165000
1906-10-18,70.069800
1906-10-19,69.425100
1906-10-20,67.952700
1906-10-22,69.285900
1906-10-23,69.205400
1906-10-24,68.751200
1906-10-25,68.216400
1906-10-26,68.245700
1906-10-27,68.472800
1906-10-29,68.751200
1906-10-30,68.626600
1906-10-31,68.062600
1906-11-01,68.714500
1906-11-02,69.066200
1906-11-03,68.985600
1906-11-05,69.300600
1906-11-07,68.809800
1906-11-08,68.553400
1906-11-09,68.399500
1906-11-10,68.362900
1906-11-12,67.674300
1906-11-13,68.172400
1906-11-14,68.868400
1906-11-15,69.044200
1906-11-16,69.417800
1906-11-17,69.740100
1906-11-19,69.535000
1906-11-20,69.622900
1906-11-21,69.828000
1906-11-22,69.776800
1906-11-23,69.835400
1906-11-24,69.278600
1906-11-26,69.425100
1906-11-27,69.630200
1906-11-28,69.791400
1906-11-30,69.681500
1906-12-01,69.710800
1906-12-03,69.850000
1906-12-04,69.762100
1906-12-05,69.791400
1906-12-06,69.461800
1906-12-07,69.813400
1906-12-08,69.732800
1906-12-10,70.018500
1906-12-11,70.245600
1906-12-12,69.857300
1906-12-13,68.934300
1906-12-14,69.461800
1906-12-15,69.930600
1906-12-17,69.227300
1906-12-18,68.524100
1906-12-19,68.209100
1906-12-20,68.721900
1906-12-21,69.293300
1906-12-22,68.458100
1906-12-24,68.084500
1906-12-26,68.223700
1906-12-27,69.110100
1906-12-28,69.066200
1906-12-29,68.590000
1906-12-31,69.117400
1907-01-02,69.044200
1907-01-03,69.117400
1907-01-04,70.311500
1907-01-05,70.450700
1907-01-07,70.597200
1907-01-08,70.069800
1907-01-09,70.377500
1907-01-10,70.245600
1907-01-11,69.981900
1907-01-12,70.165000
1907-01-14,70.018500
1907-01-15,69.857300
1907-01-16,69.161400
1907-01-17,69.110100
1907-01-18,67.850100
1907-01-19,67.820800
1907-01-21,68.333600
1907-01-22,68.612000
1907-01-23,68.787800
1907-01-24,68.883000
1907-01-25,68.128500
1907-01-26,67.923400
1907-01-28,67.315300
1907-01-29,67.220100
1907-01-30,66.494900
1907-01-31,67.176200
1907-02-01,66.363000
1907-02-02,66.282400
1907-02-04,66.297100
1907-02-05,67.102900
1907-02-06,66.993000
1907-02-07,67.652300
1907-02-08,67.732900
1907-02-09,67.491200
1907-02-11,68.084500
1907-02-13,68.414200
1907-02-14,67.930700
1907-02-15,68.179800
1907-02-16,68.267700
1907-02-18,67.989300
1907-02-19,67.601000
1907-02-20,67.476500
1907-02-21,67.300700
1907-02-25,66.172500
1907-02-26,66.377700
1907-02-27,65.747700
1907-02-28,66.326400
1907-03-01,66.018700
1907-03-02,65.652400
1907-03-04,64.465700
1907-03-05,63.322900
1907-03-06,63.938200
1907-03-07,63.381500
1907-03-08,62.421800
1907-03-09,62.187400
1907-03-11,62.780800
1907-03-12,63.388800
1907-03-13,60.890800
1907-03-14,55.843400
1907-03-15,59.579500
1907-03-16,61.308300
1907-03-18,60.165500
1907-03-19,59.740600
1907-03-20,59.293800
1907-03-21,60.048300
1907-03-22,58.898200
1907-03-23,57.696800
1907-03-25,55.228000
1907-03-26,56.978900
1907-03-27,56.693200
1907-03-28,57.293900
1907-03-29,58.715000
1907-04-01,60.290000
1907-04-02,59.953100
1907-04-03,60.026300
1907-04-04,60.898100
1907-04-05,61.506100
1907-04-06,61.696600
1907-04-08,61.799100
1907-04-09,62.048200
1907-04-10,62.106800
1907-04-11,61.674600
1907-04-12,61.425500
1907-04-13,60.238800
1907-04-15,59.630700
1907-04-16,60.685600
1907-04-17,60.722300
1907-04-18,60.854100
1907-04-19,60.883400
1907-04-20,60.876100
1907-04-22,62.121500
1907-04-23,61.996900
1907-04-24,61.491500
1907-04-25,61.447500
1907-04-26,61.176500
1907-04-27,61.498800
1907-04-29,61.806500
1907-04-30,61.755200
1907-05-01,61.440200
1907-05-02,61.953000
1907-05-03,62.282600
1907-05-04,61.901700
1907-05-06,61.762500
1907-05-07,61.198400
1907-05-08,61.154500
1907-05-09,61.008000
1907-05-10,60.846800
1907-05-11,60.693000
1907-05-13,61.213100
1907-05-14,61.110500
1907-05-15,61.418200
1907-05-16,61.110500
1907-05-17,60.876100
1907-05-18,60.590400
1907-05-20,59.183900
1907-05-21,57.704100
1907-05-22,58.114300
1907-05-23,57.901900
1907-05-24,58.202200
1907-05-25,57.872600
1907-05-27,56.627200
1907-05-28,56.641900
1907-05-29,57.337800
1907-05-31,57.213300
1907-06-01,57.088700
1907-06-03,56.700500
1907-06-04,57.953200
1907-06-05,57.594200
1907-06-06,57.748000
1907-06-07,58.129000
1907-06-08,58.546500
1907-06-10,58.568500
1907-06-11,57.982500
1907-06-12,57.923900
1907-06-13,57.594200
1907-06-14,57.147300
1907-06-15,56.890900
1907-06-17,57.066800
1907-06-18,57.220600
1907-06-19,57.206000
1907-06-20,57.037500
1907-06-21,56.722500
1907-06-22,56.729800
1907-06-24,57.088700
1907-06-25,58.260800
1907-06-26,58.194900
1907-06-27,58.766300
1907-06-28,58.605200
1907-06-29,58.868900
1907-07-01,59.535500
1907-07-02,59.264500
1907-07-03,59.616100
1907-07-05,59.960400
1907-07-06,60.451200
1907-07-08,60.451200
1907-07-09,59.755300
1907-07-10,59.074000
1907-07-11,59.052000
1907-07-12,59.125300
1907-07-13,59.674700
1907-07-15,59.484200
1907-07-16,59.711300
1907-07-17,58.898200
1907-07-18,59.169200
1907-07-19,59.454900
1907-07-20,59.579500
1907-07-22,59.418300
1907-07-23,59.323100
1907-07-24,59.572100
1907-07-25,59.418300
1907-07-26,59.520900
1907-07-27,59.491600
1907-07-29,58.678400
1907-07-30,58.502600
1907-07-31,57.777400
1907-08-01,57.403700
1907-08-02,57.777400
1907-08-03,57.491700
1907-08-05,56.707800
1907-08-06,56.077800
1907-08-07,54.876400
1907-08-08,55.154800
1907-08-09,54.737200
1907-08-10,53.704300
1907-08-12,52.143900
1907-08-13,53.015700
1907-08-14,51.008500
1907-08-15,51.513900
1907-08-16,50.759400
1907-08-17,50.810700
1907-08-19,50.913200
1907-08-20,51.286800
1907-08-21,50.730100
1907-08-22,51.550600
1907-08-23,50.744700
1907-08-24,50.730100
1907-08-26,51.594500
1907-08-27,51.477300
1907-08-28,51.990100
1907-08-29,52.143900
1907-08-30,52.949800
1907-09-03,53.850800
1907-09-04,53.286700
1907-09-05,53.909400
1907-09-06,54.129200
1907-09-07,53.887400
1907-09-09,53.799500
1907-09-10,52.510200
1907-09-11,51.982800
1907-09-12,51.176900
1907-09-13,51.052400
1907-09-14,50.034100
1907-09-16,49.916900
1907-09-17,50.671500
1907-09-18,50.583600
1907-09-19,51.133000
1907-09-20,51.352800
1907-09-21,51.609200
1907-09-23,50.935200
1907-09-24,51.147600
1907-09-25,50.861900
1907-09-26,50.554300
1907-09-27,49.609300
1907-09-28,49.199000
1907-09-30,49.609300
1907-10-01,49.777700
1907-10-02,49.536000
1907-10-03,49.770400
1907-10-04,49.638600
1907-10-05,49.308900
1907-10-07,49.492000
1907-10-08,49.118400
1907-10-09,47.990300
1907-10-10,47.983000
1907-10-11,46.525200
1907-10-12,45.668100
1907-10-14,45.521600
1907-10-15,45.484900
1907-10-16,44.290800
1907-10-17,44.342100
1907-10-18,43.316500
1907-10-19,42.964900
1907-10-21,44.547200
1907-10-22,43.301900
1907-10-23,42.642600
1907-10-24,42.620600
1907-10-25,42.708500
1907-10-26,42.715800
1907-10-28,42.584000
1907-10-29,41.924700
1907-10-30,42.796400
1907-10-31,42.269000
1907-11-01,42.166400
1907-11-02,42.041900
1907-11-04,42.840400
1907-11-06,42.305600
1907-11-07,41.309300
1907-11-08,41.521700
1907-11-09,41.375200
1907-11-11,41.668300
1907-11-12,40.928400
1907-11-13,40.562100
1907-11-14,39.822200
1907-11-15,38.825900
1907-11-16,39.477900
1907-11-18,40.327700
1907-11-19,39.155600
1907-11-20,38.957800
1907-11-21,39.023700
1907-11-22,38.884500
1907-11-23,40.305700
1907-11-25,39.287400
1907-11-26,40.327700
1907-11-27,40.694000
1907-11-29,42.129800
1907-11-30,42.789100
1907-12-02,44.056400
1907-12-03,43.565600
1907-12-04,44.034400
1907-12-05,44.803600
1907-12-06,45.250500
1907-12-07,44.693800
1907-12-09,43.748700
1907-12-10,42.862300
1907-12-11,42.649900
1907-12-12,42.613300
1907-12-13,41.968600
1907-12-14,41.997900
1907-12-16,41.778100
1907-12-17,41.646300
1907-12-18,42.276300
1907-12-19,42.547300
1907-12-20,43.206600
1907-12-21,43.558300
1907-12-23,42.642600
1907-12-24,42.488700
1907-12-26,42.195700
1907-12-27,42.964900
1907-12-28,43.096800
1907-12-30,43.565600
1907-12-31,43.038200
1908-01-02,43.668200
1908-01-03,44.408100
1908-01-04,44.591200
1908-01-06,45.235900
1908-01-07,44.994100
1908-01-08,45.235900
1908-01-09,46.517800
1908-01-10,46.158900
1908-01-11,47.081900
1908-01-13,47.602000
1908-01-14,48.232000
1908-01-15,47.939000
1908-01-16,47.023300
1908-01-17,47.272400
1908-01-18,47.213800
1908-01-20,46.290700
1908-01-21,46.305400
1908-01-22,45.492200
1908-01-23,45.008800
1908-01-24,44.913500
1908-01-25,45.243200
1908-01-27,45.462900
1908-01-28,45.807300
1908-01-29,45.477600
1908-01-30,45.653400
1908-01-31,45.931800
1908-02-01,45.294500
1908-02-03,45.287100
1908-02-04,45.521600
1908-02-05,44.701100
1908-02-06,44.796300
1908-02-07,44.517900
1908-02-08,43.880600
1908-02-10,43.074800
1908-02-11,43.301900
1908-02-13,42.942900
1908-02-14,43.756100
1908-02-15,43.345800
1908-02-17,43.133400
1908-02-18,43.104100
1908-02-19,43.279900
1908-02-20,43.719400
1908-02-21,44.100400
1908-02-24,43.953900
1908-02-25,43.895300
1908-02-26,43.939200
1908-02-27,44.071100
1908-02-28,44.737700
1908-02-29,44.349400
1908-03-02,44.752400
1908-03-03,44.664500
1908-03-04,44.825600
1908-03-05,44.898900
1908-03-06,45.184600
1908-03-07,46.320000
1908-03-09,46.635000
1908-03-10,46.517800
1908-03-11,46.788900
1908-03-12,46.979400
1908-03-13,47.726600
1908-03-14,48.429800
1908-03-16,47.785200
1908-03-17,48.188100
1908-03-18,47.668000
1908-03-19,48.180800
1908-03-20,48.649600
1908-03-21,49.272300
1908-03-23,50.048800
1908-03-24,50.605500
1908-03-25,51.220900
1908-03-26,50.861900
1908-03-27,51.118300
1908-03-28,50.319800
1908-03-30,50.283200
1908-03-31,49.455400
1908-04-01,49.697200
1908-04-02,49.682500
1908-04-03,49.243000
1908-04-04,49.191700
1908-04-06,49.111100
1908-04-07,49.433400
1908-04-08,49.675200
1908-04-09,50.283200
1908-04-10,50.371100
1908-04-11,50.158700
1908-04-13,49.938900
1908-04-14,50.195300
1908-04-15,49.821700
1908-04-16,50.136700
1908-04-20,49.770400
1908-04-21,50.048800
1908-04-22,50.092800
1908-04-23,50.620200
1908-04-24,51.286800
1908-04-25,51.228200
1908-04-27,51.133000
1908-04-28,51.448000
1908-04-29,51.492000
1908-04-30,50.949900
1908-05-01,51.220900
1908-05-02,51.316100
1908-05-04,51.118300
1908-05-05,51.733700
1908-05-06,52.078000
1908-05-07,51.946100
1908-05-08,52.202500
1908-05-09,52.583500
1908-05-11,53.088900
1908-05-12,52.964400
1908-05-13,53.543100
1908-05-14,54.173100
1908-05-15,54.488100
1908-05-16,54.620000
1908-05-18,55.030200
1908-05-19,54.048600
1908-05-20,54.085200
1908-05-21,54.363600
1908-05-22,54.012000
1908-05-23,53.059600
1908-05-25,53.506500
1908-05-26,53.037700
1908-05-27,53.213500
1908-05-28,52.854500
1908-05-29,53.301400
1908-06-01,54.488100
1908-06-02,54.231700
1908-06-03,54.129200
1908-06-04,53.228100
1908-06-05,53.594400
1908-06-06,53.968000
1908-06-08,53.755600
1908-06-09,53.411300
1908-06-10,53.770200
1908-06-11,53.784900
1908-06-12,53.345300
1908-06-13,53.403900
1908-06-15,53.425900
1908-06-16,53.828800
1908-06-17,53.565100
1908-06-18,53.880100
1908-06-19,53.220800
1908-06-20,53.264800
1908-06-22,52.532200
1908-06-23,52.524900
1908-06-24,52.671400
1908-06-25,52.986400
1908-06-26,52.993700
1908-06-27,52.905800
1908-06-29,53.411300
1908-06-30,53.176800
1908-07-01,53.301400
1908-07-02,53.382000
1908-07-03,53.565100
1908-07-06,54.576000
1908-07-07,54.825100
1908-07-08,55.550400
1908-07-09,55.945900
1908-07-10,55.403800
1908-07-11,55.191400
1908-07-13,55.718800
1908-07-14,56.312200
1908-07-15,56.202300
1908-07-16,56.268300
1908-07-17,56.466100
1908-07-18,57.345100
1908-07-20,57.689400
1908-07-21,57.594200
1908-07-22,57.967800
1908-07-23,58.282800
1908-07-24,57.542900
1908-07-25,58.341400
1908-07-27,57.945800
1908-07-28,58.136300
1908-07-29,58.209600
1908-07-30,58.319500
1908-07-31,58.854200
1908-08-01,59.022700
1908-08-03,59.389000
1908-08-04,60.165500
1908-08-05,60.121600
1908-08-06,61.388900
1908-08-07,61.872400
1908-08-08,62.187400
1908-08-10,62.561000
1908-08-11,61.850400
1908-08-12,62.040900
1908-08-13,61.323000
1908-08-14,60.128900
1908-08-15,59.784600
1908-08-17,60.517100
1908-08-18,60.802800
1908-08-19,60.443900
1908-08-20,60.487800
1908-08-21,60.180200
1908-08-22,60.282700
1908-08-24,60.004300
1908-08-25,60.092300
1908-08-26,60.546400
1908-08-27,61.418200
1908-08-28,61.608700
1908-08-29,61.945600
1908-08-31,62.018900
1908-09-01,61.938300
1908-09-02,61.359600
1908-09-03,60.487800
1908-09-04,61.205800
1908-09-08,61.293700
1908-09-09,61.249700
1908-09-10,60.766200
1908-09-11,60.070300
1908-09-12,60.385300
1908-09-14,60.421900
1908-09-15,59.645400
1908-09-16,58.759000
1908-09-17,57.872600
1908-09-18,58.495300
1908-09-19,57.623500
1908-09-21,56.905600
1908-09-22,56.458700
1908-09-23,57.777400
1908-09-24,58.304800
1908-09-25,58.744300
1908-09-26,58.055700
1908-09-28,58.297500
1908-09-29,58.041100
1908-09-30,58.553900
1908-10-01,58.238900
1908-10-02,58.993400
1908-10-03,59.484200
1908-10-05,59.015400
1908-10-06,59.286400
1908-10-07,59.579500
1908-10-08,59.103300
1908-10-09,59.074000
1908-10-10,59.154600
1908-10-12,59.696700
1908-10-13,59.491600
1908-10-14,59.733300
1908-10-15,59.813900
1908-10-16,59.931100
1908-10-17,59.594100
1908-10-19,59.528200
1908-10-20,60.224100
1908-10-21,60.671000
1908-10-22,60.678300
1908-10-23,60.392600
1908-10-24,60.421900
1908-10-26,60.231400
1908-10-27,61.205800
1908-10-28,60.597700
1908-10-29,60.912700
1908-10-30,60.744200
1908-10-31,60.458500
1908-11-02,60.729600
1908-11-04,62.172700
1908-11-05,62.861300
1908-11-06,63.938200
1908-11-07,64.297200
1908-11-09,64.077400
1908-11-10,64.128700
1908-11-11,63.799000
1908-11-12,64.187300
1908-11-13,64.744000
1908-11-14,64.531600
1908-11-16,64.231200
1908-11-17,64.238600
1908-11-18,63.637900
1908-11-19,63.513300
1908-11-20,63.506000
1908-11-21,63.139700
1908-11-23,63.125100
1908-11-24,64.180000
1908-11-25,63.843000
1908-11-27,64.180000
1908-11-28,64.194600
1908-11-30,63.952900
1908-12-01,64.194600
1908-12-02,64.223900
1908-12-03,63.425400
1908-12-04,63.923600
1908-12-05,63.498700
1908-12-07,63.278900
1908-12-08,63.747800
1908-12-09,64.040800
1908-12-10,63.989500
1908-12-11,63.447400
1908-12-12,63.344800
1908-12-14,62.495100
1908-12-15,62.377900
1908-12-16,62.912600
1908-12-17,61.528100
1908-12-18,61.469500
1908-12-19,61.323000
1908-12-21,61.139800
1908-12-22,61.953000
1908-12-23,62.619600
1908-12-24,62.766100
1908-12-28,63.711100
1908-12-29,63.161700
1908-12-30,62.934600
1908-12-31,63.110400
1909-01-02,63.198300
1909-01-04,62.458400
1909-01-05,62.158100
1909-01-06,62.370500
1909-01-07,63.696500
1909-01-08,63.161700
1909-01-09,62.531700
1909-01-11,62.473100
1909-01-12,62.304600
1909-01-13,61.974900
1909-01-14,62.099500
1909-01-15,61.887000
1909-01-16,62.495100
1909-01-18,62.114100
1909-01-19,62.348600
1909-01-20,62.092200
1909-01-21,62.795400
1909-01-22,62.795400
1909-01-23,62.876000
1909-01-25,62.898000
1909-01-26,62.773400
1909-01-27,62.832000
1909-01-28,62.341200
1909-01-29,61.989600
1909-01-30,61.601300
1909-02-01,61.857700
1909-02-02,62.289900
1909-02-03,62.026200
1909-02-04,62.040900
1909-02-05,62.165400
1909-02-06,62.004200
1909-02-08,62.714800
1909-02-09,62.707500
1909-02-10,62.824700
1909-02-11,63.161700
1909-02-15,63.528000
1909-02-16,63.308200
1909-02-17,62.949300
1909-02-18,62.092200
1909-02-19,61.777200
1909-02-20,60.671000
1909-02-23,58.539200
1909-02-24,59.660000
1909-02-25,59.022700
1909-02-26,59.586800
1909-02-27,59.960400
1909-03-01,60.597700
1909-03-02,61.008000
1909-03-03,60.495200
1909-03-04,59.916400
1909-03-05,60.143500
1909-03-06,60.224100
1909-03-08,60.216800
1909-03-09,59.806600
1909-03-10,59.909100
1909-03-11,59.997000
1909-03-12,60.092300
1909-03-13,60.092300
1909-03-15,59.982400
1909-03-16,60.546400
1909-03-17,60.846800
1909-03-18,60.663700
1909-03-19,60.363300
1909-03-20,60.312000
1909-03-22,61.008000
1909-03-23,60.758900
1909-03-24,61.037300
1909-03-25,60.964000
1909-03-26,61.242400
1909-03-27,62.070200
1909-03-29,62.495100
1909-03-30,62.480400
1909-03-31,63.088400
1909-04-01,62.539000
1909-04-02,62.539000
1909-04-03,62.956600
1909-04-05,63.674500
1909-04-06,63.593900
1909-04-07,63.659800
1909-04-08,64.304500
1909-04-12,64.546200
1909-04-13,64.143300
1909-04-14,64.048100
1909-04-15,63.850300
1909-04-16,63.410800
1909-04-17,64.209300
1909-04-19,64.326500
1909-04-20,64.363100
1909-04-21,64.209300
1909-04-22,64.538900
1909-04-23,64.216600
1909-04-24,64.553600
1909-04-26,64.194600
1909-04-27,64.055400
1909-04-28,64.560900
1909-04-29,64.487600
1909-04-30,64.678100
1909-05-01,64.700100
1909-05-03,65.022400
1909-05-04,65.359400
1909-05-05,65.432700
1909-05-06,66.026000
1909-05-07,66.956400
1909-05-08,67.073600
1909-05-10,66.619400
1909-05-11,66.846500
1909-05-12,66.729300
1909-05-13,66.509500
1909-05-14,66.612100
1909-05-15,66.531500
1909-05-17,66.546100
1909-05-18,66.927100
1909-05-19,66.963700
1909-05-20,66.575500
1909-05-21,66.773200
1909-05-22,67.037000
1909-05-24,67.220100
1909-05-25,67.088200
1909-05-26,66.795200
1909-05-27,67.139500
1909-05-28,67.527800
1909-06-01,67.674300
1909-06-02,67.864800
1909-06-03,68.905000
1909-06-04,68.978300
1909-06-05,69.198000
1909-06-07,68.839100
1909-06-08,68.846400
1909-06-09,68.699900
1909-06-10,68.751200
1909-06-11,68.846400
1909-06-12,68.897700
1909-06-14,69.000200
1909-06-15,67.850100
1909-06-16,67.630300
1909-06-17,66.780600
1909-06-18,66.912400
1909-06-19,66.795200
1909-06-21,65.681700
1909-06-22,65.952800
1909-06-23,66.875800
1909-06-24,67.293400
1909-06-25,67.037000
1909-06-26,66.941700
1909-06-28,67.095600
1909-06-29,67.996600
1909-06-30,67.601000
1909-07-01,68.091900
1909-07-02,68.231000
1909-07-06,68.223700
1909-07-07,68.245700
1909-07-08,68.157800
1909-07-09,68.055200
1909-07-10,68.113800
1909-07-12,68.421500
1909-07-13,67.996600
1909-07-14,68.172400
1909-07-15,68.458100
1909-07-16,68.927000
1909-07-17,69.000200
1909-07-19,69.102800
1909-07-20,69.359200
1909-07-21,68.883000
1909-07-22,69.000200
1909-07-23,68.414200
1909-07-24,69.095500
1909-07-26,68.875700
1909-07-27,69.234700
1909-07-28,69.520400
1909-07-29,69.820700
1909-07-30,70.450700
1909-07-31,70.904900
1909-08-02,71.439700
1909-08-03,71.893900
1909-08-04,71.791300
1909-08-05,71.110000
1909-08-06,72.011100
1909-08-07,72.142900
1909-08-09,72.062400
1909-08-10,72.062400
1909-08-11,72.538500
1909-08-12,72.604500
1909-08-13,72.414000
1909-08-14,72.714300
1909-08-16,72.047700
1909-08-17,72.457900
1909-08-18,71.893900
1909-08-19,71.578900
1909-08-20,71.425000
1909-08-21,71.959800
1909-08-23,72.443300
1909-08-24,72.567800
1909-08-25,72.164900
1909-08-26,70.545900
1909-08-27,71.190600
1909-08-28,70.897600
1909-08-30,72.025700
1909-08-31,71.718100
1909-09-01,71.425000
1909-09-02,71.879200
1909-09-03,72.135600
1909-09-07,71.359100
1909-09-08,71.095400
1909-09-09,70.223600
1909-09-10,71.219900
1909-09-11,70.465400
1909-09-13,70.450700
1909-09-14,71.007500
1909-09-15,72.003800
1909-09-16,72.567800
1909-09-17,72.641100
1909-09-18,72.582500
1909-09-20,73.058600
1909-09-21,73.197800
1909-09-22,72.619100
1909-09-23,72.582500
1909-09-24,72.648400
1909-09-27,72.758300
1909-09-28,73.344300
1909-09-29,73.212500
1909-09-30,72.926800
1909-10-01,73.520200
1909-10-02,73.622700
1909-10-04,73.395600
1909-10-05,72.538500
1909-10-06,72.326100
1909-10-07,73.168500
1909-10-08,71.842600
1909-10-09,71.791300
1909-10-11,71.022100
1909-10-13,70.904900
1909-10-14,71.835300
1909-10-15,72.208900
1909-10-16,72.260200
1909-10-18,72.362700
1909-10-19,71.901200
1909-10-20,71.806000
1909-10-21,71.871900
1909-10-22,70.926900
1909-10-23,70.106400
1909-10-25,70.934200
1909-10-26,70.480000
1909-10-27,71.088000
1909-10-28,71.813300
1909-10-29,72.501900
1909-10-30,72.575200
1909-11-01,72.846200
1909-11-03,73.424900
1909-11-04,73.578800
1909-11-05,73.109900
1909-11-06,72.765600
1909-11-08,72.824200
1909-11-09,72.282100
1909-11-10,72.362700
1909-11-11,72.355400
1909-11-12,72.355400
1909-11-13,72.641100
1909-11-15,72.751000
1909-11-16,72.677700
1909-11-17,72.912100
1909-11-18,73.505500
1909-11-19,73.644700
1909-11-20,73.271100
1909-11-22,72.509200
1909-11-23,72.047700
1909-11-24,71.813300
1909-11-26,72.326100
1909-11-27,71.652100
1909-11-29,70.245600
1909-11-30,70.340800
1909-12-01,70.970800
1909-12-02,70.809700
1909-12-03,71.395700
1909-12-04,71.849900
1909-12-06,71.439700
1909-12-07,71.996400
1909-12-08,71.886500
1909-12-09,72.296800
1909-12-10,72.091700
1909-12-11,72.135600
1909-12-13,72.523900
1909-12-14,72.216200
1909-12-15,72.282100
1909-12-16,72.238200
1909-12-17,72.421300
1909-12-18,72.553200
1909-12-20,72.406700
1909-12-21,72.428600
1909-12-22,72.414000
1909-12-23,72.201500
1909-12-24,72.238200
1909-12-27,71.996400
1909-12-28,72.252800
1909-12-29,72.729000
1909-12-30,72.655700
1909-12-31,72.560500
1910-01-03,72.040400
1910-01-04,72.011100
1910-01-05,71.102700
1910-01-06,71.512900
1910-01-07,71.549600
1910-01-08,71.696100
1910-01-10,71.132000
1910-01-11,70.795000
1910-01-12,70.216300
1910-01-13,70.443400
1910-01-14,68.634000
1910-01-15,69.190700
1910-01-17,68.677900
1910-01-18,68.802400
1910-01-19,67.652300
1910-01-20,68.340900
1910-01-21,69.161400
1910-01-22,69.242000
1910-01-24,68.187100
1910-01-25,66.414300
1910-01-26,67.901400
1910-01-27,67.117500
1910-01-28,67.330000
1910-01-29,67.703600
1910-01-31,67.330000
1910-02-01,66.905100
1910-02-02,66.223800
1910-02-03,64.099400
1910-02-04,64.297200
1910-02-05,64.751400
1910-02-07,62.524400
1910-02-08,62.289900
1910-02-09,63.967500
1910-02-10,64.355800
1910-02-11,65.249500
1910-02-14,65.674400
1910-02-15,65.366700
1910-02-16,65.996700
1910-02-17,66.407000
1910-02-18,66.604800
1910-02-19,66.765900
1910-02-21,66.443600
1910-02-23,66.385000
1910-02-24,66.824500
1910-02-25,66.890500
1910-02-26,66.399600
1910-02-28,66.912400
1910-03-01,67.227400
1910-03-02,67.850100
1910-03-03,67.842800
1910-03-04,68.004000
1910-03-05,68.113800
1910-03-07,69.117400
1910-03-08,69.271300
1910-03-09,69.080800
1910-03-10,68.802400
1910-03-11,67.857400
1910-03-12,67.967300
1910-03-14,68.201700
1910-03-15,67.337300
1910-03-16,66.919800
1910-03-17,67.498500
1910-03-18,67.916000
1910-03-19,67.498500
1910-03-21,67.637700
1910-03-22,67.659600
1910-03-23,66.883100
1910-03-24,66.890500
1910-03-28,65.725700
1910-03-29,66.084600
1910-03-30,65.542500
1910-03-31,65.718400
1910-04-01,65.718400
1910-04-02,65.718400
1910-04-04,65.747700
1910-04-05,66.634100
1910-04-06,66.780600
1910-04-07,66.582800
1910-04-08,65.586500
1910-04-09,65.462000
1910-04-11,66.736600
1910-04-12,66.604800
1910-04-13,67.469200
1910-04-14,67.659600
1910-04-15,67.425200
1910-04-16,67.850100
1910-04-18,67.154200
1910-04-19,67.234800
1910-04-20,66.201800
1910-04-21,66.311700
1910-04-22,65.908800
1910-04-23,65.996700
1910-04-25,65.000400
1910-04-26,65.073700
1910-04-27,64.597500
1910-04-28,63.213000
1910-04-29,63.857600
1910-04-30,63.147000
1910-05-02,62.641600
1910-05-03,62.062900
1910-05-04,63.300900
1910-05-05,63.967500
1910-05-06,63.374100
1910-05-07,63.528000
1910-05-09,64.487600
1910-05-10,64.927200
1910-05-11,65.000400
1910-05-12,64.846600
1910-05-13,64.993100
1910-05-14,65.293500
1910-05-16,65.037100
1910-05-17,64.919900
1910-05-18,64.656100
1910-05-19,64.985800
1910-05-20,65.447300
1910-05-21,65.681700
1910-05-23,65.029700
1910-05-24,65.242200
1910-05-25,64.956500
1910-05-26,64.568200
1910-05-27,64.363100
1910-05-31,63.235000
1910-06-01,62.773400
1910-06-02,62.451100
1910-06-03,60.583100
1910-06-04,60.846800
1910-06-06,60.106900
1910-06-07,61.901700
1910-06-08,61.938300
1910-06-09,62.187400
1910-06-10,61.139800
1910-06-11,61.088500
1910-06-13,61.447500
1910-06-14,61.740500
1910-06-15,61.418200
1910-06-16,61.623300
1910-06-17,61.725900
1910-06-18,61.850400
1910-06-20,62.326600
1910-06-21,62.480400
1910-06-22,63.205700
1910-06-23,63.007900
1910-06-24,62.216700
1910-06-25,62.451100
1910-06-27,60.905400
1910-06-28,60.905400
1910-06-29,59.777300
1910-06-30,59.469600
1910-07-01,59.806600
1910-07-05,58.773600
1910-07-06,58.802900
1910-07-07,59.088600
1910-07-08,59.213200
1910-07-09,59.476900
1910-07-11,59.389000
1910-07-12,58.707700
1910-07-13,59.183900
1910-07-14,59.638100
1910-07-15,59.550200
1910-07-16,59.396300
1910-07-18,59.257100
1910-07-19,59.498900
1910-07-20,59.726000
1910-07-21,58.026400
1910-07-22,56.978900
1910-07-23,56.524700
1910-07-25,55.579700
1910-07-26,53.931400
1910-07-27,55.535700
1910-07-28,57.206000
1910-07-29,56.825000
1910-07-30,56.026500
1910-08-01,55.777500
1910-08-02,56.912900
1910-08-03,56.510000
1910-08-04,56.436800
1910-08-05,56.832300
1910-08-06,57.279200
1910-08-08,57.235300
1910-08-09,58.092400
1910-08-10,58.019100
1910-08-11,57.711400
1910-08-12,58.348800
1910-08-13,58.641800
1910-08-15,58.436700
1910-08-16,59.367000
1910-08-17,59.638100
1910-08-18,59.227800
1910-08-19,58.832200
1910-08-20,58.927500
1910-08-22,58.216900
1910-08-23,58.370700
1910-08-24,57.843300
1910-08-25,57.572200
1910-08-26,58.077700
1910-08-27,58.011800
1910-08-29,58.363400
1910-08-30,58.304800
1910-08-31,58.370700
1910-09-01,57.564900
1910-09-02,57.638200
1910-09-06,57.396400
1910-09-07,57.455000
1910-09-08,57.425700
1910-09-09,57.462300
1910-09-10,57.557600
1910-09-12,57.967800
1910-09-13,58.392700
1910-09-14,58.165600
1910-09-15,57.418400
1910-09-16,57.542900
1910-09-17,57.616200
1910-09-19,57.491700
1910-09-20,57.411100
1910-09-21,57.997100
1910-09-22,57.931200
1910-09-23,57.616200
1910-09-24,57.513600
1910-09-26,58.011800
1910-09-27,57.879900
1910-09-28,57.843300
1910-09-29,57.923900
1910-09-30,58.400000
1910-10-01,58.568500
1910-10-03,59.103300
1910-10-04,59.586800
1910-10-05,59.161900
1910-10-06,59.674700
1910-10-07,59.689300
1910-10-08,59.711300
1910-10-10,60.004300
1910-10-11,60.348700
1910-10-13,61.579400
1910-10-14,61.996900
1910-10-15,62.465800
1910-10-17,62.729500
1910-10-18,63.015200
1910-10-19,62.348600
1910-10-20,63.000500
1910-10-21,62.524400
1910-10-22,62.956600
1910-10-24,62.275300
1910-10-25,61.982300
1910-10-26,61.967600
1910-10-27,62.641600
1910-10-28,62.597600
1910-10-29,62.238700
1910-10-31,62.099500
1910-11-01,62.341200
1910-11-02,62.597600
1910-11-03,62.890700
1910-11-04,62.736800
1910-11-05,62.868700
1910-11-07,62.780800
1910-11-09,61.747900
1910-11-10,61.169100
1910-11-11,61.191100
1910-11-12,61.205800
1910-11-14,61.828400
1910-11-15,62.180100
1910-11-16,62.421800
1910-11-17,61.953000
1910-11-18,62.355900
1910-11-19,62.561000
1910-11-21,62.194700
1910-11-22,62.150800
1910-11-23,62.304600
1910-11-25,62.502400
1910-11-26,62.487700
1910-11-28,61.008000
1910-11-29,61.257000
1910-11-30,60.451200
1910-12-01,59.652700
1910-12-02,59.044700
1910-12-03,59.169200
1910-12-05,59.337700
1910-12-06,58.370700
1910-12-07,58.942100
1910-12-08,58.971400
1910-12-09,59.337700
1910-12-10,59.733300
1910-12-12,59.308400
1910-12-13,59.169200
1910-12-14,59.682000
1910-12-15,59.542800
1910-12-16,59.484200
1910-12-17,59.652700
1910-12-19,60.187500
1910-12-20,59.923800
1910-12-21,60.026300
1910-12-22,59.645400
1910-12-23,59.579500
1910-12-27,58.934800
1910-12-28,59.081300
1910-12-29,59.894500
1910-12-30,59.638100
1910-12-31,59.601400
1911-01-03,60.150900
1911-01-04,60.260700
1911-01-05,60.136200
1911-01-06,60.392600
1911-01-07,60.619700
1911-01-09,60.443900
1911-01-10,59.982400
1911-01-11,59.850500
1911-01-12,60.106900
1911-01-13,60.773500
1911-01-14,60.854100
1911-01-16,60.407300
1911-01-17,61.081200
1911-01-18,61.037300
1911-01-19,61.183800
1911-01-20,61.388900
1911-01-21,61.191100
1911-01-23,61.073900
1911-01-24,61.374200
1911-01-25,61.125200
1911-01-26,61.293700
1911-01-27,61.550100
1911-01-28,61.454800
1911-01-30,62.216700
1911-01-31,62.216700
1911-02-01,62.509700
1911-02-02,62.978600
1911-02-03,62.707500
1911-02-04,63.015200
1911-02-06,62.883300
1911-02-07,62.905300
1911-02-08,62.619600
1911-02-09,62.758800
1911-02-10,62.575600
1911-02-11,62.685500
1911-02-14,62.612300
1911-02-15,62.568300
1911-02-16,61.909000
1911-02-17,62.333900
1911-02-18,62.487700
1911-02-20,62.700200
1911-02-21,62.692900
1911-02-23,62.780800
1911-02-24,61.777200
1911-02-25,61.777200
1911-02-27,61.909000
1911-02-28,62.282600
1911-03-01,61.923700
1911-03-02,60.553800
1911-03-03,60.304700
1911-03-04,59.923800
1911-03-06,60.414600
1911-03-07,60.663700
1911-03-08,60.407300
1911-03-09,60.341300
1911-03-10,60.465900
1911-03-11,60.356000
1911-03-13,60.802800
1911-03-14,61.520800
1911-03-15,61.601300
1911-03-16,61.337600
1911-03-17,60.912700
1911-03-18,61.059200
1911-03-20,61.630600
1911-03-21,61.557400
1911-03-22,61.330300
1911-03-23,61.323000
1911-03-24,61.095900
1911-03-25,61.117800
1911-03-27,61.308300
1911-03-28,61.535400
1911-03-29,61.227700
1911-03-30,61.432800
1911-03-31,61.000600
1911-04-01,61.095900
1911-04-03,61.044600
1911-04-04,61.037300
1911-04-05,60.817500
1911-04-06,60.751600
1911-04-07,60.722300
1911-04-08,60.846800
1911-04-10,60.861400
1911-04-11,60.671000
1911-04-12,60.722300
1911-04-13,60.663700
1911-04-17,60.480500
1911-04-18,59.748000
1911-04-19,60.004300
1911-04-20,59.967700
1911-04-21,59.953100
1911-04-22,59.572100
1911-04-24,60.158200
1911-04-25,60.216800
1911-04-26,60.304700
1911-04-27,60.399900
1911-04-28,61.029900
1911-04-29,61.279000
1911-05-01,61.638000
1911-05-02,61.308300
1911-05-03,61.440200
1911-05-04,60.920100
1911-05-05,60.912700
1911-05-06,60.832100
1911-05-08,60.714900
1911-05-09,60.693000
1911-05-10,60.509800
1911-05-11,60.832100
1911-05-12,60.744200
1911-05-13,60.568400
1911-05-15,60.590400
1911-05-16,61.996900
1911-05-17,62.568300
1911-05-18,63.125100
1911-05-19,62.839400
1911-05-20,63.059100
1911-05-22,63.235000
1911-05-23,63.183700
1911-05-24,62.839400
1911-05-25,62.722200
1911-05-26,62.956600
1911-05-27,63.007900
1911-05-29,63.293600
1911-05-31,62.670900
1911-06-01,62.846700
1911-06-02,63.125100
1911-06-03,63.132400
1911-06-05,63.256900
1911-06-06,63.183700
1911-06-07,63.366800
1911-06-08,63.227600
1911-06-09,63.015200
1911-06-10,63.256900
1911-06-12,63.513300
1911-06-13,63.689100
1911-06-14,63.747800
1911-06-15,63.462100
1911-06-16,63.447400
1911-06-17,63.498700
1911-06-19,63.777100
1911-06-20,63.454700
1911-06-21,63.447400
1911-06-22,63.103100
1911-06-23,63.242300
1911-06-24,63.557300
1911-06-26,63.278900
1911-06-27,63.264300
1911-06-28,63.044500
1911-06-29,63.235000
1911-06-30,62.985900
1911-07-01,62.949300
1911-07-03,62.736800
1911-07-05,62.473100
1911-07-06,62.854000
1911-07-07,63.161700
1911-07-08,63.191000
1911-07-10,63.205700
1911-07-11,63.278900
1911-07-12,63.125100
1911-07-13,63.161700
1911-07-14,62.985900
1911-07-15,63.022500
1911-07-17,62.795400
1911-07-18,63.271600
1911-07-19,63.322900
1911-07-20,63.242300
1911-07-21,63.344800
1911-07-22,63.330200
1911-07-24,63.161700
1911-07-25,62.407200
1911-07-26,63.191000
1911-07-27,62.941900
1911-07-28,62.802700
1911-07-29,62.927300
1911-07-31,63.015200
1911-08-01,62.612300
1911-08-02,62.121500
1911-08-03,61.828400
1911-08-04,60.766200
1911-08-05,60.546400
1911-08-07,60.912700
1911-08-08,60.458500
1911-08-09,59.960400
1911-08-10,59.652700
1911-08-11,59.125300
1911-08-12,58.898200
1911-08-14,59.564800
1911-08-15,59.542800
1911-08-16,58.737000
1911-08-17,58.641800
1911-08-18,59.235200
1911-08-19,59.616100
1911-08-21,58.978800
1911-08-22,59.074000
1911-08-23,59.008100
1911-08-24,58.407400
1911-08-25,57.967800
1911-08-26,57.821300
1911-08-28,58.099700
1911-08-29,57.967800
1911-08-30,57.872600
1911-08-31,58.055700
1911-09-01,57.997100
1911-09-05,58.436700
1911-09-06,58.810300
1911-09-07,58.334100
1911-09-08,57.938500
1911-09-09,57.630800
1911-09-11,57.718700
1911-09-12,57.923900
1911-09-13,57.293900
1911-09-14,57.235300
1911-09-15,57.052100
1911-09-16,57.777400
1911-09-18,57.623500
1911-09-19,56.956900
1911-09-20,56.414800
1911-09-21,55.330600
1911-09-22,54.319600
1911-09-23,53.931400
1911-09-25,53.433200
1911-09-26,53.718900
1911-09-27,53.850800
1911-09-28,54.979000
1911-09-29,55.052200
1911-09-30,55.902000
1911-10-02,56.224300
1911-10-03,56.055800
1911-10-04,55.784800
1911-10-05,56.187700
1911-10-06,56.041200
1911-10-07,56.063200
1911-10-09,56.055800
1911-10-10,56.297600
1911-10-11,56.517300
1911-10-13,57.096100
1911-10-14,57.623500
1911-10-16,57.389100
1911-10-17,57.220600
1911-10-18,56.971500
1911-10-19,56.876300
1911-10-20,57.220600
1911-10-21,56.956900
1911-10-23,56.971500
1911-10-24,56.905600
1911-10-25,56.934900
1911-10-26,56.510000
1911-10-27,54.810500
1911-10-28,55.206100
1911-10-30,54.986300
1911-10-31,55.521100
1911-11-01,56.912900
1911-11-02,57.191300
1911-11-03,57.279200
1911-11-04,57.418400
1911-11-06,57.872600
1911-11-08,57.242600
1911-11-09,58.912800
1911-11-10,59.345000
1911-11-11,59.008100
1911-11-13,58.590500
1911-11-14,58.546500
1911-11-15,58.392700
1911-11-16,58.539200
1911-11-17,59.396300
1911-11-18,59.425600
1911-11-20,59.037400
1911-11-21,59.748000
1911-11-22,59.682000
1911-11-23,59.967700
1911-11-24,59.682000
1911-11-25,59.726000
1911-11-27,59.594100
1911-11-28,59.704000
1911-11-29,59.315700
1911-12-01,58.832200
1911-12-02,59.103300
1911-12-04,59.000700
1911-12-05,58.832200
1911-12-06,58.473300
1911-12-07,58.121700
1911-12-08,58.011800
1911-12-09,58.172900
1911-12-11,58.846900
1911-12-12,58.920200
1911-12-13,59.711300
1911-12-14,59.784600
1911-12-15,60.048300
1911-12-16,60.421900
1911-12-18,59.989700
1911-12-19,60.268100
1911-12-20,60.290000
1911-12-21,60.231400
1911-12-22,60.150900
1911-12-26,60.128900
1911-12-27,59.953100
1911-12-28,59.557500
1911-12-29,59.762600
1911-12-30,59.835900
1912-01-02,60.334000
1912-01-03,60.084900
1912-01-04,60.099600
1912-01-05,60.033700
1912-01-06,60.172800
1912-01-08,60.158200
1912-01-09,59.542800
1912-01-10,59.982400
1912-01-11,59.806600
1912-01-12,60.070300
1912-01-13,59.894500
1912-01-15,59.689300
1912-01-16,59.799200
1912-01-17,59.835900
1912-01-18,59.769900
1912-01-19,60.041000
1912-01-20,60.304700
1912-01-22,60.055600
1912-01-23,59.982400
1912-01-24,59.872500
1912-01-25,59.953100
1912-01-26,59.923800
1912-01-27,59.535500
1912-01-29,59.535500
1912-01-30,59.535500
1912-01-31,58.744300
1912-02-01,58.971400
1912-02-02,58.978800
1912-02-03,58.898200
1912-02-05,58.846900
1912-02-06,58.942100
1912-02-07,59.059300
1912-02-08,59.191200
1912-02-09,59.096000
1912-02-10,58.715000
1912-02-13,59.074000
1912-02-14,59.213200
1912-02-15,59.381700
1912-02-16,59.154600
1912-02-17,59.227800
1912-02-19,59.374300
1912-02-20,59.447600
1912-02-21,59.176600
1912-02-23,59.535500
1912-02-24,59.462300
1912-02-26,59.323100
1912-02-27,59.367000
1912-02-28,59.755300
1912-02-29,59.630700
1912-03-01,60.121600
1912-03-02,60.041000
1912-03-04,60.509800
1912-03-05,60.678300
1912-03-06,60.546400
1912-03-07,61.081200
1912-03-08,61.169100
1912-03-09,61.125200
1912-03-11,60.898100
1912-03-12,61.147100
1912-03-13,61.506100
1912-03-14,62.355900
1912-03-15,62.377900
1912-03-16,61.909000
1912-03-18,62.524400
1912-03-19,62.648900
1912-03-20,63.418100
1912-03-21,63.674500
1912-03-22,64.172600
1912-03-23,64.751400
1912-03-25,64.861200
1912-03-26,64.919900
1912-03-27,64.817300
1912-03-28,64.531600
1912-03-29,64.634200
1912-03-30,64.663500
1912-04-01,65.234900
1912-04-02,65.066400
1912-04-03,65.037100
1912-04-04,65.579200
1912-04-06,65.938100
1912-04-08,66.084600
1912-04-09,66.443600
1912-04-10,66.128600
1912-04-11,65.857500
1912-04-12,65.330100
1912-04-13,65.286100
1912-04-15,65.718400
1912-04-16,65.359400
1912-04-17,65.425300
1912-04-18,65.359400
1912-04-19,65.315400
1912-04-20,65.337400
1912-04-22,64.993100
1912-04-23,65.623100
1912-04-24,65.469300
1912-04-25,66.245800
1912-04-26,66.612100
1912-04-27,66.524200
1912-04-29,66.267800
1912-04-30,66.150600
1912-05-01,66.172500
1912-05-02,66.223800
1912-05-03,65.168900
1912-05-04,65.029700
1912-05-06,64.165300
1912-05-07,64.231200
1912-05-08,64.363100
1912-05-09,64.766000
1912-05-10,65.176300
1912-05-11,65.623100
1912-05-13,65.586500
1912-05-14,65.806300
1912-05-15,65.623100
1912-05-16,65.366700
1912-05-17,65.454600
1912-05-18,66.165200
1912-05-20,66.179900
1912-05-21,66.282400
1912-05-22,65.908800
1912-05-23,65.762300
1912-05-24,66.113900
1912-05-25,66.201800
1912-05-27,65.938100
1912-05-28,66.040700
1912-05-29,65.586500
1912-05-31,64.473000
1912-06-01,64.700100
1912-06-03,64.897900
1912-06-04,65.410700
1912-06-05,66.238500
1912-06-06,66.421600
1912-06-07,66.201800
1912-06-08,66.260400
1912-06-10,66.333700
1912-06-11,65.820900
1912-06-12,65.886800
1912-06-13,65.894200
1912-06-14,65.491300
1912-06-15,65.586500
1912-06-17,65.777000
1912-06-18,65.711000
1912-06-19,65.982100
1912-06-20,66.568100
1912-06-21,66.487500
1912-06-22,66.407000
1912-06-24,65.974700
1912-06-25,65.828200
1912-06-26,66.663400
1912-06-27,66.421600
1912-06-28,66.729300
1912-06-29,66.604800
1912-07-01,66.919800
1912-07-02,67.168800
1912-07-03,67.110200
1912-07-05,65.637800
1912-07-06,66.172500
1912-07-08,65.300800
1912-07-09,65.249500
1912-07-10,64.597500
1912-07-11,64.509600
1912-07-12,64.443700
1912-07-13,64.509600
1912-07-15,64.678100
1912-07-16,64.985800
1912-07-17,65.330100
1912-07-18,65.527900
1912-07-19,65.762300
1912-07-20,65.711000
1912-07-22,65.747700
1912-07-23,65.476600
1912-07-24,65.527900
1912-07-25,65.930800
1912-07-26,65.564500
1912-07-27,65.527900
1912-07-29,65.176300
1912-07-30,65.330100
1912-07-31,65.718400
1912-08-01,66.275100
1912-08-02,66.048000
1912-08-03,65.879500
1912-08-05,65.952800
1912-08-06,65.813600
1912-08-07,66.018700
1912-08-08,65.930800
1912-08-09,66.070000
1912-08-10,66.319100
1912-08-12,66.458200
1912-08-13,66.905100
1912-08-14,67.234800
1912-08-15,66.883100
1912-08-16,66.956400
1912-08-17,66.802500
1912-08-19,66.831800
1912-08-20,67.176200
1912-08-21,67.117500
1912-08-22,66.743900
1912-08-23,66.912400
1912-08-24,66.956400
1912-08-26,67.058900
1912-08-27,67.439900
1912-08-28,67.146900
1912-08-29,67.124900
1912-08-30,67.080900
1912-09-03,66.385000
1912-09-04,66.487500
1912-09-05,66.905100
1912-09-06,66.795200
1912-09-07,66.993000
1912-09-09,66.817200
1912-09-10,66.758600
1912-09-11,66.209200
1912-09-12,66.319100
1912-09-13,66.311700
1912-09-14,66.385000
1912-09-16,66.421600
1912-09-17,67.066300
1912-09-18,67.139500
1912-09-19,67.146900
1912-09-20,67.593700
1912-09-21,67.974600
1912-09-23,68.187100
1912-09-24,68.443500
1912-09-25,68.406900
1912-09-26,68.436200
1912-09-27,68.575400
1912-09-28,68.861100
1912-09-30,68.970900
1912-10-01,68.787800
1912-10-02,68.494800
1912-10-03,68.949000
1912-10-04,68.641300
1912-10-05,68.817100
1912-10-07,68.809800
1912-10-08,68.949000
1912-10-09,68.626600
1912-10-10,68.817100
1912-10-11,67.850100
1912-10-14,67.688900
1912-10-15,67.930700
1912-10-16,68.641300
1912-10-17,68.509400
1912-10-18,68.575400
1912-10-19,68.465500
1912-10-21,67.623000
1912-10-22,67.696300
1912-10-23,67.102900
1912-10-24,67.088200
1912-10-25,66.597400
1912-10-26,66.765900
1912-10-28,66.985700
1912-10-29,66.187200
1912-10-30,66.231100
1912-10-31,66.450900
1912-11-01,66.304400
1912-11-04,66.143200
1912-11-06,67.352000
1912-11-07,67.154200
1912-11-08,66.890500
1912-11-09,66.201800
1912-11-11,65.623100
1912-11-12,66.004100
1912-11-13,65.901500
1912-11-14,66.223800
1912-11-15,65.996700
1912-11-16,66.048000
1912-11-18,65.908800
1912-11-19,65.967400
1912-11-20,66.150600
1912-11-21,66.978400
1912-11-22,66.670700
1912-11-23,66.311700
1912-11-25,65.835600
1912-11-26,66.179900
1912-11-27,66.385000
1912-11-29,66.853800
1912-11-30,66.956400
1912-12-02,66.553500
1912-12-03,66.194500
1912-12-04,65.198200
1912-12-05,64.377800
1912-12-06,64.319200
1912-12-07,64.348500
1912-12-09,63.022500
1912-12-10,63.015200
1912-12-11,62.451100
1912-12-12,63.037200
1912-12-13,63.132400
1912-12-14,62.839400
1912-12-16,63.161700
1912-12-17,63.154400
1912-12-18,62.751500
1912-12-19,63.571900
1912-12-20,64.355800
1912-12-21,64.260500
1912-12-23,63.894300
1912-12-24,63.996800
1912-12-26,63.974800
1912-12-27,63.916200
1912-12-28,63.835700
1912-12-30,63.923600
1912-12-31,64.370400
1913-01-02,64.773300
1913-01-03,64.062800
1913-01-04,64.289800
1913-01-06,63.879600
1913-01-07,64.480300
1913-01-08,64.473000
1913-01-09,64.883200
1913-01-10,64.648800
1913-01-11,64.231200
1913-01-13,62.971200
1913-01-14,62.238700
1913-01-15,62.612300
1913-01-16,62.817400
1913-01-17,62.714800
1913-01-18,62.817400
1913-01-20,59.740600
1913-01-21,60.487800
1913-01-22,61.051900
1913-01-23,60.758900
1913-01-24,60.231400
1913-01-25,60.341300
1913-01-27,60.458500
1913-01-28,60.898100
1913-01-29,60.744200
1913-01-30,61.388900
1913-01-31,61.330300
1913-02-01,61.271700
1913-02-03,60.993300
1913-02-04,61.081200
1913-02-05,60.839500
1913-02-06,60.758900
1913-02-07,61.139800
1913-02-08,61.198400
1913-02-10,60.751600
1913-02-11,60.194800
1913-02-13,59.586800
1913-02-14,59.916400
1913-02-15,59.645400
1913-02-17,59.022700
1913-02-18,58.473300
1913-02-19,58.927500
1913-02-20,58.751700
1913-02-21,58.553900
1913-02-24,58.063100
1913-02-25,57.667500
1913-02-26,58.641800
1913-02-27,59.015400
1913-02-28,58.839600
1913-03-01,59.059300
1913-03-03,59.579500
1913-03-04,59.125300
1913-03-05,59.843200
1913-03-06,59.579500
1913-03-07,59.044700
1913-03-08,58.370700
1913-03-10,58.070400
1913-03-11,58.568500
1913-03-12,58.209600
1913-03-13,58.553900
1913-03-14,58.466000
1913-03-15,58.407400
1913-03-17,58.063100
1913-03-18,57.638200
1913-03-19,57.337800
1913-03-20,57.323200
1913-03-24,57.806700
1913-03-25,58.751700
1913-03-26,58.832200
1913-03-27,58.444000
1913-03-28,58.978800
1913-03-29,59.418300
1913-03-31,59.279100
1913-04-01,60.011700
1913-04-02,59.894500
1913-04-03,60.187500
1913-04-04,60.942000
1913-04-05,60.568400
1913-04-07,60.326700
1913-04-08,60.744200
1913-04-09,60.502500
1913-04-10,60.539100
1913-04-11,60.172800
1913-04-12,60.187500
1913-04-14,60.150900
1913-04-15,59.403600
1913-04-16,59.396300
1913-04-17,59.542800
1913-04-18,59.374300
1913-04-19,59.337700
1913-04-21,59.872500
1913-04-22,59.674700
1913-04-23,59.520900
1913-04-24,59.161900
1913-04-25,58.400000
1913-04-26,58.172900
1913-04-28,58.107000
1913-04-29,57.425700
1913-04-30,57.535600
1913-05-01,58.326800
1913-05-02,58.121700
1913-05-03,58.099700
1913-05-05,58.568500
1913-05-06,58.026400
1913-05-07,58.253500
1913-05-08,58.165600
1913-05-09,58.041100
1913-05-10,57.850600
1913-05-12,57.564900
1913-05-13,57.901900
1913-05-14,57.667500
1913-05-15,57.513600
1913-05-16,57.748000
1913-05-17,57.660100
1913-05-19,57.674800
1913-05-20,57.916500
1913-05-21,57.879900
1913-05-22,58.238900
1913-05-23,58.238900
1913-05-24,58.517200
1913-05-26,58.400000
1913-05-27,58.033700
1913-05-28,57.491700
1913-05-29,57.418400
1913-06-02,56.605200
1913-06-03,56.173000
1913-06-04,55.433100
1913-06-05,54.993600
1913-06-06,55.096200
1913-06-07,54.927700
1913-06-09,54.136500
1913-06-10,52.993700
1913-06-11,52.825200
1913-06-12,54.414900
1913-06-13,54.634700
1913-06-14,55.323300
1913-06-16,54.634700
1913-06-17,54.876400
1913-06-18,55.565000
1913-06-19,55.242700
1913-06-20,54.876400
1913-06-21,54.231700
1913-06-23,54.451500
1913-06-24,55.096200
1913-06-25,55.220700
1913-06-26,54.891000
1913-06-27,54.722600
1913-06-28,55.147400
1913-06-30,54.861700
1913-07-01,55.257300
1913-07-02,55.557700
1913-07-03,55.550400
1913-07-07,55.433100
1913-07-08,55.323300
1913-07-09,55.110800
1913-07-10,55.315900
1913-07-11,55.235400
1913-07-12,55.396500
1913-07-14,55.110800
1913-07-15,55.242700
1913-07-16,56.048500
1913-07-17,55.806800
1913-07-18,56.480700
1913-07-19,56.363500
1913-07-21,57.257200
1913-07-22,57.206000
1913-07-23,57.022800
1913-07-24,57.616200
1913-07-25,57.403700
1913-07-26,57.484300
1913-07-28,57.916500
1913-07-29,57.821300
1913-07-30,57.572200
1913-07-31,57.491700
1913-08-01,57.293900
1913-08-02,57.330500
1913-08-04,57.689400
1913-08-05,58.253500
1913-08-06,57.989800
1913-08-07,58.246200
1913-08-08,58.107000
1913-08-09,57.989800
1913-08-11,58.407400
1913-08-12,59.103300
1913-08-13,59.286400
1913-08-14,58.942100
1913-08-15,58.238900
1913-08-16,58.495300
1913-08-18,58.495300
1913-08-19,58.575800
1913-08-20,58.876200
1913-08-21,58.707700
1913-08-22,58.656400
1913-08-23,58.671100
1913-08-25,58.824900
1913-08-26,58.817600
1913-08-27,58.715000
1913-08-28,59.579500
1913-08-29,59.931100
1913-09-02,59.293800
1913-09-03,58.824900
1913-09-04,58.802900
1913-09-05,59.432900
1913-09-06,59.630700
1913-09-08,59.623400
1913-09-09,59.704000
1913-09-10,60.158200
1913-09-11,60.194800
1913-09-12,60.766200
1913-09-13,61.117800
1913-09-15,60.663700
1913-09-16,60.832100
1913-09-17,60.348700
1913-09-18,60.458500
1913-09-19,60.495200
1913-09-20,60.487800
1913-09-22,60.810200
1913-09-23,60.597700
1913-09-24,60.165500
1913-09-25,60.209500
1913-09-26,60.041000
1913-09-27,60.033700
1913-09-29,59.506200
1913-09-30,58.876200
1913-10-01,59.183900
1913-10-02,59.652700
1913-10-03,59.183900
1913-10-04,59.037400
1913-10-06,58.473300
1913-10-07,58.524600
1913-10-08,57.997100
1913-10-09,58.070400
1913-10-10,57.923900
1913-10-11,57.352500
1913-10-14,56.876300
1913-10-15,57.030100
1913-10-16,56.473400
1913-10-17,56.678500
1913-10-18,57.140000
1913-10-20,57.184000
1913-10-21,58.312100
1913-10-22,57.887200
1913-10-23,57.433000
1913-10-24,57.586900
1913-10-25,57.564900
1913-10-27,58.151000
1913-10-28,57.828600
1913-10-29,57.967800
1913-10-30,57.579600
1913-10-31,57.359800
1913-11-01,57.447700
1913-11-03,56.964200
1913-11-05,57.220600
1913-11-06,56.649200
1913-11-07,56.436800
1913-11-08,56.195000
1913-11-10,55.630900
1913-11-11,55.938600
1913-11-12,56.378200
1913-11-13,56.304900
1913-11-14,56.590600
1913-11-15,56.561300
1913-11-17,56.458700
1913-11-18,56.590600
1913-11-19,56.363500
1913-11-20,56.026500
1913-11-21,55.806800
1913-11-22,55.777500
1913-11-24,55.755500
1913-11-25,56.304900
1913-11-26,56.173000
1913-11-28,55.828700
1913-11-29,55.630900
1913-12-01,55.506400
1913-12-02,55.843400
1913-12-03,56.282900
1913-12-04,56.414800
1913-12-05,56.326900
1913-12-06,55.945900
1913-12-08,56.312200
1913-12-09,55.652900
1913-12-10,55.799400
1913-12-11,55.865400
1913-12-12,55.374500
1913-12-13,55.594300
1913-12-15,55.140100
1913-12-16,55.447800
1913-12-17,55.513700
1913-12-18,55.513700
1913-12-19,56.195000
1913-12-20,56.854300
1913-12-22,57.184000
1913-12-23,57.220600
1913-12-24,57.389100
1913-12-26,57.762700
1913-12-27,57.652800
1913-12-29,57.491700
1913-12-30,57.330500
1913-12-31,57.711400
1914-01-02,57.572200
1914-01-03,57.455000
1914-01-05,57.872600
1914-01-06,58.063100
1914-01-07,57.997100
1914-01-08,57.733400
1914-01-09,57.916500
1914-01-10,57.982500
1914-01-12,58.085000
1914-01-13,58.326800
1914-01-14,59.074000
1914-01-15,59.301100
1914-01-16,59.198500
1914-01-17,59.169200
1914-01-19,59.491600
1914-01-20,59.345000
1914-01-21,60.011700
1914-01-22,60.553800
1914-01-23,60.583100
1914-01-24,60.202100
1914-01-26,60.714900
1914-01-27,60.568400
1914-01-28,60.158200
1914-01-29,59.865200
1914-01-30,60.656300
1914-01-31,60.693000
1914-02-02,60.473200
1914-02-03,60.942000
1914-02-04,60.729600
1914-02-05,60.693000
1914-02-06,60.319400
1914-02-07,60.443900
1914-02-09,60.392600
1914-02-10,60.334000
1914-02-11,60.436600
1914-02-13,60.685600
1914-02-14,60.868800
1914-02-16,60.509800
1914-02-17,60.421900
1914-02-18,60.575700
1914-02-19,60.546400
1914-02-20,60.641700
1914-02-21,60.451200
1914-02-24,60.319400
1914-02-25,59.564800
1914-02-26,59.682000
1914-02-27,60.070300
1914-02-28,60.260700
1914-03-02,59.821200
1914-03-03,59.865200
1914-03-04,60.209500
1914-03-05,59.887100
1914-03-06,59.425600
1914-03-07,59.542800
1914-03-09,59.601400
1914-03-10,60.026300
1914-03-11,59.755300
1914-03-12,59.484200
1914-03-13,59.806600
1914-03-14,60.026300
1914-03-16,59.835900
1914-03-17,60.304700
1914-03-18,60.304700
1914-03-19,60.465900
1914-03-20,61.117800
1914-03-21,60.817500
1914-03-23,60.942000
1914-03-24,60.876100
1914-03-25,60.487800
1914-03-26,60.297400
1914-03-27,59.945700
1914-03-28,59.813900
1914-03-30,59.806600
1914-03-31,60.356000
1914-04-01,60.407300
1914-04-02,60.414600
1914-04-03,60.150900
1914-04-04,60.121600
1914-04-06,60.202100
1914-04-07,60.202100
1914-04-08,60.011700
1914-04-09,59.748000
1914-04-11,59.557500
1914-04-13,59.374300
1914-04-14,59.008100
1914-04-15,58.605200
1914-04-16,58.531900
1914-04-17,58.400000
1914-04-18,58.502600
1914-04-20,57.784700
1914-04-21,58.129000
1914-04-22,58.253500
1914-04-23,57.674800
1914-04-24,56.788400
1914-04-25,56.385500
1914-04-27,57.008200
1914-04-28,57.718700
1914-04-29,57.586900
1914-04-30,57.960500
1914-05-01,58.685700
1914-05-02,58.480600
1914-05-04,58.524600
1914-05-05,58.524600
1914-05-06,58.444000
1914-05-07,58.495300
1914-05-08,57.989800
1914-05-09,58.282800
1914-05-11,58.627100
1914-05-12,58.678400
1914-05-13,58.641800
1914-05-14,59.374300
1914-05-15,59.418300
1914-05-16,59.205900
1914-05-18,59.601400
1914-05-19,59.821200
1914-05-20,59.674700
1914-05-21,59.257100
1914-05-22,59.227800
1914-05-23,59.630700
1914-05-25,59.506200
1914-05-26,59.520900
1914-05-27,59.748000
1914-05-28,59.740600
1914-05-29,59.755300
1914-06-01,59.323100
1914-06-02,58.971400
1914-06-03,59.205900
1914-06-04,59.462300
1914-06-05,59.476900
1914-06-06,59.689300
1914-06-08,59.806600
1914-06-09,59.931100
1914-06-10,59.953100
1914-06-11,59.784600
1914-06-12,59.894500
1914-06-13,59.755300
1914-06-15,59.674700
1914-06-16,59.542800
1914-06-17,59.359700
1914-06-18,59.520900
1914-06-19,59.579500
1914-06-20,59.718600
1914-06-22,59.762600
1914-06-23,59.476900
1914-06-24,58.773600
1914-06-25,58.092400
1914-06-26,58.649100
1914-06-27,58.685700
1914-06-29,58.605200
1914-06-30,59.088600
1914-07-01,58.846900
1914-07-02,59.074000
1914-07-03,59.535500
1914-07-06,59.630700
1914-07-07,59.777300
1914-07-08,59.916400
1914-07-09,59.784600
1914-07-10,59.557500
1914-07-11,59.520900
1914-07-13,59.235200
1914-07-14,59.418300
1914-07-15,58.854200
1914-07-16,58.920200
1914-07-17,58.905500
1914-07-18,59.022700
1914-07-20,58.905500
1914-07-21,59.161900
1914-07-22,59.213200
1914-07-23,58.986100
1914-07-24,58.392700
1914-07-25,58.363400
1914-07-27,57.923900
1914-07-28,55.880000
1914-07-29,56.202300
1914-07-30,52.319700
1914-12-12,54.620000
1914-12-14,56.760000
1914-12-15,55.070000
1914-12-16,55.350000
1914-12-17,55.360000
1914-12-18,55.090000
1914-12-19,55.090000
1914-12-21,54.460000
1914-12-22,54.420000
1914-12-23,53.460000
1914-12-24,53.170000
1914-12-26,53.170000
1914-12-28,54.550000
1914-12-29,54.580000
1914-12-30,54.550000
1914-12-31,54.630000
1915-01-02,54.630000
1915-01-04,55.440000
1915-01-05,55.500000
1915-01-06,55.400000
1915-01-07,56.080000
1915-01-08,56.550000
1915-01-09,56.550000
1915-01-11,57.370000
1915-01-12,57.440000
1915-01-13,57.350000
1915-01-14,57.510000
1915-01-15,57.900000
1915-01-16,57.900000
1915-01-18,58.120000
1915-01-19,58.110000
1915-01-20,58.420000
1915-01-21,58.510000
1915-01-22,58.210000
1915-01-23,58.210000
1915-01-25,58.060000
1915-01-26,58.240000
1915-01-27,57.070000
1915-01-28,57.250000
1915-01-29,56.540000
1915-01-30,56.540000
1915-02-01,55.590000
1915-02-02,57.260000
1915-02-03,56.900000
1915-02-04,56.830000
1915-02-05,56.160000
1915-02-06,56.160000
1915-02-08,56.310000
1915-02-09,56.850000
1915-02-10,57.050000
1915-02-11,57.830000
1915-02-13,57.830000
1915-02-15,57.020000
1915-02-16,56.640000
1915-02-17,55.700000
1915-02-18,55.530000
1915-02-19,55.380000
1915-02-20,55.380000
1915-02-23,54.400000
1915-02-24,54.220000
1915-02-25,54.610000
1915-02-26,55.020000
1915-02-27,55.020000
1915-03-01,55.290000
1915-03-02,55.660000
1915-03-03,55.880000
1915-03-04,56.000000
1915-03-05,56.510000
1915-03-06,56.510000
1915-03-08,56.980000
1915-03-09,56.880000
1915-03-10,56.660000
1915-03-11,56.860000
1915-03-12,56.660000
1915-03-13,56.660000
1915-03-15,56.700000
1915-03-16,56.590000
1915-03-17,56.670000
1915-03-18,56.570000
1915-03-19,56.980000
1915-03-20,56.980000
1915-03-22,58.100000
1915-03-23,59.100000
1915-03-24,59.260000
1915-03-25,59.250000
1915-03-26,59.510000
1915-03-27,59.510000
1915-03-29,60.130000
1915-03-30,61.300000
1915-03-31,60.830000
1915-04-01,61.050000
1915-04-03,61.050000
1915-04-05,62.290000
1915-04-06,62.450000
1915-04-07,62.550000
1915-04-08,63.150000
1915-04-09,65.020000
1915-04-10,65.020000
1915-04-12,64.660000
1915-04-13,65.540000
1915-04-14,66.140000
1915-04-15,67.420000
1915-04-16,69.360000
1915-04-17,69.360000
1915-04-19,67.860000
1915-04-20,68.640000
1915-04-21,68.430000
1915-04-22,68.200000
1915-04-23,68.650000
1915-04-24,68.650000
1915-04-26,68.970000
1915-04-27,68.900000
1915-04-28,70.220000
1915-04-29,70.950000
1915-04-30,71.780000
1915-05-01,71.780000
1915-05-03,69.540000
1915-05-04,69.580000
1915-05-05,67.530000
1915-05-06,68.230000
1915-05-07,65.130000
1915-05-08,65.130000
1915-05-10,62.060000
1915-05-11,64.640000
1915-05-12,64.460000
1915-05-13,63.010000
1915-05-14,60.380000
1915-05-15,60.380000
1915-05-17,63.410000
1915-05-18,62.700000
1915-05-19,63.080000
1915-05-20,63.680000
1915-05-21,64.880000
1915-05-22,64.880000
1915-05-24,65.460000
1915-05-25,64.790000
1915-05-26,64.420000
1915-05-27,64.950000
1915-05-28,65.010000
1915-05-29,65.010000
1915-06-01,64.860000
1915-06-02,65.720000
1915-06-03,67.750000
1915-06-04,67.710000
1915-06-05,67.710000
1915-06-07,69.210000
1915-06-08,68.920000
1915-06-09,67.270000
1915-06-10,69.020000
1915-06-11,70.550000
1915-06-12,70.550000
1915-06-14,70.930000
1915-06-15,71.050000
1915-06-16,71.300000
1915-06-17,71.160000
1915-06-18,70.980000
1915-06-19,70.980000
1915-06-21,71.830000
1915-06-22,71.900000
1915-06-23,71.280000
1915-06-24,69.780000
1915-06-25,70.230000
1915-06-26,70.230000
1915-06-28,70.740000
1915-06-29,70.080000
1915-06-30,70.060000
1915-07-01,69.850000
1915-07-02,69.980000
1915-07-03,69.980000
1915-07-06,69.870000
1915-07-07,68.850000
1915-07-08,68.650000
1915-07-09,67.880000
1915-07-10,67.880000
1915-07-12,70.050000
1915-07-13,70.260000
1915-07-14,70.800000
1915-07-15,71.500000
1915-07-16,71.780000
1915-07-17,71.780000
1915-07-19,70.840000
1915-07-20,71.000000
1915-07-21,72.050000
1915-07-22,73.820000
1915-07-23,74.100000
1915-07-24,74.100000
1915-07-26,74.600000
1915-07-27,74.830000
1915-07-28,75.530000
1915-07-29,75.790000
1915-07-30,75.530000
1915-07-31,75.530000
1915-08-02,76.460000
1915-08-03,76.710000
1915-08-04,77.330000
1915-08-05,77.210000
1915-08-06,77.210000
1915-08-07,77.210000
1915-08-09,77.700000
1915-08-10,77.860000
1915-08-11,77.450000
1915-08-12,78.140000
1915-08-13,78.380000
1915-08-14,78.380000
1915-08-16,81.280000
1915-08-17,81.780000
1915-08-18,81.860000
1915-08-19,80.310000
1915-08-20,79.310000
1915-08-21,79.310000
1915-08-23,76.880000
1915-08-24,79.070000
1915-08-25,80.650000
1915-08-26,81.120000
1915-08-27,81.880000
1915-08-28,81.880000
1915-08-30,81.700000
1915-08-31,81.200000
1915-09-01,81.790000
1915-09-02,81.030000
1915-09-03,80.700000
1915-09-04,80.700000
1915-09-07,81.020000
1915-09-08,81.160000
1915-09-09,81.880000
1915-09-10,80.960000
1915-09-11,80.960000
1915-09-13,81.400000
1915-09-14,81.510000
1915-09-15,81.910000
1915-09-16,81.710000
1915-09-17,82.540000
1915-09-18,82.540000
1915-09-20,84.260000
1915-09-21,84.830000
1915-09-22,85.880000
1915-09-23,85.550000
1915-09-24,86.480000
1915-09-25,86.480000
1915-09-27,89.200000
1915-09-28,89.730000
1915-09-29,89.900000
1915-09-30,90.580000
1915-10-01,90.880000
1915-10-02,90.880000
1915-10-04,90.980000
1915-10-05,89.160000
1915-10-06,88.230000
1915-10-07,90.200000
1915-10-08,90.500000
1915-10-09,90.500000
1915-10-11,92.370000
1915-10-13,93.630000
1915-10-14,92.760000
1915-10-15,92.560000
1915-10-16,92.560000
1915-10-18,94.610000
1915-10-19,93.380000
1915-10-20,94.610000
1915-10-21,95.350000
1915-10-22,96.460000
1915-10-23,96.460000
1915-10-25,95.880000
1915-10-26,95.810000
1915-10-27,94.720000
1915-10-28,93.340000
1915-10-29,95.340000
1915-10-30,95.340000
1915-11-01,95.160000
1915-11-03,94.760000
1915-11-04,96.060000
1915-11-05,94.810000
1915-11-06,94.810000
1915-11-08,92.800000
1915-11-09,91.080000
1915-11-10,92.180000
1915-11-11,93.640000
1915-11-12,94.710000
1915-11-13,94.710000
1915-11-15,95.050000
1915-11-16,96.330000
1915-11-17,96.180000
1915-11-18,95.480000
1915-11-19,95.270000
1915-11-20,95.270000
1915-11-22,95.450000
1915-11-23,95.870000
1915-11-24,97.180000
1915-11-26,97.280000
1915-11-27,97.280000
1915-11-29,97.560000
1915-11-30,96.710000
1915-12-01,95.900000
1915-12-02,94.780000
1915-12-03,95.910000
1915-12-04,95.910000
1915-12-06,97.860000
1915-12-07,97.710000
1915-12-08,98.450000
1915-12-09,97.180000
1915-12-10,96.130000
1915-12-11,96.130000
1915-12-13,95.860000
1915-12-14,98.300000
1915-12-15,98.180000
1915-12-16,96.570000
1915-12-17,97.400000
1915-12-18,97.400000
1915-12-20,97.700000
1915-12-21,97.660000
1915-12-22,97.980000
1915-12-23,98.250000
1915-12-24,98.360000
1915-12-27,99.210000
1915-12-28,99.160000
1915-12-29,97.960000
1915-12-30,98.200000
1915-12-31,99.150000
1916-01-03,98.810000
1916-01-04,97.720000
1916-01-05,97.410000
1916-01-06,96.440000
1916-01-07,97.340000
1916-01-08,97.340000
1916-01-10,95.690000
1916-01-11,94.070000
1916-01-12,95.310000
1916-01-13,94.710000
1916-01-14,96.470000
1916-01-15,96.470000
1916-01-17,96.630000
1916-01-18,96.160000
1916-01-19,95.250000
1916-01-20,93.600000
1916-01-21,94.780000
1916-01-22,94.780000
1916-01-24,93.870000
1916-01-25,94.240000
1916-01-26,93.490000
1916-01-27,92.990000
1916-01-28,93.250000
1916-01-29,93.250000
1916-01-31,90.580000
1916-02-01,91.930000
1916-02-02,93.690000
1916-02-03,94.400000
1916-02-04,93.190000
1916-02-05,93.190000
1916-02-07,94.960000
1916-02-08,94.910000
1916-02-09,95.860000
1916-02-10,96.100000
1916-02-11,96.150000
1916-02-14,95.280000
1916-02-15,95.260000
1916-02-16,94.500000
1916-02-17,94.110000
1916-02-18,94.350000
1916-02-19,94.350000
1916-02-21,94.360000
1916-02-23,94.350000
1916-02-24,93.370000
1916-02-25,93.850000
1916-02-26,93.850000
1916-02-28,90.890000
1916-02-29,91.030000
1916-03-01,90.690000
1916-03-02,90.520000
1916-03-03,91.710000
1916-03-04,91.710000
1916-03-06,92.930000
1916-03-07,92.580000
1916-03-08,92.580000
1916-03-09,93.500000
1916-03-10,93.110000
1916-03-11,93.110000
1916-03-13,94.750000
1916-03-14,95.400000
1916-03-15,95.760000
1916-03-16,96.080000
1916-03-17,96.000000
1916-03-18,96.000000
1916-03-20,93.600000
1916-03-21,93.580000
1916-03-22,93.970000
1916-03-23,93.760000
1916-03-24,93.650000
1916-03-25,93.650000
1916-03-27,93.570000
1916-03-28,93.810000
1916-03-29,93.690000
1916-03-30,92.730000
1916-03-31,93.250000
1916-04-01,93.250000
1916-04-03,94.130000
1916-04-04,93.970000
1916-04-05,94.120000
1916-04-06,94.460000
1916-04-07,93.380000
1916-04-08,93.380000
1916-04-10,94.220000
1916-04-11,93.770000
1916-04-12,93.280000
1916-04-13,91.280000
1916-04-14,91.630000
1916-04-15,91.630000
1916-04-17,91.080000
1916-04-18,90.650000
1916-04-19,88.460000
1916-04-20,88.110000
1916-04-22,88.110000
1916-04-24,87.000000
1916-04-25,88.120000
1916-04-26,87.230000
1916-04-27,88.780000
1916-04-28,89.650000
1916-04-29,89.650000
1916-05-01,90.300000
1916-05-02,89.020000
1916-05-03,88.610000
1916-05-04,87.710000
1916-05-05,88.510000
1916-05-06,88.510000
1916-05-08,90.360000
1916-05-09,89.710000
1916-05-10,89.780000
1916-05-11,90.080000
1916-05-12,90.940000
1916-05-13,90.940000
1916-05-15,92.430000
1916-05-16,92.010000
1916-05-17,91.510000
1916-05-18,92.050000
1916-05-19,91.760000
1916-05-20,91.760000
1916-05-22,92.060000
1916-05-23,92.100000
1916-05-24,92.370000
1916-05-25,92.620000
1916-05-26,92.290000
1916-05-27,92.290000
1916-05-29,91.950000
1916-05-31,91.800000
1916-06-01,91.870000
1916-06-02,91.220000
1916-06-03,91.220000
1916-06-05,92.190000
1916-06-06,91.730000
1916-06-07,91.840000
1916-06-08,92.010000
1916-06-09,92.780000
1916-06-10,92.780000
1916-06-12,93.610000
1916-06-13,93.190000
1916-06-14,93.330000
1916-06-15,93.330000
1916-06-16,92.490000
1916-06-17,92.490000
1916-06-19,90.000000
1916-06-20,90.570000
1916-06-21,90.030000
1916-06-22,89.540000
1916-06-23,88.880000
1916-06-24,88.880000
1916-06-26,87.680000
1916-06-27,88.430000
1916-06-28,88.290000
1916-06-29,89.510000
1916-06-30,89.580000
1916-07-01,89.580000
1916-07-03,89.370000
1916-07-05,90.530000
1916-07-06,90.400000
1916-07-07,89.710000
1916-07-08,89.710000
1916-07-10,88.600000
1916-07-11,87.630000
1916-07-12,87.630000
1916-07-13,86.420000
1916-07-14,86.950000
1916-07-15,86.950000
1916-07-17,87.150000
1916-07-18,87.250000
1916-07-19,88.100000
1916-07-20,89.000000
1916-07-21,89.160000
1916-07-22,89.160000
1916-07-24,89.100000
1916-07-25,88.830000
1916-07-26,88.130000
1916-07-27,88.000000
1916-07-28,88.350000
1916-07-29,88.350000
1916-07-31,89.250000
1916-08-01,89.050000
1916-08-02,88.340000
1916-08-03,88.830000
1916-08-04,88.410000
1916-08-05,88.410000
1916-08-07,88.880000
1916-08-08,88.150000
1916-08-09,90.260000
1916-08-10,90.050000
1916-08-11,90.320000
1916-08-12,90.320000
1916-08-14,90.750000
1916-08-15,91.480000
1916-08-16,91.910000
1916-08-17,92.080000
1916-08-18,92.080000
1916-08-19,92.080000
1916-08-21,93.250000
1916-08-22,93.830000
1916-08-23,93.610000
1916-08-24,93.660000
1916-08-25,92.900000
1916-08-26,92.900000
1916-08-28,92.490000
1916-08-29,91.630000
1916-08-30,91.320000
1916-08-31,92.250000
1916-09-01,91.190000
1916-09-02,91.190000
1916-09-05,93.360000
1916-09-06,94.510000
1916-09-07,94.590000
1916-09-08,94.630000
1916-09-09,94.630000
1916-09-11,95.740000
1916-09-12,96.650000
1916-09-13,97.710000
1916-09-14,98.840000
1916-09-15,98.390000
1916-09-16,98.390000
1916-09-18,98.510000
1916-09-19,98.570000
1916-09-20,98.470000
1916-09-21,99.550000
1916-09-22,100.770000
1916-09-23,100.770000
1916-09-25,100.890000
1916-09-26,101.390000
1916-09-27,101.850000
1916-09-28,103.110000
1916-09-29,103.730000
1916-09-30,103.730000
1916-10-02,103.010000
1916-10-03,103.450000
1916-10-04,103.410000
1916-10-05,104.150000
1916-10-06,102.850000
1916-10-07,102.850000
1916-10-09,100.230000
1916-10-10,101.350000
1916-10-11,99.980000
1916-10-13,98.940000
1916-10-14,98.940000
1916-10-16,101.420000
1916-10-17,102.420000
1916-10-18,102.350000
1916-10-19,102.550000
1916-10-20,103.680000
1916-10-21,103.680000
1916-10-23,105.170000
1916-10-24,105.150000
1916-10-25,104.570000
1916-10-26,104.560000
1916-10-27,105.280000
1916-10-28,105.280000
1916-10-30,104.300000
1916-10-31,104.610000
1916-11-01,105.900000
1916-11-02,105.700000
1916-11-03,106.280000
1916-11-04,106.280000
1916-11-06,107.210000
1916-11-08,106.830000
1916-11-09,107.680000
1916-11-10,107.650000
1916-11-11,107.650000
1916-11-13,105.630000
1916-11-14,104.040000
1916-11-15,107.720000
1916-11-16,108.480000
1916-11-17,109.620000
1916-11-18,109.620000
1916-11-20,110.100000
1916-11-21,110.150000
1916-11-22,108.650000
1916-11-23,107.480000
1916-11-24,109.070000
1916-11-25,109.070000
1916-11-27,108.230000
1916-11-28,107.010000
1916-11-29,105.970000
1916-12-01,106.170000
1916-12-02,106.170000
1916-12-04,106.200000
1916-12-05,106.430000
1916-12-06,106.760000
1916-12-07,106.430000
1916-12-08,106.510000
1916-12-09,106.510000
1916-12-11,104.670000
1916-12-12,100.350000
1916-12-13,102.610000
1916-12-14,98.230000
1916-12-15,97.930000
1916-12-16,97.930000
1916-12-18,98.070000
1916-12-19,97.760000
1916-12-20,95.260000
1916-12-21,90.160000
1916-12-22,95.090000
1916-12-23,95.090000
1916-12-26,96.100000
1916-12-27,95.630000
1916-12-28,94.010000
1916-12-29,95.000000
1916-12-30,95.000000
1917-01-02,96.150000
1917-01-03,99.180000
1917-01-04,97.150000
1917-01-05,96.160000
1917-01-06,96.160000
1917-01-08,96.400000
1917-01-09,97.640000
1917-01-10,95.700000
1917-01-11,93.020000
1917-01-12,95.750000
1917-01-13,95.750000
1917-01-15,95.590000
1917-01-16,97.550000
1917-01-17,96.600000
1917-01-18,97.500000
1917-01-19,97.350000
1917-01-20,97.350000
1917-01-22,96.600000
1917-01-23,96.260000
1917-01-24,96.660000
1917-01-25,97.410000
1917-01-26,97.360000
1917-01-27,97.360000
1917-01-29,95.780000
1917-01-30,95.830000
1917-01-31,95.430000
1917-02-01,88.520000
1917-02-02,87.010000
1917-02-03,87.010000
1917-02-05,92.030000
1917-02-06,92.810000
1917-02-07,92.190000
1917-02-08,90.940000
1917-02-09,90.200000
1917-02-10,90.200000
1917-02-13,92.370000
1917-02-14,91.860000
1917-02-15,91.650000
1917-02-16,91.810000
1917-02-17,91.810000
1917-02-19,93.660000
1917-02-20,94.910000
1917-02-21,93.970000
1917-02-23,92.560000
1917-02-24,92.560000
1917-02-26,93.350000
1917-02-27,92.680000
1917-02-28,91.560000
1917-03-01,91.100000
1917-03-02,92.820000
1917-03-03,92.820000
1917-03-05,95.040000
1917-03-06,95.300000
1917-03-07,95.300000
1917-03-08,95.280000
1917-03-09,96.460000
1917-03-10,96.460000
1917-03-12,95.030000
1917-03-13,95.050000
1917-03-14,95.160000
1917-03-15,95.630000
1917-03-16,95.650000
1917-03-17,95.650000
1917-03-19,96.970000
1917-03-20,98.200000
1917-03-21,97.610000
1917-03-22,96.780000
1917-03-23,97.270000
1917-03-24,97.270000
1917-03-26,96.320000
1917-03-27,96.460000
1917-03-28,97.010000
1917-03-29,96.750000
1917-03-30,96.720000
1917-03-31,96.720000
1917-04-02,97.060000
1917-04-03,96.340000
1917-04-04,95.830000
1917-04-05,94.610000
1917-04-07,94.610000
1917-04-09,92.410000
1917-04-10,91.200000
1917-04-11,92.820000
1917-04-12,93.100000
1917-04-13,93.180000
1917-04-14,93.180000
1917-04-16,92.210000
1917-04-17,91.870000
1917-04-18,91.630000
1917-04-19,91.830000
1917-04-20,90.840000
1917-04-21,90.840000
1917-04-23,90.960000
1917-04-24,90.660000
1917-04-25,92.980000
1917-04-26,93.060000
1917-04-27,93.100000
1917-04-28,93.100000
1917-04-30,93.230000
1917-05-01,93.420000
1917-05-02,92.480000
1917-05-03,90.980000
1917-05-04,90.450000
1917-05-05,90.450000
1917-05-07,91.200000
1917-05-08,90.220000
1917-05-09,89.080000
1917-05-10,90.410000
1917-05-11,89.770000
1917-05-12,89.770000
1917-05-14,90.780000
1917-05-15,90.190000
1917-05-16,92.260000
1917-05-17,92.750000
1917-05-18,91.960000
1917-05-19,91.960000
1917-05-21,93.470000
1917-05-22,94.090000
1917-05-23,94.260000
1917-05-24,95.200000
1917-05-25,96.760000
1917-05-26,96.760000
1917-05-28,97.200000
1917-05-29,97.410000
1917-05-31,97.380000
1917-06-01,97.890000
1917-06-02,97.890000
1917-06-04,97.000000
1917-06-06,98.430000
1917-06-07,98.160000
1917-06-08,98.580000
1917-06-09,98.580000
1917-06-11,97.860000
1917-06-12,97.520000
1917-06-13,98.310000
1917-06-14,97.950000
1917-06-15,97.220000
1917-06-16,97.220000
1917-06-18,94.890000
1917-06-19,95.360000
1917-06-20,94.780000
1917-06-21,95.770000
1917-06-22,96.630000
1917-06-23,96.630000
1917-06-25,97.570000
1917-06-26,96.810000
1917-06-27,95.980000
1917-06-28,95.410000
1917-06-29,95.380000
1917-06-30,95.380000
1917-07-02,95.230000
1917-07-03,95.310000
1917-07-05,93.570000
1917-07-06,93.900000
1917-07-07,93.900000
1917-07-09,93.650000
1917-07-10,93.100000
1917-07-11,94.140000
1917-07-12,93.640000
1917-07-13,92.330000
1917-07-14,92.330000
1917-07-16,91.380000
1917-07-17,91.950000
1917-07-18,91.050000
1917-07-19,90.480000
1917-07-20,91.590000
1917-07-21,91.590000
1917-07-23,91.610000
1917-07-24,91.260000
1917-07-25,91.240000
1917-07-26,91.420000
1917-07-27,91.750000
1917-07-28,91.750000
1917-07-30,92.130000
1917-07-31,91.750000
1917-08-01,92.260000
1917-08-02,92.870000
1917-08-03,92.960000
1917-08-06,93.850000
1917-08-07,93.300000
1917-08-08,91.470000
1917-08-09,92.230000
1917-08-10,91.900000
1917-08-11,91.900000
1917-08-13,92.650000
1917-08-14,91.690000
1917-08-15,92.100000
1917-08-16,91.440000
1917-08-17,91.610000
1917-08-18,91.610000
1917-08-20,91.270000
1917-08-21,90.750000
1917-08-22,89.160000
1917-08-23,88.150000
1917-08-24,88.910000
1917-08-25,88.910000
1917-08-27,88.400000
1917-08-28,86.120000
1917-08-29,85.950000
1917-08-30,84.510000
1917-08-31,83.400000
1917-09-04,81.200000
1917-09-05,83.660000
1917-09-06,83.420000
1917-09-07,83.490000
1917-09-08,83.490000
1917-09-10,83.880000
1917-09-11,83.510000
1917-09-12,82.190000
1917-09-13,83.140000
1917-09-14,83.440000
1917-09-15,83.440000
1917-09-17,81.550000
1917-09-18,81.630000
1917-09-19,84.010000
1917-09-20,84.820000
1917-09-21,85.230000
1917-09-22,85.230000
1917-09-24,85.700000
1917-09-25,86.020000
1917-09-26,84.610000
1917-09-27,84.600000
1917-09-28,83.460000
1917-09-29,83.460000
1917-10-01,83.580000
1917-10-02,83.490000
1917-10-03,82.450000
1917-10-04,80.620000
1917-10-05,81.750000
1917-10-06,81.750000
1917-10-08,80.480000
1917-10-09,79.260000
1917-10-10,77.320000
1917-10-11,77.830000
1917-10-15,75.130000
1917-10-16,77.080000
1917-10-17,76.110000
1917-10-18,77.850000
1917-10-19,78.210000
1917-10-20,78.210000
1917-10-22,79.060000
1917-10-23,78.500000
1917-10-24,78.300000
1917-10-25,77.680000
1917-10-26,77.350000
1917-10-27,77.350000
1917-10-29,76.280000
1917-10-30,75.530000
1917-10-31,74.500000
1917-11-01,71.410000
1917-11-02,72.520000
1917-11-03,72.520000
1917-11-05,69.930000
1917-11-07,71.540000
1917-11-08,68.580000
1917-11-09,69.360000
1917-11-10,69.360000
1917-11-12,70.650000
1917-11-13,70.350000
1917-11-14,69.150000
1917-11-15,69.100000
1917-11-16,69.750000
1917-11-17,69.750000
1917-11-19,71.510000
1917-11-20,72.800000
1917-11-21,73.570000
1917-11-22,72.950000
1917-11-23,74.230000
1917-11-24,74.230000
1917-11-26,74.030000
1917-11-27,73.800000
1917-11-28,73.250000
1917-11-30,72.650000
1917-12-01,72.650000
1917-12-03,72.550000
1917-12-04,70.720000
1917-12-05,71.680000
1917-12-06,71.010000
1917-12-07,70.290000
1917-12-08,70.290000
1917-12-10,70.490000
1917-12-11,68.780000
1917-12-12,67.300000
1917-12-13,66.930000
1917-12-14,68.650000
1917-12-15,68.650000
1917-12-17,67.080000
1917-12-18,67.310000
1917-12-19,65.950000
1917-12-20,67.100000
1917-12-21,68.250000
1917-12-22,68.250000
1917-12-24,69.290000
1917-12-26,68.330000
1917-12-27,70.490000
1917-12-28,72.130000
1917-12-29,72.130000
1917-12-31,74.380000
1918-01-02,76.680000
1918-01-03,76.180000
1918-01-04,75.560000
1918-01-05,75.560000
1918-01-07,74.860000
1918-01-08,74.630000
1918-01-09,75.610000
1918-01-10,76.330000
1918-01-11,75.000000
1918-01-12,75.000000
1918-01-14,73.480000
1918-01-15,73.380000
1918-01-16,74.600000
1918-01-17,74.480000
1918-01-18,74.550000
1918-01-19,74.550000
1918-01-21,76.110000
1918-01-22,75.750000
1918-01-23,75.430000
1918-01-24,75.920000
1918-01-25,76.500000
1918-01-26,76.500000
1918-01-29,77.130000
1918-01-30,76.980000
1918-01-31,79.800000
1918-02-01,79.280000
1918-02-02,79.280000
1918-02-05,79.280000
1918-02-06,78.930000
1918-02-07,77.780000
1918-02-08,78.440000
1918-02-09,78.440000
1918-02-13,78.730000
1918-02-14,78.710000
1918-02-15,79.930000
1918-02-16,79.930000
1918-02-18,81.530000
1918-02-19,82.080000
1918-02-20,81.280000
1918-02-21,80.530000
1918-02-23,80.530000
1918-02-25,79.170000
1918-02-26,80.650000
1918-02-27,80.500000
1918-02-28,80.390000
1918-03-01,79.930000
1918-03-02,79.930000
1918-03-04,79.010000
1918-03-05,79.500000
1918-03-06,79.200000
1918-03-07,79.530000
1918-03-08,79.500000
1918-03-09,79.500000
1918-03-11,79.780000
1918-03-12,78.670000
1918-03-13,78.680000
1918-03-14,79.130000
1918-03-15,79.060000
1918-03-16,79.060000
1918-03-18,77.930000
1918-03-19,78.130000
1918-03-20,78.140000
1918-03-21,78.710000
1918-03-22,77.710000
1918-03-23,77.710000
1918-03-25,76.450000
1918-03-26,76.490000
1918-03-27,76.720000
1918-03-28,76.410000
1918-03-30,76.410000
1918-04-01,77.160000
1918-04-02,76.690000
1918-04-03,77.010000
1918-04-04,77.420000
1918-04-05,77.030000
1918-04-06,77.030000
1918-04-08,77.690000
1918-04-09,77.400000
1918-04-10,76.850000
1918-04-11,75.580000
1918-04-12,76.250000
1918-04-13,76.250000
1918-04-15,77.510000
1918-04-16,77.210000
1918-04-17,76.890000
1918-04-18,78.110000
1918-04-19,78.600000
1918-04-20,78.600000
1918-04-22,79.420000
1918-04-23,78.300000
1918-04-24,78.010000
1918-04-25,77.880000
1918-04-26,78.230000
1918-04-27,78.230000
1918-04-29,77.790000
1918-04-30,77.510000
1918-05-01,78.160000
1918-05-02,78.900000
1918-05-03,78.640000
1918-05-04,78.640000
1918-05-06,79.360000
1918-05-07,80.510000
1918-05-08,80.320000
1918-05-09,81.300000
1918-05-10,81.290000
1918-05-11,81.290000
1918-05-13,82.160000
1918-05-14,82.210000
1918-05-15,84.040000
1918-05-16,84.030000
1918-05-17,83.500000
1918-05-18,83.500000
1918-05-20,82.470000
1918-05-21,82.870000
1918-05-22,82.220000
1918-05-23,82.210000
1918-05-24,81.580000
1918-05-25,81.580000
1918-05-27,78.650000
1918-05-28,78.420000
1918-05-29,78.440000
1918-05-31,78.080000
1918-06-01,78.080000
1918-06-03,78.550000
1918-06-04,79.600000
1918-06-05,79.540000
1918-06-06,78.950000
1918-06-07,78.530000
1918-06-08,78.530000
1918-06-10,78.930000
1918-06-11,79.100000
1918-06-12,79.760000
1918-06-13,80.530000
1918-06-14,80.610000
1918-06-15,80.610000
1918-06-17,80.610000
1918-06-18,80.980000
1918-06-19,80.930000
1918-06-20,81.830000
1918-06-21,81.650000
1918-06-22,81.650000
1918-06-24,82.500000
1918-06-25,82.400000
1918-06-26,83.020000
1918-06-27,82.780000
1918-06-28,82.580000
1918-06-29,82.580000
1918-07-01,81.810000
1918-07-02,81.980000
1918-07-03,82.490000
1918-07-05,82.960000
1918-07-06,82.960000
1918-07-08,82.600000
1918-07-09,82.760000
1918-07-10,82.090000
1918-07-11,81.090000
1918-07-12,81.230000
1918-07-13,81.230000
1918-07-15,80.580000
1918-07-16,81.710000
1918-07-17,81.450000
1918-07-18,82.920000
1918-07-19,82.310000
1918-07-20,82.310000
1918-07-22,81.220000
1918-07-23,80.510000
1918-07-24,80.930000
1918-07-25,81.280000
1918-07-26,81.510000
1918-07-27,81.510000
1918-07-29,81.100000
1918-07-30,80.790000
1918-07-31,81.230000
1918-08-01,80.710000
1918-08-02,80.760000
1918-08-03,80.760000
1918-08-05,81.570000
1918-08-06,81.130000
1918-08-07,80.970000
1918-08-08,81.130000
1918-08-09,81.650000
1918-08-10,81.650000
1918-08-12,81.580000
1918-08-13,81.680000
1918-08-14,81.700000
1918-08-15,81.580000
1918-08-16,81.770000
1918-08-17,81.770000
1918-08-19,81.630000
1918-08-20,81.920000
1918-08-21,81.910000
1918-08-22,81.610000
1918-08-23,82.150000
1918-08-24,82.150000
1918-08-26,82.930000
1918-08-27,83.010000
1918-08-28,83.180000
1918-08-29,82.730000
1918-08-30,82.460000
1918-08-31,82.460000
1918-09-03,83.840000
1918-09-04,83.610000
1918-09-05,83.630000
1918-09-06,82.560000
1918-09-07,82.560000
1918-09-09,81.800000
1918-09-10,81.330000
1918-09-11,80.460000
1918-09-13,80.290000
1918-09-14,80.290000
1918-09-16,81.480000
1918-09-17,81.800000
1918-09-18,81.920000
1918-09-19,81.640000
1918-09-20,81.960000
1918-09-21,81.960000
1918-09-23,82.440000
1918-09-24,82.800000
1918-09-25,82.640000
1918-09-26,82.840000
1918-09-27,84.030000
1918-09-28,84.030000
1918-09-30,84.680000
1918-10-01,83.950000
1918-10-02,84.450000
1918-10-03,84.950000
1918-10-04,85.310000
1918-10-05,85.310000
1918-10-07,84.350000
1918-10-08,84.300000
1918-10-09,83.360000
1918-10-10,84.150000
1918-10-11,84.830000
1918-10-14,86.350000
1918-10-15,86.210000
1918-10-16,86.630000
1918-10-17,88.270000
1918-10-18,89.070000
1918-10-19,89.070000
1918-10-21,88.150000
1918-10-22,87.790000
1918-10-23,87.100000
1918-10-24,87.100000
1918-10-25,86.520000
1918-10-26,86.520000
1918-10-28,87.280000
1918-10-29,86.390000
1918-10-30,84.080000
1918-10-31,85.510000
1918-11-01,85.530000
1918-11-02,85.530000
1918-11-04,85.740000
1918-11-06,86.620000
1918-11-07,87.610000
1918-11-08,87.660000
1918-11-09,87.660000
1918-11-12,86.560000
1918-11-13,86.120000
1918-11-14,85.530000
1918-11-15,86.150000
1918-11-16,86.150000
1918-11-18,85.010000
1918-11-19,84.680000
1918-11-20,84.330000
1918-11-21,83.840000
1918-11-22,82.600000
1918-11-23,82.600000
1918-11-25,79.870000
1918-11-26,81.430000
1918-11-27,80.160000
1918-11-29,80.930000
1918-11-30,80.930000
1918-12-02,81.130000
1918-12-03,82.460000
1918-12-04,82.450000
1918-12-05,82.890000
1918-12-06,82.450000
1918-12-07,82.450000
1918-12-09,83.410000
1918-12-10,84.500000
1918-12-11,84.240000
1918-12-12,83.530000
1918-12-13,82.650000
1918-12-14,82.650000
1918-12-16,83.240000
1918-12-17,83.410000
1918-12-18,83.010000
1918-12-19,82.400000
1918-12-20,81.720000
1918-12-21,81.720000
1918-12-23,81.510000
1918-12-24,80.590000
1918-12-26,80.440000
1918-12-27,81.170000
1918-12-28,81.170000
1918-12-30,80.780000
1918-12-31,82.200000
1919-01-02,82.600000
1919-01-03,83.350000
1919-01-04,83.350000
1919-01-06,82.450000
1919-01-07,82.440000
1919-01-08,82.600000
1919-01-09,82.760000
1919-01-10,82.300000
1919-01-11,82.300000
1919-01-13,81.790000
1919-01-14,82.000000
1919-01-15,82.400000
1919-01-16,82.200000
1919-01-17,81.350000
1919-01-18,81.350000
1919-01-20,80.140000
1919-01-21,79.880000
1919-01-22,80.000000
1919-01-23,80.200000
1919-01-24,81.750000
1919-01-25,81.750000
1919-01-27,81.470000
1919-01-28,81.600000
1919-01-29,80.560000
1919-01-30,80.940000
1919-01-31,80.610000
1919-02-01,80.610000
1919-02-03,80.910000
1919-02-04,81.080000
1919-02-05,80.700000
1919-02-06,79.680000
1919-02-07,79.350000
1919-02-08,79.350000
1919-02-10,79.650000
1919-02-11,80.250000
1919-02-13,81.070000
1919-02-14,81.200000
1919-02-15,81.200000
1919-02-17,82.550000
1919-02-18,81.920000
1919-02-19,82.580000
1919-02-20,82.930000
1919-02-21,84.210000
1919-02-24,84.620000
1919-02-25,84.610000
1919-02-26,85.600000
1919-02-27,85.680000
1919-02-28,84.810000
1919-03-01,84.810000
1919-03-03,85.580000
1919-03-04,85.100000
1919-03-05,84.240000
1919-03-06,85.640000
1919-03-07,86.230000
1919-03-08,86.230000
1919-03-10,87.430000
1919-03-11,88.100000
1919-03-12,88.300000
1919-03-13,88.180000
1919-03-14,87.870000
1919-03-15,87.870000
1919-03-17,88.410000
1919-03-18,87.870000
1919-03-19,88.260000
1919-03-20,87.810000
1919-03-21,89.050000
1919-03-22,89.050000
1919-03-24,87.970000
1919-03-26,86.830000
1919-03-27,87.650000
1919-03-28,88.860000
1919-03-29,88.860000
1919-03-31,88.850000
1919-04-01,88.840000
1919-04-02,89.300000
1919-04-03,88.910000
1919-04-04,89.590000
1919-04-05,89.590000
1919-04-07,90.180000
1919-04-08,90.590000
1919-04-09,91.010000
1919-04-10,90.110000
1919-04-11,90.110000
1919-04-12,90.110000
1919-04-14,90.480000
1919-04-15,91.470000
1919-04-16,91.070000
1919-04-17,90.880000
1919-04-19,90.880000
1919-04-21,92.210000
1919-04-22,92.240000
1919-04-23,92.360000
1919-04-24,91.650000
1919-04-25,92.090000
1919-04-26,92.090000
1919-04-28,93.170000
1919-04-29,93.510000
1919-04-30,92.880000
1919-05-01,93.260000
1919-05-02,94.300000
1919-05-03,94.300000
1919-05-05,94.920000
1919-05-07,96.160000
1919-05-08,97.650000
1919-05-09,98.610000
1919-05-10,98.610000
1919-05-12,98.530000
1919-05-13,99.230000
1919-05-14,100.370000
1919-05-15,99.450000
1919-05-16,99.920000
1919-05-17,99.920000
1919-05-19,99.160000
1919-05-20,99.880000
1919-05-21,99.650000
1919-05-22,99.880000
1919-05-23,100.470000
1919-05-24,100.470000
1919-05-26,103.800000
1919-05-27,103.580000
1919-05-28,104.000000
1919-05-29,105.500000
1919-06-02,106.920000
1919-06-03,103.830000
1919-06-04,105.660000
1919-06-05,107.550000
1919-06-06,107.460000
1919-06-07,107.460000
1919-06-09,107.350000
1919-06-10,105.430000
1919-06-11,105.160000
1919-06-12,105.050000
1919-06-13,102.850000
1919-06-14,102.850000
1919-06-16,99.560000
1919-06-17,103.280000
1919-06-18,105.080000
1919-06-19,104.490000
1919-06-20,106.130000
1919-06-21,106.130000
1919-06-23,106.090000
1919-06-24,104.580000
1919-06-25,104.910000
1919-06-26,105.630000
1919-06-27,106.660000
1919-06-28,106.660000
1919-06-30,106.980000
1919-07-01,108.130000
1919-07-02,108.560000
1919-07-03,109.900000
1919-07-07,109.410000
1919-07-08,109.970000
1919-07-09,110.460000
1919-07-10,110.000000
1919-07-11,109.920000
1919-07-12,109.920000
1919-07-14,112.230000
1919-07-15,111.660000
1919-07-16,111.470000
1919-07-17,110.650000
1919-07-18,110.690000
1919-07-21,107.240000
1919-07-22,109.340000
1919-07-23,110.730000
1919-07-24,109.980000
1919-07-25,110.030000
1919-07-26,110.030000
1919-07-28,110.940000
1919-07-29,109.720000
1919-07-30,108.910000
1919-07-31,107.160000
1919-08-01,107.990000
1919-08-04,102.820000
1919-08-05,102.400000
1919-08-06,105.780000
1919-08-07,100.800000
1919-08-08,101.880000
1919-08-09,101.880000
1919-08-11,103.940000
1919-08-12,105.100000
1919-08-13,104.280000
1919-08-14,102.860000
1919-08-15,102.250000
1919-08-18,99.700000
1919-08-19,100.580000
1919-08-20,98.460000
1919-08-21,99.470000
1919-08-22,100.840000
1919-08-23,100.840000
1919-08-25,101.630000
1919-08-26,103.290000
1919-08-27,101.910000
1919-08-28,103.010000
1919-08-29,104.750000
1919-09-02,106.260000
1919-09-03,108.550000
1919-09-04,108.270000
1919-09-05,106.960000
1919-09-06,106.960000
1919-09-08,106.810000
1919-09-09,108.300000
1919-09-11,107.680000
1919-09-12,107.100000
1919-09-13,107.100000
1919-09-15,108.390000
1919-09-16,108.810000
1919-09-17,107.550000
1919-09-18,106.780000
1919-09-19,105.840000
1919-09-20,105.840000
1919-09-22,106.300000
1919-09-23,106.890000
1919-09-24,106.830000
1919-09-25,107.300000
1919-09-26,108.660000
1919-09-27,108.660000
1919-09-29,110.320000
1919-09-30,111.420000
1919-10-01,111.120000
1919-10-02,111.190000
1919-10-03,108.900000
1919-10-04,108.900000
1919-10-06,112.040000
1919-10-07,112.550000
1919-10-08,113.550000
1919-10-09,113.400000
1919-10-10,114.420000
1919-10-11,114.420000
1919-10-14,112.410000
1919-10-15,112.880000
1919-10-16,112.510000
1919-10-17,112.980000
1919-10-18,112.980000
1919-10-20,115.430000
1919-10-21,115.620000
1919-10-22,117.620000
1919-10-23,114.880000
1919-10-24,115.570000
1919-10-25,115.570000
1919-10-27,114.880000
1919-10-28,116.300000
1919-10-29,117.430000
1919-10-30,117.330000
1919-10-31,118.920000
1919-11-01,118.920000
1919-11-03,119.620000
1919-11-05,118.480000
1919-11-06,117.780000
1919-11-07,117.180000
1919-11-08,117.180000
1919-11-10,112.930000
1919-11-11,110.750000
1919-11-12,107.150000
1919-11-13,110.690000
1919-11-14,110.490000
1919-11-15,110.490000
1919-11-17,109.090000
1919-11-18,107.450000
1919-11-19,106.150000
1919-11-20,108.190000
1919-11-21,107.730000
1919-11-22,107.730000
1919-11-24,108.860000
1919-11-25,109.020000
1919-11-26,107.500000
1919-11-28,103.720000
1919-11-29,103.720000
1919-12-01,104.030000
1919-12-02,104.410000
1919-12-03,105.750000
1919-12-04,107.790000
1919-12-05,107.420000
1919-12-06,107.420000
1919-12-08,107.830000
1919-12-09,106.850000
1919-12-10,107.010000
1919-12-11,105.010000
1919-12-12,103.730000
1919-12-13,103.730000
1919-12-15,105.060000
1919-12-16,106.610000
1919-12-17,107.260000
1919-12-18,103.780000
1919-12-19,104.630000
1919-12-20,104.630000
1919-12-22,103.550000
1919-12-23,103.790000
1919-12-24,103.950000
1919-12-26,105.630000
1919-12-27,105.630000
1919-12-29,105.180000
1919-12-30,105.460000
1919-12-31,107.230000
1920-01-02,107.230000
1920-01-03,107.230000
1920-01-05,108.850000
1920-01-06,107.360000
1920-01-07,107.550000
1920-01-08,107.240000
1920-01-09,106.590000
1920-01-10,106.590000
1920-01-12,104.220000
1920-01-13,104.530000
1920-01-14,102.000000
1920-01-15,103.620000
1920-01-16,101.940000
1920-01-17,101.940000
1920-01-19,102.720000
1920-01-20,103.480000
1920-01-21,102.620000
1920-01-22,102.360000
1920-01-23,101.900000
1920-01-24,101.900000
1920-01-26,103.740000
1920-01-27,104.150000
1920-01-28,103.960000
1920-01-29,103.690000
1920-01-30,104.210000
1920-01-31,104.210000
1920-02-02,103.010000
1920-02-03,99.960000
1920-02-04,97.230000
1920-02-05,95.500000
1920-02-06,95.750000
1920-02-07,95.750000
1920-02-09,95.730000
1920-02-10,92.120000
1920-02-11,90.660000
1920-02-13,92.660000
1920-02-14,92.660000
1920-02-16,92.600000
1920-02-17,93.560000
1920-02-18,94.440000
1920-02-19,94.150000
1920-02-20,95.570000
1920-02-21,95.570000
1920-02-24,92.980000
1920-02-25,89.980000
1920-02-26,91.370000
1920-02-27,91.180000
1920-02-28,91.180000
1920-03-01,92.400000
1920-03-02,91.680000
1920-03-03,91.950000
1920-03-04,94.220000
1920-03-05,94.580000
1920-03-06,94.580000
1920-03-08,97.380000
1920-03-09,97.110000
1920-03-10,99.460000
1920-03-11,99.800000
1920-03-12,98.550000
1920-03-13,98.550000
1920-03-15,100.550000
1920-03-16,100.390000
1920-03-17,102.110000
1920-03-18,103.980000
1920-03-19,103.660000
1920-03-20,103.660000
1920-03-22,104.170000
1920-03-23,103.550000
1920-03-24,100.330000
1920-03-25,101.540000
1920-03-26,103.630000
1920-03-27,103.630000
1920-03-29,102.230000
1920-03-30,102.450000
1920-03-31,102.810000
1920-04-01,102.660000
1920-04-05,102.980000
1920-04-06,102.980000
1920-04-07,105.450000
1920-04-08,105.650000
1920-04-09,105.380000
1920-04-10,105.380000
1920-04-12,103.940000
1920-04-13,104.610000
1920-04-14,105.180000
1920-04-15,104.410000
1920-04-16,104.730000
1920-04-17,104.730000
1920-04-19,101.870000
1920-04-20,99.480000
1920-04-21,95.930000
1920-04-22,97.150000
1920-04-23,95.460000
1920-04-24,95.460000
1920-04-26,97.200000
1920-04-27,96.410000
1920-04-28,94.750000
1920-04-29,93.160000
1920-04-30,93.540000
1920-05-03,94.030000
1920-05-04,94.270000
1920-05-05,94.410000
1920-05-06,94.170000
1920-05-07,93.450000
1920-05-08,93.450000
1920-05-10,93.330000
1920-05-11,92.520000
1920-05-12,91.290000
1920-05-13,90.800000
1920-05-14,91.350000
1920-05-15,91.350000
1920-05-17,91.240000
1920-05-18,91.210000
1920-05-19,87.360000
1920-05-20,88.160000
1920-05-21,88.200000
1920-05-22,88.200000
1920-05-24,87.570000
1920-05-25,90.240000
1920-05-26,90.010000
1920-05-27,91.010000
1920-05-28,91.810000
1920-05-29,91.810000
1920-06-01,90.200000
1920-06-02,90.650000
1920-06-03,90.900000
1920-06-04,91.900000
1920-06-05,91.900000
1920-06-07,91.130000
1920-06-08,91.460000
1920-06-09,92.200000
1920-06-10,91.920000
1920-06-11,93.060000
1920-06-12,93.060000
1920-06-14,91.750000
1920-06-15,91.680000
1920-06-16,91.750000
1920-06-17,91.370000
1920-06-18,92.000000
1920-06-19,92.000000
1920-06-21,91.320000
1920-06-22,90.160000
1920-06-23,90.830000
1920-06-24,90.880000
1920-06-25,90.950000
1920-06-26,90.950000
1920-06-28,90.450000
1920-06-29,90.360000
1920-06-30,90.760000
1920-07-01,95.260000
1920-07-02,92.200000
1920-07-06,93.000000
1920-07-07,94.040000
1920-07-08,94.510000
1920-07-09,94.430000
1920-07-10,94.430000
1920-07-12,92.080000
1920-07-13,91.580000
1920-07-14,91.200000
1920-07-15,89.950000
1920-07-16,90.240000
1920-07-17,90.240000
1920-07-19,90.680000
1920-07-20,90.450000
1920-07-21,90.740000
1920-07-22,89.630000
1920-07-23,89.850000
1920-07-24,89.850000
1920-07-26,87.680000
1920-07-27,86.960000
1920-07-28,87.890000
1920-07-29,83.860000
1920-07-30,86.850000
1920-07-31,86.850000
1920-08-02,84.950000
1920-08-03,85.540000
1920-08-04,85.580000
1920-08-05,84.060000
1920-08-06,84.560000
1920-08-07,84.560000
1920-08-09,83.240000
1920-08-10,83.200000
1920-08-11,84.830000
1920-08-12,84.750000
1920-08-13,85.890000
1920-08-14,85.890000
1920-08-16,85.070000
1920-08-17,83.900000
1920-08-18,84.010000
1920-08-19,85.310000
1920-08-20,86.220000
1920-08-21,86.220000
1920-08-23,85.780000
1920-08-24,87.290000
1920-08-25,86.930000
1920-08-26,87.220000
1920-08-27,86.810000
1920-08-28,86.810000
1920-08-30,86.430000
1920-08-31,86.160000
1920-09-01,86.340000
1920-09-02,87.220000
1920-09-03,88.050000
1920-09-07,88.210000
1920-09-08,87.130000
1920-09-09,88.330000
1920-09-10,87.980000
1920-09-11,87.980000
1920-09-13,86.960000
1920-09-14,87.640000
1920-09-15,87.820000
1920-09-16,88.630000
1920-09-17,89.950000
1920-09-18,89.950000
1920-09-20,88.880000
1920-09-21,87.960000
1920-09-22,87.450000
1920-09-23,86.470000
1920-09-24,85.900000
1920-09-25,85.900000
1920-09-27,83.820000
1920-09-28,84.530000
1920-09-29,83.830000
1920-09-30,82.950000
1920-10-01,84.000000
1920-10-02,84.000000
1920-10-04,85.250000
1920-10-05,85.560000
1920-10-06,85.600000
1920-10-07,85.260000
1920-10-08,84.400000
1920-10-09,84.400000
1920-10-11,84.000000
1920-10-13,84.390000
1920-10-14,85.220000
1920-10-15,84.400000
1920-10-16,84.400000
1920-10-18,84.310000
1920-10-19,84.600000
1920-10-20,85.260000
1920-10-21,84.650000
1920-10-22,85.060000
1920-10-23,85.060000
1920-10-25,85.730000
1920-10-26,85.610000
1920-10-27,84.920000
1920-10-28,84.610000
1920-10-29,85.080000
1920-10-30,85.080000
1920-11-01,85.480000
1920-11-03,84.990000
1920-11-04,84.450000
1920-11-05,83.480000
1920-11-06,83.480000
1920-11-08,81.510000
1920-11-09,79.940000
1920-11-10,80.620000
1920-11-11,79.950000
1920-11-12,77.560000
1920-11-13,77.560000
1920-11-15,76.630000
1920-11-16,76.650000
1920-11-17,75.210000
1920-11-18,74.360000
1920-11-19,73.120000
1920-11-20,73.120000
1920-11-22,77.150000
1920-11-23,77.200000
1920-11-24,76.650000
1920-11-26,75.530000
1920-11-27,75.530000
1920-11-29,76.180000
1920-11-30,76.040000
1920-12-01,76.500000
1920-12-02,77.300000
1920-12-03,77.080000
1920-12-04,77.080000
1920-12-06,76.730000
1920-12-07,76.730000
1920-12-08,75.490000
1920-12-09,74.220000
1920-12-10,73.290000
1920-12-11,73.290000
1920-12-13,70.480000
1920-12-14,72.290000
1920-12-15,71.280000
1920-12-16,70.600000
1920-12-17,70.260000
1920-12-18,70.260000
1920-12-20,68.520000
1920-12-21,66.750000
1920-12-22,67.020000
1920-12-23,69.630000
1920-12-24,68.910000
1920-12-27,68.010000
1920-12-28,67.960000
1920-12-29,69.200000
1920-12-30,70.030000
1920-12-31,71.950000
1921-01-03,72.670000
1921-01-04,72.760000
1921-01-05,73.130000
1921-01-06,74.310000
1921-01-07,75.210000
1921-01-08,75.210000
1921-01-10,76.000000
1921-01-11,76.140000
1921-01-12,75.880000
1921-01-13,74.430000
1921-01-14,74.480000
1921-01-15,74.480000
1921-01-17,75.210000
1921-01-18,75.400000
1921-01-19,76.760000
1921-01-20,76.080000
1921-01-21,74.650000
1921-01-22,74.650000
1921-01-24,74.770000
1921-01-25,74.980000
1921-01-26,75.190000
1921-01-27,75.710000
1921-01-28,76.230000
1921-01-29,76.230000
1921-01-31,76.130000
1921-02-01,75.480000
1921-02-02,74.980000
1921-02-03,74.340000
1921-02-04,74.740000
1921-02-05,74.740000
1921-02-07,74.800000
1921-02-08,75.540000
1921-02-09,75.480000
1921-02-10,75.590000
1921-02-11,75.590000
1921-02-14,76.410000
1921-02-15,76.900000
1921-02-16,77.140000
1921-02-17,76.400000
1921-02-18,76.280000
1921-02-19,76.280000
1921-02-21,75.100000
1921-02-23,75.660000
1921-02-24,74.660000
1921-02-25,75.230000
1921-02-26,75.230000
1921-02-28,74.980000
1921-03-01,74.710000
1921-03-02,75.190000
1921-03-03,75.230000
1921-03-04,75.110000
1921-03-05,75.110000
1921-03-07,75.260000
1921-03-08,74.910000
1921-03-09,74.600000
1921-03-10,73.600000
1921-03-11,72.250000
1921-03-12,72.250000
1921-03-14,72.990000
1921-03-15,73.870000
1921-03-16,75.200000
1921-03-17,75.440000
1921-03-18,76.300000
1921-03-19,76.300000
1921-03-21,76.030000
1921-03-22,76.600000
1921-03-23,77.780000
1921-03-24,77.390000
1921-03-26,77.390000
1921-03-28,76.190000
1921-03-29,77.130000
1921-03-30,76.260000
1921-03-31,75.760000
1921-04-01,75.720000
1921-04-02,75.720000
1921-04-04,75.160000
1921-04-05,76.160000
1921-04-06,76.580000
1921-04-07,76.160000
1921-04-08,75.610000
1921-04-09,75.610000
1921-04-11,76.150000
1921-04-12,76.280000
1921-04-13,75.930000
1921-04-14,75.060000
1921-04-15,76.180000
1921-04-16,76.180000
1921-04-18,76.150000
1921-04-19,76.100000
1921-04-20,76.080000
1921-04-21,76.540000
1921-04-22,77.630000
1921-04-23,77.630000
1921-04-25,78.550000
1921-04-26,78.860000
1921-04-27,78.110000
1921-04-28,78.770000
1921-04-29,78.570000
1921-04-30,78.570000
1921-05-02,79.650000
1921-05-03,79.230000
1921-05-04,79.610000
1921-05-05,80.030000
1921-05-06,79.680000
1921-05-07,79.680000
1921-05-09,78.810000
1921-05-10,78.610000
1921-05-11,77.980000
1921-05-12,77.600000
1921-05-13,77.570000
1921-05-14,77.570000
1921-05-16,77.230000
1921-05-17,77.650000
1921-05-18,77.510000
1921-05-19,76.960000
1921-05-20,76.070000
1921-05-21,76.070000
1921-05-23,75.860000
1921-05-24,74.430000
1921-05-25,74.260000
1921-05-26,74.810000
1921-05-27,74.310000
1921-05-31,73.440000
1921-06-01,73.510000
1921-06-02,73.060000
1921-06-03,72.370000
1921-06-04,72.370000
1921-06-06,71.180000
1921-06-07,71.560000
1921-06-08,71.030000
1921-06-09,69.850000
1921-06-10,69.920000
1921-06-11,69.920000
1921-06-13,70.030000
1921-06-14,70.050000
1921-06-15,69.000000
1921-06-16,68.160000
1921-06-17,67.570000
1921-06-18,67.570000
1921-06-20,64.900000
1921-06-21,66.250000
1921-06-22,66.230000
1921-06-23,65.360000
1921-06-24,66.200000
1921-06-25,66.200000
1921-06-27,67.030000
1921-06-28,67.630000
1921-06-29,68.730000
1921-06-30,68.450000
1921-07-01,68.350000
1921-07-05,67.710000
1921-07-06,69.860000
1921-07-07,69.720000
1921-07-08,68.350000
1921-07-09,68.350000
1921-07-11,68.690000
1921-07-12,68.700000
1921-07-13,68.650000
1921-07-14,67.850000
1921-07-15,67.250000
1921-07-16,67.250000
1921-07-18,67.870000
1921-07-19,68.240000
1921-07-20,68.210000
1921-07-21,68.110000
1921-07-22,68.270000
1921-07-23,68.270000
1921-07-25,69.800000
1921-07-26,69.200000
1921-07-27,69.180000
1921-07-28,68.180000
1921-07-29,68.370000
1921-07-30,68.370000
1921-08-01,69.680000
1921-08-02,69.950000
1921-08-03,69.710000
1921-08-04,69.500000
1921-08-05,68.610000
1921-08-06,68.610000
1921-08-08,68.630000
1921-08-09,68.000000
1921-08-10,66.710000
1921-08-11,66.420000
1921-08-12,66.880000
1921-08-13,66.880000
1921-08-15,66.020000
1921-08-16,65.270000
1921-08-17,66.090000
1921-08-18,65.960000
1921-08-19,65.340000
1921-08-20,65.340000
1921-08-22,64.500000
1921-08-23,64.380000
1921-08-24,63.900000
1921-08-25,63.910000
1921-08-26,65.540000
1921-08-27,65.540000
1921-08-29,66.180000
1921-08-30,67.800000
1921-08-31,67.110000
1921-09-01,66.830000
1921-09-02,68.000000
1921-09-03,68.000000
1921-09-06,69.120000
1921-09-07,69.490000
1921-09-08,69.150000
1921-09-09,70.580000
1921-09-10,70.580000
1921-09-12,70.680000
1921-09-13,71.720000
1921-09-14,71.680000
1921-09-15,70.680000
1921-09-16,70.950000
1921-09-17,70.950000
1921-09-19,70.060000
1921-09-20,69.430000
1921-09-21,69.450000
1921-09-22,70.250000
1921-09-23,70.900000
1921-09-24,70.900000
1921-09-26,70.650000
1921-09-27,70.300000
1921-09-28,70.140000
1921-09-29,71.190000
1921-09-30,71.080000
1921-10-01,71.080000
1921-10-03,71.610000
1921-10-04,70.950000
1921-10-05,70.460000
1921-10-06,70.420000
1921-10-07,70.660000
1921-10-08,70.660000
1921-10-10,70.950000
1921-10-11,71.060000
1921-10-13,70.900000
1921-10-14,70.150000
1921-10-15,70.150000
1921-10-17,69.460000
1921-10-18,69.810000
1921-10-19,70.210000
1921-10-20,70.770000
1921-10-21,71.000000
1921-10-22,71.000000
1921-10-24,71.810000
1921-10-25,72.220000
1921-10-26,72.270000
1921-10-27,72.780000
1921-10-28,73.800000
1921-10-29,73.800000
1921-10-31,73.210000
1921-11-01,73.440000
1921-11-02,73.520000
1921-11-03,73.980000
1921-11-04,73.940000
1921-11-05,73.940000
1921-11-07,74.200000
1921-11-09,75.610000
1921-11-10,76.460000
1921-11-12,75.500000
1921-11-14,75.500000
1921-11-15,75.800000
1921-11-16,77.130000
1921-11-17,77.070000
1921-11-18,76.940000
1921-11-19,76.940000
1921-11-21,76.690000
1921-11-22,76.210000
1921-11-23,76.340000
1921-11-25,77.310000
1921-11-26,77.310000
1921-11-28,78.010000
1921-11-29,77.760000
1921-11-30,77.300000
1921-12-01,78.120000
1921-12-02,78.730000
1921-12-03,78.730000
1921-12-05,78.930000
1921-12-06,79.360000
1921-12-07,79.190000
1921-12-08,78.800000
1921-12-09,79.600000
1921-12-10,79.600000
1921-12-12,80.630000
1921-12-13,80.690000
1921-12-14,81.040000
1921-12-15,81.500000
1921-12-16,80.950000
1921-12-17,80.950000
1921-12-19,80.310000
1921-12-20,80.300000
1921-12-21,79.020000
1921-12-22,78.760000
1921-12-23,79.310000
1921-12-24,79.310000
1921-12-27,80.690000
1921-12-28,80.800000
1921-12-29,80.340000
1921-12-30,80.800000
1921-12-31,80.800000
1922-01-03,78.910000
1922-01-04,79.610000
1922-01-05,78.680000
1922-01-06,78.960000
1922-01-07,78.960000
1922-01-09,78.870000
1922-01-10,78.590000
1922-01-11,80.030000
1922-01-12,79.960000
1922-01-13,80.820000
1922-01-14,80.820000
1922-01-16,81.360000
1922-01-17,81.900000
1922-01-18,82.330000
1922-01-19,81.910000
1922-01-20,82.950000
1922-01-21,82.950000
1922-01-23,82.290000
1922-01-24,82.430000
1922-01-25,82.570000
1922-01-26,81.540000
1922-01-27,81.340000
1922-01-28,81.340000
1922-01-30,81.330000
1922-01-31,81.300000
1922-02-01,81.680000
1922-02-02,82.860000
1922-02-03,82.930000
1922-02-04,82.930000
1922-02-06,83.700000
1922-02-07,83.380000
1922-02-08,82.740000
1922-02-09,83.600000
1922-02-10,83.050000
1922-02-11,83.050000
1922-02-14,83.810000
1922-02-15,84.090000
1922-02-16,83.980000
1922-02-17,83.880000
1922-02-18,83.880000
1922-02-20,84.850000
1922-02-21,85.810000
1922-02-23,85.360000
1922-02-24,85.180000
1922-02-25,85.180000
1922-02-27,84.580000
1922-02-28,85.460000
1922-03-01,85.330000
1922-03-02,86.030000
1922-03-03,86.460000
1922-03-04,86.460000
1922-03-06,86.300000
1922-03-07,86.900000
1922-03-08,86.730000
1922-03-09,86.950000
1922-03-10,87.180000
1922-03-11,87.180000
1922-03-13,87.560000
1922-03-14,87.920000
1922-03-15,87.300000
1922-03-16,88.110000
1922-03-17,88.460000
1922-03-18,88.460000
1922-03-20,88.280000
1922-03-21,88.110000
1922-03-22,87.260000
1922-03-23,86.900000
1922-03-24,87.400000
1922-03-25,87.400000
1922-03-27,86.600000
1922-03-28,87.200000
1922-03-29,87.900000
1922-03-30,88.870000
1922-03-31,89.050000
1922-04-01,89.050000
1922-04-03,90.050000
1922-04-04,89.300000
1922-04-05,90.670000
1922-04-06,90.800000
1922-04-07,90.800000
1922-04-08,90.800000
1922-04-10,91.110000
1922-04-11,91.910000
1922-04-12,91.770000
1922-04-13,92.480000
1922-04-15,92.480000
1922-04-17,92.750000
1922-04-18,91.150000
1922-04-19,92.520000
1922-04-20,92.430000
1922-04-21,93.240000
1922-04-22,93.240000
1922-04-24,93.000000
1922-04-25,92.720000
1922-04-26,91.960000
1922-04-27,91.100000
1922-04-28,91.930000
1922-04-29,91.930000
1922-05-01,93.350000
1922-05-02,93.640000
1922-05-03,93.810000
1922-05-04,93.180000
1922-05-05,93.180000
1922-05-06,93.180000
1922-05-08,92.840000
1922-05-09,92.570000
1922-05-10,91.580000
1922-05-11,91.500000
1922-05-12,92.500000
1922-05-13,92.500000
1922-05-15,92.080000
1922-05-16,92.630000
1922-05-17,93.710000
1922-05-18,93.910000
1922-05-19,94.800000
1922-05-20,94.800000
1922-05-22,94.860000
1922-05-23,94.660000
1922-05-24,94.700000
1922-05-25,94.360000
1922-05-26,95.050000
1922-05-27,95.050000
1922-05-29,96.410000
1922-05-31,96.030000
1922-06-01,96.360000
1922-06-02,96.360000
1922-06-03,96.360000
1922-06-05,95.980000
1922-06-06,95.590000
1922-06-07,95.150000
1922-06-08,95.110000
1922-06-09,93.600000
1922-06-10,93.600000
1922-06-12,90.730000
1922-06-13,92.040000
1922-06-14,93.080000
1922-06-15,91.250000
1922-06-16,91.110000
1922-06-17,91.110000
1922-06-19,91.950000
1922-06-20,93.510000
1922-06-21,93.020000
1922-06-22,93.150000
1922-06-23,93.070000
1922-06-24,93.070000
1922-06-26,93.480000
1922-06-27,92.470000
1922-06-28,92.240000
1922-06-29,92.060000
1922-06-30,92.930000
1922-07-01,92.930000
1922-07-03,92.920000
1922-07-05,92.970000
1922-07-06,93.970000
1922-07-07,94.630000
1922-07-08,94.630000
1922-07-10,93.900000
1922-07-11,94.170000
1922-07-12,94.880000
1922-07-13,94.650000
1922-07-14,94.960000
1922-07-15,94.960000
1922-07-17,95.260000
1922-07-18,96.530000
1922-07-19,96.690000
1922-07-20,96.760000
1922-07-21,96.130000
1922-07-22,96.130000
1922-07-24,94.640000
1922-07-25,95.690000
1922-07-26,94.840000
1922-07-27,96.360000
1922-07-28,96.690000
1922-07-29,96.690000
1922-07-31,97.050000
1922-08-01,96.250000
1922-08-02,96.510000
1922-08-03,96.810000
1922-08-04,97.110000
1922-08-05,97.110000
1922-08-07,97.370000
1922-08-08,97.070000
1922-08-09,96.930000
1922-08-10,96.510000
1922-08-11,96.820000
1922-08-12,96.820000
1922-08-14,96.210000
1922-08-15,96.900000
1922-08-16,97.410000
1922-08-17,97.930000
1922-08-18,98.600000
1922-08-19,98.600000
1922-08-21,99.710000
1922-08-22,100.750000
1922-08-23,100.320000
1922-08-24,99.710000
1922-08-25,99.820000
1922-08-26,99.820000
1922-08-28,99.210000
1922-08-29,100.700000
1922-08-30,100.750000
1922-08-31,100.780000
1922-09-01,101.280000
1922-09-02,101.280000
1922-09-05,101.670000
1922-09-06,100.600000
1922-09-07,101.050000
1922-09-08,101.220000
1922-09-09,101.220000
1922-09-11,102.050000
1922-09-12,101.880000
1922-09-13,101.100000
1922-09-14,100.790000
1922-09-15,100.990000
1922-09-16,100.990000
1922-09-18,98.880000
1922-09-19,99.930000
1922-09-20,100.140000
1922-09-21,98.370000
1922-09-22,98.550000
1922-09-23,98.550000
1922-09-25,98.900000
1922-09-26,98.450000
1922-09-27,96.810000
1922-09-28,96.580000
1922-09-29,97.120000
1922-09-30,97.120000
1922-10-02,97.670000
1922-10-03,98.900000
1922-10-04,99.930000
1922-10-05,100.340000
1922-10-06,100.810000
1922-10-07,100.810000
1922-10-09,102.260000
1922-10-10,101.550000
1922-10-11,101.720000
1922-10-13,102.600000
1922-10-14,102.600000
1922-10-16,102.760000
1922-10-17,102.600000
1922-10-18,102.000000
1922-10-19,101.210000
1922-10-20,102.010000
1922-10-21,102.010000
1922-10-23,100.110000
1922-10-24,100.100000
1922-10-25,99.550000
1922-10-26,98.000000
1922-10-27,98.760000
1922-10-28,98.760000
1922-10-30,96.900000
1922-10-31,96.110000
1922-11-01,96.230000
1922-11-02,98.500000
1922-11-03,99.200000
1922-11-04,99.200000
1922-11-06,98.450000
1922-11-08,99.830000
1922-11-09,98.980000
1922-11-10,97.500000
1922-11-11,97.500000
1922-11-13,95.370000
1922-11-14,93.610000
1922-11-15,95.110000
1922-11-16,94.720000
1922-11-17,95.090000
1922-11-18,95.090000
1922-11-20,95.820000
1922-11-21,95.590000
1922-11-22,94.290000
1922-11-23,94.080000
1922-11-24,94.100000
1922-11-25,94.100000
1922-11-27,92.030000
1922-11-28,93.850000
1922-11-29,94.650000
1922-12-01,95.730000
1922-12-02,95.730000
1922-12-04,95.100000
1922-12-05,95.030000
1922-12-06,96.750000
1922-12-07,96.910000
1922-12-08,97.880000
1922-12-09,97.880000
1922-12-11,97.850000
1922-12-12,98.280000
1922-12-13,98.190000
1922-12-14,98.030000
1922-12-15,98.130000
1922-12-16,98.130000
1922-12-18,97.640000
1922-12-19,98.230000
1922-12-20,97.520000
1922-12-21,97.880000
1922-12-22,98.620000
1922-12-26,98.620000
1922-12-27,99.220000
1922-12-28,98.140000
1922-12-29,98.170000
1922-12-30,98.170000
1923-01-02,98.770000
1923-01-03,99.420000
1923-01-04,98.570000
1923-01-05,98.880000
1923-01-06,98.880000
1923-01-08,98.060000
1923-01-09,97.230000
1923-01-10,97.290000
1923-01-11,98.120000
1923-01-12,98.630000
1923-01-13,98.630000
1923-01-15,98.040000
1923-01-16,96.960000
1923-01-17,97.050000
1923-01-18,98.090000
1923-01-19,97.850000
1923-01-20,97.850000
1923-01-22,97.250000
1923-01-23,97.430000
1923-01-24,97.160000
1923-01-25,97.790000
1923-01-26,98.150000
1923-01-27,98.150000
1923-01-29,98.260000
1923-01-30,97.750000
1923-01-31,97.430000
1923-02-01,97.710000
1923-02-02,98.700000
1923-02-03,98.700000
1923-02-05,100.030000
1923-02-06,101.010000
1923-02-07,101.050000
1923-02-08,101.050000
1923-02-09,100.820000
1923-02-10,100.820000
1923-02-13,102.160000
1923-02-14,101.850000
1923-02-15,102.570000
1923-02-16,103.230000
1923-02-17,103.230000
1923-02-19,102.960000
1923-02-20,103.560000
1923-02-21,103.590000
1923-02-23,103.270000
1923-02-24,103.270000
1923-02-26,102.400000
1923-02-27,102.790000
1923-02-28,103.900000
1923-03-01,104.230000
1923-03-02,104.650000
1923-03-03,104.650000
1923-03-05,104.770000
1923-03-06,104.790000
1923-03-07,105.230000
1923-03-08,104.700000
1923-03-09,104.480000
1923-03-10,104.480000
1923-03-12,104.220000
1923-03-13,104.790000
1923-03-14,105.280000
1923-03-15,104.740000
1923-03-16,103.930000
1923-03-17,103.930000
1923-03-19,105.360000
1923-03-20,105.380000
1923-03-21,105.230000
1923-03-22,105.090000
1923-03-23,103.980000
1923-03-24,103.980000
1923-03-26,102.360000
1923-03-27,103.030000
1923-03-28,103.450000
1923-03-29,102.770000
1923-03-31,102.770000
1923-04-02,101.510000
1923-04-03,101.600000
1923-04-04,101.400000
1923-04-05,102.360000
1923-04-06,102.700000
1923-04-07,102.700000
1923-04-09,102.110000
1923-04-10,101.860000
1923-04-11,101.080000
1923-04-12,101.710000
1923-04-13,101.810000
1923-04-14,101.810000
1923-04-16,101.760000
1923-04-17,102.140000
1923-04-18,102.240000
1923-04-19,102.580000
1923-04-20,101.380000
1923-04-21,101.380000
1923-04-23,100.730000
1923-04-24,101.080000
1923-04-25,101.360000
1923-04-26,101.370000
1923-04-27,101.160000
1923-04-28,101.160000
1923-04-30,98.380000
1923-05-01,97.400000
1923-05-02,98.050000
1923-05-03,96.300000
1923-05-04,96.600000
1923-05-05,96.600000
1923-05-07,95.410000
1923-05-08,96.540000
1923-05-09,98.190000
1923-05-10,97.610000
1923-05-11,96.450000
1923-05-12,96.450000
1923-05-14,96.910000
1923-05-15,95.950000
1923-05-16,95.530000
1923-05-17,95.410000
1923-05-18,95.070000
1923-05-19,95.070000
1923-05-21,92.770000
1923-05-22,93.580000
1923-05-23,93.900000
1923-05-24,96.030000
1923-05-25,96.650000
1923-05-26,96.650000
1923-05-28,97.250000
1923-05-29,97.660000
1923-05-31,97.530000
1923-06-01,95.360000
1923-06-02,95.360000
1923-06-04,96.140000
1923-06-05,96.290000
1923-06-06,97.240000
1923-06-07,97.170000
1923-06-08,96.660000
1923-06-09,96.660000
1923-06-11,97.220000
1923-06-12,95.970000
1923-06-13,95.790000
1923-06-14,95.440000
1923-06-15,94.860000
1923-06-16,94.860000
1923-06-18,92.640000
1923-06-19,92.760000
1923-06-20,90.810000
1923-06-21,92.260000
1923-06-22,93.550000
1923-06-23,93.550000
1923-06-25,91.480000
1923-06-26,90.110000
1923-06-27,88.660000
1923-06-28,89.380000
1923-06-29,88.400000
1923-06-30,88.400000
1923-07-02,88.950000
1923-07-03,87.870000
1923-07-05,87.900000
1923-07-06,88.650000
1923-07-07,88.650000
1923-07-09,89.260000
1923-07-10,88.440000
1923-07-11,87.800000
1923-07-12,87.640000
1923-07-13,89.070000
1923-07-14,89.070000
1923-07-16,89.220000
1923-07-17,89.500000
1923-07-18,90.010000
1923-07-19,91.350000
1923-07-20,91.720000
1923-07-21,91.720000
1923-07-23,91.580000
1923-07-24,90.160000
1923-07-25,90.870000
1923-07-26,91.060000
1923-07-27,88.370000
1923-07-28,88.370000
1923-07-30,88.110000
1923-07-31,86.910000
1923-08-01,87.960000
1923-08-02,88.200000
1923-08-04,88.200000
1923-08-06,88.510000
1923-08-07,89.550000
1923-08-08,88.630000
1923-08-09,88.670000
1923-08-11,88.670000
1923-08-13,88.950000
1923-08-14,89.600000
1923-08-15,90.230000
1923-08-16,90.860000
1923-08-17,91.640000
1923-08-18,91.640000
1923-08-20,91.710000
1923-08-21,92.180000
1923-08-22,92.130000
1923-08-23,92.040000
1923-08-24,91.920000
1923-08-25,91.920000
1923-08-27,92.480000
1923-08-28,93.200000
1923-08-29,93.700000
1923-08-30,93.400000
1923-08-31,93.460000
1923-09-01,93.460000
1923-09-04,92.250000
1923-09-05,92.980000
1923-09-06,93.000000
1923-09-07,92.840000
1923-09-08,92.840000
1923-09-10,93.310000
1923-09-11,93.610000
1923-09-12,92.050000
1923-09-13,89.930000
1923-09-14,89.630000
1923-09-15,89.630000
1923-09-17,89.410000
1923-09-18,88.490000
1923-09-19,89.170000
1923-09-20,88.160000
1923-09-21,88.070000
1923-09-22,88.070000
1923-09-24,89.210000
1923-09-25,87.940000
1923-09-26,88.530000
1923-09-27,88.530000
1923-09-28,87.970000
1923-09-29,87.970000
1923-10-01,88.060000
1923-10-02,88.090000
1923-10-03,90.450000
1923-10-04,89.930000
1923-10-05,89.410000
1923-10-06,89.410000
1923-10-08,88.560000
1923-10-09,88.060000
1923-10-10,87.540000
1923-10-11,87.160000
1923-10-13,87.160000
1923-10-15,88.060000
1923-10-16,86.910000
1923-10-17,87.560000
1923-10-18,87.460000
1923-10-19,87.510000
1923-10-20,87.510000
1923-10-22,87.480000
1923-10-23,87.370000
1923-10-24,87.130000
1923-10-25,86.430000
1923-10-26,86.010000
1923-10-27,86.010000
1923-10-29,86.200000
1923-10-30,85.910000
1923-10-31,88.530000
1923-11-01,88.410000
1923-11-02,88.910000
1923-11-03,88.910000
1923-11-05,89.370000
1923-11-07,89.480000
1923-11-08,90.750000
1923-11-09,91.140000
1923-11-10,91.140000
1923-11-12,91.080000
1923-11-13,90.750000
1923-11-14,90.440000
1923-11-15,90.870000
1923-11-16,90.330000
1923-11-17,90.330000
1923-11-19,91.350000
1923-11-20,91.260000
1923-11-21,92.170000
1923-11-22,91.830000
1923-11-23,92.130000
1923-11-24,92.130000
1923-11-26,92.880000
1923-11-27,92.610000
1923-11-28,92.410000
1923-11-30,92.340000
1923-12-01,92.340000
1923-12-03,92.640000
1923-12-04,92.680000
1923-12-05,92.810000
1923-12-06,92.940000
1923-12-07,93.800000
1923-12-08,93.800000
1923-12-10,93.860000
1923-12-11,93.650000
1923-12-12,94.110000
1923-12-13,94.700000
1923-12-14,94.930000
1923-12-15,94.930000
1923-12-17,95.260000
1923-12-18,93.660000
1923-12-19,93.630000
1923-12-20,94.000000
1923-12-21,93.510000
1923-12-22,93.510000
1923-12-24,94.420000
1923-12-26,95.610000
1923-12-27,94.980000
1923-12-28,95.120000
1923-12-29,95.120000
1923-12-31,95.520000
1924-01-02,95.650000
1924-01-03,94.880000
1924-01-04,95.400000
1924-01-05,95.400000
1924-01-07,96.540000
1924-01-08,96.770000
1924-01-09,97.040000
1924-01-10,97.230000
1924-01-11,97.460000
1924-01-12,97.460000
1924-01-14,95.680000
1924-01-15,96.090000
1924-01-16,96.650000
1924-01-17,96.420000
1924-01-18,96.280000
1924-01-19,96.280000
1924-01-21,97.280000
1924-01-22,97.230000
1924-01-23,97.730000
1924-01-24,98.590000
1924-01-25,99.810000
1924-01-26,99.810000
1924-01-28,99.350000
1924-01-29,99.160000
1924-01-30,99.490000
1924-01-31,100.660000
1924-02-01,100.700000
1924-02-02,100.700000
1924-02-04,101.080000
1924-02-05,101.080000
1924-02-06,101.310000
1924-02-07,100.990000
1924-02-08,100.200000
1924-02-09,100.200000
1924-02-11,100.910000
1924-02-13,99.810000
1924-02-14,100.050000
1924-02-15,96.630000
1924-02-16,96.630000
1924-02-18,96.330000
1924-02-19,96.070000
1924-02-20,96.580000
1924-02-21,97.400000
1924-02-23,97.880000
1924-02-25,96.450000
1924-02-26,96.450000
1924-02-27,96.750000
1924-02-28,97.690000
1924-02-29,97.690000
1924-03-01,97.690000
1924-03-03,97.490000
1924-03-04,97.100000
1924-03-05,97.500000
1924-03-06,97.550000
1924-03-07,98.450000
1924-03-08,98.450000
1924-03-10,98.250000
1924-03-11,97.210000
1924-03-12,97.810000
1924-03-13,97.580000
1924-03-14,98.250000
1924-03-15,98.250000
1924-03-17,98.020000
1924-03-18,96.600000
1924-03-19,96.690000
1924-03-20,96.890000
1924-03-21,95.880000
1924-03-22,95.880000
1924-03-24,95.720000
1924-03-25,95.580000
1924-03-26,94.120000
1924-03-27,93.670000
1924-03-28,92.900000
1924-03-29,92.900000
1924-03-31,92.280000
1924-04-01,93.010000
1924-04-02,93.500000
1924-04-03,94.500000
1924-04-04,94.330000
1924-04-05,94.330000
1924-04-07,94.050000
1924-04-08,93.030000
1924-04-09,92.850000
1924-04-10,92.240000
1924-04-11,90.860000
1924-04-12,90.860000
1924-04-14,90.780000
1924-04-15,89.910000
1924-04-16,90.520000
1924-04-17,90.780000
1924-04-19,91.340000
1924-04-21,89.180000
1924-04-22,89.220000
1924-04-23,90.430000
1924-04-24,90.440000
1924-04-25,91.510000
1924-04-26,91.510000
1924-04-28,90.990000
1924-04-29,90.650000
1924-04-30,90.630000
1924-05-01,92.120000
1924-05-02,91.680000
1924-05-03,91.680000
1924-05-05,92.230000
1924-05-06,92.240000
1924-05-07,92.470000
1924-05-08,92.040000
1924-05-09,91.400000
1924-05-10,91.400000
1924-05-12,89.480000
1924-05-13,89.690000
1924-05-14,88.770000
1924-05-15,89.180000
1924-05-16,89.780000
1924-05-17,89.780000
1924-05-19,89.810000
1924-05-20,88.330000
1924-05-21,89.350000
1924-05-22,90.100000
1924-05-23,90.040000
1924-05-24,90.040000
1924-05-26,90.600000
1924-05-27,90.150000
1924-05-28,89.900000
1924-05-31,89.900000
1924-06-02,90.150000
1924-06-03,91.230000
1924-06-04,90.720000
1924-06-05,90.410000
1924-06-06,89.180000
1924-06-07,89.180000
1924-06-09,90.150000
1924-06-10,90.530000
1924-06-11,92.000000
1924-06-12,92.190000
1924-06-13,92.680000
1924-06-14,92.680000
1924-06-16,93.800000
1924-06-17,93.570000
1924-06-18,93.520000
1924-06-19,93.790000
1924-06-20,93.480000
1924-06-21,93.480000
1924-06-23,92.650000
1924-06-24,93.130000
1924-06-25,93.670000
1924-06-26,94.710000
1924-06-27,95.330000
1924-06-28,95.330000
1924-06-30,96.370000
1924-07-01,96.450000
1924-07-02,96.380000
1924-07-03,96.480000
1924-07-05,96.480000
1924-07-07,96.910000
1924-07-08,97.560000
1924-07-09,97.400000
1924-07-10,96.650000
1924-07-11,97.380000
1924-07-12,97.380000
1924-07-14,97.500000
1924-07-15,97.400000
1924-07-16,96.850000
1924-07-17,96.850000
1924-07-18,97.400000
1924-07-19,97.400000
1924-07-21,99.020000
1924-07-22,99.360000
1924-07-23,99.400000
1924-07-24,99.360000
1924-07-25,99.600000
1924-07-26,99.600000
1924-07-28,101.090000
1924-07-29,100.870000
1924-07-30,101.160000
1924-07-31,102.140000
1924-08-01,102.120000
1924-08-02,102.120000
1924-08-04,103.280000
1924-08-05,102.520000
1924-08-06,102.570000
1924-08-07,102.300000
1924-08-08,101.790000
1924-08-09,101.790000
1924-08-11,102.200000
1924-08-12,101.510000
1924-08-13,101.600000
1924-08-14,102.860000
1924-08-15,104.010000
1924-08-16,104.010000
1924-08-18,104.990000
1924-08-19,105.380000
1924-08-20,105.570000
1924-08-21,104.830000
1924-08-22,103.890000
1924-08-23,103.890000
1924-08-25,103.530000
1924-08-26,103.580000
1924-08-27,103.230000
1924-08-28,102.670000
1924-08-29,104.140000
1924-08-30,104.140000
1924-09-02,104.950000
1924-09-03,104.020000
1924-09-04,102.770000
1924-09-05,101.070000
1924-09-06,101.070000
1924-09-08,101.260000
1924-09-09,101.980000
1924-09-10,101.130000
1924-09-11,101.790000
1924-09-12,101.910000
1924-09-13,101.910000
1924-09-15,101.380000
1924-09-16,101.750000
1924-09-17,103.400000
1924-09-18,103.420000
1924-09-19,103.630000
1924-09-20,103.630000
1924-09-22,103.250000
1924-09-23,104.160000
1924-09-24,104.680000
1924-09-25,104.130000
1924-09-26,103.980000
1924-09-27,103.980000
1924-09-29,102.960000
1924-09-30,103.160000
1924-10-01,104.080000
1924-10-02,103.630000
1924-10-03,102.640000
1924-10-04,102.640000
1924-10-06,102.580000
1924-10-07,102.380000
1924-10-08,102.060000
1924-10-09,102.600000
1924-10-10,101.380000
1924-10-11,101.380000
1924-10-14,100.180000
1924-10-15,100.110000
1924-10-16,100.160000
1924-10-17,100.860000
1924-10-18,100.860000
1924-10-20,101.140000
1924-10-21,101.850000
1924-10-22,101.960000
1924-10-23,102.180000
1924-10-24,102.530000
1924-10-25,102.530000
1924-10-27,101.730000
1924-10-28,102.450000
1924-10-29,102.410000
1924-10-30,103.000000
1924-10-31,104.060000
1924-11-01,104.060000
1924-11-03,103.890000
1924-11-05,105.110000
1924-11-06,104.060000
1924-11-07,104.860000
1924-11-08,104.860000
1924-11-10,105.910000
1924-11-11,107.580000
1924-11-12,108.140000
1924-11-13,108.580000
1924-11-14,108.960000
1924-11-15,108.960000
1924-11-17,109.510000
1924-11-18,110.730000
1924-11-19,110.240000
1924-11-20,110.500000
1924-11-21,109.630000
1924-11-22,109.630000
1924-11-24,109.810000
1924-11-25,110.080000
1924-11-26,110.150000
1924-11-28,111.100000
1924-11-29,111.100000
1924-12-01,110.440000
1924-12-02,110.710000
1924-12-03,110.830000
1924-12-04,111.560000
1924-12-05,111.260000
1924-12-06,111.260000
1924-12-08,111.300000
1924-12-09,112.110000
1924-12-10,111.070000
1924-12-11,110.840000
1924-12-12,111.960000
1924-12-13,111.960000
1924-12-15,113.400000
1924-12-16,113.730000
1924-12-17,114.350000
1924-12-18,115.170000
1924-12-19,116.130000
1924-12-20,116.130000
1924-12-22,116.840000
1924-12-23,115.780000
1924-12-24,116.740000
1924-12-26,118.500000
1924-12-27,118.500000
1924-12-29,118.630000
1924-12-30,118.020000
1924-12-31,120.510000
1925-01-02,121.250000
1925-01-03,121.250000
1925-01-05,119.460000
1925-01-06,121.130000
1925-01-07,121.180000
1925-01-08,121.610000
1925-01-09,122.320000
1925-01-10,122.320000
1925-01-12,123.210000
1925-01-13,123.560000
1925-01-14,122.970000
1925-01-15,121.380000
1925-01-16,121.710000
1925-01-17,121.710000
1925-01-19,122.350000
1925-01-20,121.740000
1925-01-21,122.110000
1925-01-22,123.600000
1925-01-23,123.090000
1925-01-24,123.090000
1925-01-26,121.900000
1925-01-27,121.530000
1925-01-28,121.980000
1925-01-29,122.440000
1925-01-30,123.490000
1925-01-31,123.490000
1925-02-02,120.460000
1925-02-03,120.080000
1925-02-04,120.560000
1925-02-05,120.830000
1925-02-06,121.480000
1925-02-07,121.480000
1925-02-09,122.370000
1925-02-10,121.730000
1925-02-11,121.230000
1925-02-13,121.730000
1925-02-14,121.730000
1925-02-16,117.960000
1925-02-17,118.480000
1925-02-18,120.070000
1925-02-19,119.710000
1925-02-20,121.640000
1925-02-21,121.640000
1925-02-24,121.480000
1925-02-25,122.150000
1925-02-26,122.860000
1925-02-27,122.240000
1925-02-28,122.240000
1925-03-02,123.930000
1925-03-03,125.250000
1925-03-04,123.260000
1925-03-05,124.810000
1925-03-06,125.680000
1925-03-07,125.680000
1925-03-09,124.330000
1925-03-10,122.620000
1925-03-11,123.260000
1925-03-12,124.600000
1925-03-13,123.250000
1925-03-14,123.250000
1925-03-16,120.760000
1925-03-17,118.530000
1925-03-18,118.250000
1925-03-19,119.380000
1925-03-20,120.910000
1925-03-21,120.910000
1925-03-23,116.820000
1925-03-24,116.780000
1925-03-25,118.710000
1925-03-26,116.780000
1925-03-27,117.480000
1925-03-28,117.480000
1925-03-30,115.000000
1925-03-31,116.750000
1925-04-01,118.070000
1925-04-02,117.610000
1925-04-03,117.400000
1925-04-04,117.400000
1925-04-06,119.430000
1925-04-07,118.780000
1925-04-08,118.900000
1925-04-09,119.060000
1925-04-11,119.060000
1925-04-13,120.180000
1925-04-14,121.540000
1925-04-15,121.110000
1925-04-16,120.670000
1925-04-17,121.410000
1925-04-18,121.410000
1925-04-20,121.230000
1925-04-21,119.530000
1925-04-22,120.520000
1925-04-23,120.820000
1925-04-24,119.740000
1925-04-25,119.740000
1925-04-27,119.460000
1925-04-28,120.000000
1925-04-29,120.400000
1925-04-30,120.010000
1925-05-01,121.100000
1925-05-02,121.100000
1925-05-04,122.860000
1925-05-05,123.630000
1925-05-06,124.320000
1925-05-07,125.160000
1925-05-08,124.740000
1925-05-09,124.740000
1925-05-11,124.140000
1925-05-12,124.450000
1925-05-13,124.210000
1925-05-14,124.160000
1925-05-15,126.000000
1925-05-16,126.000000
1925-05-18,127.090000
1925-05-19,128.380000
1925-05-20,128.680000
1925-05-21,128.700000
1925-05-22,128.750000
1925-05-23,128.750000
1925-05-25,127.780000
1925-05-26,128.430000
1925-05-27,129.130000
1925-05-28,129.600000
1925-05-29,129.950000
1925-06-01,129.690000
1925-06-02,130.420000
1925-06-03,130.410000
1925-06-04,128.890000
1925-06-05,128.980000
1925-06-06,128.980000
1925-06-08,127.120000
1925-06-09,127.210000
1925-06-10,126.750000
1925-06-11,127.850000
1925-06-12,128.380000
1925-06-13,128.380000
1925-06-15,128.430000
1925-06-16,129.660000
1925-06-17,129.800000
1925-06-18,128.880000
1925-06-19,129.260000
1925-06-20,129.260000
1925-06-22,128.250000
1925-06-23,127.170000
1925-06-24,127.800000
1925-06-25,128.280000
1925-06-26,129.170000
1925-06-27,129.170000
1925-06-29,129.230000
1925-06-30,131.010000
1925-07-01,131.760000
1925-07-02,131.530000
1925-07-03,131.520000
1925-07-06,132.310000
1925-07-07,132.700000
1925-07-08,133.070000
1925-07-09,131.830000
1925-07-10,131.330000
1925-07-11,131.330000
1925-07-13,131.710000
1925-07-14,132.950000
1925-07-15,133.400000
1925-07-16,133.500000
1925-07-17,134.000000
1925-07-18,134.000000
1925-07-20,135.000000
1925-07-21,134.930000
1925-07-22,133.870000
1925-07-23,135.330000
1925-07-24,135.580000
1925-07-25,135.580000
1925-07-27,136.500000
1925-07-28,135.620000
1925-07-29,134.480000
1925-07-30,134.160000
1925-07-31,133.810000
1925-08-01,133.810000
1925-08-03,135.810000
1925-08-04,136.380000
1925-08-05,135.730000
1925-08-06,135.710000
1925-08-07,137.400000
1925-08-08,137.400000
1925-08-10,137.410000
1925-08-11,137.800000
1925-08-12,137.480000
1925-08-13,138.600000
1925-08-14,139.510000
1925-08-15,139.510000
1925-08-17,141.560000
1925-08-18,142.600000
1925-08-19,141.820000
1925-08-20,141.660000
1925-08-21,142.630000
1925-08-22,142.630000
1925-08-24,142.760000
1925-08-25,143.180000
1925-08-26,141.880000
1925-08-27,141.540000
1925-08-28,141.130000
1925-08-29,141.130000
1925-08-31,141.180000
1925-09-01,139.780000
1925-09-02,137.220000
1925-09-03,139.910000
1925-09-04,140.880000
1925-09-05,140.880000
1925-09-08,140.860000
1925-09-09,142.400000
1925-09-10,143.830000
1925-09-11,145.380000
1925-09-12,145.380000
1925-09-14,146.630000
1925-09-15,143.890000
1925-09-16,145.870000
1925-09-17,146.460000
1925-09-18,147.160000
1925-09-19,147.160000
1925-09-21,146.110000
1925-09-22,145.740000
1925-09-23,146.020000
1925-09-24,143.980000
1925-09-25,145.560000
1925-09-26,145.560000
1925-09-28,144.150000
1925-09-29,145.060000
1925-09-30,143.460000
1925-10-01,144.770000
1925-10-02,146.130000
1925-10-03,146.130000
1925-10-05,146.810000
1925-10-06,145.110000
1925-10-07,145.600000
1925-10-08,146.750000
1925-10-09,147.200000
1925-10-10,147.200000
1925-10-13,147.400000
1925-10-14,148.960000
1925-10-15,149.160000
1925-10-16,149.560000
1925-10-17,149.560000
1925-10-19,148.530000
1925-10-20,150.290000
1925-10-21,151.610000
1925-10-22,152.130000
1925-10-23,153.290000
1925-10-24,153.290000
1925-10-26,153.600000
1925-10-27,152.920000
1925-10-28,155.250000
1925-10-29,154.880000
1925-10-30,155.650000
1925-10-31,155.650000
1925-11-02,157.880000
1925-11-04,158.050000
1925-11-05,157.670000
1925-11-06,159.390000
1925-11-07,159.390000
1925-11-09,157.430000
1925-11-10,151.600000
1925-11-11,154.180000
1925-11-12,155.470000
1925-11-13,157.760000
1925-11-14,157.760000
1925-11-16,153.110000
1925-11-17,153.480000
1925-11-18,150.350000
1925-11-19,152.270000
1925-11-20,152.450000
1925-11-21,152.450000
1925-11-23,148.600000
1925-11-24,148.180000
1925-11-25,151.040000
1925-11-27,152.700000
1925-11-28,152.700000
1925-11-30,151.080000
1925-12-01,152.110000
1925-12-02,152.880000
1925-12-03,153.800000
1925-12-04,154.600000
1925-12-05,154.600000
1925-12-07,154.210000
1925-12-08,153.840000
1925-12-09,152.570000
1925-12-10,153.710000
1925-12-11,154.210000
1925-12-12,154.210000
1925-12-14,154.700000
1925-12-15,154.070000
1925-12-16,152.880000
1925-12-17,152.780000
1925-12-18,152.670000
1925-12-19,152.670000
1925-12-21,152.350000
1925-12-22,153.910000
1925-12-23,155.980000
1925-12-26,155.980000
1925-12-28,152.700000
1925-12-29,151.780000
1925-12-30,151.080000
1925-12-31,151.080000
1926-01-02,151.080000
1926-01-04,158.750000
1926-01-05,157.600000
1926-01-06,158.000000
1926-01-07,158.930000
1926-01-08,158.760000
1926-01-09,158.760000
1926-01-11,157.580000
1926-01-12,157.390000
1926-01-13,158.310000
1926-01-14,156.900000
1926-01-15,155.100000
1926-01-16,155.100000
1926-01-18,155.980000
1926-01-19,153.810000
1926-01-20,155.040000
1926-01-21,153.200000
1926-01-22,154.260000
1926-01-23,154.260000
1926-01-25,155.280000
1926-01-26,154.630000
1926-01-27,156.460000
1926-01-28,157.200000
1926-01-29,157.350000
1926-01-30,157.350000
1926-02-01,156.830000
1926-02-02,157.950000
1926-02-03,159.400000
1926-02-04,160.530000
1926-02-05,159.980000
1926-02-06,159.980000
1926-02-08,159.100000
1926-02-09,160.310000
1926-02-10,161.580000
1926-02-11,162.310000
1926-02-13,162.310000
1926-02-15,158.300000
1926-02-16,158.880000
1926-02-17,160.050000
1926-02-18,161.090000
1926-02-19,160.920000
1926-02-20,160.920000
1926-02-23,158.830000
1926-02-24,158.550000
1926-02-25,156.540000
1926-02-26,154.680000
1926-02-27,154.680000
1926-03-01,150.900000
1926-03-02,147.060000
1926-03-03,144.440000
1926-03-04,150.760000
1926-03-05,150.400000
1926-03-06,150.400000
1926-03-08,150.100000
1926-03-09,151.270000
1926-03-10,153.130000
1926-03-11,153.000000
1926-03-12,153.030000
1926-03-13,153.030000
1926-03-15,150.650000
1926-03-16,149.880000
1926-03-17,149.280000
1926-03-18,146.320000
1926-03-19,145.110000
1926-03-20,145.110000
1926-03-22,146.320000
1926-03-23,143.860000
1926-03-24,140.310000
1926-03-25,140.810000
1926-03-26,141.760000
1926-03-27,141.760000
1926-03-29,135.490000
1926-03-30,135.200000
1926-03-31,140.460000
1926-04-01,140.350000
1926-04-03,140.350000
1926-04-05,141.080000
1926-04-06,142.430000
1926-04-07,141.970000
1926-04-08,140.670000
1926-04-09,140.950000
1926-04-10,140.950000
1926-04-12,136.530000
1926-04-13,138.900000
1926-04-14,136.360000
1926-04-15,137.080000
1926-04-16,136.270000
1926-04-17,136.270000
1926-04-19,136.910000
1926-04-20,137.470000
1926-04-21,139.910000
1926-04-22,141.110000
1926-04-23,142.550000
1926-04-24,142.550000
1926-04-26,142.930000
1926-04-27,143.150000
1926-04-28,144.550000
1926-04-29,144.430000
1926-04-30,143.710000
1926-05-01,143.710000
1926-05-03,140.530000
1926-05-04,141.380000
1926-05-05,141.490000
1926-05-06,142.130000
1926-05-07,140.100000
1926-05-08,140.100000
1926-05-10,138.870000
1926-05-11,139.050000
1926-05-12,139.780000
1926-05-13,139.450000
1926-05-14,138.840000
1926-05-15,138.840000
1926-05-17,137.970000
1926-05-18,137.530000
1926-05-19,137.160000
1926-05-20,138.660000
1926-05-21,140.270000
1926-05-22,140.270000
1926-05-24,141.160000
1926-05-25,141.200000
1926-05-26,141.640000
1926-05-27,142.430000
1926-05-28,143.430000
1926-06-01,142.300000
1926-06-02,143.550000
1926-06-03,145.030000
1926-06-04,145.280000
1926-06-05,145.280000
1926-06-07,145.560000
1926-06-08,145.400000
1926-06-09,145.560000
1926-06-10,145.950000
1926-06-11,147.210000
1926-06-12,147.210000
1926-06-14,150.130000
1926-06-15,149.370000
1926-06-16,151.310000
1926-06-17,153.440000
1926-06-18,151.920000
1926-06-19,151.920000
1926-06-21,154.020000
1926-06-22,153.540000
1926-06-23,151.540000
1926-06-24,151.870000
1926-06-25,150.800000
1926-06-26,150.800000
1926-06-28,151.080000
1926-06-29,152.610000
1926-06-30,153.040000
1926-07-01,153.010000
1926-07-02,154.150000
1926-07-06,154.370000
1926-07-07,155.050000
1926-07-08,155.660000
1926-07-09,153.740000
1926-07-10,153.740000
1926-07-12,155.580000
1926-07-13,156.830000
1926-07-14,157.120000
1926-07-15,155.840000
1926-07-16,157.810000
1926-07-17,157.810000
1926-07-19,158.940000
1926-07-20,157.630000
1926-07-21,156.410000
1926-07-22,155.580000
1926-07-23,155.430000
1926-07-24,155.430000
1926-07-26,155.710000
1926-07-27,156.730000
1926-07-28,159.330000
1926-07-29,160.580000
1926-07-30,160.180000
1926-07-31,160.180000
1926-08-02,161.840000
1926-08-03,163.400000
1926-08-04,163.240000
1926-08-05,163.340000
1926-08-06,164.160000
1926-08-07,164.160000
1926-08-09,166.140000
1926-08-10,162.890000
1926-08-11,161.680000
1926-08-12,163.280000
1926-08-13,164.850000
1926-08-14,164.850000
1926-08-16,166.100000
1926-08-17,164.140000
1926-08-18,164.410000
1926-08-19,162.430000
1926-08-20,162.060000
1926-08-21,162.060000
1926-08-23,163.410000
1926-08-24,161.460000
1926-08-25,160.410000
1926-08-26,161.180000
1926-08-27,161.360000
1926-08-28,161.360000
1926-08-30,161.830000
1926-08-31,162.510000
1926-09-01,163.930000
1926-09-02,163.230000
1926-09-03,163.750000
1926-09-07,166.100000
1926-09-08,165.050000
1926-09-09,164.940000
1926-09-10,163.350000
1926-09-11,163.350000
1926-09-13,158.970000
1926-09-14,160.570000
1926-09-15,159.350000
1926-09-16,158.710000
1926-09-17,156.740000
1926-09-18,156.740000
1926-09-20,156.260000
1926-09-21,157.560000
1926-09-22,157.650000
1926-09-23,156.960000
1926-09-24,158.650000
1926-09-25,158.650000
1926-09-27,158.420000
1926-09-28,158.010000
1926-09-29,157.710000
1926-09-30,158.190000
1926-10-01,159.690000
1926-10-02,159.690000
1926-10-04,156.780000
1926-10-05,154.860000
1926-10-06,153.990000
1926-10-07,152.500000
1926-10-08,153.390000
1926-10-09,153.390000
1926-10-11,149.350000
1926-10-13,150.780000
1926-10-14,152.100000
1926-10-15,147.950000
1926-10-16,147.950000
1926-10-18,148.200000
1926-10-19,145.660000
1926-10-20,146.730000
1926-10-21,149.380000
1926-10-22,148.510000
1926-10-23,148.510000
1926-10-25,148.780000
1926-10-26,149.350000
1926-10-27,151.870000
1926-10-28,151.450000
1926-10-29,150.760000
1926-10-30,150.760000
1926-11-01,150.510000
1926-11-03,151.230000
1926-11-04,152.760000
1926-11-05,152.880000
1926-11-06,152.880000
1926-11-08,154.750000
1926-11-09,154.820000
1926-11-10,153.410000
1926-11-11,154.660000
1926-11-12,155.000000
1926-11-13,155.000000
1926-11-15,155.000000
1926-11-16,156.530000
1926-11-17,155.150000
1926-11-18,154.510000
1926-11-19,152.860000
1926-11-20,152.860000
1926-11-22,155.010000
1926-11-23,155.830000
1926-11-24,155.730000
1926-11-26,157.370000
1926-11-27,157.370000
1926-11-29,155.930000
1926-11-30,156.550000
1926-12-01,157.310000
1926-12-02,158.000000
1926-12-03,158.500000
1926-12-04,158.500000
1926-12-06,159.300000
1926-12-07,158.860000
1926-12-08,158.350000
1926-12-09,158.940000
1926-12-10,159.610000
1926-12-11,159.610000
1926-12-13,160.010000
1926-12-14,160.650000
1926-12-15,160.630000
1926-12-16,159.320000
1926-12-17,160.660000
1926-12-18,160.660000
1926-12-20,160.750000
1926-12-21,160.460000
1926-12-22,160.290000
1926-12-23,160.220000
1926-12-24,160.460000
1926-12-27,159.320000
1926-12-28,157.190000
1926-12-29,157.500000
1926-12-30,156.650000
1926-12-31,157.200000
1927-01-03,155.160000
1927-01-04,155.530000
1927-01-05,155.540000
1927-01-06,155.160000
1927-01-07,155.530000
1927-01-08,155.530000
1927-01-10,156.560000
1927-01-11,155.680000
1927-01-12,155.500000
1927-01-13,155.450000
1927-01-14,154.910000
1927-01-15,154.910000
1927-01-17,153.910000
1927-01-18,154.120000
1927-01-19,155.530000
1927-01-20,155.160000
1927-01-21,155.510000
1927-01-22,155.510000
1927-01-24,154.430000
1927-01-25,152.730000
1927-01-26,153.360000
1927-01-27,153.130000
1927-01-28,153.850000
1927-01-29,153.850000
1927-01-31,156.410000
1927-02-01,156.260000
1927-02-02,154.800000
1927-02-03,154.940000
1927-02-04,154.510000
1927-02-05,154.510000
1927-02-07,154.310000
1927-02-08,154.860000
1927-02-09,155.290000
1927-02-10,155.530000
1927-02-11,156.050000
1927-02-14,157.560000
1927-02-15,157.610000
1927-02-16,157.410000
1927-02-17,157.970000
1927-02-18,158.560000
1927-02-19,158.560000
1927-02-21,158.800000
1927-02-23,160.430000
1927-02-24,160.110000
1927-02-25,160.680000
1927-02-26,160.680000
1927-02-28,161.960000
1927-03-01,161.420000
1927-03-02,159.070000
1927-03-03,160.890000
1927-03-04,159.680000
1927-03-05,159.680000
1927-03-07,158.620000
1927-03-08,158.840000
1927-03-09,159.860000
1927-03-10,160.870000
1927-03-11,160.180000
1927-03-12,160.180000
1927-03-14,161.430000
1927-03-15,160.030000
1927-03-16,161.610000
1927-03-17,161.780000
1927-03-18,160.680000
1927-03-19,160.680000
1927-03-21,160.810000
1927-03-22,158.410000
1927-03-23,158.850000
1927-03-24,160.300000
1927-03-25,160.210000
1927-03-26,160.210000
1927-03-28,161.010000
1927-03-29,160.620000
1927-03-30,159.660000
1927-03-31,160.080000
1927-04-01,160.710000
1927-04-02,160.710000
1927-04-04,161.700000
1927-04-05,162.680000
1927-04-06,162.690000
1927-04-07,162.500000
1927-04-08,162.520000
1927-04-09,162.520000
1927-04-11,163.610000
1927-04-12,163.380000
1927-04-13,164.170000
1927-04-14,164.780000
1927-04-16,164.780000
1927-04-18,165.480000
1927-04-19,165.930000
1927-04-20,166.100000
1927-04-21,166.660000
1927-04-22,167.360000
1927-04-23,167.360000
1927-04-25,163.730000
1927-04-26,165.120000
1927-04-27,165.230000
1927-04-28,163.530000
1927-04-29,164.640000
1927-04-30,164.640000
1927-05-02,164.590000
1927-05-03,165.850000
1927-05-04,168.050000
1927-05-05,167.750000
1927-05-06,167.850000
1927-05-07,167.850000
1927-05-09,168.150000
1927-05-10,168.250000
1927-05-11,167.580000
1927-05-12,167.060000
1927-05-13,168.150000
1927-05-14,168.150000
1927-05-16,166.680000
1927-05-17,168.190000
1927-05-18,168.980000
1927-05-19,170.290000
1927-05-20,171.750000
1927-05-21,171.750000
1927-05-23,171.670000
1927-05-24,171.060000
1927-05-25,171.510000
1927-05-26,171.310000
1927-05-27,172.150000
1927-05-28,172.150000
1927-05-31,172.960000
1927-06-01,171.980000
1927-06-02,171.880000
1927-06-03,169.650000
1927-06-04,169.650000
1927-06-06,171.130000
1927-06-07,170.180000
1927-06-08,170.220000
1927-06-09,170.850000
1927-06-10,170.210000
1927-06-11,170.210000
1927-06-14,167.630000
1927-06-15,168.780000
1927-06-16,170.260000
1927-06-17,170.150000
1927-06-18,170.150000
1927-06-20,169.500000
1927-06-21,169.870000
1927-06-22,169.500000
1927-06-23,167.820000
1927-06-24,168.040000
1927-06-25,168.040000
1927-06-27,165.730000
1927-06-28,166.400000
1927-06-29,166.530000
1927-06-30,166.230000
1927-07-01,168.060000
1927-07-02,168.060000
1927-07-05,170.950000
1927-07-06,172.270000
1927-07-07,171.960000
1927-07-08,171.500000
1927-07-09,171.500000
1927-07-11,172.650000
1927-07-12,173.110000
1927-07-13,173.190000
1927-07-14,174.380000
1927-07-15,174.870000
1927-07-16,174.870000
1927-07-18,175.400000
1927-07-19,177.020000
1927-07-20,177.830000
1927-07-21,177.750000
1927-07-22,177.830000
1927-07-23,177.830000
1927-07-25,179.280000
1927-07-26,179.720000
1927-07-27,180.090000
1927-07-28,180.730000
1927-07-29,181.400000
1927-07-30,181.400000
1927-08-01,184.210000
1927-08-02,185.550000
1927-08-03,183.560000
1927-08-04,184.640000
1927-08-05,182.870000
1927-08-06,182.870000
1927-08-08,180.270000
1927-08-09,182.050000
1927-08-10,182.200000
1927-08-11,180.000000
1927-08-12,177.130000
1927-08-13,177.130000
1927-08-15,181.930000
1927-08-16,183.360000
1927-08-17,184.300000
1927-08-18,184.150000
1927-08-19,185.100000
1927-08-20,185.100000
1927-08-22,187.320000
1927-08-23,187.490000
1927-08-24,188.070000
1927-08-25,187.500000
1927-08-26,188.810000
1927-08-27,188.810000
1927-08-29,190.000000
1927-08-30,190.630000
1927-08-31,189.790000
1927-09-01,191.560000
1927-09-02,192.830000
1927-09-03,192.830000
1927-09-06,196.910000
1927-09-07,197.750000
1927-09-08,196.920000
1927-09-09,194.600000
1927-09-10,194.600000
1927-09-12,194.000000
1927-09-13,196.810000
1927-09-14,198.000000
1927-09-15,198.970000
1927-09-16,198.850000
1927-09-17,198.850000
1927-09-19,196.380000
1927-09-20,196.970000
1927-09-21,196.260000
1927-09-22,194.650000
1927-09-23,195.420000
1927-09-24,195.420000
1927-09-26,194.640000
1927-09-27,195.380000
1927-09-28,194.110000
1927-09-29,194.800000
1927-09-30,197.590000
1927-10-01,197.590000
1927-10-03,199.780000
1927-10-04,198.880000
1927-10-05,199.220000
1927-10-06,199.220000
1927-10-07,197.500000
1927-10-08,197.500000
1927-10-10,189.030000
1927-10-11,189.290000
1927-10-13,190.450000
1927-10-14,190.020000
1927-10-15,190.020000
1927-10-17,186.810000
1927-10-18,187.320000
1927-10-19,184.480000
1927-10-20,181.430000
1927-10-21,181.430000
1927-10-22,181.430000
1927-10-24,181.430000
1927-10-25,185.310000
1927-10-26,184.780000
1927-10-27,183.960000
1927-10-28,181.680000
1927-10-29,181.680000
1927-10-31,181.730000
1927-11-01,181.650000
1927-11-02,184.610000
1927-11-03,186.500000
1927-11-04,187.490000
1927-11-05,187.490000
1927-11-07,190.570000
1927-11-09,189.310000
1927-11-10,190.700000
1927-11-11,193.340000
1927-11-12,193.340000
1927-11-14,195.910000
1927-11-15,195.370000
1927-11-16,194.530000
1927-11-17,195.470000
1927-11-18,196.680000
1927-11-19,196.680000
1927-11-21,194.900000
1927-11-22,196.200000
1927-11-23,197.100000
1927-11-25,196.880000
1927-11-26,196.880000
1927-11-28,194.800000
1927-11-29,196.950000
1927-11-30,198.210000
1927-12-01,196.580000
1927-12-02,196.750000
1927-12-03,196.750000
1927-12-05,196.960000
1927-12-06,196.440000
1927-12-07,195.430000
1927-12-08,193.580000
1927-12-09,196.190000
1927-12-10,196.190000
1927-12-12,197.350000
1927-12-13,198.050000
1927-12-14,196.740000
1927-12-15,197.090000
1927-12-16,198.930000
1927-12-17,198.930000
1927-12-19,200.930000
1927-12-20,200.930000
1927-12-21,200.630000
1927-12-22,200.620000
1927-12-23,200.810000
1927-12-24,200.810000
1927-12-27,200.320000
1927-12-28,198.600000
1927-12-29,199.960000
1927-12-30,200.700000
1927-12-31,200.700000
1928-01-03,203.350000
1928-01-04,202.240000
1928-01-05,199.610000
1928-01-06,201.450000
1928-01-07,201.450000
1928-01-09,199.630000
1928-01-10,197.320000
1928-01-11,197.430000
1928-01-12,198.350000
1928-01-13,199.510000
1928-01-14,199.510000
1928-01-16,195.410000
1928-01-17,195.350000
1928-01-18,195.500000
1928-01-19,196.240000
1928-01-20,198.060000
1928-01-21,198.060000
1928-01-23,199.720000
1928-01-24,201.010000
1928-01-25,198.580000
1928-01-26,199.600000
1928-01-27,200.310000
1928-01-28,200.310000
1928-01-30,197.570000
1928-01-31,198.590000
1928-02-01,197.980000
1928-02-02,199.200000
1928-02-03,196.300000
1928-02-04,196.300000
1928-02-06,196.630000
1928-02-07,196.850000
1928-02-08,197.860000
1928-02-09,199.350000
1928-02-10,199.020000
1928-02-11,199.020000
1928-02-14,197.930000
1928-02-15,197.590000
1928-02-16,196.300000
1928-02-17,192.480000
1928-02-18,192.480000
1928-02-20,191.330000
1928-02-21,192.810000
1928-02-23,193.090000
1928-02-24,193.150000
1928-02-25,193.150000
1928-02-27,192.120000
1928-02-28,193.940000
1928-02-29,194.780000
1928-03-01,194.810000
1928-03-02,194.530000
1928-03-03,194.530000
1928-03-05,197.800000
1928-03-06,199.510000
1928-03-07,197.480000
1928-03-08,198.260000
1928-03-09,201.320000
1928-03-10,201.320000
1928-03-12,203.330000
1928-03-13,202.310000
1928-03-14,201.040000
1928-03-15,202.910000
1928-03-16,204.700000
1928-03-17,204.700000
1928-03-19,203.660000
1928-03-20,205.230000
1928-03-21,206.780000
1928-03-22,206.670000
1928-03-23,208.560000
1928-03-24,208.560000
1928-03-26,210.360000
1928-03-27,210.380000
1928-03-28,210.030000
1928-03-29,210.760000
1928-03-30,214.450000
1928-03-31,214.450000
1928-04-02,209.330000
1928-04-03,209.950000
1928-04-04,209.820000
1928-04-05,212.120000
1928-04-09,211.530000
1928-04-10,209.230000
1928-04-11,212.460000
1928-04-12,212.130000
1928-04-13,216.930000
1928-04-14,216.930000
1928-04-16,215.790000
1928-04-17,213.020000
1928-04-18,213.360000
1928-04-19,214.070000
1928-04-20,210.900000
1928-04-23,207.940000
1928-04-24,208.850000
1928-04-25,208.960000
1928-04-26,210.180000
1928-04-27,212.250000
1928-04-28,212.250000
1928-04-30,211.630000
1928-05-01,213.480000
1928-05-02,213.880000
1928-05-03,214.620000
1928-05-04,217.660000
1928-05-07,219.510000
1928-05-08,220.090000
1928-05-09,218.710000
1928-05-10,218.430000
1928-05-11,220.740000
1928-05-14,220.880000
1928-05-15,219.520000
1928-05-16,216.650000
1928-05-17,218.760000
1928-05-18,217.640000
1928-05-21,214.330000
1928-05-22,211.730000
1928-05-23,215.450000
1928-05-24,217.530000
1928-05-25,217.740000
1928-05-28,214.050000
1928-05-29,217.280000
1928-05-31,219.810000
1928-06-01,220.270000
1928-06-02,220.270000
1928-06-04,216.620000
1928-06-05,217.800000
1928-06-06,215.510000
1928-06-07,215.080000
1928-06-08,211.510000
1928-06-09,211.510000
1928-06-11,205.740000
1928-06-12,202.650000
1928-06-13,209.010000
1928-06-14,210.760000
1928-06-15,205.960000
1928-06-16,205.960000
1928-06-18,201.960000
1928-06-19,202.010000
1928-06-20,204.490000
1928-06-21,204.150000
1928-06-22,204.250000
1928-06-23,204.250000
1928-06-25,203.950000
1928-06-26,206.080000
1928-06-27,208.420000
1928-06-28,209.630000
1928-06-29,210.370000
1928-06-30,210.370000
1928-07-02,208.210000
1928-07-03,211.900000
1928-07-05,214.430000
1928-07-06,212.490000
1928-07-07,212.490000
1928-07-09,213.860000
1928-07-10,212.710000
1928-07-11,206.430000
1928-07-12,206.710000
1928-07-13,207.830000
1928-07-14,207.830000
1928-07-16,205.100000
1928-07-17,206.420000
1928-07-18,209.300000
1928-07-19,208.730000
1928-07-20,209.950000
1928-07-21,209.950000
1928-07-23,210.840000
1928-07-24,212.000000
1928-07-25,213.040000
1928-07-26,212.650000
1928-07-27,215.660000
1928-07-28,215.660000
1928-07-30,216.620000
1928-07-31,216.000000
1928-08-01,216.780000
1928-08-02,214.900000
1928-08-03,216.150000
1928-08-04,216.150000
1928-08-06,218.040000
1928-08-07,218.060000
1928-08-08,215.190000
1928-08-09,215.100000
1928-08-10,214.910000
1928-08-11,214.910000
1928-08-13,215.530000
1928-08-14,214.080000
1928-08-15,219.400000
1928-08-16,221.340000
1928-08-17,222.410000
1928-08-18,222.410000
1928-08-20,225.770000
1928-08-21,228.790000
1928-08-22,229.710000
1928-08-23,229.240000
1928-08-24,233.680000
1928-08-25,233.680000
1928-08-27,234.830000
1928-08-28,236.550000
1928-08-29,238.280000
1928-08-30,238.850000
1928-08-31,240.410000
1928-09-01,240.410000
1928-09-04,240.250000
1928-09-05,240.020000
1928-09-06,239.060000
1928-09-07,241.720000
1928-09-08,241.720000
1928-09-10,238.820000
1928-09-11,241.050000
1928-09-12,241.480000
1928-09-13,240.200000
1928-09-14,239.620000
1928-09-15,239.620000
1928-09-17,241.250000
1928-09-18,240.110000
1928-09-19,239.610000
1928-09-20,239.080000
1928-09-21,239.370000
1928-09-22,239.370000
1928-09-24,240.130000
1928-09-25,240.410000
1928-09-26,239.400000
1928-09-27,236.860000
1928-09-28,237.380000
1928-09-29,237.380000
1928-10-01,240.010000
1928-10-02,238.140000
1928-10-03,237.750000
1928-10-04,240.000000
1928-10-05,240.440000
1928-10-06,240.170000
1928-10-08,239.550000
1928-10-09,241.730000
1928-10-10,246.530000
1928-10-11,247.690000
1928-10-13,249.130000
1928-10-15,249.850000
1928-10-16,249.430000
1928-10-17,250.870000
1928-10-18,251.880000
1928-10-19,256.590000
1928-10-20,253.750000
1928-10-22,253.600000
1928-10-23,256.040000
1928-10-24,257.030000
1928-10-25,256.480000
1928-10-26,251.440000
1928-10-27,255.510000
1928-10-29,257.130000
1928-10-30,253.700000
1928-10-31,252.160000
1928-11-01,255.230000
1928-11-02,254.380000
1928-11-03,254.160000
1928-11-05,257.580000
1928-11-07,260.680000
1928-11-08,261.110000
1928-11-09,263.050000
1928-11-10,265.580000
1928-11-12,269.670000
1928-11-13,269.890000
1928-11-14,268.600000
1928-11-15,269.420000
1928-11-16,276.660000
1928-11-17,277.480000
1928-11-19,278.780000
1928-11-20,283.900000
1928-11-21,280.530000
1928-11-22,290.340000
1928-11-23,288.220000
1928-11-26,291.160000
1928-11-27,292.390000
1928-11-28,295.620000
1928-11-30,293.380000
1928-12-01,290.800000
1928-12-03,289.230000
1928-12-04,291.300000
1928-12-05,290.680000
1928-12-06,279.790000
1928-12-07,271.050000
1928-12-08,257.330000
1928-12-10,263.950000
1928-12-11,269.340000
1928-12-12,266.820000
1928-12-13,266.880000
1928-12-14,272.260000
1928-12-15,270.720000
1928-12-17,270.230000
1928-12-18,275.420000
1928-12-19,280.500000
1928-12-20,282.010000
1928-12-21,286.530000
1928-12-22,285.940000
1928-12-24,287.890000
1928-12-26,286.130000
1928-12-27,290.950000
1928-12-28,296.520000
1928-12-29,297.280000
1928-12-31,300.000000
1929-01-02,307.010000
1929-01-03,305.720000
1929-01-04,304.750000
1929-01-05,302.430000
1929-01-07,297.700000
1929-01-08,296.980000
1929-01-09,300.830000
1929-01-10,301.580000
1929-01-11,301.660000
1929-01-12,301.250000
1929-01-14,304.060000
1929-01-15,297.660000
1929-01-16,302.660000
1929-01-17,303.950000
1929-01-18,304.140000
1929-01-19,305.960000
1929-01-21,304.640000
1929-01-22,307.060000
1929-01-23,310.330000
1929-01-24,309.390000
1929-01-25,315.130000
1929-01-26,314.560000
1929-01-28,314.040000
1929-01-29,312.600000
1929-01-30,312.600000
1929-01-31,317.510000
1929-02-01,319.680000
1929-02-02,319.760000
1929-02-04,319.050000
1929-02-05,322.060000
1929-02-06,317.180000
1929-02-07,305.750000
1929-02-08,301.530000
1929-02-11,310.350000
1929-02-13,308.070000
1929-02-14,306.490000
1929-02-15,300.410000
1929-02-16,295.850000
1929-02-18,300.740000
1929-02-19,301.100000
1929-02-20,305.990000
1929-02-21,310.060000
1929-02-25,311.240000
1929-02-26,311.250000
1929-02-27,314.530000
1929-02-28,317.410000
1929-03-01,321.180000
1929-03-02,319.120000
1929-03-04,313.860000
1929-03-05,310.200000
1929-03-06,305.200000
1929-03-07,308.990000
1929-03-08,311.590000
1929-03-09,311.610000
1929-03-11,305.750000
1929-03-12,306.140000
1929-03-13,310.290000
1929-03-14,316.260000
1929-03-15,319.700000
1929-03-16,320.000000
1929-03-18,317.590000
1929-03-19,317.530000
1929-03-20,316.440000
1929-03-21,314.630000
1929-03-22,310.260000
1929-03-23,306.210000
1929-03-25,297.500000
1929-03-26,296.510000
1929-03-27,303.220000
1929-03-28,308.850000
1929-04-01,300.400000
1929-04-02,303.490000
1929-04-03,300.350000
1929-04-04,305.370000
1929-04-05,303.040000
1929-04-06,302.810000
1929-04-08,301.490000
1929-04-09,299.130000
1929-04-10,300.670000
1929-04-11,304.090000
1929-04-12,305.430000
1929-04-13,304.410000
1929-04-15,302.430000
1929-04-16,304.190000
1929-04-17,309.910000
1929-04-18,311.870000
1929-04-19,310.580000
1929-04-20,311.070000
1929-04-22,315.330000
1929-04-23,316.620000
1929-04-24,315.660000
1929-04-25,314.280000
1929-04-26,314.150000
1929-04-27,315.680000
1929-04-29,313.840000
1929-04-30,319.290000
1929-05-01,320.130000
1929-05-02,321.520000
1929-05-03,325.560000
1929-05-04,327.080000
1929-05-06,326.160000
1929-05-07,321.910000
1929-05-08,323.510000
1929-05-09,321.170000
1929-05-10,325.700000
1929-05-11,324.590000
1929-05-13,316.490000
1929-05-14,320.790000
1929-05-15,319.350000
1929-05-16,320.090000
1929-05-17,321.380000
1929-05-18,321.480000
1929-05-20,312.700000
1929-05-21,314.090000
1929-05-22,300.830000
1929-05-23,308.090000
1929-05-24,305.640000
1929-05-25,304.330000
1929-05-27,293.420000
1929-05-28,298.870000
1929-05-29,296.760000
1929-05-31,297.410000
1929-06-01,299.120000
1929-06-03,304.200000
1929-06-04,310.570000
1929-06-05,307.680000
1929-06-06,307.720000
1929-06-07,307.460000
1929-06-08,305.120000
1929-06-10,303.270000
1929-06-11,306.640000
1929-06-12,306.680000
1929-06-13,313.050000
1929-06-14,313.680000
1929-06-15,314.260000
1929-06-17,319.330000
1929-06-18,319.670000
1929-06-19,316.410000
1929-06-20,317.730000
1929-06-21,320.680000
1929-06-22,322.230000
1929-06-24,321.150000
1929-06-25,326.160000
1929-06-26,328.600000
1929-06-27,328.910000
1929-06-28,331.650000
1929-06-29,333.790000
1929-07-01,335.220000
1929-07-02,340.280000
1929-07-03,341.990000
1929-07-05,344.270000
1929-07-06,344.660000
1929-07-08,346.550000
1929-07-09,345.570000
1929-07-10,343.300000
1929-07-11,343.040000
1929-07-12,346.370000
1929-07-13,345.940000
1929-07-15,341.930000
1929-07-16,344.240000
1929-07-17,345.630000
1929-07-18,344.590000
1929-07-19,345.200000
1929-07-20,345.870000
1929-07-22,341.370000
1929-07-23,345.480000
1929-07-24,343.040000
1929-07-25,344.670000
1929-07-26,345.470000
1929-07-27,343.730000
1929-07-29,339.210000
1929-07-30,343.120000
1929-07-31,347.700000
1929-08-01,350.560000
1929-08-02,353.080000
1929-08-03,355.620000
1929-08-05,352.500000
1929-08-06,351.390000
1929-08-07,348.440000
1929-08-08,352.100000
1929-08-09,337.990000
1929-08-10,344.840000
1929-08-12,351.130000
1929-08-13,354.030000
1929-08-14,354.860000
1929-08-15,354.420000
1929-08-16,361.490000
1929-08-17,360.700000
1929-08-19,365.200000
1929-08-20,367.670000
1929-08-21,365.550000
1929-08-22,369.950000
1929-08-23,374.610000
1929-08-24,375.440000
1929-08-26,374.460000
1929-08-27,373.790000
1929-08-28,372.060000
1929-08-29,376.180000
1929-08-30,380.330000
1929-09-03,381.170000
1929-09-04,379.610000
1929-09-05,369.770000
1929-09-06,376.290000
1929-09-07,377.560000
1929-09-09,374.930000
1929-09-10,367.290000
1929-09-11,370.910000
1929-09-12,366.350000
1929-09-13,366.850000
1929-09-14,367.010000
1929-09-16,372.390000
1929-09-17,368.520000
1929-09-18,370.900000
1929-09-19,369.970000
1929-09-20,362.050000
1929-09-21,361.160000
1929-09-23,359.000000
1929-09-24,352.610000
1929-09-25,352.570000
1929-09-26,355.950000
1929-09-27,344.870000
1929-09-28,347.170000
1929-09-30,343.450000
1929-10-01,342.570000
1929-10-02,344.500000
1929-10-03,329.950000
1929-10-04,325.170000
1929-10-05,341.360000
1929-10-07,345.720000
1929-10-08,345.000000
1929-10-09,346.660000
1929-10-10,352.860000
1929-10-11,352.690000
1929-10-14,350.970000
1929-10-15,347.240000
1929-10-16,336.130000
1929-10-17,341.860000
1929-10-18,333.290000
1929-10-19,323.870000
1929-10-21,320.910000
1929-10-22,326.510000
1929-10-23,305.850000
1929-10-24,299.470000
1929-10-25,301.220000
1929-10-26,298.970000
1929-10-28,260.640000
1929-10-29,230.070000
1929-10-30,258.470000
1929-10-31,273.510000
1929-11-04,257.680000
1929-11-06,232.130000
1929-11-07,238.190000
1929-11-08,236.530000
1929-11-11,220.390000
1929-11-12,209.740000
1929-11-13,198.690000
1929-11-14,217.280000
1929-11-15,228.730000
1929-11-18,227.560000
1929-11-19,234.020000
1929-11-20,241.230000
1929-11-21,248.490000
1929-11-22,245.740000
1929-11-25,243.440000
1929-11-26,235.350000
1929-11-27,238.950000
1929-12-02,241.700000
1929-12-03,249.610000
1929-12-04,254.640000
1929-12-05,251.510000
1929-12-06,260.120000
1929-12-07,263.460000
1929-12-09,259.180000
1929-12-10,262.200000
1929-12-11,258.440000
1929-12-12,243.140000
1929-12-13,249.600000
1929-12-14,253.020000
1929-12-16,245.880000
1929-12-17,249.580000
1929-12-18,246.840000
1929-12-19,240.420000
1929-12-20,230.890000
1929-12-21,235.420000
1929-12-23,232.650000
1929-12-24,234.070000
1929-12-26,240.960000
1929-12-27,240.660000
1929-12-28,238.430000
1929-12-30,241.060000
1929-12-31,248.480000
1930-01-02,244.200000
1930-01-03,247.190000
1930-01-04,248.850000
1930-01-06,248.100000
1930-01-07,246.500000
1930-01-08,245.700000
1930-01-09,249.680000
1930-01-10,250.030000
1930-01-11,248.710000
1930-01-13,249.620000
1930-01-14,250.440000
1930-01-15,251.540000
1930-01-16,248.990000
1930-01-17,246.330000
1930-01-18,246.840000
1930-01-20,247.310000
1930-01-21,249.580000
1930-01-22,250.190000
1930-01-23,253.520000
1930-01-24,256.310000
1930-01-25,259.060000
1930-01-27,260.930000
1930-01-28,257.900000
1930-01-29,262.180000
1930-01-30,263.280000
1930-01-31,267.140000
1930-02-01,268.410000
1930-02-03,266.540000
1930-02-04,268.480000
1930-02-05,272.060000
1930-02-06,268.560000
1930-02-07,267.820000
1930-02-08,269.780000
1930-02-10,268.560000
1930-02-11,271.050000
1930-02-13,272.270000
1930-02-14,271.520000
1930-02-15,269.250000
1930-02-17,270.540000
1930-02-18,270.730000
1930-02-19,268.460000
1930-02-20,263.410000
1930-02-21,265.810000
1930-02-24,262.470000
1930-02-25,262.800000
1930-02-26,269.060000
1930-02-27,269.390000
1930-02-28,271.110000
1930-03-01,273.240000
1930-03-03,271.110000
1930-03-04,273.510000
1930-03-05,270.590000
1930-03-06,274.510000
1930-03-07,275.570000
1930-03-08,275.460000
1930-03-10,276.850000
1930-03-11,276.250000
1930-03-12,272.130000
1930-03-13,273.470000
1930-03-14,271.340000
1930-03-15,270.250000
1930-03-17,274.260000
1930-03-18,277.270000
1930-03-19,277.880000
1930-03-20,279.410000
1930-03-21,280.550000
1930-03-22,276.430000
1930-03-24,279.110000
1930-03-25,280.500000
1930-03-26,283.220000
1930-03-27,281.630000
1930-03-28,283.850000
1930-03-29,286.190000
1930-03-31,286.100000
1930-04-01,287.110000
1930-04-02,285.270000
1930-04-03,285.770000
1930-04-04,288.350000
1930-04-05,289.960000
1930-04-07,290.190000
1930-04-08,288.360000
1930-04-09,291.150000
1930-04-10,292.190000
1930-04-11,292.650000
1930-04-12,293.430000
1930-04-14,293.180000
1930-04-15,293.260000
1930-04-16,292.200000
1930-04-17,294.070000
1930-04-21,288.230000
1930-04-22,290.010000
1930-04-23,288.780000
1930-04-24,286.180000
1930-04-25,285.760000
1930-04-26,285.460000
1930-04-28,276.940000
1930-04-29,278.430000
1930-04-30,279.230000
1930-05-01,274.590000
1930-05-02,266.560000
1930-05-03,258.310000
1930-05-05,259.680000
1930-05-06,268.810000
1930-05-07,263.690000
1930-05-08,263.930000
1930-05-09,267.290000
1930-05-10,272.010000
1930-05-12,270.160000
1930-05-13,274.170000
1930-05-14,274.400000
1930-05-15,269.910000
1930-05-16,271.520000
1930-05-17,272.410000
1930-05-19,265.870000
1930-05-20,267.100000
1930-05-21,265.520000
1930-05-22,266.890000
1930-05-23,270.010000
1930-05-24,271.330000
1930-05-26,272.140000
1930-05-27,272.430000
1930-05-28,273.840000
1930-05-29,275.070000
1930-06-02,274.450000
1930-06-03,271.180000
1930-06-04,272.440000
1930-06-05,268.590000
1930-06-06,263.930000
1930-06-07,257.820000
1930-06-09,250.780000
1930-06-10,257.290000
1930-06-11,249.080000
1930-06-12,247.180000
1930-06-13,249.690000
1930-06-14,244.250000
1930-06-16,230.050000
1930-06-17,228.570000
1930-06-18,218.840000
1930-06-19,228.970000
1930-06-20,221.920000
1930-06-21,215.300000
1930-06-23,219.580000
1930-06-24,211.840000
1930-06-25,215.580000
1930-06-26,220.580000
1930-06-27,218.780000
1930-06-28,219.120000
1930-06-30,226.340000
1930-07-01,223.030000
1930-07-02,225.250000
1930-07-03,222.460000
1930-07-07,218.330000
1930-07-08,219.080000
1930-07-09,222.040000
1930-07-10,227.390000
1930-07-11,224.860000
1930-07-12,229.230000
1930-07-14,234.210000
1930-07-15,233.790000
1930-07-16,235.630000
1930-07-17,239.070000
1930-07-18,240.570000
1930-07-19,236.650000
1930-07-21,229.290000
1930-07-22,234.300000
1930-07-23,239.330000
1930-07-24,235.510000
1930-07-25,237.480000
1930-07-26,240.310000
1930-07-28,240.810000
1930-07-29,238.400000
1930-07-30,231.080000
1930-07-31,233.990000
1930-08-01,233.570000
1930-08-02,234.500000
1930-08-04,238.160000
1930-08-05,238.470000
1930-08-06,234.380000
1930-08-07,232.690000
1930-08-08,222.820000
1930-08-09,222.590000
1930-08-11,224.130000
1930-08-12,217.240000
1930-08-13,220.350000
1930-08-14,221.080000
1930-08-15,228.550000
1930-08-16,228.020000
1930-08-18,227.790000
1930-08-19,230.680000
1930-08-20,232.980000
1930-08-21,231.270000
1930-08-22,232.630000
1930-08-23,234.420000
1930-08-25,231.520000
1930-08-26,235.470000
1930-08-27,237.930000
1930-08-28,237.790000
1930-08-29,240.420000
1930-09-02,240.420000
1930-09-03,237.540000
1930-09-04,236.040000
1930-09-05,240.370000
1930-09-06,243.640000
1930-09-08,242.840000
1930-09-09,244.290000
1930-09-10,245.090000
1930-09-11,242.880000
1930-09-12,241.170000
1930-09-13,240.340000
1930-09-15,236.620000
1930-09-16,237.220000
1930-09-17,237.740000
1930-09-18,234.180000
1930-09-19,229.020000
1930-09-20,229.850000
1930-09-22,222.780000
1930-09-23,226.750000
1930-09-24,222.100000
1930-09-25,217.750000
1930-09-26,213.270000
1930-09-27,212.520000
1930-09-29,208.140000
1930-09-30,204.900000
1930-10-01,214.140000
1930-10-02,211.040000
1930-10-03,214.180000
1930-10-04,211.100000
1930-10-06,202.760000
1930-10-07,203.620000
1930-10-08,200.560000
1930-10-09,192.000000
1930-10-10,198.500000
1930-10-11,193.050000
1930-10-14,196.700000
1930-10-15,200.260000
1930-10-16,196.620000
1930-10-17,187.370000
1930-10-18,185.290000
1930-10-20,193.320000
1930-10-21,186.400000
1930-10-22,184.980000
1930-10-23,188.100000
1930-10-24,195.090000
1930-10-25,193.340000
1930-10-27,195.090000
1930-10-28,194.950000
1930-10-29,190.730000
1930-10-30,188.070000
1930-10-31,183.350000
1930-11-01,184.890000
1930-11-03,185.390000
1930-11-05,179.810000
1930-11-06,180.720000
1930-11-07,174.380000
1930-11-08,173.140000
1930-11-10,171.600000
1930-11-11,173.300000
1930-11-12,177.330000
1930-11-13,180.380000
1930-11-14,184.030000
1930-11-15,186.680000
1930-11-17,180.500000
1930-11-18,183.420000
1930-11-19,187.570000
1930-11-20,187.090000
1930-11-21,190.300000
1930-11-22,188.040000
1930-11-24,188.270000
1930-11-25,185.470000
1930-11-26,183.110000
1930-11-28,180.910000
1930-11-29,183.390000
1930-12-01,185.480000
1930-12-02,186.820000
1930-12-03,184.110000
1930-12-04,180.990000
1930-12-05,181.110000
1930-12-06,178.370000
1930-12-08,176.090000
1930-12-09,176.500000
1930-12-10,173.980000
1930-12-11,170.310000
1930-12-12,168.680000
1930-12-13,163.340000
1930-12-15,163.340000
1930-12-16,157.510000
1930-12-17,165.600000
1930-12-18,166.710000
1930-12-19,168.990000
1930-12-20,169.420000
1930-12-22,162.420000
1930-12-23,162.930000
1930-12-24,165.200000
1930-12-26,161.180000
1930-12-27,160.300000
1930-12-29,160.160000
1930-12-30,163.090000
1930-12-31,164.580000
1931-01-02,169.840000
1931-01-03,172.120000
1931-01-05,170.710000
1931-01-06,172.660000
1931-01-07,171.860000
1931-01-08,173.040000
1931-01-09,170.180000
1931-01-10,171.710000
1931-01-12,167.990000
1931-01-13,165.950000
1931-01-14,167.460000
1931-01-15,162.820000
1931-01-16,164.940000
1931-01-17,162.890000
1931-01-19,161.450000
1931-01-20,165.820000
1931-01-21,164.760000
1931-01-22,168.460000
1931-01-23,171.840000
1931-01-24,169.800000
1931-01-26,171.190000
1931-01-27,170.820000
1931-01-28,166.840000
1931-01-29,168.870000
1931-01-30,169.340000
1931-01-31,167.550000
1931-02-02,168.710000
1931-02-03,169.710000
1931-02-04,171.130000
1931-02-05,169.380000
1931-02-06,169.880000
1931-02-07,172.900000
1931-02-09,177.720000
1931-02-10,181.200000
1931-02-11,181.880000
1931-02-13,180.990000
1931-02-14,180.410000
1931-02-16,182.880000
1931-02-17,179.550000
1931-02-18,181.100000
1931-02-19,184.460000
1931-02-20,188.220000
1931-02-21,191.320000
1931-02-24,194.360000
1931-02-25,190.720000
1931-02-26,192.230000
1931-02-27,190.340000
1931-02-28,189.660000
1931-03-02,184.380000
1931-03-03,183.760000
1931-03-04,180.960000
1931-03-05,184.690000
1931-03-06,179.730000
1931-03-07,183.850000
1931-03-09,185.380000
1931-03-10,183.630000
1931-03-11,181.910000
1931-03-12,180.140000
1931-03-13,178.910000
1931-03-14,180.760000
1931-03-16,183.610000
1931-03-17,180.610000
1931-03-18,183.950000
1931-03-19,186.560000
1931-03-20,187.720000
1931-03-21,185.240000
1931-03-23,184.320000
1931-03-24,186.000000
1931-03-25,184.200000
1931-03-26,181.700000
1931-03-27,177.300000
1931-03-28,174.060000
1931-03-30,172.560000
1931-03-31,172.360000
1931-04-01,170.820000
1931-04-02,169.890000
1931-04-04,172.430000
1931-04-06,169.720000
1931-04-07,167.030000
1931-04-08,169.540000
1931-04-09,168.770000
1931-04-10,168.720000
1931-04-11,168.030000
1931-04-13,171.070000
1931-04-14,168.430000
1931-04-15,164.660000
1931-04-16,162.590000
1931-04-17,160.230000
1931-04-18,162.370000
1931-04-20,163.410000
1931-04-21,158.830000
1931-04-22,156.370000
1931-04-23,157.430000
1931-04-24,155.760000
1931-04-25,151.980000
1931-04-27,149.780000
1931-04-28,147.950000
1931-04-29,143.610000
1931-04-30,151.190000
1931-05-01,145.580000
1931-05-02,147.490000
1931-05-04,150.500000
1931-05-05,148.990000
1931-05-06,149.730000
1931-05-07,148.880000
1931-05-08,154.410000
1931-05-09,151.310000
1931-05-11,151.560000
1931-05-12,150.240000
1931-05-13,149.630000
1931-05-14,146.640000
1931-05-15,144.490000
1931-05-16,142.950000
1931-05-18,139.520000
1931-05-19,138.860000
1931-05-20,137.740000
1931-05-21,139.540000
1931-05-22,139.490000
1931-05-23,137.900000
1931-05-25,132.870000
1931-05-26,133.110000
1931-05-27,130.760000
1931-05-28,131.810000
1931-05-29,128.460000
1931-06-01,122.770000
1931-06-02,121.700000
1931-06-03,130.370000
1931-06-04,134.730000
1931-06-05,133.330000
1931-06-06,129.910000
1931-06-08,135.920000
1931-06-09,132.970000
1931-06-10,136.820000
1931-06-11,136.570000
1931-06-12,136.980000
1931-06-13,137.030000
1931-06-15,135.260000
1931-06-16,135.470000
1931-06-17,133.680000
1931-06-18,130.560000
1931-06-19,130.310000
1931-06-20,138.960000
1931-06-22,145.820000
1931-06-23,143.890000
1931-06-24,151.600000
1931-06-25,150.360000
1931-06-26,154.040000
1931-06-27,156.930000
1931-06-29,152.670000
1931-06-30,150.180000
1931-07-01,152.660000
1931-07-02,151.480000
1931-07-03,155.260000
1931-07-06,152.800000
1931-07-07,145.920000
1931-07-08,143.830000
1931-07-09,144.910000
1931-07-10,146.970000
1931-07-11,143.880000
1931-07-13,142.430000
1931-07-14,140.850000
1931-07-15,137.860000
1931-07-16,141.990000
1931-07-17,142.610000
1931-07-18,142.420000
1931-07-20,144.480000
1931-07-21,146.700000
1931-07-22,142.520000
1931-07-23,142.630000
1931-07-24,139.010000
1931-07-25,138.240000
1931-07-27,139.640000
1931-07-28,141.530000
1931-07-29,136.190000
1931-07-30,136.930000
1931-07-31,135.390000
1931-08-01,136.650000
1931-08-03,137.500000
1931-08-04,136.500000
1931-08-05,134.100000
1931-08-06,133.770000
1931-08-07,135.130000
1931-08-08,134.940000
1931-08-10,134.260000
1931-08-11,140.160000
1931-08-12,137.630000
1931-08-13,140.220000
1931-08-14,144.150000
1931-08-15,145.800000
1931-08-17,140.980000
1931-08-18,141.260000
1931-08-19,141.720000
1931-08-20,141.930000
1931-08-21,138.600000
1931-08-22,137.760000
1931-08-24,137.620000
1931-08-25,136.650000
1931-08-26,139.930000
1931-08-27,138.660000
1931-08-28,140.780000
1931-08-29,142.080000
1931-08-31,139.410000
1931-09-01,140.130000
1931-09-02,137.310000
1931-09-03,133.140000
1931-09-04,132.620000
1931-09-08,129.190000
1931-09-09,128.430000
1931-09-10,127.300000
1931-09-11,128.230000
1931-09-12,123.850000
1931-09-14,121.300000
1931-09-15,120.590000
1931-09-16,119.260000
1931-09-17,121.760000
1931-09-18,115.080000
1931-09-19,111.740000
1931-09-21,110.830000
1931-09-22,109.400000
1931-09-23,115.990000
1931-09-24,107.790000
1931-09-25,109.860000
1931-09-26,107.360000
1931-09-28,104.390000
1931-09-29,99.800000
1931-09-30,96.610000
1931-10-01,95.660000
1931-10-02,96.880000
1931-10-03,92.770000
1931-10-05,86.480000
1931-10-06,99.340000
1931-10-07,97.320000
1931-10-08,105.790000
1931-10-09,104.460000
1931-10-10,105.610000
1931-10-13,100.240000
1931-10-14,97.270000
1931-10-15,98.710000
1931-10-16,102.490000
1931-10-17,102.280000
1931-10-19,103.450000
1931-10-20,108.650000
1931-10-21,108.390000
1931-10-22,105.020000
1931-10-23,108.880000
1931-10-24,109.700000
1931-10-26,106.370000
1931-10-27,104.250000
1931-10-28,100.520000
1931-10-29,100.660000
1931-10-30,103.970000
1931-10-31,105.430000
1931-11-02,104.500000
1931-11-04,108.330000
1931-11-05,108.580000
1931-11-06,112.720000
1931-11-07,115.600000
1931-11-09,116.790000
1931-11-10,113.980000
1931-11-11,112.010000
1931-11-12,111.950000
1931-11-13,107.330000
1931-11-14,106.350000
1931-11-16,104.760000
1931-11-17,106.160000
1931-11-18,101.690000
1931-11-19,101.250000
1931-11-20,97.960000
1931-11-21,97.420000
1931-11-23,96.600000
1931-11-24,98.610000
1931-11-25,94.150000
1931-11-27,91.550000
1931-11-28,90.020000
1931-11-30,93.870000
1931-12-01,91.170000
1931-12-02,87.900000
1931-12-03,89.700000
1931-12-04,86.760000
1931-12-05,90.140000
1931-12-07,90.110000
1931-12-08,86.500000
1931-12-09,84.140000
1931-12-10,82.460000
1931-12-11,79.630000
1931-12-12,78.930000
1931-12-14,77.220000
1931-12-15,78.600000
1931-12-16,76.490000
1931-12-17,73.790000
1931-12-18,80.690000
1931-12-19,80.750000
1931-12-21,78.080000
1931-12-22,79.550000
1931-12-23,76.020000
1931-12-24,75.840000
1931-12-28,73.840000
1931-12-29,75.840000
1931-12-30,77.140000
1931-12-31,77.900000
1932-01-02,74.620000
1932-01-04,71.590000
1932-01-05,71.240000
1932-01-06,76.310000
1932-01-07,78.030000
1932-01-08,81.800000
1932-01-09,79.980000
1932-01-11,80.440000
1932-01-12,79.390000
1932-01-13,84.360000
1932-01-14,85.350000
1932-01-15,85.880000
1932-01-16,84.440000
1932-01-18,81.450000
1932-01-19,81.100000
1932-01-20,83.570000
1932-01-21,83.420000
1932-01-22,78.810000
1932-01-23,77.980000
1932-01-25,78.660000
1932-01-26,79.760000
1932-01-27,77.820000
1932-01-28,76.730000
1932-01-29,76.550000
1932-01-30,76.190000
1932-02-01,79.630000
1932-02-02,77.820000
1932-02-03,78.260000
1932-02-04,77.660000
1932-02-05,75.000000
1932-02-06,74.450000
1932-02-08,73.450000
1932-02-09,72.380000
1932-02-10,71.800000
1932-02-11,78.600000
1932-02-13,85.820000
1932-02-15,82.180000
1932-02-16,85.750000
1932-02-17,82.240000
1932-02-18,85.130000
1932-02-19,85.980000
1932-02-20,83.590000
1932-02-23,80.260000
1932-02-24,82.730000
1932-02-25,82.050000
1932-02-26,82.090000
1932-02-27,82.020000
1932-02-29,81.440000
1932-03-01,81.870000
1932-03-02,86.280000
1932-03-03,86.130000
1932-03-04,86.110000
1932-03-05,88.490000
1932-03-07,87.160000
1932-03-08,88.780000
1932-03-09,86.940000
1932-03-10,86.250000
1932-03-11,83.610000
1932-03-12,84.520000
1932-03-14,81.120000
1932-03-15,81.020000
1932-03-16,79.110000
1932-03-17,80.870000
1932-03-18,78.820000
1932-03-19,78.090000
1932-03-21,79.900000
1932-03-22,79.550000
1932-03-23,78.640000
1932-03-24,77.990000
1932-03-26,75.690000
1932-03-28,75.090000
1932-03-29,75.500000
1932-03-30,77.150000
1932-03-31,73.280000
1932-04-01,72.180000
1932-04-02,71.300000
1932-04-04,71.190000
1932-04-05,68.070000
1932-04-06,66.460000
1932-04-07,66.200000
1932-04-08,62.900000
1932-04-09,64.480000
1932-04-11,62.040000
1932-04-12,62.330000
1932-04-13,61.180000
1932-04-14,63.270000
1932-04-15,64.490000
1932-04-16,63.390000
1932-04-18,60.850000
1932-04-19,59.750000
1932-04-20,59.460000
1932-04-21,62.010000
1932-04-22,58.880000
1932-04-23,59.220000
1932-04-25,58.920000
1932-04-26,59.710000
1932-04-27,61.280000
1932-04-28,58.240000
1932-04-29,55.930000
1932-04-30,56.110000
1932-05-02,55.370000
1932-05-03,54.150000
1932-05-04,54.880000
1932-05-05,54.100000
1932-05-06,59.010000
1932-05-07,58.040000
1932-05-09,57.040000
1932-05-10,57.680000
1932-05-11,57.830000
1932-05-12,55.620000
1932-05-13,53.460000
1932-05-14,52.480000
1932-05-16,53.960000
1932-05-17,54.040000
1932-05-18,52.810000
1932-05-19,53.140000
1932-05-20,53.310000
1932-05-21,53.040000
1932-05-23,52.980000
1932-05-24,50.850000
1932-05-25,49.100000
1932-05-26,49.990000
1932-05-27,47.470000
1932-05-28,47.700000
1932-05-31,44.740000
1932-06-01,44.930000
1932-06-02,47.250000
1932-06-03,48.400000
1932-06-04,50.880000
1932-06-06,49.320000
1932-06-07,47.470000
1932-06-08,45.200000
1932-06-09,45.320000
1932-06-10,48.940000
1932-06-11,48.260000
1932-06-13,48.110000
1932-06-14,49.000000
1932-06-15,50.620000
1932-06-16,50.340000
1932-06-17,47.560000
1932-06-18,47.550000
1932-06-20,47.800000
1932-06-21,46.580000
1932-06-22,46.270000
1932-06-23,46.830000
1932-06-24,44.840000
1932-06-25,44.760000
1932-06-27,42.930000
1932-06-28,43.180000
1932-06-29,43.660000
1932-06-30,42.840000
1932-07-01,44.390000
1932-07-05,43.470000
1932-07-06,44.080000
1932-07-07,41.810000
1932-07-08,41.220000
1932-07-09,41.630000
1932-07-11,42.990000
1932-07-12,42.680000
1932-07-13,44.880000
1932-07-14,44.340000
1932-07-15,45.470000
1932-07-16,45.290000
1932-07-18,44.070000
1932-07-19,43.790000
1932-07-20,45.430000
1932-07-21,46.500000
1932-07-22,47.690000
1932-07-23,47.840000
1932-07-25,49.780000
1932-07-26,49.040000
1932-07-27,51.340000
1932-07-28,52.610000
1932-07-29,53.890000
1932-07-30,54.260000
1932-08-01,54.940000
1932-08-02,53.160000
1932-08-03,58.220000
1932-08-04,59.630000
1932-08-05,62.600000
1932-08-06,66.560000
1932-08-08,67.710000
1932-08-09,67.080000
1932-08-10,69.390000
1932-08-11,68.900000
1932-08-12,63.110000
1932-08-13,63.190000
1932-08-15,66.510000
1932-08-16,68.910000
1932-08-17,67.500000
1932-08-18,67.930000
1932-08-19,66.840000
1932-08-20,67.180000
1932-08-22,70.870000
1932-08-23,72.130000
1932-08-24,73.550000
1932-08-25,73.310000
1932-08-26,74.430000
1932-08-27,75.610000
1932-08-29,75.220000
1932-08-30,74.300000
1932-08-31,73.160000
1932-09-01,73.670000
1932-09-02,76.770000
1932-09-03,78.330000
1932-09-06,77.280000
1932-09-07,79.930000
1932-09-08,77.490000
1932-09-09,76.190000
1932-09-10,76.540000
1932-09-12,72.330000
1932-09-13,69.850000
1932-09-14,65.880000
1932-09-15,67.940000
1932-09-16,67.100000
1932-09-17,66.440000
1932-09-19,65.060000
1932-09-20,67.490000
1932-09-21,75.160000
1932-09-22,72.710000
1932-09-23,73.920000
1932-09-24,74.830000
1932-09-26,71.060000
1932-09-27,71.490000
1932-09-28,73.520000
1932-09-29,71.530000
1932-09-30,71.560000
1932-10-01,72.090000
1932-10-03,71.210000
1932-10-04,71.160000
1932-10-05,66.070000
1932-10-06,66.280000
1932-10-07,62.670000
1932-10-08,61.170000
1932-10-10,58.470000
1932-10-11,61.660000
1932-10-13,59.760000
1932-10-14,63.840000
1932-10-15,64.220000
1932-10-17,62.690000
1932-10-18,63.490000
1932-10-19,65.740000
1932-10-20,64.400000
1932-10-21,61.010000
1932-10-22,60.850000
1932-10-24,61.030000
1932-10-25,60.320000
1932-10-26,61.360000
1932-10-27,61.860000
1932-10-28,63.090000
1932-10-29,62.090000
1932-10-31,61.900000
1932-11-01,60.220000
1932-11-02,58.530000
1932-11-03,58.280000
1932-11-04,61.530000
1932-11-05,62.410000
1932-11-07,64.580000
1932-11-09,61.670000
1932-11-10,65.540000
1932-11-11,68.030000
1932-11-12,68.040000
1932-11-14,65.570000
1932-11-15,65.260000
1932-11-16,63.240000
1932-11-17,62.990000
1932-11-18,62.960000
1932-11-19,64.140000
1932-11-21,63.650000
1932-11-22,63.160000
1932-11-23,59.470000
1932-11-25,58.780000
1932-11-26,58.890000
1932-11-28,59.170000
1932-11-29,58.770000
1932-11-30,56.350000
1932-12-01,58.020000
1932-12-02,55.910000
1932-12-03,55.830000
1932-12-05,56.530000
1932-12-06,59.580000
1932-12-07,59.770000
1932-12-08,60.050000
1932-12-09,61.580000
1932-12-10,61.250000
1932-12-12,61.480000
1932-12-13,60.350000
1932-12-14,61.930000
1932-12-15,61.160000
1932-12-16,60.520000
1932-12-17,60.110000
1932-12-19,60.080000
1932-12-20,58.780000
1932-12-21,58.970000
1932-12-22,56.550000
1932-12-23,56.800000
1932-12-24,57.980000
1932-12-27,57.600000
1932-12-28,57.850000
1932-12-29,59.120000
1932-12-30,60.260000
1932-12-31,59.930000
1933-01-03,59.290000
1933-01-04,62.350000
1933-01-05,62.250000
1933-01-06,62.960000
1933-01-09,62.310000
1933-01-10,64.350000
1933-01-11,63.810000
1933-01-12,63.090000
1933-01-13,63.180000
1933-01-14,63.090000
1933-01-16,61.620000
1933-01-17,61.750000
1933-01-18,60.360000
1933-01-19,61.020000
1933-01-20,61.630000
1933-01-21,61.790000
1933-01-23,61.460000
1933-01-24,61.300000
1933-01-25,62.330000
1933-01-26,61.730000
1933-01-27,61.430000
1933-01-28,60.710000
1933-01-30,60.770000
1933-01-31,60.900000
1933-02-01,59.080000
1933-02-02,58.030000
1933-02-03,58.110000
1933-02-04,57.550000
1933-02-06,58.070000
1933-02-07,58.380000
1933-02-08,58.870000
1933-02-09,60.090000
1933-02-10,59.110000
1933-02-11,59.430000
1933-02-14,56.570000
1933-02-15,56.710000
1933-02-16,55.490000
1933-02-17,56.370000
1933-02-18,56.040000
1933-02-20,54.260000
1933-02-21,53.990000
1933-02-23,51.940000
1933-02-24,53.840000
1933-02-25,50.930000
1933-02-27,50.160000
1933-02-28,51.390000
1933-03-01,52.540000
1933-03-02,52.540000
1933-03-03,53.840000
1933-03-15,62.100000
1933-03-16,62.950000
1933-03-17,60.730000
1933-03-18,60.560000
1933-03-20,59.900000
1933-03-21,57.580000
1933-03-22,56.860000
1933-03-23,58.060000
1933-03-24,57.930000
1933-03-25,57.710000
1933-03-27,56.530000
1933-03-28,57.920000
1933-03-29,56.810000
1933-03-30,56.490000
1933-03-31,55.400000
1933-04-01,55.660000
1933-04-03,55.690000
1933-04-04,56.090000
1933-04-05,57.500000
1933-04-06,58.800000
1933-04-07,58.780000
1933-04-08,59.300000
1933-04-10,62.110000
1933-04-11,61.150000
1933-04-12,60.260000
1933-04-13,62.690000
1933-04-15,62.880000
1933-04-17,61.590000
1933-04-18,62.650000
1933-04-19,68.310000
1933-04-20,72.270000
1933-04-21,69.780000
1933-04-22,72.240000
1933-04-24,73.690000
1933-04-25,72.450000
1933-04-26,72.640000
1933-04-27,71.710000
1933-04-28,73.100000
1933-04-29,77.660000
1933-05-01,77.790000
1933-05-02,77.290000
1933-05-03,77.370000
1933-05-04,79.160000
1933-05-05,79.780000
1933-05-06,77.610000
1933-05-08,76.630000
1933-05-09,77.230000
1933-05-10,80.780000
1933-05-11,82.480000
1933-05-12,82.140000
1933-05-13,80.850000
1933-05-15,79.700000
1933-05-16,81.290000
1933-05-17,82.640000
1933-05-18,82.570000
1933-05-19,81.750000
1933-05-20,80.210000
1933-05-22,79.940000
1933-05-23,83.060000
1933-05-24,84.290000
1933-05-25,83.730000
1933-05-26,86.420000
1933-05-27,89.610000
1933-05-29,90.020000
1933-05-31,88.110000
1933-06-01,89.100000
1933-06-02,92.210000
1933-06-03,90.020000
1933-06-05,91.890000
1933-06-06,91.900000
1933-06-07,92.980000
1933-06-08,93.520000
1933-06-09,94.290000
1933-06-10,94.420000
1933-06-12,96.750000
1933-06-13,94.790000
1933-06-14,94.060000
1933-06-15,88.870000
1933-06-16,89.220000
1933-06-17,90.230000
1933-06-19,95.990000
1933-06-20,95.230000
1933-06-21,95.910000
1933-06-22,92.930000
1933-06-23,95.530000
1933-06-24,95.670000
1933-06-26,98.490000
1933-06-27,98.740000
1933-06-28,97.740000
1933-06-29,96.990000
1933-06-30,98.140000
1933-07-01,100.920000
1933-07-03,103.770000
1933-07-05,102.730000
1933-07-06,104.980000
1933-07-07,105.350000
1933-07-08,105.150000
1933-07-10,104.080000
1933-07-11,103.080000
1933-07-12,104.550000
1933-07-13,105.510000
1933-07-14,105.040000
1933-07-15,106.100000
1933-07-17,108.270000
1933-07-18,108.670000
1933-07-19,103.580000
1933-07-20,96.260000
1933-07-21,88.710000
1933-07-22,88.420000
1933-07-24,94.280000
1933-07-25,92.830000
1933-07-26,95.050000
1933-07-27,96.030000
1933-07-28,94.540000
1933-07-31,90.770000
1933-08-01,92.700000
1933-08-02,94.840000
1933-08-03,94.100000
1933-08-04,92.620000
1933-08-07,92.550000
1933-08-08,95.840000
1933-08-09,99.060000
1933-08-10,97.580000
1933-08-11,97.470000
1933-08-14,96.530000
1933-08-15,96.630000
1933-08-16,94.440000
1933-08-17,99.300000
1933-08-18,98.320000
1933-08-21,100.170000
1933-08-22,101.340000
1933-08-23,100.380000
1933-08-24,101.410000
1933-08-25,105.070000
1933-08-28,104.720000
1933-08-29,103.590000
1933-08-30,102.350000
1933-08-31,102.410000
1933-09-01,103.660000
1933-09-05,100.220000
1933-09-06,100.330000
1933-09-07,99.200000
1933-09-08,99.580000
1933-09-09,99.420000
1933-09-11,103.590000
1933-09-12,102.840000
1933-09-13,103.650000
1933-09-14,104.660000
1933-09-15,102.630000
1933-09-16,105.320000
1933-09-18,105.300000
1933-09-19,105.740000
1933-09-20,103.990000
1933-09-21,97.560000
1933-09-22,99.060000
1933-09-23,99.780000
1933-09-25,98.030000
1933-09-26,97.410000
1933-09-27,93.180000
1933-09-28,94.660000
1933-09-29,94.240000
1933-09-30,94.820000
1933-10-02,92.990000
1933-10-03,93.550000
1933-10-04,98.600000
1933-10-05,98.050000
1933-10-06,97.540000
1933-10-07,98.200000
1933-10-09,99.720000
1933-10-10,98.770000
1933-10-11,98.850000
1933-10-13,95.360000
1933-10-14,95.590000
1933-10-16,90.490000
1933-10-17,92.670000
1933-10-18,88.950000
1933-10-19,84.380000
1933-10-20,86.630000
1933-10-21,83.640000
1933-10-23,88.130000
1933-10-24,91.350000
1933-10-25,93.540000
1933-10-26,92.020000
1933-10-27,93.220000
1933-10-28,92.010000
1933-10-30,88.430000
1933-10-31,88.160000
1933-11-01,89.620000
1933-11-02,90.540000
1933-11-03,93.600000
1933-11-04,93.090000
1933-11-06,92.500000
1933-11-08,95.540000
1933-11-09,96.400000
1933-11-10,95.060000
1933-11-11,96.100000
1933-11-13,95.980000
1933-11-14,95.500000
1933-11-15,94.360000
1933-11-16,99.010000
1933-11-17,98.090000
1933-11-18,98.670000
1933-11-20,101.280000
1933-11-21,100.290000
1933-11-22,100.070000
1933-11-23,98.590000
1933-11-24,99.520000
1933-11-25,99.280000
1933-11-27,95.770000
1933-11-28,96.230000
1933-11-29,98.140000
1933-12-01,98.890000
1933-12-02,99.070000
1933-12-04,98.890000
1933-12-05,101.990000
1933-12-06,101.280000
1933-12-07,102.040000
1933-12-08,101.040000
1933-12-09,102.920000
1933-12-11,101.940000
1933-12-12,101.640000
1933-12-13,100.690000
1933-12-14,101.440000
1933-12-15,99.950000
1933-12-16,98.060000
1933-12-18,97.200000
1933-12-19,97.250000
1933-12-20,95.280000
1933-12-21,95.500000
1933-12-22,98.870000
1933-12-23,98.040000
1933-12-26,96.300000
1933-12-27,96.800000
1933-12-28,99.290000
1933-12-29,98.670000
1933-12-30,99.900000
1934-01-02,100.360000
1934-01-03,99.090000
1934-01-04,98.780000
1934-01-05,97.230000
1934-01-06,96.940000
1934-01-08,96.730000
1934-01-09,97.570000
1934-01-10,99.770000
1934-01-11,99.380000
1934-01-12,98.730000
1934-01-13,98.660000
1934-01-15,103.190000
1934-01-16,103.400000
1934-01-17,103.500000
1934-01-18,103.300000
1934-01-19,105.600000
1934-01-20,105.520000
1934-01-22,105.090000
1934-01-23,106.620000
1934-01-24,107.020000
1934-01-25,106.850000
1934-01-26,106.380000
1934-01-27,106.030000
1934-01-29,107.900000
1934-01-30,108.990000
1934-01-31,107.220000
1934-02-01,108.950000
1934-02-02,108.310000
1934-02-03,109.410000
1934-02-05,110.740000
1934-02-06,110.240000
1934-02-07,107.950000
1934-02-08,108.450000
1934-02-09,106.090000
1934-02-10,105.470000
1934-02-13,106.100000
1934-02-14,106.780000
1934-02-15,108.300000
1934-02-16,108.610000
1934-02-17,109.070000
1934-02-19,107.530000
1934-02-20,108.140000
1934-02-21,108.500000
1934-02-23,106.140000
1934-02-24,104.770000
1934-02-26,103.120000
1934-02-27,103.670000
1934-02-28,103.460000
1934-03-01,103.180000
1934-03-02,105.790000
1934-03-03,105.560000
1934-03-05,105.020000
1934-03-06,103.840000
1934-03-07,101.590000
1934-03-08,103.210000
1934-03-09,102.440000
1934-03-10,102.770000
1934-03-12,104.230000
1934-03-13,104.000000
1934-03-14,103.540000
1934-03-15,102.210000
1934-03-16,102.720000
1934-03-17,101.650000
1934-03-19,99.680000
1934-03-20,101.010000
1934-03-21,99.330000
1934-03-22,100.540000
1934-03-23,99.800000
1934-03-24,100.920000
1934-03-26,100.950000
1934-03-27,98.760000
1934-03-28,99.020000
1934-03-29,100.310000
1934-03-31,101.850000
1934-04-02,101.960000
1934-04-03,102.740000
1934-04-04,103.190000
1934-04-05,103.370000
1934-04-06,103.970000
1934-04-07,103.600000
1934-04-09,103.540000
1934-04-10,105.050000
1934-04-11,105.160000
1934-04-12,104.800000
1934-04-13,104.980000
1934-04-14,105.040000
1934-04-16,103.570000
1934-04-17,104.460000
1934-04-18,105.450000
1934-04-19,105.520000
1934-04-20,106.550000
1934-04-21,106.340000
1934-04-23,105.920000
1934-04-24,105.310000
1934-04-25,105.050000
1934-04-26,103.560000
1934-04-27,103.650000
1934-04-28,102.900000
1934-04-30,100.490000
1934-05-01,100.620000
1934-05-02,98.820000
1934-05-03,98.940000
1934-05-04,99.290000
1934-05-05,98.200000
1934-05-07,95.510000
1934-05-08,97.160000
1934-05-09,95.710000
1934-05-10,93.910000
1934-05-11,93.180000
1934-05-12,92.220000
1934-05-14,91.810000
1934-05-15,92.840000
1934-05-16,92.730000
1934-05-17,95.980000
1934-05-18,95.170000
1934-05-19,95.130000
1934-05-21,95.760000
1934-05-22,93.610000
1934-05-23,92.860000
1934-05-24,93.370000
1934-05-25,94.500000
1934-05-26,95.050000
1934-05-28,95.560000
1934-05-29,95.320000
1934-05-31,94.000000
1934-06-01,91.790000
1934-06-02,91.410000
1934-06-04,92.730000
1934-06-05,94.660000
1934-06-06,94.770000
1934-06-07,94.720000
1934-06-08,98.440000
1934-06-09,98.900000
1934-06-11,97.820000
1934-06-12,98.780000
1934-06-13,98.750000
1934-06-14,97.150000
1934-06-15,98.700000
1934-06-16,99.850000
1934-06-18,100.420000
1934-06-19,99.020000
1934-06-20,98.250000
1934-06-21,97.500000
1934-06-22,95.930000
1934-06-23,96.590000
1934-06-25,95.790000
1934-06-26,97.330000
1934-06-27,96.940000
1934-06-28,97.140000
1934-06-29,95.750000
1934-06-30,95.720000
1934-07-02,94.800000
1934-07-03,94.770000
1934-07-05,96.440000
1934-07-06,97.320000
1934-07-07,97.150000
1934-07-09,97.040000
1934-07-10,98.070000
1934-07-11,98.670000
1934-07-12,98.320000
1934-07-13,98.820000
1934-07-14,99.020000
1934-07-16,97.040000
1934-07-17,96.790000
1934-07-18,98.260000
1934-07-19,97.240000
1934-07-20,94.740000
1934-07-21,94.620000
1934-07-23,91.980000
1934-07-24,91.010000
1934-07-25,91.570000
1934-07-26,85.510000
1934-07-27,87.840000
1934-07-28,88.720000
1934-07-30,88.170000
1934-07-31,88.050000
1934-08-01,90.570000
1934-08-02,90.870000
1934-08-03,90.140000
1934-08-04,88.430000
1934-08-06,88.110000
1934-08-07,87.470000
1934-08-08,88.970000
1934-08-09,91.340000
1934-08-10,89.660000
1934-08-11,89.790000
1934-08-13,91.800000
1934-08-14,91.120000
1934-08-15,91.000000
1934-08-16,91.690000
1934-08-17,91.120000
1934-08-18,90.860000
1934-08-20,90.440000
1934-08-21,92.570000
1934-08-22,94.320000
1934-08-23,94.050000
1934-08-24,95.480000
1934-08-25,95.710000
1934-08-27,94.460000
1934-08-28,94.190000
1934-08-29,93.690000
1934-08-30,92.760000
1934-08-31,92.860000
1934-09-01,92.640000
1934-09-04,92.300000
1934-09-05,93.650000
1934-09-06,91.820000
1934-09-07,90.990000
1934-09-08,90.830000
1934-09-10,89.270000
1934-09-11,89.250000
1934-09-12,89.620000
1934-09-13,89.440000
1934-09-14,86.830000
1934-09-15,87.340000
1934-09-17,86.690000
1934-09-18,87.370000
1934-09-19,89.340000
1934-09-20,89.350000
1934-09-21,91.100000
1934-09-22,91.080000
1934-09-24,90.450000
1934-09-25,92.720000
1934-09-26,92.440000
1934-09-27,93.400000
1934-09-28,92.490000
1934-09-29,92.630000
1934-10-01,90.410000
1934-10-02,90.880000
1934-10-03,91.040000
1934-10-04,91.010000
1934-10-05,92.960000
1934-10-06,92.850000
1934-10-08,92.500000
1934-10-09,91.710000
1934-10-10,93.750000
1934-10-11,95.500000
1934-10-13,94.900000
1934-10-15,94.160000
1934-10-16,95.250000
1934-10-17,95.290000
1934-10-18,95.340000
1934-10-19,94.900000
1934-10-20,95.020000
1934-10-22,94.780000
1934-10-23,94.650000
1934-10-24,95.600000
1934-10-25,94.190000
1934-10-26,93.010000
1934-10-27,92.860000
1934-10-29,92.530000
1934-10-30,93.050000
1934-10-31,93.360000
1934-11-01,93.460000
1934-11-02,94.420000
1934-11-03,94.950000
1934-11-05,96.060000
1934-11-07,97.550000
1934-11-08,97.260000
1934-11-09,99.020000
1934-11-10,99.210000
1934-11-13,99.190000
1934-11-14,99.420000
1934-11-15,99.720000
1934-11-16,99.390000
1934-11-17,99.450000
1934-11-19,99.890000
1934-11-20,99.900000
1934-11-21,99.470000
1934-11-22,99.930000
1934-11-23,101.620000
1934-11-24,102.400000
1934-11-26,103.080000
1934-11-27,102.380000
1934-11-28,102.750000
1934-11-30,102.940000
1934-12-01,102.930000
1934-12-03,101.920000
1934-12-04,102.570000
1934-12-05,103.420000
1934-12-06,103.470000
1934-12-07,103.160000
1934-12-08,102.830000
1934-12-10,102.760000
1934-12-11,100.810000
1934-12-12,100.970000
1934-12-13,100.680000
1934-12-14,100.690000
1934-12-15,100.840000
1934-12-17,100.920000
1934-12-18,101.000000
1934-12-19,99.780000
1934-12-20,99.590000
1934-12-21,99.900000
1934-12-22,99.730000
1934-12-24,100.690000
1934-12-26,100.350000
1934-12-27,100.260000
1934-12-28,103.150000
1934-12-29,103.900000
1934-12-31,104.040000
1935-01-02,104.510000
1935-01-03,105.140000
1935-01-04,104.690000
1935-01-05,105.560000
1935-01-07,105.880000
1935-01-08,105.030000
1935-01-09,105.050000
1935-01-10,104.870000
1935-01-11,103.350000
1935-01-12,102.300000
1935-01-14,102.760000
1935-01-15,100.490000
1935-01-16,101.540000
1935-01-17,101.920000
1935-01-18,102.360000
1935-01-19,102.960000
1935-01-21,103.350000
1935-01-22,102.770000
1935-01-23,102.880000
1935-01-24,102.440000
1935-01-25,102.860000
1935-01-26,102.500000
1935-01-28,101.510000
1935-01-29,100.690000
1935-01-30,101.000000
1935-01-31,101.690000
1935-02-01,101.530000
1935-02-02,102.200000
1935-02-04,101.560000
1935-02-05,100.740000
1935-02-06,100.230000
1935-02-07,101.000000
1935-02-08,102.350000
1935-02-09,102.660000
1935-02-11,102.420000
1935-02-13,102.690000
1935-02-14,103.050000
1935-02-15,104.670000
1935-02-16,104.540000
1935-02-18,107.170000
1935-02-19,105.890000
1935-02-20,104.970000
1935-02-21,104.860000
1935-02-23,103.250000
1935-02-25,103.140000
1935-02-26,102.240000
1935-02-27,102.550000
1935-02-28,102.380000
1935-03-01,103.270000
1935-03-02,103.220000
1935-03-04,102.580000
1935-03-05,100.090000
1935-03-06,100.220000
1935-03-07,101.170000
1935-03-08,101.580000
1935-03-09,101.180000
1935-03-11,99.390000
1935-03-12,97.660000
1935-03-13,98.020000
1935-03-14,96.710000
1935-03-15,98.210000
1935-03-16,97.790000
1935-03-18,97.010000
1935-03-19,98.310000
1935-03-20,98.290000
1935-03-21,99.720000
1935-03-22,100.680000
1935-03-23,99.840000
1935-03-25,99.500000
1935-03-26,98.970000
1935-03-27,100.350000
1935-03-28,100.590000
1935-03-29,100.780000
1935-03-30,100.810000
1935-04-01,101.230000
1935-04-02,101.000000
1935-04-03,100.390000
1935-04-04,101.130000
1935-04-05,102.530000
1935-04-06,103.040000
1935-04-08,102.650000
1935-04-09,104.320000
1935-04-10,104.060000
1935-04-11,104.030000
1935-04-12,104.450000
1935-04-13,105.420000
1935-04-15,105.930000
1935-04-16,106.330000
1935-04-17,105.430000
1935-04-18,107.970000
1935-04-20,109.760000
1935-04-22,110.270000
1935-04-23,110.060000
1935-04-24,109.450000
1935-04-25,110.470000
1935-04-26,110.370000
1935-04-27,109.680000
1935-04-29,109.910000
1935-04-30,109.450000
1935-05-01,108.710000
1935-05-02,108.840000
1935-05-03,110.490000
1935-05-04,110.830000
1935-05-06,110.530000
1935-05-07,109.790000
1935-05-08,112.630000
1935-05-09,113.100000
1935-05-10,113.670000
1935-05-11,114.080000
1935-05-13,114.230000
1935-05-14,114.180000
1935-05-15,114.610000
1935-05-16,116.580000
1935-05-17,115.810000
1935-05-18,114.580000
1935-05-20,114.670000
1935-05-21,115.560000
1935-05-22,116.240000
1935-05-23,116.810000
1935-05-24,116.170000
1935-05-25,115.900000
1935-05-27,116.740000
1935-05-28,113.760000
1935-05-29,111.850000
1935-05-31,110.640000
1935-06-01,109.740000
1935-06-03,111.450000
1935-06-04,113.580000
1935-06-05,113.920000
1935-06-06,113.540000
1935-06-07,114.010000
1935-06-08,114.720000
1935-06-10,115.890000
1935-06-11,117.080000
1935-06-12,117.140000
1935-06-13,117.890000
1935-06-14,119.000000
1935-06-15,119.170000
1935-06-17,118.670000
1935-06-18,119.320000
1935-06-19,118.120000
1935-06-20,117.240000
1935-06-21,119.480000
1935-06-22,120.750000
1935-06-24,120.040000
1935-06-25,118.730000
1935-06-26,117.640000
1935-06-27,117.560000
1935-06-28,118.360000
1935-06-29,118.210000
1935-07-01,118.820000
1935-07-02,118.690000
1935-07-03,118.810000
1935-07-05,120.610000
1935-07-06,121.020000
1935-07-08,122.550000
1935-07-09,122.150000
1935-07-10,122.690000
1935-07-11,121.930000
1935-07-12,122.200000
1935-07-13,121.880000
1935-07-15,121.720000
1935-07-16,122.340000
1935-07-17,122.910000
1935-07-18,123.410000
1935-07-19,122.330000
1935-07-20,122.690000
1935-07-22,124.100000
1935-07-23,124.140000
1935-07-24,124.600000
1935-07-25,123.800000
1935-07-26,124.020000
1935-07-27,125.270000
1935-07-29,126.560000
1935-07-30,125.570000
1935-07-31,126.230000
1935-08-01,125.850000
1935-08-02,124.930000
1935-08-03,125.900000
1935-08-05,126.070000
1935-08-06,125.640000
1935-08-07,125.610000
1935-08-08,125.980000
1935-08-09,127.270000
1935-08-10,127.940000
1935-08-12,128.000000
1935-08-13,128.090000
1935-08-14,128.270000
1935-08-15,127.470000
1935-08-16,127.630000
1935-08-17,127.960000
1935-08-19,126.330000
1935-08-20,126.310000
1935-08-21,127.660000
1935-08-22,128.520000
1935-08-23,128.930000
1935-08-24,127.930000
1935-08-26,128.990000
1935-08-27,126.810000
1935-08-28,126.610000
1935-08-29,126.950000
1935-08-30,127.350000
1935-08-31,127.890000
1935-09-03,127.270000
1935-09-04,128.460000
1935-09-05,129.340000
1935-09-06,130.750000
1935-09-07,131.860000
1935-09-09,132.480000
1935-09-10,133.220000
1935-09-11,134.010000
1935-09-12,133.330000
1935-09-13,133.520000
1935-09-14,133.400000
1935-09-16,132.910000
1935-09-17,133.110000
1935-09-18,134.110000
1935-09-19,131.440000
1935-09-20,128.420000
1935-09-21,128.780000
1935-09-23,129.550000
1935-09-24,131.020000
1935-09-25,131.520000
1935-09-26,131.060000
1935-09-27,131.480000
1935-09-28,131.750000
1935-09-30,131.920000
1935-10-01,131.510000
1935-10-02,128.060000
1935-10-03,129.050000
1935-10-04,129.760000
1935-10-05,130.350000
1935-10-07,130.770000
1935-10-08,130.060000
1935-10-09,130.590000
1935-10-10,132.990000
1935-10-11,133.560000
1935-10-14,135.030000
1935-10-15,136.260000
1935-10-16,135.680000
1935-10-17,135.570000
1935-10-18,135.130000
1935-10-19,137.090000
1935-10-21,138.960000
1935-10-22,138.770000
1935-10-23,139.580000
1935-10-24,139.420000
1935-10-25,140.680000
1935-10-26,141.470000
1935-10-28,140.780000
1935-10-29,140.490000
1935-10-30,139.350000
1935-10-31,139.740000
1935-11-01,141.310000
1935-11-02,141.200000
1935-11-04,141.070000
1935-11-06,142.900000
1935-11-07,143.400000
1935-11-08,144.250000
1935-11-09,144.360000
1935-11-12,142.560000
1935-11-13,143.590000
1935-11-14,145.590000
1935-11-15,146.320000
1935-11-16,147.310000
1935-11-18,147.060000
1935-11-19,148.440000
1935-11-20,146.650000
1935-11-21,147.370000
1935-11-22,144.610000
1935-11-23,146.120000
1935-11-25,144.720000
1935-11-26,142.590000
1935-11-27,143.380000
1935-11-29,142.340000
1935-11-30,142.350000
1935-12-02,140.720000
1935-12-03,143.580000
1935-12-04,144.040000
1935-12-05,143.720000
1935-12-06,143.480000
1935-12-07,144.470000
1935-12-09,144.100000
1935-12-10,142.310000
1935-12-11,142.840000
1935-12-12,141.340000
1935-12-13,140.160000
1935-12-14,140.380000
1935-12-16,139.110000
1935-12-17,140.600000
1935-12-18,140.100000
1935-12-19,138.940000
1935-12-20,139.500000
1935-12-21,140.190000
1935-12-23,140.580000
1935-12-24,141.530000
1935-12-26,141.540000
1935-12-27,141.580000
1935-12-28,140.760000
1935-12-30,143.000000
1935-12-31,144.130000
1936-01-02,144.130000
1936-01-03,144.690000
1936-01-04,144.080000
1936-01-06,143.110000
1936-01-07,144.920000
1936-01-08,146.160000
1936-01-09,145.660000
1936-01-10,147.080000
1936-01-11,146.730000
1936-01-13,146.520000
1936-01-14,146.320000
1936-01-15,145.660000
1936-01-16,145.920000
1936-01-17,145.810000
1936-01-18,144.930000
1936-01-20,144.060000
1936-01-21,143.500000
1936-01-22,145.990000
1936-01-23,146.970000
1936-01-24,146.590000
1936-01-25,147.010000
1936-01-27,147.300000
1936-01-28,146.940000
1936-01-29,147.710000
1936-01-30,146.980000
1936-01-31,149.490000
1936-02-01,149.580000
1936-02-03,150.620000
1936-02-04,150.940000
1936-02-05,150.600000
1936-02-06,150.860000
1936-02-07,150.170000
1936-02-08,150.400000
1936-02-10,151.150000
1936-02-11,152.250000
1936-02-13,152.530000
1936-02-14,151.970000
1936-02-15,152.400000
1936-02-17,151.400000
1936-02-18,153.360000
1936-02-19,153.090000
1936-02-20,154.430000
1936-02-21,153.740000
1936-02-24,152.740000
1936-02-25,150.780000
1936-02-26,149.810000
1936-02-27,152.640000
1936-02-28,152.530000
1936-02-29,152.150000
1936-03-02,154.080000
1936-03-03,156.190000
1936-03-04,156.700000
1936-03-05,157.520000
1936-03-06,158.750000
1936-03-07,157.860000
1936-03-09,153.500000
1936-03-10,155.370000
1936-03-11,156.850000
1936-03-12,153.130000
1936-03-13,150.420000
1936-03-14,154.070000
1936-03-16,153.250000
1936-03-17,156.340000
1936-03-18,155.820000
1936-03-19,157.400000
1936-03-20,157.420000
1936-03-21,156.420000
1936-03-23,157.620000
1936-03-24,156.560000
1936-03-25,157.880000
1936-03-26,157.730000
1936-03-27,155.520000
1936-03-28,155.540000
1936-03-30,155.370000
1936-03-31,156.340000
1936-04-01,158.960000
1936-04-02,160.430000
1936-04-03,160.090000
1936-04-04,161.500000
1936-04-06,161.990000
1936-04-07,160.940000
1936-04-08,160.970000
1936-04-09,160.250000
1936-04-11,160.480000
1936-04-13,160.760000
1936-04-14,158.410000
1936-04-15,159.610000
1936-04-16,158.490000
1936-04-17,157.780000
1936-04-18,156.070000
1936-04-20,152.400000
1936-04-21,153.360000
1936-04-22,154.920000
1936-04-23,151.080000
1936-04-24,151.540000
1936-04-25,151.930000
1936-04-27,147.050000
1936-04-28,146.750000
1936-04-29,143.650000
1936-04-30,145.670000
1936-05-01,147.070000
1936-05-02,146.410000
1936-05-04,146.960000
1936-05-05,148.560000
1936-05-06,149.730000
1936-05-07,147.140000
1936-05-08,146.870000
1936-05-09,147.850000
1936-05-11,146.850000
1936-05-12,146.700000
1936-05-13,147.900000
1936-05-14,151.490000
1936-05-15,151.600000
1936-05-16,151.420000
1936-05-18,150.350000
1936-05-19,147.490000
1936-05-20,148.940000
1936-05-21,148.800000
1936-05-22,149.580000
1936-05-23,150.650000
1936-05-25,150.830000
1936-05-26,152.260000
1936-05-27,152.570000
1936-05-28,151.770000
1936-05-29,152.640000
1936-06-01,152.840000
1936-06-02,151.970000
1936-06-03,151.530000
1936-06-04,149.390000
1936-06-05,149.260000
1936-06-06,149.840000
1936-06-08,151.390000
1936-06-09,152.900000
1936-06-10,153.020000
1936-06-11,155.160000
1936-06-12,153.710000
1936-06-13,154.640000
1936-06-15,155.090000
1936-06-16,156.700000
1936-06-17,156.970000
1936-06-18,157.380000
1936-06-19,156.530000
1936-06-20,157.210000
1936-06-22,159.130000
1936-06-23,158.940000
1936-06-24,160.660000
1936-06-25,158.640000
1936-06-26,158.210000
1936-06-27,158.460000
1936-06-29,158.010000
1936-06-30,157.690000
1936-07-01,158.380000
1936-07-02,157.510000
1936-07-03,158.110000
1936-07-06,157.110000
1936-07-07,155.600000
1936-07-08,156.200000
1936-07-09,157.710000
1936-07-10,160.070000
1936-07-11,160.720000
1936-07-13,161.350000
1936-07-14,162.800000
1936-07-15,163.240000
1936-07-16,163.640000
1936-07-17,163.550000
1936-07-18,164.420000
1936-07-20,164.430000
1936-07-21,165.230000
1936-07-22,164.490000
1936-07-23,164.610000
1936-07-24,164.370000
1936-07-25,165.560000
1936-07-27,166.920000
1936-07-28,167.010000
1936-07-29,165.670000
1936-07-30,165.980000
1936-07-31,164.860000
1936-08-01,165.420000
1936-08-03,165.320000
1936-08-04,165.410000
1936-08-05,165.070000
1936-08-06,165.710000
1936-08-07,168.010000
1936-08-08,169.100000
1936-08-10,168.800000
1936-08-11,167.860000
1936-08-12,169.050000
1936-08-13,167.640000
1936-08-14,165.750000
1936-08-15,165.860000
1936-08-17,165.380000
1936-08-18,165.420000
1936-08-19,166.040000
1936-08-20,165.590000
1936-08-21,160.800000
1936-08-22,162.140000
1936-08-24,163.780000
1936-08-25,164.340000
1936-08-26,163.320000
1936-08-27,166.770000
1936-08-28,166.780000
1936-08-29,166.910000
1936-08-31,166.290000
1936-09-01,166.350000
1936-09-02,166.650000
1936-09-03,166.240000
1936-09-04,167.040000
1936-09-05,167.800000
1936-09-08,169.550000
1936-09-09,168.500000
1936-09-10,169.000000
1936-09-11,168.590000
1936-09-12,168.020000
1936-09-14,166.860000
1936-09-15,166.440000
1936-09-16,165.160000
1936-09-17,166.250000
1936-09-18,167.760000
1936-09-19,168.930000
1936-09-21,168.900000
1936-09-22,169.470000
1936-09-23,169.010000
1936-09-24,169.140000
1936-09-25,166.360000
1936-09-26,168.070000
1936-09-28,168.790000
1936-09-29,168.480000
1936-09-30,167.820000
1936-10-01,168.260000
1936-10-02,170.760000
1936-10-03,172.440000
1936-10-05,172.810000
1936-10-06,174.420000
1936-10-07,174.590000
1936-10-08,174.930000
1936-10-09,175.190000
1936-10-10,176.050000
1936-10-13,176.290000
1936-10-14,175.570000
1936-10-15,175.220000
1936-10-16,176.660000
1936-10-17,177.630000
1936-10-19,177.420000
1936-10-20,176.780000
1936-10-21,176.700000
1936-10-22,174.900000
1936-10-23,175.600000
1936-10-24,175.910000
1936-10-26,172.300000
1936-10-27,174.360000
1936-10-28,174.840000
1936-10-29,176.310000
1936-10-30,177.150000
1936-10-31,177.190000
1936-11-02,176.670000
1936-11-04,180.660000
1936-11-05,182.250000
1936-11-06,181.600000
1936-11-07,183.380000
1936-11-09,183.650000
1936-11-10,184.010000
1936-11-12,183.150000
1936-11-13,182.240000
1936-11-14,181.450000
1936-11-16,182.650000
1936-11-17,184.900000
1936-11-18,184.440000
1936-11-19,182.210000
1936-11-20,180.740000
1936-11-21,182.010000
1936-11-23,178.620000
1936-11-24,181.110000
1936-11-25,180.780000
1936-11-27,182.810000
1936-11-28,183.320000
1936-11-30,183.220000
1936-12-01,182.050000
1936-12-02,180.250000
1936-12-03,181.290000
1936-12-04,180.970000
1936-12-05,181.050000
1936-12-07,180.130000
1936-12-08,180.570000
1936-12-09,181.160000
1936-12-10,182.180000
1936-12-11,181.100000
1936-12-12,180.920000
1936-12-14,181.870000
1936-12-15,181.970000
1936-12-16,181.580000
1936-12-17,180.780000
1936-12-18,179.420000
1936-12-19,177.610000
1936-12-21,175.850000
1936-12-22,177.300000
1936-12-23,178.360000
1936-12-24,178.600000
1936-12-28,177.120000
1936-12-29,177.600000
1936-12-30,180.570000
1936-12-31,179.900000
1937-01-02,178.520000
1937-01-04,177.720000
1937-01-05,179.070000
1937-01-06,178.920000
1937-01-07,181.770000
1937-01-08,182.950000
1937-01-09,182.750000
1937-01-11,183.260000
1937-01-12,183.300000
1937-01-13,183.010000
1937-01-14,183.710000
1937-01-15,184.530000
1937-01-16,185.730000
1937-01-18,184.950000
1937-01-19,184.020000
1937-01-20,185.960000
1937-01-21,186.900000
1937-01-22,186.530000
1937-01-23,186.690000
1937-01-25,185.620000
1937-01-26,183.190000
1937-01-27,183.970000
1937-01-28,183.410000
1937-01-29,184.740000
1937-01-30,185.740000
1937-02-01,186.610000
1937-02-02,188.200000
1937-02-03,188.690000
1937-02-04,188.390000
1937-02-05,186.010000
1937-02-06,187.110000
1937-02-08,187.820000
1937-02-09,187.680000
1937-02-10,189.350000
1937-02-11,190.290000
1937-02-13,190.030000
1937-02-15,188.390000
1937-02-16,188.180000
1937-02-17,187.980000
1937-02-18,188.070000
1937-02-19,189.370000
1937-02-20,189.370000
1937-02-23,186.500000
1937-02-24,187.350000
1937-02-25,186.680000
1937-02-26,187.170000
1937-02-27,187.300000
1937-03-01,187.680000
1937-03-02,189.910000
1937-03-03,192.910000
1937-03-04,191.630000
1937-03-05,194.140000
1937-03-06,194.150000
1937-03-08,192.690000
1937-03-09,193.290000
1937-03-10,194.400000
1937-03-11,192.220000
1937-03-12,191.240000
1937-03-13,190.580000
1937-03-15,189.410000
1937-03-16,189.950000
1937-03-17,188.500000
1937-03-18,184.730000
1937-03-19,184.560000
1937-03-20,184.040000
1937-03-22,179.820000
1937-03-23,181.870000
1937-03-24,184.320000
1937-03-25,184.080000
1937-03-27,184.950000
1937-03-29,184.090000
1937-03-30,186.770000
1937-03-31,186.410000
1937-04-01,185.190000
1937-04-02,182.750000
1937-04-03,183.540000
1937-04-05,184.190000
1937-04-06,182.980000
1937-04-07,178.070000
1937-04-08,178.180000
1937-04-09,178.940000
1937-04-10,178.260000
1937-04-12,179.740000
1937-04-13,182.100000
1937-04-14,181.930000
1937-04-15,181.190000
1937-04-16,180.750000
1937-04-17,180.510000
1937-04-19,180.820000
1937-04-20,181.440000
1937-04-21,183.600000
1937-04-22,181.700000
1937-04-23,178.540000
1937-04-24,176.980000
1937-04-26,171.970000
1937-04-27,174.520000
1937-04-28,170.130000
1937-04-29,170.520000
1937-04-30,174.270000
1937-05-01,174.420000
1937-05-03,174.590000
1937-05-04,176.300000
1937-05-05,174.670000
1937-05-06,175.810000
1937-05-07,175.890000
1937-05-08,175.540000
1937-05-10,173.040000
1937-05-11,172.550000
1937-05-12,172.240000
1937-05-13,167.460000
1937-05-14,169.150000
1937-05-15,169.600000
1937-05-17,167.840000
1937-05-18,169.970000
1937-05-19,169.750000
1937-05-20,173.590000
1937-05-21,173.830000
1937-05-22,175.000000
1937-05-24,175.590000
1937-05-25,173.790000
1937-05-26,173.700000
1937-05-27,174.190000
1937-05-28,174.710000
1937-06-01,171.590000
1937-06-02,172.630000
1937-06-03,172.820000
1937-06-04,175.140000
1937-06-05,175.000000
1937-06-07,173.880000
1937-06-08,174.330000
1937-06-09,173.470000
1937-06-10,172.820000
1937-06-11,170.770000
1937-06-12,169.510000
1937-06-14,165.510000
1937-06-15,167.400000
1937-06-16,165.860000
1937-06-17,167.740000
1937-06-18,168.790000
1937-06-19,168.600000
1937-06-21,167.980000
1937-06-22,168.200000
1937-06-23,169.010000
1937-06-24,170.080000
1937-06-25,169.590000
1937-06-26,168.450000
1937-06-28,166.710000
1937-06-29,167.110000
1937-06-30,169.320000
1937-07-01,170.130000
1937-07-02,172.220000
1937-07-06,176.800000
1937-07-07,177.740000
1937-07-08,177.700000
1937-07-09,177.400000
1937-07-10,176.720000
1937-07-12,178.700000
1937-07-13,178.240000
1937-07-14,178.570000
1937-07-15,179.710000
1937-07-16,179.530000
1937-07-17,179.720000
1937-07-19,182.060000
1937-07-20,183.320000
1937-07-21,182.350000
1937-07-22,182.960000
1937-07-23,183.780000
1937-07-24,184.850000
1937-07-26,184.420000
1937-07-27,184.240000
1937-07-28,182.570000
1937-07-29,183.010000
1937-07-30,184.010000
1937-07-31,185.610000
1937-08-02,186.910000
1937-08-03,185.910000
1937-08-04,186.800000
1937-08-05,186.090000
1937-08-06,185.430000
1937-08-07,186.410000
1937-08-09,186.750000
1937-08-10,186.980000
1937-08-11,186.720000
1937-08-12,187.620000
1937-08-13,189.290000
1937-08-14,190.020000
1937-08-16,189.340000
1937-08-17,188.680000
1937-08-18,187.390000
1937-08-19,185.280000
1937-08-20,182.950000
1937-08-21,183.740000
1937-08-23,181.880000
1937-08-24,182.390000
1937-08-25,181.700000
1937-08-26,178.520000
1937-08-27,175.910000
1937-08-28,175.930000
1937-08-30,177.880000
1937-08-31,177.410000
1937-09-01,173.080000
1937-09-02,170.840000
1937-09-03,172.170000
1937-09-04,172.550000
1937-09-07,164.390000
1937-09-08,163.370000
1937-09-09,166.360000
1937-09-10,157.980000
1937-09-11,159.960000
1937-09-13,158.000000
1937-09-14,162.900000
1937-09-15,162.850000
1937-09-16,164.750000
1937-09-17,162.150000
1937-09-18,157.830000
1937-09-20,155.560000
1937-09-21,156.560000
1937-09-22,157.450000
1937-09-23,153.980000
1937-09-24,147.380000
1937-09-25,147.470000
1937-09-27,152.030000
1937-09-28,153.160000
1937-09-29,154.700000
1937-09-30,154.570000
1937-10-01,153.890000
1937-10-02,154.080000
1937-10-04,152.190000
1937-10-05,144.080000
1937-10-06,147.180000
1937-10-07,146.590000
1937-10-08,144.030000
1937-10-09,143.930000
1937-10-11,138.790000
1937-10-13,138.200000
1937-10-14,136.540000
1937-10-15,135.480000
1937-10-16,136.300000
1937-10-18,125.730000
1937-10-19,126.850000
1937-10-20,134.560000
1937-10-21,135.480000
1937-10-22,132.260000
1937-10-23,127.150000
1937-10-25,134.430000
1937-10-26,132.780000
1937-10-27,132.260000
1937-10-28,135.220000
1937-10-29,138.480000
1937-10-30,138.170000
1937-11-01,135.940000
1937-11-03,130.140000
1937-11-04,128.840000
1937-11-05,128.920000
1937-11-06,125.250000
1937-11-08,123.980000
1937-11-09,126.160000
1937-11-10,132.160000
1937-11-12,133.090000
1937-11-13,133.050000
1937-11-15,129.220000
1937-11-16,127.980000
1937-11-17,127.540000
1937-11-18,125.480000
1937-11-19,118.130000
1937-11-20,120.450000
1937-11-22,114.190000
1937-11-23,115.780000
1937-11-24,113.640000
1937-11-26,118.260000
1937-11-27,123.710000
1937-11-29,121.580000
1937-11-30,123.480000
1937-12-01,122.110000
1937-12-02,125.140000
1937-12-03,127.550000
1937-12-04,127.790000
1937-12-06,126.210000
1937-12-07,128.310000
1937-12-08,129.800000
1937-12-09,128.150000
1937-12-10,126.720000
1937-12-11,126.830000
1937-12-13,122.830000
1937-12-14,123.500000
1937-12-15,124.190000
1937-12-16,125.750000
1937-12-17,124.980000
1937-12-18,126.630000
1937-12-20,129.080000
1937-12-21,129.980000
1937-12-22,128.550000
1937-12-23,127.630000
1937-12-24,127.360000
1937-12-27,123.450000
1937-12-28,118.930000
1937-12-29,120.150000
1937-12-30,121.560000
1937-12-31,120.850000
1938-01-03,120.570000
1938-01-04,124.610000
1938-01-05,124.660000
1938-01-06,128.970000
1938-01-07,128.210000
1938-01-08,130.840000
1938-01-10,133.550000
1938-01-11,134.350000
1938-01-12,133.220000
1938-01-13,131.600000
1938-01-14,131.840000
1938-01-15,134.310000
1938-01-17,132.490000
1938-01-18,131.530000
1938-01-19,130.090000
1938-01-20,132.330000
1938-01-21,130.690000
1938-01-22,130.000000
1938-01-24,129.890000
1938-01-25,128.330000
1938-01-26,123.230000
1938-01-27,121.570000
1938-01-28,120.660000
1938-01-29,120.140000
1938-01-31,121.870000
1938-02-01,123.970000
1938-02-02,123.060000
1938-02-03,118.490000
1938-02-04,120.520000
1938-02-05,122.880000
1938-02-07,121.390000
1938-02-08,125.520000
1938-02-09,125.000000
1938-02-10,125.540000
1938-02-11,124.940000
1938-02-14,125.970000
1938-02-15,124.930000
1938-02-16,124.900000
1938-02-17,127.590000
1938-02-18,126.290000
1938-02-19,127.500000
1938-02-21,129.490000
1938-02-23,132.410000
1938-02-24,130.850000
1938-02-25,131.580000
1938-02-26,131.260000
1938-02-28,129.640000
1938-03-01,130.470000
1938-03-02,129.380000
1938-03-03,128.220000
1938-03-04,127.780000
1938-03-05,127.670000
1938-03-07,125.380000
1938-03-08,125.330000
1938-03-09,125.670000
1938-03-10,124.710000
1938-03-11,122.440000
1938-03-12,122.580000
1938-03-14,123.680000
1938-03-15,127.240000
1938-03-16,122.870000
1938-03-17,122.030000
1938-03-18,118.410000
1938-03-19,120.430000
1938-03-21,120.290000
1938-03-22,117.110000
1938-03-23,114.380000
1938-03-24,114.640000
1938-03-25,108.570000
1938-03-26,106.630000
1938-03-28,107.250000
1938-03-29,101.920000
1938-03-30,100.970000
1938-03-31,98.950000
1938-04-01,103.020000
1938-04-02,106.110000
1938-04-04,105.580000
1938-04-05,108.360000
1938-04-06,106.290000
1938-04-07,105.430000
1938-04-08,109.570000
1938-04-09,115.320000
1938-04-11,112.930000
1938-04-12,113.880000
1938-04-13,114.850000
1938-04-14,116.820000
1938-04-16,121.000000
1938-04-18,118.990000
1938-04-19,116.340000
1938-04-20,114.900000
1938-04-21,115.400000
1938-04-22,118.520000
1938-04-23,117.640000
1938-04-25,116.230000
1938-04-26,113.940000
1938-04-27,115.250000
1938-04-28,111.980000
1938-04-29,111.660000
1938-04-30,111.280000
1938-05-02,110.090000
1938-05-03,112.710000
1938-05-04,113.880000
1938-05-05,113.460000
1938-05-06,117.160000
1938-05-07,117.210000
1938-05-09,119.430000
1938-05-10,117.930000
1938-05-11,118.520000
1938-05-12,118.550000
1938-05-13,116.870000
1938-05-14,117.210000
1938-05-16,115.380000
1938-05-17,116.360000
1938-05-18,117.020000
1938-05-19,115.280000
1938-05-20,114.990000
1938-05-21,113.250000
1938-05-23,113.970000
1938-05-24,112.350000
1938-05-25,110.600000
1938-05-26,108.280000
1938-05-27,107.980000
1938-05-28,108.900000
1938-05-31,107.740000
1938-06-01,110.610000
1938-06-02,110.680000
1938-06-03,109.710000
1938-06-04,111.820000
1938-06-06,113.190000
1938-06-07,113.120000
1938-06-08,113.750000
1938-06-09,115.740000
1938-06-10,114.470000
1938-06-11,114.230000
1938-06-13,111.870000
1938-06-14,112.780000
1938-06-15,113.240000
1938-06-16,113.970000
1938-06-17,113.060000
1938-06-18,113.230000
1938-06-20,118.610000
1938-06-21,121.340000
1938-06-22,123.990000
1938-06-23,127.400000
1938-06-24,129.060000
1938-06-25,131.940000
1938-06-27,130.480000
1938-06-28,130.380000
1938-06-29,135.870000
1938-06-30,133.880000
1938-07-01,136.530000
1938-07-02,138.530000
1938-07-05,136.520000
1938-07-06,137.780000
1938-07-07,137.450000
1938-07-08,135.660000
1938-07-09,136.200000
1938-07-11,134.560000
1938-07-12,137.490000
1938-07-13,136.900000
1938-07-14,135.810000
1938-07-15,137.300000
1938-07-16,138.530000
1938-07-18,140.390000
1938-07-19,143.670000
1938-07-20,141.840000
1938-07-21,141.920000
1938-07-22,142.250000
1938-07-23,144.240000
1938-07-25,144.910000
1938-07-26,143.330000
1938-07-27,140.240000
1938-07-28,142.200000
1938-07-29,141.200000
1938-07-30,141.250000
1938-08-01,140.370000
1938-08-02,141.970000
1938-08-03,141.730000
1938-08-04,142.130000
1938-08-05,144.470000
1938-08-06,145.670000
1938-08-08,144.330000
1938-08-09,143.210000
1938-08-10,142.400000
1938-08-11,139.320000
1938-08-12,136.510000
1938-08-13,136.210000
1938-08-15,136.980000
1938-08-16,138.440000
1938-08-17,139.030000
1938-08-18,139.330000
1938-08-19,141.130000
1938-08-20,141.200000
1938-08-22,140.920000
1938-08-23,143.700000
1938-08-24,143.530000
1938-08-25,144.070000
1938-08-26,142.940000
1938-08-27,141.950000
1938-08-29,137.060000
1938-08-30,138.260000
1938-08-31,139.270000
1938-09-01,138.360000
1938-09-02,141.380000
1938-09-03,142.480000
1938-09-06,141.470000
1938-09-07,143.080000
1938-09-08,142.190000
1938-09-09,139.900000
1938-09-10,138.290000
1938-09-12,140.190000
1938-09-13,134.190000
1938-09-14,132.930000
1938-09-15,136.220000
1938-09-16,134.850000
1938-09-17,131.820000
1938-09-19,134.100000
1938-09-20,138.410000
1938-09-21,139.290000
1938-09-22,137.350000
1938-09-23,134.080000
1938-09-24,133.020000
1938-09-26,129.910000
1938-09-27,130.190000
1938-09-28,133.680000
1938-09-29,137.160000
1938-09-30,141.450000
1938-10-01,143.130000
1938-10-03,144.290000
1938-10-04,144.230000
1938-10-05,148.320000
1938-10-06,148.100000
1938-10-07,148.410000
1938-10-08,149.750000
1938-10-10,149.550000
1938-10-11,149.410000
1938-10-13,152.460000
1938-10-14,151.450000
1938-10-15,151.960000
1938-10-17,150.810000
1938-10-18,152.100000
1938-10-19,150.020000
1938-10-20,151.520000
1938-10-21,152.150000
1938-10-22,154.110000
1938-10-24,154.120000
1938-10-25,154.170000
1938-10-26,152.400000
1938-10-27,152.690000
1938-10-28,151.070000
1938-10-29,151.070000
1938-10-31,151.730000
1938-11-01,151.390000
1938-11-02,152.210000
1938-11-03,152.310000
1938-11-04,152.100000
1938-11-05,152.120000
1938-11-07,154.910000
1938-11-09,158.080000
1938-11-10,157.470000
1938-11-12,158.410000
1938-11-14,155.610000
1938-11-15,154.660000
1938-11-16,151.540000
1938-11-17,152.780000
1938-11-18,149.930000
1938-11-19,150.380000
1938-11-21,150.260000
1938-11-22,149.560000
1938-11-23,149.880000
1938-11-25,150.100000
1938-11-26,148.450000
1938-11-28,146.140000
1938-11-29,147.070000
1938-11-30,149.820000
1938-12-01,148.630000
1938-12-02,147.570000
1938-12-03,147.500000
1938-12-05,147.470000
1938-12-06,148.330000
1938-12-07,148.730000
1938-12-08,147.630000
1938-12-09,147.390000
1938-12-10,148.310000
1938-12-12,148.650000
1938-12-13,149.590000
1938-12-14,151.830000
1938-12-15,151.820000
1938-12-16,150.890000
1938-12-17,150.360000
1938-12-19,150.380000
1938-12-20,150.460000
1938-12-21,149.580000
1938-12-22,150.530000
1938-12-23,151.390000
1938-12-24,151.380000
1938-12-27,150.430000
1938-12-28,151.450000
1938-12-29,153.620000
1938-12-30,154.360000
1938-12-31,154.760000
1939-01-03,153.640000
1939-01-04,154.850000
1939-01-05,153.180000
1939-01-06,152.870000
1939-01-07,151.540000
1939-01-09,150.190000
1939-01-10,150.480000
1939-01-11,148.650000
1939-01-12,147.330000
1939-01-13,146.520000
1939-01-14,148.260000
1939-01-16,148.260000
1939-01-17,148.930000
1939-01-18,148.990000
1939-01-19,149.470000
1939-01-20,149.110000
1939-01-21,146.760000
1939-01-23,141.320000
1939-01-24,141.350000
1939-01-25,140.720000
1939-01-26,136.420000
1939-01-27,138.900000
1939-01-28,138.790000
1939-01-30,141.560000
1939-01-31,143.760000
1939-02-01,142.430000
1939-02-02,144.340000
1939-02-03,143.550000
1939-02-04,145.070000
1939-02-06,145.030000
1939-02-07,144.100000
1939-02-08,145.430000
1939-02-09,143.990000
1939-02-10,143.680000
1939-02-11,144.610000
1939-02-14,144.130000
1939-02-15,144.600000
1939-02-16,145.390000
1939-02-17,144.950000
1939-02-18,145.510000
1939-02-20,142.740000
1939-02-21,142.640000
1939-02-23,142.930000
1939-02-24,145.440000
1939-02-25,146.820000
1939-02-27,146.620000
1939-02-28,147.300000
1939-03-01,147.150000
1939-03-02,146.960000
1939-03-03,148.760000
1939-03-04,149.490000
1939-03-06,148.840000
1939-03-07,149.370000
1939-03-08,151.420000
1939-03-09,151.330000
1939-03-10,152.280000
1939-03-11,151.770000
1939-03-13,150.790000
1939-03-14,151.100000
1939-03-15,147.660000
1939-03-16,147.540000
1939-03-17,143.890000
1939-03-18,141.680000
1939-03-20,141.280000
1939-03-21,143.410000
1939-03-22,139.510000
1939-03-23,140.330000
1939-03-24,141.820000
1939-03-25,141.550000
1939-03-27,141.140000
1939-03-28,139.330000
1939-03-29,139.750000
1939-03-30,136.690000
1939-03-31,131.840000
1939-04-01,132.830000
1939-04-03,132.250000
1939-04-04,129.800000
1939-04-05,130.340000
1939-04-06,126.320000
1939-04-08,121.440000
1939-04-10,124.030000
1939-04-11,123.750000
1939-04-12,126.150000
1939-04-13,127.510000
1939-04-14,126.200000
1939-04-15,129.610000
1939-04-17,127.340000
1939-04-18,125.380000
1939-04-19,127.010000
1939-04-20,128.410000
1939-04-21,128.710000
1939-04-22,128.550000
1939-04-24,127.340000
1939-04-25,127.360000
1939-04-26,128.560000
1939-04-27,129.780000
1939-04-28,128.380000
1939-04-29,128.450000
1939-05-01,127.830000
1939-05-02,129.320000
1939-05-03,132.300000
1939-05-04,131.860000
1939-05-05,131.470000
1939-05-06,131.740000
1939-05-08,131.670000
1939-05-09,133.670000
1939-05-10,132.820000
1939-05-11,132.920000
1939-05-12,132.160000
1939-05-13,132.400000
1939-05-15,132.650000
1939-05-16,129.860000
1939-05-17,129.090000
1939-05-18,129.430000
1939-05-19,130.380000
1939-05-20,131.220000
1939-05-22,132.450000
1939-05-23,131.770000
1939-05-24,135.040000
1939-05-25,135.530000
1939-05-26,136.090000
1939-05-27,136.800000
1939-05-29,137.800000
1939-05-31,138.180000
1939-06-01,136.200000
1939-06-02,136.740000
1939-06-03,137.120000
1939-06-05,137.060000
1939-06-06,138.360000
1939-06-07,138.710000
1939-06-08,138.490000
1939-06-09,140.090000
1939-06-10,140.140000
1939-06-12,139.130000
1939-06-13,138.200000
1939-06-14,137.500000
1939-06-15,134.410000
1939-06-16,134.670000
1939-06-17,135.310000
1939-06-19,136.400000
1939-06-20,137.570000
1939-06-21,137.610000
1939-06-22,136.880000
1939-06-23,137.420000
1939-06-24,137.360000
1939-06-26,135.090000
1939-06-27,135.420000
1939-06-28,132.830000
1939-06-29,130.050000
1939-06-30,130.630000
1939-07-01,131.730000
1939-07-03,131.930000
1939-07-05,133.680000
1939-07-06,133.580000
1939-07-07,133.220000
1939-07-08,133.240000
1939-07-10,133.790000
1939-07-11,134.560000
1939-07-12,136.980000
1939-07-13,138.020000
1939-07-14,137.570000
1939-07-15,137.880000
1939-07-17,142.580000
1939-07-18,143.760000
1939-07-19,142.640000
1939-07-20,141.240000
1939-07-21,143.460000
1939-07-22,144.710000
1939-07-24,144.180000
1939-07-25,143.100000
1939-07-26,143.820000
1939-07-27,144.510000
1939-07-28,144.110000
1939-07-29,144.000000
1939-07-31,143.260000
1939-08-01,143.360000
1939-08-02,144.260000
1939-08-03,144.240000
1939-08-04,141.730000
1939-08-05,142.110000
1939-08-07,140.760000
1939-08-08,141.100000
1939-08-09,139.750000
1939-08-10,137.250000
1939-08-11,137.290000
1939-08-12,138.420000
1939-08-14,140.180000
1939-08-15,141.290000
1939-08-16,138.470000
1939-08-17,138.330000
1939-08-18,135.540000
1939-08-19,135.110000
1939-08-21,132.810000
1939-08-22,135.070000
1939-08-23,131.820000
1939-08-24,131.330000
1939-08-25,133.730000
1939-08-26,136.390000
1939-08-28,134.660000
1939-08-29,137.390000
1939-08-30,136.160000
1939-08-31,134.410000
1939-09-01,135.250000
1939-09-02,138.090000
1939-09-05,148.120000
1939-09-06,148.040000
1939-09-07,148.320000
1939-09-08,150.040000
1939-09-09,150.910000
1939-09-11,155.120000
1939-09-12,155.920000
1939-09-13,154.100000
1939-09-14,153.710000
1939-09-15,154.030000
1939-09-16,152.150000
1939-09-18,147.780000
1939-09-19,152.140000
1939-09-20,152.250000
1939-09-21,153.480000
1939-09-22,152.570000
1939-09-23,152.990000
1939-09-25,152.640000
1939-09-26,153.540000
1939-09-27,153.080000
1939-09-28,151.120000
1939-09-29,150.160000
1939-09-30,152.540000
1939-10-02,151.410000
1939-10-03,150.230000
1939-10-04,150.250000
1939-10-05,150.480000
1939-10-06,150.610000
1939-10-07,149.600000
1939-10-09,149.890000
1939-10-10,150.660000
1939-10-11,151.340000
1939-10-13,150.850000
1939-10-14,150.380000
1939-10-16,150.840000
1939-10-17,154.560000
1939-10-18,153.540000
1939-10-19,153.360000
1939-10-20,153.000000
1939-10-21,153.860000
1939-10-23,153.710000
1939-10-24,154.070000
1939-10-25,155.480000
1939-10-26,154.050000
1939-10-27,153.460000
1939-10-28,153.120000
1939-10-30,153.210000
1939-10-31,151.880000
1939-11-01,151.600000
1939-11-02,151.560000
1939-11-03,152.640000
1939-11-04,152.360000
1939-11-06,151.460000
1939-11-08,150.350000
1939-11-09,148.750000
1939-11-10,149.090000
1939-11-13,149.070000
1939-11-14,149.770000
1939-11-15,149.530000
1939-11-16,151.150000
1939-11-17,151.000000
1939-11-18,151.530000
1939-11-20,151.690000
1939-11-21,150.980000
1939-11-22,150.340000
1939-11-24,148.470000
1939-11-25,148.640000
1939-11-27,148.590000
1939-11-28,148.310000
1939-11-29,146.890000
1939-11-30,145.690000
1939-12-01,146.540000
1939-12-02,146.620000
1939-12-04,146.340000
1939-12-05,146.490000
1939-12-06,148.780000
1939-12-07,148.700000
1939-12-08,147.860000
1939-12-09,147.930000
1939-12-11,147.050000
1939-12-12,146.930000
1939-12-13,148.940000
1939-12-14,148.930000
1939-12-15,149.640000
1939-12-16,149.360000
1939-12-18,149.220000
1939-12-19,148.930000
1939-12-20,149.130000
1939-12-21,149.100000
1939-12-22,149.590000
1939-12-23,149.850000
1939-12-26,149.270000
1939-12-27,148.520000
1939-12-28,149.480000
1939-12-29,149.990000
1939-12-30,150.240000
1940-01-02,151.430000
1940-01-03,152.800000
1940-01-04,152.430000
1940-01-05,151.540000
1940-01-06,151.190000
1940-01-08,151.340000
1940-01-09,149.840000
1940-01-10,150.150000
1940-01-11,148.230000
1940-01-12,145.960000
1940-01-13,145.190000
1940-01-15,144.650000
1940-01-16,145.670000
1940-01-17,145.810000
1940-01-18,145.610000
1940-01-19,145.860000
1940-01-20,145.640000
1940-01-22,145.130000
1940-01-23,145.490000
1940-01-24,147.000000
1940-01-25,146.290000
1940-01-26,146.610000
1940-01-27,146.510000
1940-01-29,146.260000
1940-01-30,145.630000
1940-01-31,145.330000
1940-02-01,145.230000
1940-02-02,145.330000
1940-02-03,145.590000
1940-02-05,145.000000
1940-02-06,145.930000
1940-02-07,146.630000
1940-02-08,148.400000
1940-02-09,148.940000
1940-02-10,148.840000
1940-02-13,148.780000
1940-02-14,148.330000
1940-02-15,148.460000
1940-02-16,148.200000
1940-02-17,148.720000
1940-02-19,148.460000
1940-02-20,148.650000
1940-02-21,148.340000
1940-02-23,147.350000
1940-02-24,146.720000
1940-02-26,146.440000
1940-02-27,146.170000
1940-02-28,146.560000
1940-02-29,146.540000
1940-03-01,146.230000
1940-03-02,146.330000
1940-03-04,146.430000
1940-03-05,146.890000
1940-03-06,147.970000
1940-03-07,148.320000
1940-03-08,148.070000
1940-03-09,148.140000
1940-03-11,148.150000
1940-03-12,148.370000
1940-03-13,148.320000
1940-03-14,148.110000
1940-03-15,146.530000
1940-03-16,145.760000
1940-03-18,145.590000
1940-03-19,146.430000
1940-03-20,146.910000
1940-03-21,146.730000
1940-03-23,146.730000
1940-03-25,146.250000
1940-03-26,145.860000
1940-03-27,147.470000
1940-03-28,147.250000
1940-03-29,147.540000
1940-03-30,147.950000
1940-04-01,147.720000
1940-04-02,147.920000
1940-04-03,149.650000
1940-04-04,150.410000
1940-04-05,150.360000
1940-04-06,151.100000
1940-04-08,151.290000
1940-04-09,150.310000
1940-04-10,149.590000
1940-04-11,149.980000
1940-04-12,149.200000
1940-04-13,149.660000
1940-04-15,149.720000
1940-04-16,148.180000
1940-04-17,148.350000
1940-04-18,147.150000
1940-04-19,146.800000
1940-04-20,147.670000
1940-04-22,148.010000
1940-04-23,148.930000
1940-04-24,148.450000
1940-04-25,148.560000
1940-04-26,147.730000
1940-04-27,148.120000
1940-04-29,148.410000
1940-04-30,148.430000
1940-05-01,147.130000
1940-05-02,147.760000
1940-05-03,147.650000
1940-05-04,147.550000
1940-05-06,147.330000
1940-05-07,147.740000
1940-05-08,147.960000
1940-05-09,148.170000
1940-05-10,144.770000
1940-05-11,144.850000
1940-05-13,137.630000
1940-05-14,128.270000
1940-05-15,129.080000
1940-05-16,130.430000
1940-05-17,124.200000
1940-05-18,122.430000
1940-05-20,122.430000
1940-05-21,114.130000
1940-05-22,114.750000
1940-05-23,114.710000
1940-05-24,113.940000
1940-05-25,114.750000
1940-05-27,116.350000
1940-05-28,114.260000
1940-05-29,115.240000
1940-05-31,116.220000
1940-06-01,115.670000
1940-06-03,114.730000
1940-06-04,115.790000
1940-06-05,113.250000
1940-06-06,114.480000
1940-06-07,115.670000
1940-06-08,115.360000
1940-06-10,111.840000
1940-06-11,115.970000
1940-06-12,121.460000
1940-06-13,119.910000
1940-06-14,122.270000
1940-06-15,123.360000
1940-06-17,122.800000
1940-06-18,123.210000
1940-06-19,123.860000
1940-06-20,122.350000
1940-06-21,122.610000
1940-06-22,122.830000
1940-06-24,123.760000
1940-06-25,121.050000
1940-06-26,119.730000
1940-06-27,120.690000
1940-06-28,122.060000
1940-06-29,121.870000
1940-07-01,121.120000
1940-07-02,120.960000
1940-07-03,120.960000
1940-07-05,121.510000
1940-07-06,121.590000
1940-07-08,121.630000
1940-07-09,121.600000
1940-07-10,121.490000
1940-07-11,121.580000
1940-07-12,121.630000
1940-07-13,121.480000
1940-07-15,121.720000
1940-07-16,123.120000
1940-07-17,122.820000
1940-07-18,123.000000
1940-07-19,122.180000
1940-07-20,121.870000
1940-07-22,122.060000
1940-07-23,122.230000
1940-07-24,121.640000
1940-07-25,121.930000
1940-07-26,122.050000
1940-07-27,122.450000
1940-07-29,123.150000
1940-07-30,125.970000
1940-07-31,126.140000
1940-08-01,126.130000
1940-08-02,126.370000
1940-08-03,126.360000
1940-08-05,126.440000
1940-08-06,125.270000
1940-08-07,125.120000
1940-08-08,125.130000
1940-08-09,126.400000
1940-08-10,126.990000
1940-08-12,127.260000
1940-08-13,122.980000
1940-08-14,122.250000
1940-08-15,123.040000
1940-08-16,121.280000
1940-08-17,121.980000
1940-08-19,122.060000
1940-08-20,123.170000
1940-08-21,125.070000
1940-08-22,126.460000
1940-08-23,125.340000
1940-08-24,125.480000
1940-08-26,125.710000
1940-08-27,125.330000
1940-08-28,126.870000
1940-08-29,126.870000
1940-08-30,128.880000
1940-08-31,129.420000
1940-09-03,129.740000
1940-09-04,132.160000
1940-09-05,134.100000
1940-09-06,133.120000
1940-09-07,132.780000
1940-09-09,129.730000
1940-09-10,129.610000
1940-09-11,129.360000
1940-09-12,127.870000
1940-09-13,127.740000
1940-09-14,128.380000
1940-09-16,129.440000
1940-09-17,130.430000
1940-09-18,131.280000
1940-09-19,131.340000
1940-09-20,131.610000
1940-09-21,132.450000
1940-09-23,135.100000
1940-09-24,134.440000
1940-09-25,134.150000
1940-09-26,133.500000
1940-09-27,131.760000
1940-09-28,132.320000
1940-09-30,132.640000
1940-10-01,134.330000
1940-10-02,134.970000
1940-10-03,135.090000
1940-10-04,133.790000
1940-10-05,133.900000
1940-10-07,133.510000
1940-10-08,131.310000
1940-10-09,130.540000
1940-10-10,130.390000
1940-10-11,131.040000
1940-10-14,130.730000
1940-10-15,131.480000
1940-10-16,131.970000
1940-10-17,132.490000
1940-10-18,132.450000
1940-10-19,132.180000
1940-10-21,131.370000
1940-10-22,131.980000
1940-10-23,132.400000
1940-10-24,131.360000
1940-10-25,131.160000
1940-10-26,132.260000
1940-10-28,131.770000
1940-10-29,132.190000
1940-10-30,132.980000
1940-10-31,134.610000
1940-11-01,134.410000
1940-11-02,134.850000
1940-11-04,135.210000
1940-11-06,131.980000
1940-11-07,137.750000
1940-11-08,136.640000
1940-11-09,138.120000
1940-11-12,137.410000
1940-11-13,136.610000
1940-11-14,136.970000
1940-11-15,135.590000
1940-11-16,134.730000
1940-11-18,134.740000
1940-11-19,134.480000
1940-11-20,132.220000
1940-11-22,131.740000
1940-11-23,131.470000
1940-11-25,131.960000
1940-11-26,131.940000
1940-11-27,129.780000
1940-11-28,130.140000
1940-11-29,130.030000
1940-11-30,131.000000
1940-12-02,130.930000
1940-12-03,130.780000
1940-12-04,130.750000
1940-12-05,129.960000
1940-12-06,130.330000
1940-12-07,131.290000
1940-12-09,131.460000
1940-12-10,131.370000
1940-12-11,131.760000
1940-12-12,132.140000
1940-12-13,132.350000
1940-12-14,132.310000
1940-12-16,131.070000
1940-12-17,130.530000
1940-12-18,129.420000
1940-12-19,128.840000
1940-12-20,128.870000
1940-12-21,128.890000
1940-12-23,128.410000
1940-12-24,128.890000
1940-12-26,129.020000
1940-12-27,129.510000
1940-12-28,130.110000
1940-12-30,131.040000
1940-12-31,131.130000
1941-01-02,130.570000
1941-01-03,132.010000
1941-01-04,132.400000
1941-01-06,132.830000
1941-01-07,133.020000
1941-01-08,133.020000
1941-01-09,133.390000
1941-01-10,133.590000
1941-01-11,133.490000
1941-01-13,133.250000
1941-01-14,132.440000
1941-01-15,131.510000
1941-01-16,129.930000
1941-01-17,129.540000
1941-01-18,129.750000
1941-01-20,129.240000
1941-01-21,128.200000
1941-01-22,128.650000
1941-01-23,128.340000
1941-01-24,128.520000
1941-01-25,128.960000
1941-01-27,129.030000
1941-01-28,128.600000
1941-01-29,126.000000
1941-01-30,124.050000
1941-01-31,124.130000
1941-02-01,123.280000
1941-02-03,122.670000
1941-02-04,122.630000
1941-02-05,124.140000
1941-02-06,124.760000
1941-02-07,124.300000
1941-02-08,124.710000
1941-02-10,124.190000
1941-02-11,122.610000
1941-02-13,121.100000
1941-02-14,117.660000
1941-02-15,118.550000
1941-02-17,119.180000
1941-02-18,118.980000
1941-02-19,117.940000
1941-02-20,119.990000
1941-02-21,120.240000
1941-02-24,121.490000
1941-02-25,122.400000
1941-02-26,122.390000
1941-02-27,121.870000
1941-02-28,121.970000
1941-03-01,121.860000
1941-03-03,120.880000
1941-03-04,121.160000
1941-03-05,120.300000
1941-03-06,121.630000
1941-03-07,121.590000
1941-03-08,121.470000
1941-03-10,123.640000
1941-03-11,123.270000
1941-03-12,123.190000
1941-03-13,122.560000
1941-03-14,122.750000
1941-03-15,123.400000
1941-03-17,123.460000
1941-03-18,123.920000
1941-03-19,123.550000
1941-03-20,123.600000
1941-03-21,122.470000
1941-03-22,121.920000
1941-03-24,122.390000
1941-03-25,122.780000
1941-03-26,122.700000
1941-03-27,123.330000
1941-03-28,122.680000
1941-03-29,122.370000
1941-03-31,122.720000
1941-04-01,123.260000
1941-04-02,123.430000
1941-04-03,124.650000
1941-04-04,124.640000
1941-04-05,124.320000
1941-04-07,123.640000
1941-04-08,121.210000
1941-04-09,119.850000
1941-04-10,119.660000
1941-04-12,118.600000
1941-04-14,118.890000
1941-04-15,118.590000
1941-04-16,118.600000
1941-04-17,118.160000
1941-04-18,116.280000
1941-04-19,116.150000
1941-04-21,116.060000
1941-04-22,115.780000
1941-04-23,116.590000
1941-04-24,117.350000
1941-04-25,116.580000
1941-04-26,116.430000
1941-04-28,116.630000
1941-04-29,116.730000
1941-04-30,115.540000
1941-05-01,115.300000
1941-05-02,115.720000
1941-05-03,115.550000
1941-05-05,115.840000
1941-05-06,117.100000
1941-05-07,116.870000
1941-05-08,116.340000
1941-05-09,116.460000
1941-05-10,117.540000
1941-05-12,117.140000
1941-05-13,117.210000
1941-05-14,117.010000
1941-05-15,115.730000
1941-05-16,115.860000
1941-05-17,116.110000
1941-05-19,116.150000
1941-05-20,117.650000
1941-05-21,117.820000
1941-05-22,116.810000
1941-05-23,116.730000
1941-05-24,116.640000
1941-05-26,115.730000
1941-05-27,115.950000
1941-05-28,116.160000
1941-05-29,116.230000
1941-05-31,115.760000
1941-06-02,116.180000
1941-06-03,117.380000
1941-06-04,117.680000
1941-06-05,118.130000
1941-06-06,118.000000
1941-06-07,118.890000
1941-06-09,120.160000
1941-06-10,121.890000
1941-06-11,122.180000
1941-06-12,122.980000
1941-06-13,122.310000
1941-06-14,122.040000
1941-06-16,121.950000
1941-06-17,123.120000
1941-06-18,123.500000
1941-06-19,123.480000
1941-06-20,122.190000
1941-06-21,122.510000
1941-06-23,123.970000
1941-06-24,123.240000
1941-06-25,123.520000
1941-06-26,123.960000
1941-06-27,123.460000
1941-06-28,123.400000
1941-06-30,123.140000
1941-07-01,122.850000
1941-07-02,123.580000
1941-07-03,124.040000
1941-07-05,124.180000
1941-07-07,126.160000
1941-07-08,127.640000
1941-07-09,127.630000
1941-07-10,127.780000
1941-07-11,127.900000
1941-07-12,127.800000
1941-07-14,127.890000
1941-07-15,128.190000
1941-07-16,127.830000
1941-07-17,127.140000
1941-07-18,127.690000
1941-07-19,127.980000
1941-07-21,129.510000
1941-07-22,129.580000
1941-07-23,129.160000
1941-07-24,128.590000
1941-07-25,128.060000
1941-07-26,128.700000
1941-07-28,130.060000
1941-07-29,129.190000
1941-07-30,128.950000
1941-07-31,128.790000
1941-08-01,128.220000
1941-08-02,128.210000
1941-08-04,128.170000
1941-08-05,128.140000
1941-08-06,128.100000
1941-08-07,128.090000
1941-08-08,127.480000
1941-08-09,126.400000
1941-08-11,126.010000
1941-08-12,125.810000
1941-08-13,125.650000
1941-08-14,125.960000
1941-08-15,124.900000
1941-08-16,125.050000
1941-08-18,125.620000
1941-08-19,125.570000
1941-08-20,126.010000
1941-08-21,125.990000
1941-08-22,125.840000
1941-08-23,125.910000
1941-08-25,125.860000
1941-08-26,126.560000
1941-08-27,127.080000
1941-08-28,127.770000
1941-08-29,127.430000
1941-08-30,127.700000
1941-09-02,128.310000
1941-09-03,127.910000
1941-09-04,127.510000
1941-09-05,127.170000
1941-09-06,127.260000
1941-09-08,127.510000
1941-09-09,127.430000
1941-09-10,126.530000
1941-09-11,127.150000
1941-09-12,127.180000
1941-09-13,127.280000
1941-09-15,127.200000
1941-09-16,127.430000
1941-09-17,129.320000
1941-09-18,128.770000
1941-09-19,127.950000
1941-09-20,127.540000
1941-09-22,127.640000
1941-09-23,128.030000
1941-09-24,127.540000
1941-09-25,126.380000
1941-09-26,125.810000
1941-09-27,126.030000
1941-09-29,126.050000
1941-09-30,126.820000
1941-10-01,126.850000
1941-10-02,126.150000
1941-10-03,126.060000
1941-10-04,126.100000
1941-10-06,125.830000
1941-10-07,124.420000
1941-10-08,124.130000
1941-10-09,122.530000
1941-10-10,122.460000
1941-10-11,122.630000
1941-10-14,121.820000
1941-10-15,120.520000
1941-10-16,118.520000
1941-10-17,119.150000
1941-10-18,120.100000
1941-10-20,120.130000
1941-10-21,121.070000
1941-10-22,120.560000
1941-10-23,120.470000
1941-10-24,121.180000
1941-10-25,120.730000
1941-10-27,119.430000
1941-10-28,119.600000
1941-10-29,119.370000
1941-10-30,119.180000
1941-10-31,117.820000
1941-11-01,118.110000
1941-11-03,118.870000
1941-11-05,119.850000
1941-11-06,118.840000
1941-11-07,118.330000
1941-11-08,118.260000
1941-11-10,117.450000
1941-11-12,115.440000
1941-11-13,115.670000
1941-11-14,116.810000
1941-11-15,116.720000
1941-11-17,116.200000
1941-11-18,115.870000
1941-11-19,116.680000
1941-11-21,117.050000
1941-11-22,117.040000
1941-11-24,117.300000
1941-11-25,116.960000
1941-11-26,115.930000
1941-11-27,115.640000
1941-11-28,114.660000
1941-11-29,114.230000
1941-12-01,113.590000
1941-12-02,115.570000
1941-12-03,116.650000
1941-12-04,116.600000
1941-12-05,115.900000
1941-12-06,116.600000
1941-12-08,112.520000
1941-12-09,109.270000
1941-12-10,109.010000
1941-12-11,110.910000
1941-12-12,110.580000
1941-12-13,110.730000
1941-12-15,111.150000
1941-12-16,110.860000
1941-12-17,109.360000
1941-12-18,108.210000
1941-12-19,108.280000
1941-12-20,107.810000
1941-12-22,106.590000
1941-12-23,106.340000
1941-12-24,106.670000
1941-12-26,106.950000
1941-12-27,107.540000
1941-12-29,107.560000
1941-12-30,111.320000
1941-12-31,110.960000
1942-01-02,112.770000
1942-01-03,113.750000
1942-01-05,114.220000
1942-01-06,113.990000
1942-01-07,113.100000
1942-01-08,111.550000
1942-01-09,111.020000
1942-01-10,110.540000
1942-01-12,110.650000
1942-01-13,112.440000
1942-01-14,112.590000
1942-01-15,112.590000
1942-01-16,111.250000
1942-01-17,110.680000
1942-01-19,110.810000
1942-01-20,110.450000
1942-01-21,109.060000
1942-01-22,108.940000
1942-01-23,109.120000
1942-01-24,109.420000
1942-01-26,110.670000
1942-01-27,110.680000
1942-01-28,110.150000
1942-01-29,109.900000
1942-01-30,109.410000
1942-01-31,109.110000
1942-02-02,109.470000
1942-02-03,109.990000
1942-02-04,110.800000
1942-02-05,110.440000
1942-02-06,109.470000
1942-02-07,109.560000
1942-02-09,108.120000
1942-02-10,106.750000
1942-02-11,106.510000
1942-02-13,106.730000
1942-02-14,107.300000
1942-02-16,107.310000
1942-02-17,105.400000
1942-02-18,105.350000
1942-02-19,105.570000
1942-02-20,105.100000
1942-02-21,105.380000
1942-02-24,106.000000
1942-02-25,105.640000
1942-02-26,105.880000
1942-02-27,106.580000
1942-02-28,106.790000
1942-03-02,105.750000
1942-03-03,106.970000
1942-03-04,105.990000
1942-03-05,104.550000
1942-03-06,102.100000
1942-03-07,102.310000
1942-03-09,102.090000
1942-03-10,101.490000
1942-03-11,99.210000
1942-03-12,99.230000
1942-03-13,99.730000
1942-03-14,99.640000
1942-03-16,100.680000
1942-03-17,102.540000
1942-03-18,101.640000
1942-03-19,101.250000
1942-03-20,100.750000
1942-03-21,100.820000
1942-03-23,101.200000
1942-03-24,102.090000
1942-03-25,101.480000
1942-03-26,101.050000
1942-03-27,100.000000
1942-03-28,100.000000
1942-03-30,100.040000
1942-03-31,99.530000
1942-04-01,99.950000
1942-04-02,100.890000
1942-04-04,101.110000
1942-04-06,102.500000
1942-04-07,101.890000
1942-04-08,101.230000
1942-04-09,99.690000
1942-04-10,99.740000
1942-04-11,99.450000
1942-04-13,99.440000
1942-04-14,97.890000
1942-04-15,98.060000
1942-04-16,97.870000
1942-04-17,96.050000
1942-04-18,96.920000
1942-04-20,97.250000
1942-04-21,97.510000
1942-04-22,97.200000
1942-04-23,94.980000
1942-04-24,94.130000
1942-04-25,94.310000
1942-04-27,93.890000
1942-04-28,92.920000
1942-04-29,94.650000
1942-04-30,95.350000
1942-05-01,95.830000
1942-05-02,96.440000
1942-05-04,96.700000
1942-05-05,97.290000
1942-05-06,96.710000
1942-05-07,97.770000
1942-05-08,97.910000
1942-05-09,98.700000
1942-05-11,99.200000
1942-05-12,98.560000
1942-05-13,97.210000
1942-05-14,97.130000
1942-05-15,97.980000
1942-05-16,98.630000
1942-05-18,98.650000
1942-05-19,97.960000
1942-05-20,98.130000
1942-05-21,99.720000
1942-05-22,99.180000
1942-05-23,99.250000
1942-05-25,99.180000
1942-05-26,99.410000
1942-05-27,101.090000
1942-05-28,100.990000
1942-05-29,100.880000
1942-06-01,101.370000
1942-06-02,101.300000
1942-06-03,102.150000
1942-06-04,103.610000
1942-06-05,104.410000
1942-06-06,104.520000
1942-06-08,105.550000
1942-06-09,105.090000
1942-06-10,104.190000
1942-06-11,104.490000
1942-06-12,103.770000
1942-06-13,104.080000
1942-06-15,104.410000
1942-06-16,104.510000
1942-06-17,106.290000
1942-06-18,105.700000
1942-06-19,104.770000
1942-06-20,104.420000
1942-06-22,102.770000
1942-06-23,103.030000
1942-06-24,102.670000
1942-06-25,102.710000
1942-06-26,102.540000
1942-06-27,102.670000
1942-06-29,103.170000
1942-06-30,103.340000
1942-07-01,102.690000
1942-07-02,103.730000
1942-07-03,104.490000
1942-07-06,106.100000
1942-07-07,105.760000
1942-07-08,107.940000
1942-07-09,108.750000
1942-07-10,108.660000
1942-07-11,108.700000
1942-07-13,108.220000
1942-07-14,108.720000
1942-07-15,108.890000
1942-07-16,108.910000
1942-07-17,107.820000
1942-07-18,107.690000
1942-07-20,107.980000
1942-07-21,108.360000
1942-07-22,108.030000
1942-07-23,106.650000
1942-07-24,106.370000
1942-07-25,106.530000
1942-07-27,106.660000
1942-07-28,106.480000
1942-07-29,105.440000
1942-07-30,105.240000
1942-07-31,105.720000
1942-08-01,105.900000
1942-08-03,106.080000
1942-08-04,105.550000
1942-08-05,104.850000
1942-08-06,104.800000
1942-08-07,105.050000
1942-08-08,104.900000
1942-08-10,104.910000
1942-08-11,105.420000
1942-08-12,105.470000
1942-08-13,105.700000
1942-08-14,106.150000
1942-08-15,106.380000
1942-08-17,106.680000
1942-08-18,107.550000
1942-08-19,107.280000
1942-08-20,106.830000
1942-08-21,107.070000
1942-08-22,107.300000
1942-08-24,107.250000
1942-08-25,106.510000
1942-08-26,105.550000
1942-08-27,106.030000
1942-08-28,106.230000
1942-08-29,106.410000
1942-08-31,106.330000
1942-09-01,106.280000
1942-09-02,106.490000
1942-09-03,106.340000
1942-09-04,106.390000
1942-09-05,106.680000
1942-09-08,107.620000
1942-09-09,107.260000
1942-09-10,106.380000
1942-09-11,106.030000
1942-09-12,106.200000
1942-09-14,106.150000
1942-09-15,106.490000
1942-09-16,106.660000
1942-09-17,106.660000
1942-09-18,107.470000
1942-09-19,107.220000
1942-09-21,107.270000
1942-09-22,107.590000
1942-09-23,108.270000
1942-09-24,109.110000
1942-09-25,109.370000
1942-09-26,109.320000
1942-09-28,109.560000
1942-09-29,109.240000
1942-09-30,109.110000
1942-10-01,109.650000
1942-10-02,110.830000
1942-10-03,111.340000
1942-10-05,111.930000
1942-10-06,111.530000
1942-10-07,111.860000
1942-10-08,113.600000
1942-10-09,113.930000
1942-10-10,114.930000
1942-10-13,115.010000
1942-10-14,114.690000
1942-10-15,113.270000
1942-10-16,113.550000
1942-10-17,113.400000
1942-10-19,113.640000
1942-10-20,115.220000
1942-10-21,115.090000
1942-10-22,114.940000
1942-10-23,114.880000
1942-10-24,115.010000
1942-10-26,115.290000
1942-10-27,113.860000
1942-10-28,113.110000
1942-10-29,113.130000
1942-10-30,113.500000
1942-10-31,114.070000
1942-11-02,114.680000
1942-11-04,114.560000
1942-11-05,114.870000
1942-11-06,116.120000
1942-11-07,116.920000
1942-11-09,117.300000
1942-11-10,116.300000
1942-11-12,116.460000
1942-11-13,116.260000
1942-11-14,116.240000
1942-11-16,115.700000
1942-11-17,114.530000
1942-11-18,114.640000
1942-11-19,114.550000
1942-11-20,115.270000
1942-11-21,115.380000
1942-11-23,114.460000
1942-11-24,114.100000
1942-11-25,114.130000
1942-11-27,114.860000
1942-11-28,114.950000
1942-11-30,114.500000
1942-12-01,114.610000
1942-12-02,115.160000
1942-12-03,115.190000
1942-12-04,115.020000
1942-12-05,115.240000
1942-12-07,115.000000
1942-12-08,115.760000
1942-12-09,115.930000
1942-12-10,116.000000
1942-12-11,115.700000
1942-12-12,115.820000
1942-12-14,115.830000
1942-12-15,116.310000
1942-12-16,117.060000
1942-12-17,118.680000
1942-12-18,118.970000
1942-12-19,118.750000
1942-12-21,118.660000
1942-12-22,118.490000
1942-12-23,119.070000
1942-12-24,119.270000
1942-12-26,119.710000
1942-12-28,118.500000
1942-12-29,118.400000
1942-12-30,119.560000
1942-12-31,119.400000
1943-01-02,119.930000
1943-01-04,120.250000
1943-01-05,119.700000
1943-01-06,119.660000
1943-01-07,119.370000
1943-01-08,119.260000
1943-01-09,119.470000
1943-01-11,119.950000
1943-01-12,119.980000
1943-01-13,120.250000
1943-01-14,120.790000
1943-01-15,121.580000
1943-01-16,121.600000
1943-01-18,121.560000
1943-01-19,120.480000
1943-01-20,120.550000
1943-01-21,121.790000
1943-01-22,121.990000
1943-01-23,122.380000
1943-01-25,123.740000
1943-01-26,124.310000
1943-01-27,124.080000
1943-01-28,124.380000
1943-01-29,125.410000
1943-01-30,125.580000
1943-02-01,125.860000
1943-02-02,125.880000
1943-02-03,125.560000
1943-02-04,125.070000
1943-02-05,125.750000
1943-02-06,125.810000
1943-02-08,125.570000
1943-02-09,126.300000
1943-02-10,127.010000
1943-02-11,127.090000
1943-02-13,127.830000
1943-02-15,128.600000
1943-02-16,128.310000
1943-02-17,128.410000
1943-02-18,127.060000
1943-02-19,126.670000
1943-02-20,127.800000
1943-02-23,128.780000
1943-02-24,129.580000
1943-02-25,130.040000
1943-02-26,129.710000
1943-02-27,130.110000
1943-03-01,129.440000
1943-03-02,128.600000
1943-03-03,130.030000
1943-03-04,130.380000
1943-03-05,130.610000
1943-03-06,130.740000
1943-03-08,130.560000
1943-03-09,129.800000
1943-03-10,129.160000
1943-03-11,130.480000
1943-03-12,130.730000
1943-03-13,130.730000
1943-03-15,130.640000
1943-03-16,130.330000
1943-03-17,129.490000
1943-03-18,129.660000
1943-03-19,129.250000
1943-03-20,129.130000
1943-03-22,129.440000
1943-03-23,129.980000
1943-03-24,130.620000
1943-03-25,133.220000
1943-03-26,133.960000
1943-03-27,134.560000
1943-03-29,136.100000
1943-03-30,136.820000
1943-03-31,136.570000
1943-04-01,136.560000
1943-04-02,135.670000
1943-04-03,135.600000
1943-04-05,136.440000
1943-04-06,136.930000
1943-04-07,136.000000
1943-04-08,135.520000
1943-04-09,131.220000
1943-04-10,131.630000
1943-04-12,131.270000
1943-04-13,131.180000
1943-04-14,132.490000
1943-04-15,133.490000
1943-04-16,133.070000
1943-04-17,133.590000
1943-04-19,133.460000
1943-04-20,133.090000
1943-04-21,134.000000
1943-04-22,134.200000
1943-04-24,134.340000
1943-04-26,134.340000
1943-04-27,134.390000
1943-04-28,134.140000
1943-04-29,135.240000
1943-04-30,135.480000
1943-05-01,136.200000
1943-05-03,137.430000
1943-05-04,138.180000
1943-05-05,138.340000
1943-05-06,138.850000
1943-05-07,137.270000
1943-05-08,138.360000
1943-05-10,138.640000
1943-05-11,138.360000
1943-05-12,138.240000
1943-05-13,137.880000
1943-05-14,136.820000
1943-05-15,137.310000
1943-05-17,136.980000
1943-05-18,138.050000
1943-05-19,139.150000
1943-05-20,138.840000
1943-05-21,138.900000
1943-05-22,138.780000
1943-05-24,138.840000
1943-05-25,139.170000
1943-05-26,140.380000
1943-05-27,140.820000
1943-05-28,141.180000
1943-05-29,142.060000
1943-06-01,142.430000
1943-06-02,142.390000
1943-06-03,142.750000
1943-06-04,142.280000
1943-06-05,143.080000
1943-06-07,141.820000
1943-06-08,141.440000
1943-06-09,141.490000
1943-06-10,141.680000
1943-06-11,141.440000
1943-06-12,141.320000
1943-06-14,139.090000
1943-06-15,139.390000
1943-06-16,139.780000
1943-06-17,139.850000
1943-06-18,139.680000
1943-06-19,139.730000
1943-06-21,138.790000
1943-06-22,139.030000
1943-06-23,140.040000
1943-06-24,140.860000
1943-06-25,142.270000
1943-06-26,142.880000
1943-06-28,143.000000
1943-06-29,142.620000
1943-06-30,143.380000
1943-07-01,143.580000
1943-07-02,143.680000
1943-07-03,143.700000
1943-07-06,143.760000
1943-07-07,143.410000
1943-07-08,143.640000
1943-07-09,144.180000
1943-07-10,144.230000
1943-07-12,144.620000
1943-07-13,145.300000
1943-07-14,145.820000
1943-07-15,144.870000
1943-07-16,144.750000
1943-07-17,144.720000
1943-07-19,144.740000
1943-07-20,143.930000
1943-07-21,143.940000
1943-07-22,143.770000
1943-07-23,143.800000
1943-07-24,143.990000
1943-07-26,142.070000
1943-07-27,138.750000
1943-07-28,137.640000
1943-07-29,139.410000
1943-07-30,137.250000
1943-07-31,135.950000
1943-08-02,134.000000
1943-08-03,135.640000
1943-08-04,136.870000
1943-08-05,136.760000
1943-08-06,135.580000
1943-08-07,135.380000
1943-08-09,135.180000
1943-08-10,136.230000
1943-08-11,136.790000
1943-08-12,136.440000
1943-08-13,137.390000
1943-08-14,137.230000
1943-08-16,137.080000
1943-08-17,137.540000
1943-08-18,138.450000
1943-08-19,138.340000
1943-08-20,136.930000
1943-08-21,136.160000
1943-08-23,135.050000
1943-08-24,135.600000
1943-08-25,135.900000
1943-08-26,136.250000
1943-08-27,135.830000
1943-08-28,135.790000
1943-08-30,135.730000
1943-08-31,136.620000
1943-09-01,137.120000
1943-09-02,137.110000
1943-09-03,137.180000
1943-09-04,137.330000
1943-09-07,137.590000
1943-09-08,136.910000
1943-09-09,137.750000
1943-09-10,137.960000
1943-09-11,138.040000
1943-09-13,137.820000
1943-09-14,137.530000
1943-09-15,137.620000
1943-09-16,138.360000
1943-09-17,139.600000
1943-09-18,140.940000
1943-09-20,141.750000
1943-09-21,141.490000
1943-09-22,141.090000
1943-09-23,140.300000
1943-09-24,140.210000
1943-09-25,140.180000
1943-09-27,139.410000
1943-09-28,139.270000
1943-09-29,139.750000
1943-09-30,140.120000
1943-10-01,140.330000
1943-10-02,140.270000
1943-10-04,139.630000
1943-10-05,139.270000
1943-10-06,137.840000
1943-10-07,136.390000
1943-10-08,136.740000
1943-10-09,137.100000
1943-10-11,136.610000
1943-10-13,136.480000
1943-10-14,137.010000
1943-10-15,137.900000
1943-10-16,138.400000
1943-10-18,138.400000
1943-10-19,138.710000
1943-10-20,138.880000
1943-10-21,138.000000
1943-10-22,138.250000
1943-10-23,138.290000
1943-10-25,138.220000
1943-10-26,138.690000
1943-10-27,139.350000
1943-10-28,138.970000
1943-10-29,138.290000
1943-10-30,138.270000
1943-11-01,138.500000
1943-11-03,137.350000
1943-11-04,136.300000
1943-11-05,135.470000
1943-11-06,135.240000
1943-11-08,131.680000
1943-11-09,131.850000
1943-11-10,132.680000
1943-11-12,132.150000
1943-11-13,131.760000
1943-11-15,131.560000
1943-11-16,131.180000
1943-11-17,130.240000
1943-11-18,130.790000
1943-11-19,132.300000
1943-11-20,132.940000
1943-11-22,132.650000
1943-11-23,132.450000
1943-11-24,132.100000
1943-11-26,131.330000
1943-11-27,131.250000
1943-11-29,129.950000
1943-11-30,129.570000
1943-12-01,130.680000
1943-12-02,131.670000
1943-12-03,131.910000
1943-12-04,131.870000
1943-12-06,132.450000
1943-12-07,133.370000
1943-12-08,134.420000
1943-12-09,134.050000
1943-12-10,135.040000
1943-12-11,135.280000
1943-12-13,134.800000
1943-12-14,134.190000
1943-12-15,134.180000
1943-12-16,135.190000
1943-12-17,135.440000
1943-12-18,135.890000
1943-12-20,136.100000
1943-12-21,135.860000
1943-12-22,136.150000
1943-12-23,136.070000
1943-12-24,136.240000
1943-12-27,136.140000
1943-12-28,135.040000
1943-12-29,134.610000
1943-12-30,136.200000
1943-12-31,135.890000
1944-01-03,135.920000
1944-01-04,137.150000
1944-01-05,138.650000
1944-01-06,138.340000
1944-01-07,138.080000
1944-01-08,138.090000
1944-01-10,137.800000
1944-01-11,138.470000
1944-01-12,137.940000
1944-01-13,137.360000
1944-01-14,138.150000
1944-01-15,138.400000
1944-01-17,138.100000
1944-01-18,137.870000
1944-01-19,137.830000
1944-01-20,138.160000
1944-01-21,138.070000
1944-01-22,138.240000
1944-01-24,137.970000
1944-01-25,137.970000
1944-01-26,136.710000
1944-01-27,136.590000
1944-01-28,137.190000
1944-01-29,137.150000
1944-01-31,137.400000
1944-02-01,137.450000
1944-02-02,137.080000
1944-02-03,136.240000
1944-02-04,135.040000
1944-02-05,135.120000
1944-02-07,134.220000
1944-02-08,135.060000
1944-02-09,135.030000
1944-02-10,135.550000
1944-02-11,135.410000
1944-02-14,135.390000
1944-02-15,136.190000
1944-02-16,136.040000
1944-02-17,136.580000
1944-02-18,136.080000
1944-02-19,135.910000
1944-02-21,135.710000
1944-02-23,136.510000
1944-02-24,136.580000
1944-02-25,136.560000
1944-02-26,136.580000
1944-02-28,136.790000
1944-02-29,136.300000
1944-03-01,136.440000
1944-03-02,136.690000
1944-03-03,136.590000
1944-03-04,136.790000
1944-03-06,137.210000
1944-03-07,138.330000
1944-03-08,139.500000
1944-03-09,139.330000
1944-03-10,140.010000
1944-03-11,140.440000
1944-03-13,141.000000
1944-03-14,140.370000
1944-03-15,140.710000
1944-03-16,140.910000
1944-03-17,140.800000
1944-03-18,140.300000
1944-03-20,139.890000
1944-03-21,140.200000
1944-03-22,139.980000
1944-03-23,138.950000
1944-03-24,139.280000
1944-03-25,139.190000
1944-03-27,139.120000
1944-03-28,137.880000
1944-03-29,137.450000
1944-03-30,138.600000
1944-03-31,138.840000
1944-04-01,138.840000
1944-04-03,138.010000
1944-04-04,138.060000
1944-04-05,138.170000
1944-04-06,138.910000
1944-04-08,139.100000
1944-04-10,139.110000
1944-04-11,138.740000
1944-04-12,137.980000
1944-04-13,137.650000
1944-04-14,137.690000
1944-04-15,138.060000
1944-04-17,137.770000
1944-04-18,136.070000
1944-04-19,135.480000
1944-04-20,136.260000
1944-04-21,136.170000
1944-04-22,136.190000
1944-04-24,135.000000
1944-04-25,135.110000
1944-04-26,135.670000
1944-04-27,136.070000
1944-04-28,136.210000
1944-04-29,136.230000
1944-05-01,137.060000
1944-05-02,137.150000
1944-05-03,137.830000
1944-05-04,137.850000
1944-05-05,138.750000
1944-05-06,138.870000
1944-05-08,138.650000
1944-05-09,138.650000
1944-05-10,138.760000
1944-05-11,138.930000
1944-05-12,138.510000
1944-05-13,138.600000
1944-05-15,138.600000
1944-05-16,138.410000
1944-05-17,138.990000
1944-05-18,139.200000
1944-05-19,139.340000
1944-05-20,139.370000
1944-05-22,139.430000
1944-05-23,139.870000
1944-05-24,140.480000
1944-05-25,140.380000
1944-05-26,141.030000
1944-05-27,141.240000
1944-05-29,141.530000
1944-05-31,142.240000
1944-06-01,142.140000
1944-06-02,142.070000
1944-06-03,142.340000
1944-06-05,141.620000
1944-06-06,142.210000
1944-06-07,142.120000
1944-06-08,141.930000
1944-06-09,142.060000
1944-06-10,142.530000
1944-06-12,144.080000
1944-06-13,145.050000
1944-06-14,145.030000
1944-06-15,145.860000
1944-06-16,146.960000
1944-06-17,147.280000
1944-06-19,148.420000
1944-06-20,148.630000
1944-06-21,147.900000
1944-06-22,147.650000
1944-06-23,147.500000
1944-06-24,147.480000
1944-06-26,148.120000
1944-06-27,148.480000
1944-06-28,147.930000
1944-06-29,148.070000
1944-06-30,148.380000
1944-07-01,148.460000
1944-07-03,149.320000
1944-07-05,149.660000
1944-07-06,149.070000
1944-07-07,149.360000
1944-07-08,150.030000
1944-07-10,150.500000
1944-07-11,150.180000
1944-07-12,150.420000
1944-07-13,150.080000
1944-07-14,150.340000
1944-07-15,150.490000
1944-07-17,149.280000
1944-07-18,148.100000
1944-07-19,149.010000
1944-07-20,148.270000
1944-07-21,146.770000
1944-07-22,145.580000
1944-07-24,145.770000
1944-07-25,146.740000
1944-07-26,146.640000
1944-07-27,146.740000
1944-07-28,146.140000
1944-07-29,146.140000
1944-07-31,146.110000
1944-08-01,146.390000
1944-08-02,146.770000
1944-08-03,146.290000
1944-08-04,145.300000
1944-08-05,145.070000
1944-08-07,145.320000
1944-08-08,144.970000
1944-08-09,144.900000
1944-08-10,145.650000
1944-08-11,146.270000
1944-08-12,146.560000
1944-08-14,146.770000
1944-08-15,146.450000
1944-08-16,147.300000
1944-08-17,148.460000
1944-08-18,148.960000
1944-08-21,148.520000
1944-08-22,147.810000
1944-08-23,147.870000
1944-08-24,147.110000
1944-08-25,147.020000
1944-08-28,146.870000
1944-08-29,147.120000
1944-08-30,147.280000
1944-08-31,146.990000
1944-09-01,147.160000
1944-09-05,146.560000
1944-09-06,144.420000
1944-09-07,143.580000
1944-09-08,143.510000
1944-09-09,143.310000
1944-09-11,144.300000
1944-09-12,144.880000
1944-09-13,143.940000
1944-09-14,142.960000
1944-09-15,144.080000
1944-09-16,144.360000
1944-09-18,144.750000
1944-09-19,145.620000
1944-09-20,145.850000
1944-09-21,145.430000
1944-09-22,145.600000
1944-09-23,145.780000
1944-09-25,146.770000
1944-09-26,146.520000
1944-09-27,146.280000
1944-09-28,146.110000
1944-09-29,146.310000
1944-09-30,146.730000
1944-10-02,146.920000
1944-10-03,146.910000
1944-10-04,147.890000
1944-10-05,148.620000
1944-10-06,148.840000
1944-10-07,148.920000
1944-10-09,148.060000
1944-10-10,148.250000
1944-10-11,148.790000
1944-10-13,148.700000
1944-10-14,148.590000
1944-10-16,148.090000
1944-10-17,148.390000
1944-10-18,148.870000
1944-10-19,148.550000
1944-10-20,148.210000
1944-10-21,148.350000
1944-10-23,146.580000
1944-10-24,146.580000
1944-10-25,146.370000
1944-10-26,145.830000
1944-10-27,146.290000
1944-10-28,146.500000
1944-10-30,146.280000
1944-10-31,146.530000
1944-11-01,146.730000
1944-11-02,147.530000
1944-11-03,147.160000
1944-11-04,147.370000
1944-11-06,147.920000
1944-11-08,147.520000
1944-11-09,147.750000
1944-11-10,148.080000
1944-11-13,146.970000
1944-11-14,145.600000
1944-11-15,145.640000
1944-11-16,145.670000
1944-11-17,145.770000
1944-11-18,146.020000
1944-11-20,146.330000
1944-11-21,147.030000
1944-11-22,146.920000
1944-11-24,146.400000
1944-11-25,146.630000
1944-11-27,146.920000
1944-11-28,147.140000
1944-11-29,147.810000
1944-11-30,147.330000
1944-12-01,147.300000
1944-12-02,147.500000
1944-12-04,148.220000
1944-12-05,148.580000
1944-12-06,148.770000
1944-12-07,149.230000
1944-12-08,150.480000
1944-12-09,151.310000
1944-12-11,151.620000
1944-12-12,151.200000
1944-12-13,150.640000
1944-12-14,150.800000
1944-12-15,152.280000
1944-12-16,152.530000
1944-12-18,151.530000
1944-12-19,151.620000
1944-12-20,150.590000
1944-12-21,150.280000
1944-12-22,150.430000
1944-12-23,150.630000
1944-12-26,149.660000
1944-12-27,148.710000
1944-12-28,150.470000
1944-12-29,151.930000
1944-12-30,152.320000
1945-01-02,152.580000
1945-01-03,154.310000
1945-01-04,154.420000
1945-01-05,154.000000
1945-01-06,153.580000
1945-01-08,154.850000
1945-01-09,155.010000
1945-01-10,155.670000
1945-01-11,155.850000
1945-01-12,155.420000
1945-01-13,155.580000
1945-01-15,154.760000
1945-01-16,154.600000
1945-01-17,155.330000
1945-01-18,154.610000
1945-01-19,153.840000
1945-01-20,152.710000
1945-01-22,152.030000
1945-01-23,151.360000
1945-01-24,151.350000
1945-01-25,152.260000
1945-01-26,153.300000
1945-01-27,154.130000
1945-01-29,154.060000
1945-01-30,153.450000
1945-01-31,153.670000
1945-02-01,153.790000
1945-02-02,154.450000
1945-02-03,154.760000
1945-02-05,155.350000
1945-02-06,155.500000
1945-02-07,155.710000
1945-02-08,155.540000
1945-02-09,154.750000
1945-02-10,154.850000
1945-02-13,156.340000
1945-02-14,157.080000
1945-02-15,158.240000
1945-02-16,158.230000
1945-02-17,158.230000
1945-02-19,159.010000
1945-02-20,159.570000
1945-02-21,159.660000
1945-02-23,158.990000
1945-02-24,158.690000
1945-02-26,158.410000
1945-02-27,159.300000
1945-02-28,160.400000
1945-03-01,160.720000
1945-03-02,159.950000
1945-03-03,159.710000
1945-03-05,160.680000
1945-03-06,161.500000
1945-03-07,161.520000
1945-03-08,158.860000
1945-03-09,156.340000
1945-03-10,157.210000
1945-03-12,157.880000
1945-03-13,157.590000
1945-03-14,157.830000
1945-03-15,158.530000
1945-03-16,158.920000
1945-03-17,158.750000
1945-03-19,157.890000
1945-03-20,156.370000
1945-03-21,155.300000
1945-03-22,155.070000
1945-03-23,155.450000
1945-03-24,154.360000
1945-03-26,152.270000
1945-03-27,152.780000
1945-03-28,153.790000
1945-03-29,154.060000
1945-03-31,154.410000
1945-04-02,155.860000
1945-04-03,156.200000
1945-04-04,155.960000
1945-04-05,154.990000
1945-04-06,155.850000
1945-04-07,156.330000
1945-04-09,156.100000
1945-04-10,156.510000
1945-04-11,158.060000
1945-04-12,158.480000
1945-04-13,159.750000
1945-04-16,162.430000
1945-04-17,162.600000
1945-04-18,163.830000
1945-04-19,163.180000
1945-04-20,162.830000
1945-04-21,163.200000
1945-04-23,163.580000
1945-04-24,164.310000
1945-04-25,163.910000
1945-04-26,163.220000
1945-04-27,163.940000
1945-04-28,164.710000
1945-04-30,165.440000
1945-05-01,165.090000
1945-05-02,165.030000
1945-05-03,165.840000
1945-05-04,166.270000
1945-05-05,166.710000
1945-05-07,166.530000
1945-05-08,166.420000
1945-05-09,165.240000
1945-05-10,163.090000
1945-05-11,163.210000
1945-05-12,163.960000
1945-05-14,163.450000
1945-05-15,164.000000
1945-05-16,164.500000
1945-05-17,165.200000
1945-05-18,166.170000
1945-05-19,166.440000
1945-05-21,165.990000
1945-05-22,165.910000
1945-05-23,164.500000
1945-05-24,164.410000
1945-05-25,165.120000
1945-05-26,166.400000
1945-05-28,168.210000
1945-05-29,169.080000
1945-05-31,168.300000
1945-06-01,168.080000
1945-06-02,167.960000
1945-06-04,168.080000
1945-06-05,168.130000
1945-06-06,167.290000
1945-06-07,167.160000
1945-06-08,166.830000
1945-06-09,166.850000
1945-06-11,166.250000
1945-06-12,166.390000
1945-06-13,166.750000
1945-06-14,167.080000
1945-06-15,167.640000
1945-06-16,167.540000
1945-06-18,166.940000
1945-06-19,167.230000
1945-06-20,167.740000
1945-06-21,168.140000
1945-06-22,167.900000
1945-06-23,168.240000
1945-06-25,168.590000
1945-06-26,168.920000
1945-06-27,168.780000
1945-06-28,166.220000
1945-06-29,164.570000
1945-06-30,165.290000
1945-07-02,165.910000
1945-07-03,165.730000
1945-07-05,164.260000
1945-07-06,164.670000
1945-07-09,166.550000
1945-07-10,167.090000
1945-07-11,166.590000
1945-07-12,166.850000
1945-07-13,166.670000
1945-07-16,165.820000
1945-07-17,162.430000
1945-07-18,161.690000
1945-07-19,162.810000
1945-07-20,162.500000
1945-07-23,161.650000
1945-07-24,161.730000
1945-07-25,163.440000
1945-07-26,160.910000
1945-07-27,160.920000
1945-07-30,162.090000
1945-07-31,162.880000
1945-08-01,162.720000
1945-08-02,162.490000
1945-08-03,163.060000
1945-08-06,163.190000
1945-08-07,161.550000
1945-08-08,161.830000
1945-08-09,164.550000
1945-08-10,165.140000
1945-08-13,164.110000
1945-08-14,164.790000
1945-08-17,164.380000
1945-08-20,163.110000
1945-08-21,163.380000
1945-08-22,164.540000
1945-08-23,167.640000
1945-08-24,169.890000
1945-08-27,171.960000
1945-08-28,172.320000
1945-08-29,172.090000
1945-08-30,172.370000
1945-08-31,174.290000
1945-09-04,173.900000
1945-09-05,174.240000
1945-09-06,175.960000
1945-09-07,176.610000
1945-09-08,176.990000
1945-09-10,177.030000
1945-09-11,177.770000
1945-09-12,178.990000
1945-09-13,178.590000
1945-09-14,177.740000
1945-09-15,175.650000
1945-09-17,174.750000
1945-09-18,177.580000
1945-09-19,179.510000
1945-09-20,180.220000
1945-09-21,179.690000
1945-09-22,179.490000
1945-09-24,179.510000
1945-09-25,179.420000
1945-09-26,178.950000
1945-09-27,178.570000
1945-09-28,180.110000
1945-09-29,181.710000
1945-10-01,183.370000
1945-10-02,183.850000
1945-10-03,183.330000
1945-10-04,183.060000
1945-10-05,183.940000
1945-10-06,184.770000
1945-10-08,185.460000
1945-10-09,185.430000
1945-10-10,186.050000
1945-10-11,185.720000
1945-10-15,185.510000
1945-10-16,185.490000
1945-10-17,186.100000
1945-10-18,186.780000
1945-10-19,185.340000
1945-10-20,185.600000
1945-10-22,187.060000
1945-10-23,186.150000
1945-10-24,183.720000
1945-10-25,184.540000
1945-10-26,185.390000
1945-10-29,184.240000
1945-10-30,184.160000
1945-10-31,186.600000
1945-11-01,188.840000
1945-11-02,188.620000
1945-11-03,188.580000
1945-11-05,189.500000
1945-11-07,192.040000
1945-11-08,191.720000
1945-11-09,191.460000
1945-11-10,191.370000
1945-11-13,190.560000
1945-11-14,189.770000
1945-11-15,191.130000
1945-11-16,192.130000
1945-11-17,192.270000
1945-11-19,191.510000
1945-11-20,192.120000
1945-11-21,189.540000
1945-11-23,187.820000
1945-11-24,186.410000
1945-11-26,188.160000
1945-11-27,190.450000
1945-11-28,189.990000
1945-11-29,189.580000
1945-11-30,191.460000
1945-12-01,192.400000
1945-12-03,193.650000
1945-12-04,193.060000
1945-12-05,193.080000
1945-12-06,193.840000
1945-12-07,194.080000
1945-12-08,195.180000
1945-12-10,195.640000
1945-12-11,195.820000
1945-12-12,193.960000
1945-12-13,193.520000
1945-12-14,193.340000
1945-12-15,193.760000
1945-12-17,190.370000
1945-12-18,190.980000
1945-12-19,190.620000
1945-12-20,189.360000
1945-12-21,189.070000
1945-12-22,190.670000
1945-12-26,192.760000
1945-12-27,192.310000
1945-12-28,192.430000
1945-12-29,192.840000
1945-12-31,192.910000
1946-01-02,191.660000
1946-01-03,191.250000
1946-01-04,190.900000
1946-01-05,191.470000
1946-01-07,191.770000
1946-01-08,194.650000
1946-01-09,197.330000
1946-01-10,199.160000
1946-01-11,200.040000
1946-01-12,199.440000
1946-01-14,201.930000
1946-01-15,202.970000
1946-01-16,203.810000
1946-01-17,203.490000
1946-01-18,202.180000
1946-01-19,200.210000
1946-01-21,196.630000
1946-01-22,197.350000
1946-01-23,198.840000
1946-01-24,200.040000
1946-01-25,199.500000
1946-01-26,199.850000
1946-01-28,204.620000
1946-01-29,205.350000
1946-01-30,204.840000
1946-01-31,204.670000
1946-02-01,205.790000
1946-02-02,206.970000
1946-02-04,205.840000
1946-02-05,206.610000
1946-02-06,205.480000
1946-02-07,205.090000
1946-02-08,204.380000
1946-02-09,202.300000
1946-02-11,201.140000
1946-02-13,198.740000
1946-02-14,199.750000
1946-02-15,203.090000
1946-02-16,204.410000
1946-02-18,201.630000
1946-02-19,196.130000
1946-02-20,192.380000
1946-02-21,195.620000
1946-02-25,187.230000
1946-02-26,186.020000
1946-02-27,189.060000
1946-02-28,190.090000
1946-03-01,189.420000
1946-03-02,188.730000
1946-03-04,188.460000
1946-03-05,190.490000
1946-03-06,190.280000
1946-03-07,191.460000
1946-03-08,193.700000
1946-03-09,194.450000
1946-03-11,192.890000
1946-03-12,193.520000
1946-03-13,190.360000
1946-03-14,189.980000
1946-03-15,191.660000
1946-03-16,193.940000
1946-03-18,195.330000
1946-03-19,194.090000
1946-03-20,195.530000
1946-03-21,196.700000
1946-03-22,197.190000
1946-03-23,198.090000
1946-03-25,200.550000
1946-03-26,200.560000
1946-03-27,198.730000
1946-03-28,198.180000
1946-03-29,199.560000
1946-03-30,199.750000
1946-04-01,199.190000
1946-04-02,199.830000
1946-04-03,203.120000
1946-04-04,204.770000
1946-04-05,204.040000
1946-04-06,204.980000
1946-04-08,205.430000
1946-04-09,208.030000
1946-04-10,208.020000
1946-04-11,206.930000
1946-04-12,206.960000
1946-04-13,206.020000
1946-04-15,206.010000
1946-04-16,207.970000
1946-04-17,207.930000
1946-04-18,208.310000
1946-04-20,208.060000
1946-04-22,207.990000
1946-04-23,207.310000
1946-04-24,206.130000
1946-04-25,204.600000
1946-04-26,204.590000
1946-04-27,206.130000
1946-04-29,206.090000
1946-04-30,206.770000
1946-05-01,205.670000
1946-05-02,204.980000
1946-05-03,203.250000
1946-05-04,202.520000
1946-05-06,200.650000
1946-05-07,203.510000
1946-05-08,204.170000
1946-05-09,204.070000
1946-05-10,207.100000
1946-05-11,208.060000
1946-05-13,207.340000
1946-05-14,206.690000
1946-05-15,205.070000
1946-05-16,206.170000
1946-05-17,206.560000
1946-05-18,205.800000
1946-05-20,207.130000
1946-05-21,207.250000
1946-05-22,208.000000
1946-05-23,208.050000
1946-05-24,207.690000
1946-05-27,209.420000
1946-05-28,211.700000
1946-05-29,212.500000
1946-05-31,212.280000
1946-06-03,211.470000
1946-06-04,210.030000
1946-06-05,209.780000
1946-06-06,209.500000
1946-06-07,209.960000
1946-06-10,210.680000
1946-06-11,209.050000
1946-06-12,208.960000
1946-06-13,210.560000
1946-06-14,210.360000
1946-06-17,210.130000
1946-06-18,207.710000
1946-06-19,205.740000
1946-06-20,200.520000
1946-06-21,203.090000
1946-06-24,203.560000
1946-06-25,202.540000
1946-06-26,202.100000
1946-06-27,205.030000
1946-06-28,205.620000
1946-07-01,206.470000
1946-07-02,206.640000
1946-07-03,207.060000
1946-07-05,206.720000
1946-07-08,206.620000
1946-07-09,207.430000
1946-07-10,207.560000
1946-07-11,206.300000
1946-07-12,204.200000
1946-07-15,200.860000
1946-07-16,200.710000
1946-07-17,202.250000
1946-07-18,201.860000
1946-07-19,201.130000
1946-07-22,200.540000
1946-07-23,195.220000
1946-07-24,195.370000
1946-07-25,196.250000
1946-07-26,197.630000
1946-07-29,198.220000
1946-07-30,199.400000
1946-07-31,201.560000
1946-08-01,202.260000
1946-08-02,202.820000
1946-08-05,201.930000
1946-08-06,201.350000
1946-08-07,202.960000
1946-08-08,204.100000
1946-08-09,203.570000
1946-08-12,203.360000
1946-08-13,204.520000
1946-08-14,203.990000
1946-08-15,202.490000
1946-08-16,200.690000
1946-08-19,200.190000
1946-08-20,201.270000
1946-08-21,200.000000
1946-08-22,196.660000
1946-08-23,197.750000
1946-08-26,196.990000
1946-08-27,191.040000
1946-08-28,190.030000
1946-08-29,190.470000
1946-08-30,189.190000
1946-09-03,178.680000
1946-09-04,176.720000
1946-09-05,181.180000
1946-09-06,179.960000
1946-09-09,172.030000
1946-09-10,167.300000
1946-09-11,172.130000
1946-09-12,171.700000
1946-09-13,173.390000
1946-09-16,174.450000
1946-09-17,173.660000
1946-09-18,169.070000
1946-09-19,165.170000
1946-09-20,169.060000
1946-09-23,166.560000
1946-09-24,168.890000
1946-09-25,172.950000
1946-09-26,174.960000
1946-09-27,174.090000
1946-09-30,172.420000
1946-10-01,171.470000
1946-10-02,172.720000
1946-10-03,171.640000
1946-10-04,169.800000
1946-10-05,169.000000
1946-10-07,168.870000
1946-10-08,167.340000
1946-10-09,163.120000
1946-10-10,164.940000
1946-10-11,167.970000
1946-10-14,169.860000
1946-10-15,175.940000
1946-10-16,174.350000
1946-10-17,171.760000
1946-10-18,171.650000
1946-10-19,171.340000
1946-10-21,171.930000
1946-10-22,171.250000
1946-10-23,170.670000
1946-10-24,169.980000
1946-10-25,168.760000
1946-10-26,168.440000
1946-10-28,166.040000
1946-10-29,164.210000
1946-10-30,164.200000
1946-10-31,169.150000
1946-11-01,171.760000
1946-11-02,172.530000
1946-11-04,174.400000
1946-11-06,168.880000
1946-11-07,169.600000
1946-11-08,170.790000
1946-11-09,171.800000
1946-11-12,170.870000
1946-11-13,169.840000
1946-11-14,170.880000
1946-11-15,169.670000
1946-11-16,169.030000
1946-11-18,167.910000
1946-11-19,167.880000
1946-11-20,166.910000
1946-11-21,164.120000
1946-11-22,163.550000
1946-11-23,165.100000
1946-11-25,165.230000
1946-11-26,166.940000
1946-11-27,168.340000
1946-11-29,169.780000
1946-11-30,169.800000
1946-12-02,167.500000
1946-12-03,168.050000
1946-12-04,170.330000
1946-12-05,169.950000
1946-12-06,170.390000
1946-12-07,171.010000
1946-12-09,175.760000
1946-12-10,175.920000
1946-12-11,176.070000
1946-12-12,173.910000
1946-12-13,173.900000
1946-12-14,174.730000
1946-12-16,174.850000
1946-12-17,174.470000
1946-12-18,174.840000
1946-12-19,177.290000
1946-12-20,177.850000
1946-12-21,178.320000
1946-12-23,177.360000
1946-12-24,176.950000
1946-12-26,175.210000
1946-12-27,175.660000
1946-12-28,175.770000
1946-12-30,176.230000
1946-12-31,177.200000
1947-01-02,176.390000
1947-01-03,176.760000
1947-01-04,176.920000
1947-01-06,178.430000
1947-01-07,177.490000
1947-01-08,178.060000
1947-01-09,178.430000
1947-01-10,177.430000
1947-01-11,175.250000
1947-01-13,172.490000
1947-01-14,172.630000
1947-01-15,172.100000
1947-01-16,171.950000
1947-01-17,174.760000
1947-01-18,175.920000
1947-01-20,174.060000
1947-01-21,173.510000
1947-01-22,173.770000
1947-01-23,175.130000
1947-01-24,175.490000
1947-01-25,175.350000
1947-01-27,177.280000
1947-01-28,178.680000
1947-01-29,180.170000
1947-01-30,179.740000
1947-01-31,180.440000
1947-02-01,180.880000
1947-02-03,181.920000
1947-02-04,182.280000
1947-02-05,182.520000
1947-02-06,181.570000
1947-02-07,183.740000
1947-02-08,184.490000
1947-02-10,183.570000
1947-02-11,184.060000
1947-02-13,182.180000
1947-02-14,181.640000
1947-02-15,181.360000
1947-02-17,182.200000
1947-02-18,181.930000
1947-02-19,180.780000
1947-02-20,180.740000
1947-02-21,182.260000
1947-02-24,181.400000
1947-02-25,179.310000
1947-02-26,177.220000
1947-02-27,178.910000
1947-02-28,178.900000
1947-03-01,179.290000
1947-03-03,179.430000
1947-03-04,179.770000
1947-03-05,181.160000
1947-03-06,181.880000
1947-03-07,177.050000
1947-03-08,175.840000
1947-03-10,175.180000
1947-03-11,173.830000
1947-03-12,174.680000
1947-03-13,174.350000
1947-03-14,172.580000
1947-03-15,172.370000
1947-03-17,173.350000
1947-03-18,174.950000
1947-03-19,175.780000
1947-03-20,175.370000
1947-03-21,176.900000
1947-03-22,177.270000
1947-03-24,176.400000
1947-03-25,175.290000
1947-03-26,177.100000
1947-03-27,179.190000
1947-03-28,178.630000
1947-03-29,178.360000
1947-03-31,177.200000
1947-04-01,177.450000
1947-04-02,177.320000
1947-04-03,176.520000
1947-04-05,176.710000
1947-04-07,175.390000
1947-04-08,173.290000
1947-04-09,173.400000
1947-04-10,173.980000
1947-04-11,173.430000
1947-04-12,171.760000
1947-04-14,166.690000
1947-04-15,166.820000
1947-04-16,168.220000
1947-04-17,168.010000
1947-04-18,166.770000
1947-04-19,168.440000
1947-04-21,169.500000
1947-04-22,170.940000
1947-04-23,170.870000
1947-04-24,170.190000
1947-04-25,168.930000
1947-04-26,169.130000
1947-04-28,168.850000
1947-04-29,168.700000
1947-04-30,170.640000
1947-05-01,171.910000
1947-05-02,173.450000
1947-05-03,174.000000
1947-05-05,174.210000
1947-05-06,172.770000
1947-05-07,172.490000
1947-05-08,171.560000
1947-05-09,171.540000
1947-05-10,171.670000
1947-05-12,169.800000
1947-05-13,167.340000
1947-05-14,166.680000
1947-05-15,167.880000
1947-05-16,164.960000
1947-05-17,163.210000
1947-05-19,163.550000
1947-05-20,163.590000
1947-05-21,165.770000
1947-05-22,166.730000
1947-05-23,166.950000
1947-05-24,166.970000
1947-05-26,166.290000
1947-05-27,166.170000
1947-05-28,168.060000
1947-05-29,169.250000
1947-06-02,168.000000
1947-06-03,170.350000
1947-06-04,169.560000
1947-06-05,169.410000
1947-06-06,170.280000
1947-06-09,169.880000
1947-06-10,171.100000
1947-06-11,174.680000
1947-06-12,173.780000
1947-06-13,175.490000
1947-06-16,175.810000
1947-06-17,174.980000
1947-06-18,174.940000
1947-06-19,176.140000
1947-06-20,176.440000
1947-06-23,177.440000
1947-06-24,174.540000
1947-06-25,175.730000
1947-06-26,176.580000
1947-06-27,176.560000
1947-06-30,177.300000
1947-07-01,180.330000
1947-07-02,179.880000
1947-07-03,181.730000
1947-07-07,182.040000
1947-07-08,182.660000
1947-07-09,181.720000
1947-07-10,182.800000
1947-07-11,184.770000
1947-07-14,185.600000
1947-07-15,185.380000
1947-07-16,185.460000
1947-07-17,183.830000
1947-07-18,184.600000
1947-07-21,183.520000
1947-07-22,183.780000
1947-07-23,184.950000
1947-07-24,186.850000
1947-07-25,186.380000
1947-07-28,184.950000
1947-07-29,182.050000
1947-07-30,180.910000
1947-07-31,183.180000
1947-08-01,183.810000
1947-08-04,182.510000
1947-08-05,183.080000
1947-08-06,182.350000
1947-08-07,182.110000
1947-08-08,180.130000
1947-08-11,178.980000
1947-08-12,179.940000
1947-08-13,179.800000
1947-08-14,179.870000
1947-08-15,181.040000
1947-08-18,180.440000
1947-08-19,179.750000
1947-08-20,179.010000
1947-08-21,179.420000
1947-08-22,179.740000
1947-08-25,177.570000
1947-08-26,177.730000
1947-08-27,177.880000
1947-08-28,177.700000
1947-08-29,178.850000
1947-09-02,179.810000
1947-09-03,179.090000
1947-09-04,177.270000
1947-09-05,177.130000
1947-09-08,175.140000
1947-09-09,175.320000
1947-09-10,176.240000
1947-09-11,176.160000
1947-09-12,175.920000
1947-09-15,175.300000
1947-09-16,176.700000
1947-09-17,178.730000
1947-09-18,178.310000
1947-09-19,178.120000
1947-09-22,178.020000
1947-09-23,176.040000
1947-09-24,176.390000
1947-09-25,175.290000
1947-09-26,174.860000
1947-09-29,175.850000
1947-09-30,177.490000
1947-10-01,178.100000
1947-10-02,178.470000
1947-10-03,179.530000
1947-10-04,179.440000
1947-10-06,180.080000
1947-10-07,180.010000
1947-10-08,178.780000
1947-10-09,180.110000
1947-10-10,180.440000
1947-10-11,180.490000
1947-10-14,182.730000
1947-10-15,183.280000
1947-10-16,183.540000
1947-10-17,183.520000
1947-10-18,184.250000
1947-10-20,185.290000
1947-10-21,185.090000
1947-10-22,184.360000
1947-10-23,184.500000
1947-10-24,182.530000
1947-10-25,182.730000
1947-10-27,183.270000
1947-10-28,183.210000
1947-10-29,183.060000
1947-10-30,181.320000
1947-10-31,181.810000
1947-11-01,182.480000
1947-11-03,182.650000
1947-11-05,181.890000
1947-11-06,182.000000
1947-11-07,181.540000
1947-11-08,181.490000
1947-11-10,182.210000
1947-11-12,181.040000
1947-11-13,180.000000
1947-11-14,180.050000
1947-11-15,180.260000
1947-11-17,180.400000
1947-11-18,181.710000
1947-11-19,182.710000
1947-11-20,183.170000
1947-11-21,182.610000
1947-11-22,182.330000
1947-11-24,181.980000
1947-11-25,181.350000
1947-11-26,180.940000
1947-11-28,179.510000
1947-11-29,179.400000
1947-12-01,180.610000
1947-12-02,180.760000
1947-12-03,179.630000
1947-12-04,178.790000
1947-12-05,176.100000
1947-12-06,175.740000
1947-12-08,176.710000
1947-12-09,177.470000
1947-12-10,177.580000
1947-12-11,177.370000
1947-12-12,178.370000
1947-12-13,179.340000
1947-12-15,179.690000
1947-12-16,179.440000
1947-12-17,179.810000
1947-12-18,179.440000
1947-12-19,180.090000
1947-12-20,181.060000
1947-12-22,180.210000
1947-12-23,180.710000
1947-12-24,180.840000
1947-12-26,179.280000
1947-12-27,179.230000
1947-12-29,178.580000
1947-12-30,180.560000
1947-12-31,181.160000
1948-01-02,181.040000
1948-01-05,179.530000
1948-01-06,179.120000
1948-01-07,179.830000
1948-01-08,180.600000
1948-01-09,180.090000
1948-01-10,180.200000
1948-01-12,179.330000
1948-01-13,177.490000
1948-01-14,177.370000
1948-01-15,177.030000
1948-01-16,177.150000
1948-01-17,177.240000
1948-01-19,175.950000
1948-01-20,175.270000
1948-01-21,173.530000
1948-01-22,172.150000
1948-01-23,171.970000
1948-01-24,171.670000
1948-01-26,171.180000
1948-01-27,171.420000
1948-01-28,172.970000
1948-01-29,174.470000
1948-01-30,174.760000
1948-01-31,175.050000
1948-02-02,174.920000
1948-02-03,173.950000
1948-02-04,170.950000
1948-02-05,169.180000
1948-02-06,168.810000
1948-02-07,169.790000
1948-02-09,169.820000
1948-02-10,165.650000
1948-02-11,165.690000
1948-02-13,166.330000
1948-02-14,166.180000
1948-02-16,168.300000
1948-02-17,167.890000
1948-02-18,168.040000
1948-02-19,167.860000
1948-02-20,167.440000
1948-02-21,167.600000
1948-02-24,167.800000
1948-02-25,168.390000
1948-02-26,167.560000
1948-02-27,166.800000
1948-02-28,167.300000
1948-03-01,168.140000
1948-03-02,168.750000
1948-03-03,168.610000
1948-03-04,168.130000
1948-03-05,168.350000
1948-03-06,168.940000
1948-03-08,167.710000
1948-03-09,166.760000
1948-03-10,167.480000
1948-03-11,167.210000
1948-03-12,166.990000
1948-03-13,167.620000
1948-03-15,167.620000
1948-03-16,165.390000
1948-03-17,166.240000
1948-03-18,166.920000
1948-03-19,169.670000
1948-03-20,173.120000
1948-03-22,173.660000
1948-03-23,173.500000
1948-03-24,173.620000
1948-03-25,174.050000
1948-03-27,173.950000
1948-03-29,173.650000
1948-03-30,175.230000
1948-03-31,177.200000
1948-04-01,177.610000
1948-04-02,177.320000
1948-04-03,177.450000
1948-04-05,177.920000
1948-04-06,178.770000
1948-04-07,178.330000
1948-04-08,178.800000
1948-04-09,179.160000
1948-04-10,179.480000
1948-04-12,179.050000
1948-04-13,179.450000
1948-04-14,179.130000
1948-04-15,180.270000
1948-04-16,180.630000
1948-04-17,180.380000
1948-04-19,181.050000
1948-04-20,180.720000
1948-04-21,181.370000
1948-04-22,182.980000
1948-04-23,183.780000
1948-04-24,183.200000
1948-04-26,181.320000
1948-04-27,180.970000
1948-04-28,181.010000
1948-04-29,180.650000
1948-04-30,180.510000
1948-05-01,180.280000
1948-05-03,181.090000
1948-05-04,181.440000
1948-05-05,180.940000
1948-05-06,181.650000
1948-05-07,182.290000
1948-05-08,182.500000
1948-05-10,182.940000
1948-05-11,183.750000
1948-05-12,183.950000
1948-05-13,184.820000
1948-05-14,188.600000
1948-05-15,190.250000
1948-05-17,190.440000
1948-05-18,188.560000
1948-05-19,188.280000
1948-05-20,189.260000
1948-05-21,189.780000
1948-05-22,190.000000
1948-05-24,189.820000
1948-05-25,189.710000
1948-05-26,191.060000
1948-05-27,190.970000
1948-05-28,190.740000
1948-06-01,191.180000
1948-06-02,191.320000
1948-06-03,191.050000
1948-06-04,190.180000
1948-06-07,190.130000
1948-06-08,192.160000
1948-06-09,192.560000
1948-06-10,192.500000
1948-06-11,192.960000
1948-06-14,192.860000
1948-06-15,193.160000
1948-06-16,192.340000
1948-06-17,192.150000
1948-06-18,191.650000
1948-06-21,189.710000
1948-06-22,189.660000
1948-06-23,190.730000
1948-06-24,190.870000
1948-06-25,190.000000
1948-06-28,187.900000
1948-06-29,188.490000
1948-06-30,189.460000
1948-07-01,189.030000
1948-07-02,190.060000
1948-07-06,190.550000
1948-07-07,190.060000
1948-07-08,190.580000
1948-07-09,191.620000
1948-07-12,191.470000
1948-07-13,190.360000
1948-07-14,190.660000
1948-07-15,187.700000
1948-07-16,185.900000
1948-07-19,181.200000
1948-07-20,183.570000
1948-07-21,184.440000
1948-07-22,185.290000
1948-07-23,185.310000
1948-07-26,184.170000
1948-07-27,186.090000
1948-07-28,185.150000
1948-07-29,183.570000
1948-07-30,181.330000
1948-08-02,181.130000
1948-08-03,180.980000
1948-08-04,183.060000
1948-08-05,182.920000
1948-08-06,183.010000
1948-08-09,182.260000
1948-08-10,180.020000
1948-08-11,179.270000
1948-08-12,179.630000
1948-08-13,179.630000
1948-08-16,180.300000
1948-08-17,182.150000
1948-08-18,182.120000
1948-08-19,182.570000
1948-08-20,183.600000
1948-08-23,181.750000
1948-08-24,182.580000
1948-08-25,182.410000
1948-08-26,182.520000
1948-08-27,183.210000
1948-08-30,182.090000
1948-08-31,181.710000
1948-09-01,183.600000
1948-09-02,184.390000
1948-09-03,184.350000
1948-09-07,185.360000
1948-09-08,182.900000
1948-09-09,180.330000
1948-09-10,180.610000
1948-09-13,179.380000
1948-09-14,180.630000
1948-09-15,180.620000
1948-09-16,180.690000
1948-09-17,180.060000
1948-09-20,177.370000
1948-09-21,178.610000
1948-09-22,179.160000
1948-09-23,178.770000
1948-09-24,179.280000
1948-09-27,175.990000
1948-09-28,177.540000
1948-09-29,179.040000
1948-09-30,178.300000
1948-10-01,179.870000
1948-10-02,180.780000
1948-10-04,181.700000
1948-10-05,181.230000
1948-10-06,181.720000
1948-10-07,182.520000
1948-10-08,182.020000
1948-10-09,182.090000
1948-10-11,182.410000
1948-10-13,183.840000
1948-10-14,184.520000
1948-10-15,184.620000
1948-10-16,184.930000
1948-10-18,185.330000
1948-10-19,186.180000
1948-10-20,186.510000
1948-10-21,186.440000
1948-10-22,189.760000
1948-10-23,190.190000
1948-10-25,189.520000
1948-10-26,189.760000
1948-10-27,189.280000
1948-10-28,187.730000
1948-10-29,188.280000
1948-10-30,188.620000
1948-11-01,189.760000
1948-11-03,182.460000
1948-11-04,184.540000
1948-11-05,178.380000
1948-11-06,178.940000
1948-11-08,178.190000
1948-11-09,173.940000
1948-11-10,173.480000
1948-11-12,173.930000
1948-11-13,174.320000
1948-11-15,176.010000
1948-11-16,176.200000
1948-11-17,176.070000
1948-11-18,176.070000
1948-11-19,176.980000
1948-11-20,177.420000
1948-11-22,176.330000
1948-11-23,176.170000
1948-11-24,173.400000
1948-11-26,173.160000
1948-11-27,172.900000
1948-11-29,171.990000
1948-11-30,171.200000
1948-12-01,173.220000
1948-12-02,173.610000
1948-12-03,175.000000
1948-12-04,176.220000
1948-12-06,176.260000
1948-12-07,176.670000
1948-12-08,176.290000
1948-12-09,175.750000
1948-12-10,176.410000
1948-12-11,177.490000
1948-12-13,177.340000
1948-12-14,176.590000
1948-12-15,176.200000
1948-12-16,175.830000
1948-12-17,175.920000
1948-12-18,175.690000
1948-12-20,176.840000
1948-12-21,176.350000
1948-12-22,176.390000
1948-12-23,176.490000
1948-12-24,177.420000
1948-12-27,177.400000
1948-12-28,175.980000
1948-12-29,177.580000
1948-12-30,177.920000
1948-12-31,177.300000
1949-01-03,175.030000
1949-01-04,175.490000
1949-01-05,177.080000
1949-01-06,180.220000
1949-01-07,181.310000
1949-01-08,181.410000
1949-01-10,180.570000
1949-01-11,180.760000
1949-01-12,180.690000
1949-01-13,180.170000
1949-01-14,178.800000
1949-01-15,179.150000
1949-01-17,180.140000
1949-01-18,180.550000
1949-01-19,181.120000
1949-01-20,181.430000
1949-01-21,181.000000
1949-01-22,181.540000
1949-01-24,180.830000
1949-01-25,179.650000
1949-01-26,179.880000
1949-01-27,179.520000
1949-01-28,178.820000
1949-01-29,179.350000
1949-01-31,179.120000
1949-02-01,180.390000
1949-02-02,180.270000
1949-02-03,180.090000
1949-02-04,177.920000
1949-02-05,175.600000
1949-02-07,174.430000
1949-02-08,173.710000
1949-02-09,174.610000
1949-02-10,172.410000
1949-02-11,171.930000
1949-02-14,172.160000
1949-02-15,172.480000
1949-02-16,173.280000
1949-02-17,174.820000
1949-02-18,174.710000
1949-02-19,174.530000
1949-02-21,174.190000
1949-02-23,173.230000
1949-02-24,171.480000
1949-02-25,171.100000
1949-02-26,171.620000
1949-02-28,173.060000
1949-03-01,174.180000
1949-03-02,173.820000
1949-03-03,173.760000
1949-03-04,173.660000
1949-03-05,174.930000
1949-03-07,175.550000
1949-03-08,176.090000
1949-03-09,175.760000
1949-03-10,175.640000
1949-03-11,176.520000
1949-03-12,176.960000
1949-03-14,176.980000
1949-03-15,176.020000
1949-03-16,175.530000
1949-03-17,176.330000
1949-03-18,176.290000
1949-03-19,176.070000
1949-03-21,175.610000
1949-03-22,174.830000
1949-03-23,176.200000
1949-03-24,176.410000
1949-03-25,175.830000
1949-03-26,175.820000
1949-03-28,175.990000
1949-03-29,178.390000
1949-03-30,178.450000
1949-03-31,177.100000
1949-04-01,176.280000
1949-04-02,176.880000
1949-04-04,176.590000
1949-04-05,177.040000
1949-04-06,176.710000
1949-04-07,176.040000
1949-04-08,176.440000
1949-04-09,176.750000
1949-04-11,176.540000
1949-04-12,176.990000
1949-04-13,176.810000
1949-04-14,176.620000
1949-04-16,177.070000
1949-04-18,177.160000
1949-04-19,176.730000
1949-04-20,175.690000
1949-04-21,173.240000
1949-04-22,173.420000
1949-04-23,173.760000
1949-04-25,173.640000
1949-04-26,174.210000
1949-04-27,174.560000
1949-04-28,173.890000
1949-04-29,174.060000
1949-04-30,174.160000
1949-05-02,174.530000
1949-05-03,175.000000
1949-05-04,176.630000
1949-05-05,176.330000
1949-05-06,175.500000
1949-05-07,175.390000
1949-05-09,175.170000
1949-05-10,174.370000
1949-05-11,174.400000
1949-05-12,174.700000
1949-05-13,174.820000
1949-05-14,175.200000
1949-05-16,175.760000
1949-05-17,175.320000
1949-05-18,174.920000
1949-05-19,174.140000
1949-05-20,173.490000
1949-05-21,173.490000
1949-05-23,172.320000
1949-05-24,171.490000
1949-05-25,171.840000
1949-05-26,171.950000
1949-05-27,171.530000
1949-05-31,168.360000
1949-06-01,167.980000
1949-06-02,168.150000
1949-06-03,167.240000
1949-06-06,165.150000
1949-06-07,165.290000
1949-06-08,165.760000
1949-06-09,165.730000
1949-06-10,164.610000
1949-06-13,161.600000
1949-06-14,161.860000
1949-06-15,164.580000
1949-06-16,163.940000
1949-06-17,163.780000
1949-06-20,165.490000
1949-06-21,165.710000
1949-06-22,165.640000
1949-06-23,166.770000
1949-06-24,166.990000
1949-06-27,166.790000
1949-06-28,165.750000
1949-06-29,166.760000
1949-06-30,167.420000
1949-07-01,168.080000
1949-07-05,169.020000
1949-07-06,170.680000
1949-07-07,171.010000
1949-07-08,170.920000
1949-07-11,170.810000
1949-07-12,171.780000
1949-07-13,173.240000
1949-07-14,173.590000
1949-07-15,173.480000
1949-07-18,174.040000
1949-07-19,175.310000
1949-07-20,175.600000
1949-07-21,174.590000
1949-07-22,174.530000
1949-07-25,175.120000
1949-07-26,176.370000
1949-07-27,176.460000
1949-07-28,176.260000
1949-07-29,175.920000
1949-08-01,176.840000
1949-08-02,177.560000
1949-08-03,177.190000
1949-08-04,177.060000
1949-08-05,179.070000
1949-08-08,180.540000
1949-08-09,179.520000
1949-08-10,180.600000
1949-08-11,180.020000
1949-08-12,179.290000
1949-08-15,178.970000
1949-08-16,180.000000
1949-08-17,181.590000
1949-08-18,182.020000
1949-08-19,181.160000
1949-08-22,180.530000
1949-08-23,178.510000
1949-08-24,178.780000
1949-08-25,179.010000
1949-08-26,179.240000
1949-08-29,177.750000
1949-08-30,178.690000
1949-08-31,178.660000
1949-09-01,179.520000
1949-09-02,179.380000
1949-09-06,179.200000
1949-09-07,180.210000
1949-09-08,180.530000
1949-09-09,180.240000
1949-09-12,181.150000
1949-09-13,183.290000
1949-09-14,183.140000
1949-09-15,182.160000
1949-09-16,182.320000
1949-09-19,181.420000
1949-09-20,178.040000
1949-09-21,180.020000
1949-09-22,180.830000
1949-09-23,181.300000
1949-09-26,180.860000
1949-09-27,179.630000
1949-09-28,181.310000
1949-09-29,182.430000
1949-09-30,182.510000
1949-10-01,181.980000
1949-10-03,182.670000
1949-10-04,184.130000
1949-10-05,184.800000
1949-10-06,185.370000
1949-10-07,185.270000
1949-10-08,185.360000
1949-10-10,185.150000
1949-10-11,186.740000
1949-10-13,186.780000
1949-10-14,186.430000
1949-10-15,186.360000
1949-10-17,184.720000
1949-10-18,186.120000
1949-10-19,187.040000
1949-10-20,186.640000
1949-10-21,186.200000
1949-10-22,186.200000
1949-10-24,186.540000
1949-10-25,187.700000
1949-10-26,189.080000
1949-10-27,190.360000
1949-10-28,190.160000
1949-10-29,190.360000
1949-10-31,189.540000
1949-11-01,191.230000
1949-11-02,192.960000
1949-11-03,192.190000
1949-11-04,191.290000
1949-11-05,191.370000
1949-11-07,190.890000
1949-11-09,190.600000
1949-11-10,190.420000
1949-11-12,190.460000
1949-11-14,189.270000
1949-11-15,187.980000
1949-11-16,189.370000
1949-11-17,191.340000
1949-11-18,193.410000
1949-11-19,193.620000
1949-11-21,192.350000
1949-11-22,193.230000
1949-11-23,193.520000
1949-11-25,192.780000
1949-11-26,193.230000
1949-11-28,192.240000
1949-11-29,191.620000
1949-11-30,191.550000
1949-12-01,192.710000
1949-12-02,193.630000
1949-12-03,194.430000
1949-12-05,194.740000
1949-12-06,194.640000
1949-12-07,194.210000
1949-12-08,194.450000
1949-12-09,194.350000
1949-12-10,194.680000
1949-12-12,196.170000
1949-12-13,196.810000
1949-12-14,197.510000
1949-12-15,198.050000
1949-12-16,197.880000
1949-12-17,197.980000
1949-12-19,198.170000
1949-12-20,197.220000
1949-12-21,196.450000
1949-12-22,198.520000
1949-12-23,198.880000
1949-12-27,198.280000
1949-12-28,199.590000
1949-12-29,199.390000
1949-12-30,200.520000
1949-12-31,200.130000
1950-01-03,198.890000
1950-01-04,200.200000
1950-01-05,200.570000
1950-01-06,200.960000
1950-01-07,201.940000
1950-01-09,201.980000
1950-01-10,201.170000
1950-01-11,201.610000
1950-01-12,197.930000
1950-01-13,196.810000
1950-01-14,196.920000
1950-01-16,197.170000
1950-01-17,198.780000
1950-01-18,199.500000
1950-01-19,199.800000
1950-01-20,200.130000
1950-01-21,200.970000
1950-01-23,200.420000
1950-01-24,199.620000
1950-01-25,198.390000
1950-01-26,198.530000
1950-01-27,199.080000
1950-01-28,200.080000
1950-01-30,201.390000
1950-01-31,201.790000
1950-02-01,201.890000
1950-02-02,204.110000
1950-02-03,204.530000
1950-02-04,205.030000
1950-02-06,204.590000
1950-02-07,203.530000
1950-02-08,202.710000
1950-02-09,203.800000
1950-02-10,203.490000
1950-02-11,203.360000
1950-02-14,202.020000
1950-02-15,201.930000
1950-02-16,201.690000
1950-02-17,203.170000
1950-02-18,203.970000
1950-02-20,203.470000
1950-02-21,203.350000
1950-02-23,203.320000
1950-02-24,204.150000
1950-02-25,204.150000
1950-02-27,204.330000
1950-02-28,203.440000
1950-03-01,203.620000
1950-03-02,203.540000
1950-03-03,204.480000
1950-03-04,204.710000
1950-03-06,204.880000
1950-03-07,203.690000
1950-03-08,203.710000
1950-03-09,202.330000
1950-03-10,202.440000
1950-03-11,202.960000
1950-03-13,203.090000
1950-03-14,204.700000
1950-03-15,207.460000
1950-03-16,207.890000
1950-03-17,207.570000
1950-03-18,208.090000
1950-03-20,207.780000
1950-03-21,208.270000
1950-03-22,209.310000
1950-03-23,209.620000
1950-03-24,209.780000
1950-03-25,210.620000
1950-03-27,209.100000
1950-03-28,209.500000
1950-03-29,208.400000
1950-03-30,206.430000
1950-03-31,206.050000
1950-04-01,206.370000
1950-04-03,208.440000
1950-04-04,209.050000
1950-04-05,210.340000
1950-04-06,212.100000
1950-04-08,212.550000
1950-04-10,212.290000
1950-04-11,211.470000
1950-04-12,213.940000
1950-04-13,214.130000
1950-04-14,215.310000
1950-04-15,214.480000
1950-04-17,214.410000
1950-04-18,215.050000
1950-04-19,215.210000
1950-04-20,213.720000
1950-04-21,214.140000
1950-04-22,213.900000
1950-04-24,212.580000
1950-04-25,212.550000
1950-04-26,211.720000
1950-04-27,212.440000
1950-04-28,213.560000
1950-04-29,214.330000
1950-05-01,215.810000
1950-05-02,214.870000
1950-05-03,216.260000
1950-05-04,214.870000
1950-05-05,215.720000
1950-05-06,217.030000
1950-05-08,216.710000
1950-05-09,217.400000
1950-05-10,218.640000
1950-05-11,218.720000
1950-05-12,217.610000
1950-05-13,217.780000
1950-05-15,218.040000
1950-05-16,219.700000
1950-05-17,220.600000
1950-05-18,220.630000
1950-05-19,222.110000
1950-05-20,222.410000
1950-05-22,221.550000
1950-05-23,222.470000
1950-05-24,222.570000
1950-05-25,222.440000
1950-05-26,221.930000
1950-05-27,221.710000
1950-05-29,222.470000
1950-05-31,223.420000
1950-06-01,223.230000
1950-06-02,223.710000
1950-06-05,221.760000
1950-06-06,223.460000
1950-06-07,223.680000
1950-06-08,225.520000
1950-06-09,226.860000
1950-06-12,228.380000
1950-06-13,226.440000
1950-06-14,223.320000
1950-06-15,222.460000
1950-06-16,222.710000
1950-06-19,222.090000
1950-06-20,220.720000
1950-06-21,222.530000
1950-06-22,224.510000
1950-06-23,224.350000
1950-06-26,213.910000
1950-06-27,212.220000
1950-06-28,214.680000
1950-06-29,206.720000
1950-06-30,209.110000
1950-07-03,208.350000
1950-07-05,210.030000
1950-07-06,210.850000
1950-07-07,208.590000
1950-07-10,208.090000
1950-07-11,204.600000
1950-07-12,199.090000
1950-07-13,197.460000
1950-07-14,199.830000
1950-07-17,197.630000
1950-07-18,201.880000
1950-07-19,205.130000
1950-07-20,207.730000
1950-07-21,207.650000
1950-07-24,206.950000
1950-07-25,203.830000
1950-07-26,204.390000
1950-07-27,206.370000
1950-07-28,208.210000
1950-07-31,209.400000
1950-08-01,211.870000
1950-08-02,211.260000
1950-08-03,211.260000
1950-08-04,212.660000
1950-08-07,215.820000
1950-08-08,215.440000
1950-08-09,216.970000
1950-08-10,216.640000
1950-08-11,215.030000
1950-08-14,215.310000
1950-08-15,215.310000
1950-08-16,215.780000
1950-08-17,217.760000
1950-08-18,219.230000
1950-08-21,220.210000
1950-08-22,219.790000
1950-08-23,221.510000
1950-08-24,221.130000
1950-08-25,218.100000
1950-08-28,218.550000
1950-08-29,218.290000
1950-08-30,217.050000
1950-08-31,216.870000
1950-09-01,218.420000
1950-09-05,220.020000
1950-09-06,218.200000
1950-09-07,218.330000
1950-09-08,220.030000
1950-09-11,218.100000
1950-09-12,220.810000
1950-09-13,223.420000
1950-09-14,224.480000
1950-09-15,225.850000
1950-09-18,226.780000
1950-09-19,225.780000
1950-09-20,224.330000
1950-09-21,226.010000
1950-09-22,226.640000
1950-09-25,226.060000
1950-09-26,222.840000
1950-09-27,225.740000
1950-09-28,225.930000
1950-09-29,226.360000
1950-10-02,228.940000
1950-10-03,228.890000
1950-10-04,231.150000
1950-10-05,229.850000
1950-10-06,231.740000
1950-10-07,231.810000
1950-10-09,230.020000
1950-10-10,227.600000
1950-10-11,228.970000
1950-10-13,228.540000
1950-10-14,227.630000
1950-10-16,227.500000
1950-10-17,229.220000
1950-10-18,230.600000
1950-10-19,230.830000
1950-10-20,230.330000
1950-10-21,230.880000
1950-10-23,230.620000
1950-10-24,231.390000
1950-10-25,231.490000
1950-10-26,226.650000
1950-10-27,228.280000
1950-10-28,228.560000
1950-10-30,226.420000
1950-10-31,225.010000
1950-11-01,225.690000
1950-11-02,227.250000
1950-11-03,228.100000
1950-11-04,227.420000
1950-11-06,222.520000
1950-11-08,224.250000
1950-11-09,227.170000
1950-11-10,229.290000
1950-11-13,229.440000
1950-11-14,229.540000
1950-11-15,229.520000
1950-11-16,228.940000
1950-11-17,230.270000
1950-11-18,231.640000
1950-11-20,231.530000
1950-11-21,231.160000
1950-11-22,233.810000
1950-11-24,235.470000
1950-11-25,235.060000
1950-11-27,234.960000
1950-11-28,228.610000
1950-11-29,226.420000
1950-11-30,227.600000
1950-12-01,228.890000
1950-12-02,227.550000
1950-12-04,222.330000
1950-12-05,225.440000
1950-12-06,226.160000
1950-12-07,225.940000
1950-12-08,226.740000
1950-12-09,227.300000
1950-12-11,229.190000
1950-12-12,229.270000
1950-12-13,228.820000
1950-12-14,225.890000
1950-12-15,224.700000
1950-12-16,228.340000
1950-12-18,231.010000
1950-12-19,231.540000
1950-12-20,231.200000
1950-12-21,230.430000
1950-12-22,231.540000
1950-12-26,229.650000
1950-12-27,234.210000
1950-12-28,235.340000
1950-12-29,235.420000
1950-12-30,235.410000
1951-01-02,239.920000
1951-01-03,238.990000
1951-01-04,240.860000
1951-01-05,240.960000
1951-01-06,240.680000
1951-01-08,242.290000
1951-01-09,243.500000
1951-01-10,240.400000
1951-01-11,244.720000
1951-01-12,243.810000
1951-01-13,243.610000
1951-01-15,245.020000
1951-01-16,246.650000
1951-01-17,248.010000
1951-01-18,247.390000
1951-01-19,246.760000
1951-01-20,246.910000
1951-01-22,244.330000
1951-01-23,245.300000
1951-01-24,244.360000
1951-01-25,242.220000
1951-01-26,244.510000
1951-01-27,247.360000
1951-01-29,248.640000
1951-01-30,249.580000
1951-01-31,248.830000
1951-02-01,250.760000
1951-02-02,252.780000
1951-02-03,253.920000
1951-02-05,255.170000
1951-02-06,254.620000
1951-02-07,252.700000
1951-02-08,253.340000
1951-02-09,254.240000
1951-02-10,254.800000
1951-02-13,255.710000
1951-02-14,255.100000
1951-02-15,253.610000
1951-02-16,254.900000
1951-02-17,254.700000
1951-02-19,251.670000
1951-02-20,251.120000
1951-02-21,252.280000
1951-02-23,252.180000
1951-02-24,252.930000
1951-02-26,253.180000
1951-02-27,251.340000
1951-02-28,252.050000
1951-03-01,252.800000
1951-03-02,253.610000
1951-03-03,253.430000
1951-03-05,251.820000
1951-03-06,251.550000
1951-03-07,252.450000
1951-03-08,252.810000
1951-03-09,252.750000
1951-03-10,252.020000
1951-03-12,249.890000
1951-03-13,245.880000
1951-03-14,243.950000
1951-03-15,244.850000
1951-03-16,248.620000
1951-03-17,249.030000
1951-03-19,248.080000
1951-03-20,247.870000
1951-03-21,249.370000
1951-03-22,250.520000
1951-03-24,248.140000
1951-03-26,249.130000
1951-03-27,248.740000
1951-03-28,246.190000
1951-03-29,246.900000
1951-03-30,248.530000
1951-03-31,247.940000
1951-04-02,246.630000
1951-04-03,246.020000
1951-04-04,247.310000
1951-04-05,250.320000
1951-04-06,250.830000
1951-04-07,250.280000
1951-04-09,250.570000
1951-04-10,250.420000
1951-04-11,249.760000
1951-04-12,251.660000
1951-04-13,254.750000
1951-04-14,256.180000
1951-04-16,254.850000
1951-04-17,255.340000
1951-04-18,256.010000
1951-04-19,254.920000
1951-04-20,254.820000
1951-04-21,255.020000
1951-04-23,255.120000
1951-04-24,254.190000
1951-04-25,254.750000
1951-04-26,257.130000
1951-04-27,258.960000
1951-04-28,259.080000
1951-04-30,259.130000
1951-05-01,260.710000
1951-05-02,261.270000
1951-05-03,263.130000
1951-05-04,262.770000
1951-05-05,261.760000
1951-05-07,261.230000
1951-05-08,261.100000
1951-05-09,261.490000
1951-05-10,260.070000
1951-05-11,258.560000
1951-05-12,257.260000
1951-05-14,256.080000
1951-05-15,252.080000
1951-05-16,252.140000
1951-05-17,254.570000
1951-05-18,250.100000
1951-05-19,250.630000
1951-05-21,249.980000
1951-05-22,249.300000
1951-05-23,247.030000
1951-05-24,245.780000
1951-05-25,245.270000
1951-05-26,245.830000
1951-05-28,247.030000
1951-05-29,248.440000
1951-05-31,249.650000
1951-06-01,249.330000
1951-06-04,246.790000
1951-06-05,247.590000
1951-06-06,249.640000
1951-06-07,250.810000
1951-06-08,250.390000
1951-06-11,251.560000
1951-06-12,250.570000
1951-06-13,250.030000
1951-06-14,252.460000
1951-06-15,254.030000
1951-06-18,253.800000
1951-06-19,253.530000
1951-06-20,251.860000
1951-06-21,250.430000
1951-06-22,247.860000
1951-06-25,245.300000
1951-06-26,246.280000
1951-06-27,246.840000
1951-06-28,244.000000
1951-06-29,242.640000
1951-07-02,243.980000
1951-07-03,245.920000
1951-07-05,250.270000
1951-07-06,250.010000
1951-07-09,250.650000
1951-07-10,250.000000
1951-07-11,250.970000
1951-07-12,252.590000
1951-07-13,254.320000
1951-07-16,252.310000
1951-07-17,253.890000
1951-07-18,253.670000
1951-07-19,253.750000
1951-07-20,253.730000
1951-07-23,255.680000
1951-07-24,258.940000
1951-07-25,258.110000
1951-07-26,259.090000
1951-07-27,259.230000
1951-07-30,260.700000
1951-07-31,257.860000
1951-08-01,259.890000
1951-08-02,262.890000
1951-08-03,262.980000
1951-08-06,265.210000
1951-08-07,264.940000
1951-08-08,263.730000
1951-08-09,262.690000
1951-08-10,261.920000
1951-08-13,263.060000
1951-08-14,262.880000
1951-08-15,264.270000
1951-08-16,265.480000
1951-08-17,266.170000
1951-08-20,266.190000
1951-08-21,265.300000
1951-08-22,264.070000
1951-08-23,265.650000
1951-08-24,266.300000
1951-08-27,265.590000
1951-08-28,265.560000
1951-08-29,268.180000
1951-08-30,269.940000
1951-08-31,270.250000
1951-09-04,270.630000
1951-09-05,272.480000
1951-09-06,272.280000
1951-09-07,273.890000
1951-09-10,275.250000
1951-09-11,273.880000
1951-09-12,275.310000
1951-09-13,276.370000
1951-09-14,276.060000
1951-09-17,275.090000
1951-09-18,274.380000
1951-09-19,274.270000
1951-09-20,274.100000
1951-09-21,272.110000
1951-09-24,270.770000
1951-09-25,272.240000
1951-09-26,272.240000
1951-09-27,271.310000
1951-09-28,271.160000
1951-10-01,272.560000
1951-10-02,274.340000
1951-10-03,275.870000
1951-10-04,275.350000
1951-10-05,275.630000
1951-10-06,275.530000
1951-10-08,275.140000
1951-10-09,273.380000
1951-10-10,272.760000
1951-10-11,274.100000
1951-10-13,275.130000
1951-10-15,275.740000
1951-10-16,274.400000
1951-10-17,273.530000
1951-10-18,273.510000
1951-10-19,269.680000
1951-10-20,267.420000
1951-10-22,262.290000
1951-10-23,263.500000
1951-10-24,264.950000
1951-10-25,264.170000
1951-10-26,262.270000
1951-10-27,258.530000
1951-10-29,260.430000
1951-10-30,260.520000
1951-10-31,262.350000
1951-11-01,264.060000
1951-11-02,261.940000
1951-11-03,259.570000
1951-11-05,259.760000
1951-11-07,257.140000
1951-11-08,257.140000
1951-11-09,259.910000
1951-11-10,261.290000
1951-11-13,260.410000
1951-11-14,261.270000
1951-11-15,260.910000
1951-11-16,260.390000
1951-11-17,260.820000
1951-11-19,259.700000
1951-11-20,259.300000
1951-11-21,258.720000
1951-11-23,256.950000
1951-11-24,255.950000
1951-11-26,257.440000
1951-11-27,259.460000
1951-11-28,258.640000
1951-11-29,258.960000
1951-11-30,261.270000
1951-12-01,262.290000
1951-12-03,263.240000
1951-12-04,264.290000
1951-12-05,263.720000
1951-12-06,266.230000
1951-12-07,266.990000
1951-12-08,266.900000
1951-12-10,267.380000
1951-12-11,265.770000
1951-12-12,266.090000
1951-12-13,265.810000
1951-12-14,265.710000
1951-12-15,265.480000
1951-12-17,265.790000
1951-12-18,266.610000
1951-12-19,267.610000
1951-12-20,267.450000
1951-12-21,266.340000
1951-12-22,265.940000
1951-12-24,265.790000
1951-12-26,264.060000
1951-12-27,266.740000
1951-12-28,268.180000
1951-12-29,268.520000
1951-12-31,269.230000
1952-01-02,269.860000
1952-01-03,270.380000
1952-01-04,271.030000
1952-01-05,271.260000
1952-01-07,270.340000
1952-01-08,268.660000
1952-01-09,268.080000
1952-01-10,269.460000
1952-01-11,270.310000
1952-01-12,270.730000
1952-01-14,271.590000
1952-01-15,270.460000
1952-01-16,271.130000
1952-01-17,271.910000
1952-01-18,272.100000
1952-01-19,272.930000
1952-01-21,274.100000
1952-01-22,275.400000
1952-01-23,274.270000
1952-01-24,273.900000
1952-01-25,273.410000
1952-01-26,273.690000
1952-01-28,274.170000
1952-01-29,274.000000
1952-01-30,270.710000
1952-01-31,270.690000
1952-02-01,271.680000
1952-02-02,272.510000
1952-02-04,269.790000
1952-02-05,269.040000
1952-02-06,268.770000
1952-02-07,268.350000
1952-02-08,269.850000
1952-02-09,269.830000
1952-02-11,268.450000
1952-02-13,266.210000
1952-02-14,265.880000
1952-02-15,266.270000
1952-02-16,266.300000
1952-02-18,265.350000
1952-02-19,261.370000
1952-02-20,258.490000
1952-02-21,259.600000
1952-02-23,261.400000
1952-02-25,260.580000
1952-02-26,259.300000
1952-02-27,259.680000
1952-02-28,260.490000
1952-02-29,260.080000
1952-03-01,260.270000
1952-03-03,260.080000
1952-03-04,263.950000
1952-03-05,264.660000
1952-03-06,264.030000
1952-03-07,263.870000
1952-03-08,264.140000
1952-03-10,262.760000
1952-03-11,262.760000
1952-03-12,263.780000
1952-03-13,264.240000
1952-03-14,264.050000
1952-03-15,264.430000
1952-03-17,264.080000
1952-03-18,264.100000
1952-03-19,264.370000
1952-03-20,265.330000
1952-03-21,265.620000
1952-03-22,265.690000
1952-03-24,265.600000
1952-03-25,264.280000
1952-03-26,263.870000
1952-03-27,265.210000
1952-03-28,266.960000
1952-03-29,269.000000
1952-03-31,269.460000
1952-04-01,267.220000
1952-04-02,267.030000
1952-04-03,266.800000
1952-04-04,265.620000
1952-04-05,265.440000
1952-04-07,263.380000
1952-04-08,265.290000
1952-04-09,265.040000
1952-04-10,265.750000
1952-04-12,266.290000
1952-04-14,264.100000
1952-04-15,261.290000
1952-04-16,261.480000
1952-04-17,259.850000
1952-04-18,260.520000
1952-04-19,260.140000
1952-04-21,261.630000
1952-04-22,261.100000
1952-04-23,259.970000
1952-04-24,258.860000
1952-04-25,259.800000
1952-04-26,260.270000
1952-04-28,259.950000
1952-04-29,259.340000
1952-04-30,257.630000
1952-05-01,256.350000
1952-05-02,260.000000
1952-05-03,260.550000
1952-05-05,261.540000
1952-05-06,261.010000
1952-05-07,261.990000
1952-05-08,262.390000
1952-05-09,262.740000
1952-05-10,262.500000
1952-05-12,261.720000
1952-05-13,261.990000
1952-05-14,260.990000
1952-05-15,260.100000
1952-05-16,259.820000
1952-05-17,259.880000
1952-05-19,260.060000
1952-05-20,261.260000
1952-05-21,261.780000
1952-05-22,263.330000
1952-05-23,263.270000
1952-05-24,263.230000
1952-05-26,264.220000
1952-05-27,263.920000
1952-05-28,262.780000
1952-05-29,262.940000
1952-06-02,262.310000
1952-06-03,262.090000
1952-06-04,263.670000
1952-06-05,266.290000
1952-06-06,268.030000
1952-06-09,269.150000
1952-06-10,267.670000
1952-06-11,267.930000
1952-06-12,267.910000
1952-06-13,268.560000
1952-06-16,267.830000
1952-06-17,268.030000
1952-06-18,269.090000
1952-06-19,269.540000
1952-06-20,270.190000
1952-06-23,269.500000
1952-06-24,269.920000
1952-06-25,270.450000
1952-06-26,271.240000
1952-06-27,272.440000
1952-06-30,274.260000
1952-07-01,275.460000
1952-07-02,274.870000
1952-07-03,274.950000
1952-07-07,274.200000
1952-07-08,274.430000
1952-07-09,273.250000
1952-07-10,272.580000
1952-07-11,274.220000
1952-07-14,275.080000
1952-07-15,276.760000
1952-07-16,276.760000
1952-07-17,275.620000
1952-07-18,273.900000
1952-07-21,274.910000
1952-07-22,275.950000
1952-07-23,277.630000
1952-07-24,279.260000
1952-07-25,277.710000
1952-07-28,277.940000
1952-07-29,278.570000
1952-07-30,279.240000
1952-07-31,279.560000
1952-08-01,279.800000
1952-08-04,279.870000
1952-08-05,279.500000
1952-08-06,279.070000
1952-08-07,279.380000
1952-08-08,279.840000
1952-08-11,280.290000
1952-08-12,278.140000
1952-08-13,277.880000
1952-08-14,277.750000
1952-08-15,277.370000
1952-08-18,274.310000
1952-08-19,274.140000
1952-08-20,274.350000
1952-08-21,274.450000
1952-08-22,274.430000
1952-08-25,273.570000
1952-08-26,273.170000
1952-08-27,273.840000
1952-08-28,274.410000
1952-08-29,275.040000
1952-09-02,276.400000
1952-09-03,277.150000
1952-09-04,276.760000
1952-09-05,276.500000
1952-09-08,275.870000
1952-09-09,273.530000
1952-09-10,271.650000
1952-09-11,272.110000
1952-09-12,271.020000
1952-09-15,268.380000
1952-09-16,269.030000
1952-09-17,270.430000
1952-09-18,269.720000
1952-09-19,270.550000
1952-09-22,270.770000
1952-09-23,271.650000
1952-09-24,272.260000
1952-09-25,272.420000
1952-09-26,271.950000
1952-09-29,271.730000
1952-09-30,270.610000
1952-10-01,270.170000
1952-10-02,270.750000
1952-10-03,270.550000
1952-10-06,270.000000
1952-10-07,269.880000
1952-10-08,271.400000
1952-10-09,270.980000
1952-10-10,270.610000
1952-10-14,270.430000
1952-10-15,267.120000
1952-10-16,264.870000
1952-10-17,267.300000
1952-10-20,266.630000
1952-10-21,265.840000
1952-10-22,263.060000
1952-10-23,263.870000
1952-10-24,265.460000
1952-10-27,265.900000
1952-10-28,265.720000
1952-10-29,265.460000
1952-10-30,265.720000
1952-10-31,269.230000
1952-11-03,270.230000
1952-11-05,271.300000
1952-11-06,272.580000
1952-11-07,273.470000
1952-11-10,273.470000
1952-11-12,271.970000
1952-11-13,272.540000
1952-11-14,273.270000
1952-11-17,274.450000
1952-11-18,278.040000
1952-11-19,280.050000
1952-11-20,279.500000
1952-11-21,279.320000
1952-11-24,281.080000
1952-11-25,280.900000
1952-11-26,282.440000
1952-11-28,283.660000
1952-12-01,283.700000
1952-12-02,283.780000
1952-12-03,282.890000
1952-12-04,281.630000
1952-12-05,282.060000
1952-12-08,283.620000
1952-12-09,285.120000
1952-12-10,284.550000
1952-12-11,284.570000
1952-12-12,285.200000
1952-12-15,285.990000
1952-12-16,286.160000
1952-12-17,285.670000
1952-12-18,285.360000
1952-12-19,286.520000
1952-12-22,288.020000
1952-12-23,286.990000
1952-12-24,287.370000
1952-12-26,288.230000
1952-12-29,289.650000
1952-12-30,292.000000
1952-12-31,291.900000
1953-01-02,292.140000
1953-01-05,293.790000
1953-01-06,292.180000
1953-01-07,290.760000
1953-01-08,290.360000
1953-01-09,287.520000
1953-01-12,285.240000
1953-01-13,286.850000
1953-01-14,287.370000
1953-01-15,288.180000
1953-01-16,287.170000
1953-01-19,286.970000
1953-01-20,288.000000
1953-01-21,287.600000
1953-01-22,287.840000
1953-01-23,286.890000
1953-01-26,286.540000
1953-01-27,286.810000
1953-01-28,287.390000
1953-01-29,287.960000
1953-01-30,289.770000
1953-02-02,290.030000
1953-02-03,290.190000
1953-02-04,289.080000
1953-02-05,286.200000
1953-02-06,282.850000
1953-02-09,281.960000
1953-02-10,281.670000
1953-02-11,281.570000
1953-02-13,283.110000
1953-02-16,282.180000
1953-02-17,281.510000
1953-02-18,281.140000
1953-02-19,281.550000
1953-02-20,281.890000
1953-02-24,282.990000
1953-02-25,284.450000
1953-02-26,284.350000
1953-02-27,284.270000
1953-03-02,284.710000
1953-03-03,285.990000
1953-03-04,283.700000
1953-03-05,283.860000
1953-03-06,284.820000
1953-03-09,284.900000
1953-03-10,285.220000
1953-03-11,288.020000
1953-03-12,288.000000
1953-03-13,289.040000
1953-03-16,289.520000
1953-03-17,290.640000
1953-03-18,290.320000
1953-03-19,289.970000
1953-03-20,289.690000
1953-03-23,287.390000
1953-03-24,288.830000
1953-03-25,287.980000
1953-03-26,286.600000
1953-03-27,287.330000
1953-03-30,283.070000
1953-03-31,279.870000
1953-04-01,280.090000
1953-04-02,280.030000
1953-04-06,274.100000
1953-04-07,275.160000
1953-04-08,276.840000
1953-04-09,276.230000
1953-04-10,275.500000
1953-04-13,274.730000
1953-04-14,275.850000
1953-04-15,277.350000
1953-04-16,276.740000
1953-04-17,274.410000
1953-04-20,275.990000
1953-04-21,275.480000
1953-04-22,273.550000
1953-04-23,270.730000
1953-04-24,271.260000
1953-04-27,272.700000
1953-04-28,273.960000
1953-04-29,275.380000
1953-04-30,274.750000
1953-05-01,275.660000
1953-05-04,278.340000
1953-05-05,278.220000
1953-05-06,278.140000
1953-05-07,277.430000
1953-05-08,278.220000
1953-05-11,278.790000
1953-05-12,277.090000
1953-05-13,276.800000
1953-05-14,277.960000
1953-05-15,277.900000
1953-05-18,276.920000
1953-05-19,275.910000
1953-05-20,278.040000
1953-05-21,278.510000
1953-05-22,278.160000
1953-05-25,277.470000
1953-05-26,276.370000
1953-05-27,273.960000
1953-05-28,271.480000
1953-05-29,272.280000
1953-06-01,268.400000
1953-06-02,269.840000
1953-06-03,269.600000
1953-06-04,267.630000
1953-06-05,268.320000
1953-06-08,267.910000
1953-06-09,263.390000
1953-06-10,263.350000
1953-06-11,264.990000
1953-06-12,265.780000
1953-06-15,263.870000
1953-06-16,262.880000
1953-06-17,265.740000
1953-06-18,265.860000
1953-06-19,265.800000
1953-06-22,267.260000
1953-06-23,268.480000
1953-06-24,267.790000
1953-06-25,268.930000
1953-06-26,269.050000
1953-06-29,268.200000
1953-06-30,268.260000
1953-07-01,269.390000
1953-07-02,270.230000
1953-07-03,270.530000
1953-07-06,270.880000
1953-07-07,272.130000
1953-07-08,272.190000
1953-07-09,271.320000
1953-07-10,271.060000
1953-07-13,268.520000
1953-07-14,268.060000
1953-07-15,268.750000
1953-07-16,269.410000
1953-07-17,270.960000
1953-07-20,269.740000
1953-07-21,268.990000
1953-07-22,269.390000
1953-07-23,269.940000
1953-07-24,269.760000
1953-07-27,268.460000
1953-07-28,269.130000
1953-07-29,270.430000
1953-07-30,272.820000
1953-07-31,275.380000
1953-08-03,276.130000
1953-08-04,275.680000
1953-08-05,275.080000
1953-08-06,275.770000
1953-08-07,275.540000
1953-08-10,275.320000
1953-08-11,275.300000
1953-08-12,276.420000
1953-08-13,276.740000
1953-08-14,275.710000
1953-08-17,275.040000
1953-08-18,273.290000
1953-08-19,271.500000
1953-08-20,271.730000
1953-08-21,271.930000
1953-08-24,268.700000
1953-08-25,267.450000
1953-08-26,266.510000
1953-08-27,265.680000
1953-08-28,265.740000
1953-08-31,261.220000
1953-09-01,262.540000
1953-09-02,263.960000
1953-09-03,263.610000
1953-09-04,264.340000
1953-09-08,265.420000
1953-09-09,265.480000
1953-09-10,262.880000
1953-09-11,259.710000
1953-09-14,255.490000
1953-09-15,257.670000
1953-09-16,259.070000
1953-09-17,259.880000
1953-09-18,258.780000
1953-09-21,258.010000
1953-09-22,261.280000
1953-09-23,262.350000
1953-09-24,262.450000
1953-09-25,263.310000
1953-09-28,264.790000
1953-09-29,264.770000
1953-09-30,264.040000
1953-10-01,265.680000
1953-10-02,266.700000
1953-10-05,265.480000
1953-10-06,264.260000
1953-10-07,266.530000
1953-10-08,266.720000
1953-10-09,267.040000
1953-10-13,266.090000
1953-10-14,267.510000
1953-10-15,271.220000
1953-10-16,272.800000
1953-10-19,273.310000
1953-10-20,273.900000
1953-10-21,273.740000
1953-10-22,274.890000
1953-10-23,275.340000
1953-10-26,274.430000
1953-10-27,273.350000
1953-10-28,274.140000
1953-10-29,276.310000
1953-10-30,275.810000
1953-11-02,276.720000
1953-11-04,276.820000
1953-11-05,279.090000
1953-11-06,278.830000
1953-11-09,278.260000
1953-11-10,275.890000
1953-11-12,276.230000
1953-11-13,277.530000
1953-11-16,275.930000
1953-11-17,273.880000
1953-11-18,274.510000
1953-11-19,276.090000
1953-11-20,276.050000
1953-11-23,275.420000
1953-11-24,277.130000
1953-11-25,277.780000
1953-11-27,280.230000
1953-11-30,281.370000
1953-12-01,281.100000
1953-12-02,282.810000
1953-12-03,283.250000
1953-12-04,282.710000
1953-12-07,282.000000
1953-12-08,281.450000
1953-12-09,281.120000
1953-12-10,279.890000
1953-12-11,279.910000
1953-12-14,279.260000
1953-12-15,279.520000
1953-12-16,282.870000
1953-12-17,282.670000
1953-12-18,283.540000
1953-12-21,282.990000
1953-12-22,279.990000
1953-12-23,279.840000
1953-12-24,280.920000
1953-12-28,279.910000
1953-12-29,278.300000
1953-12-30,280.430000
1953-12-31,280.900000
1954-01-04,282.890000
1954-01-05,284.190000
1954-01-06,283.960000
1954-01-07,282.600000
1954-01-08,281.510000
1954-01-11,279.870000
1954-01-12,281.510000
1954-01-13,283.030000
1954-01-14,284.490000
1954-01-15,286.720000
1954-01-18,286.030000
1954-01-19,288.270000
1954-01-20,289.140000
1954-01-21,289.480000
1954-01-22,289.650000
1954-01-25,290.400000
1954-01-26,292.850000
1954-01-27,292.220000
1954-01-28,291.510000
1954-01-29,292.390000
1954-02-01,291.840000
1954-02-02,291.170000
1954-02-03,292.320000
1954-02-04,294.030000
1954-02-05,293.970000
1954-02-08,293.580000
1954-02-09,293.790000
1954-02-10,292.950000
1954-02-11,292.450000
1954-02-12,293.990000
1954-02-15,292.550000
1954-02-16,289.610000
1954-02-17,290.110000
1954-02-18,291.510000
1954-02-19,291.070000
1954-02-23,290.030000
1954-02-24,289.540000
1954-02-25,291.410000
1954-02-26,294.540000
1954-03-01,296.550000
1954-03-02,297.480000
1954-03-03,297.030000
1954-03-04,297.480000
1954-03-05,299.450000
1954-03-08,298.640000
1954-03-09,299.450000
1954-03-10,299.590000
1954-03-11,300.830000
1954-03-12,299.710000
1954-03-15,298.880000
1954-03-16,298.090000
1954-03-17,298.310000
1954-03-18,300.100000
1954-03-19,301.440000
1954-03-22,301.600000
1954-03-23,299.020000
1954-03-24,296.890000
1954-03-25,296.400000
1954-03-26,299.080000
1954-03-29,300.060000
1954-03-30,300.890000
1954-03-31,303.510000
1954-04-01,306.270000
1954-04-02,306.670000
1954-04-05,307.040000
1954-04-06,304.260000
1954-04-07,305.410000
1954-04-08,307.790000
1954-04-09,309.390000
1954-04-12,309.190000
1954-04-13,308.980000
1954-04-14,311.760000
1954-04-15,313.770000
1954-04-19,311.780000
1954-04-20,311.890000
1954-04-21,310.910000
1954-04-22,311.480000
1954-04-23,313.370000
1954-04-26,314.540000
1954-04-27,313.490000
1954-04-28,313.750000
1954-04-29,318.220000
1954-04-30,319.330000
1954-05-03,319.350000
1954-05-04,319.820000
1954-05-05,317.930000
1954-05-06,320.410000
1954-05-07,321.300000
1954-05-10,321.320000
1954-05-11,319.740000
1954-05-12,321.610000
1954-05-13,320.390000
1954-05-14,322.500000
1954-05-17,323.330000
1954-05-18,324.140000
1954-05-19,323.210000
1954-05-20,323.880000
1954-05-21,326.090000
1954-05-24,326.090000
1954-05-25,325.020000
1954-05-26,327.110000
1954-05-27,326.370000
1954-05-28,327.490000
1954-06-01,328.670000
1954-06-02,328.360000
1954-06-03,328.630000
1954-06-04,327.630000
1954-06-07,327.960000
1954-06-08,321.000000
1954-06-09,319.270000
1954-06-10,320.120000
1954-06-11,322.090000
1954-06-14,322.650000
1954-06-15,325.210000
1954-06-16,327.280000
1954-06-17,327.210000
1954-06-18,327.910000
1954-06-21,328.560000
1954-06-22,329.510000
1954-06-23,330.720000
1954-06-24,332.200000
1954-06-25,332.530000
1954-06-28,336.120000
1954-06-29,336.900000
1954-06-30,333.530000
1954-07-01,334.120000
1954-07-02,337.660000
1954-07-06,341.120000
1954-07-07,340.340000
1954-07-08,339.810000
1954-07-09,341.250000
1954-07-12,340.910000
1954-07-13,340.040000
1954-07-14,340.440000
1954-07-15,341.060000
1954-07-16,339.960000
1954-07-19,338.640000
1954-07-20,337.620000
1954-07-21,339.980000
1954-07-22,342.970000
1954-07-23,343.480000
1954-07-26,343.390000
1954-07-27,344.690000
1954-07-28,345.110000
1954-07-29,346.150000
1954-07-30,347.920000
1954-08-02,349.560000
1954-08-03,349.610000
1954-08-04,349.740000
1954-08-05,347.790000
1954-08-06,343.060000
1954-08-09,340.870000
1954-08-10,343.560000
1954-08-11,346.410000
1954-08-12,345.840000
1954-08-13,346.640000
1954-08-16,349.610000
1954-08-17,348.380000
1954-08-18,348.510000
1954-08-19,349.890000
1954-08-20,350.380000
1954-08-23,347.640000
1954-08-24,346.320000
1954-08-25,344.600000
1954-08-26,343.350000
1954-08-27,344.480000
1954-08-30,341.250000
1954-08-31,335.800000
1954-09-01,338.130000
1954-09-02,341.150000
1954-09-03,343.100000
1954-09-07,345.370000
1954-09-08,346.070000
1954-09-09,346.730000
1954-09-10,347.830000
1954-09-13,351.100000
1954-09-14,351.780000
1954-09-15,350.630000
1954-09-16,352.370000
1954-09-17,355.320000
1954-09-20,353.480000
1954-09-21,356.400000
1954-09-22,358.360000
1954-09-23,359.630000
1954-09-24,361.670000
1954-09-27,362.260000
1954-09-28,363.320000
1954-09-29,361.730000
1954-09-30,360.460000
1954-10-01,359.880000
1954-10-04,362.730000
1954-10-05,363.370000
1954-10-06,364.430000
1954-10-07,363.790000
1954-10-08,363.770000
1954-10-11,361.430000
1954-10-12,359.570000
1954-10-13,358.910000
1954-10-14,354.690000
1954-10-15,353.200000
1954-10-18,354.350000
1954-10-19,354.750000
1954-10-20,357.420000
1954-10-21,358.080000
1954-10-22,358.610000
1954-10-25,356.340000
1954-10-26,356.320000
1954-10-27,355.730000
1954-10-28,354.560000
1954-10-29,352.140000
1954-11-01,353.960000
1954-11-03,361.500000
1954-11-04,366.950000
1954-11-05,366.000000
1954-11-08,369.460000
1954-11-09,371.070000
1954-11-10,371.880000
1954-11-11,374.910000
1954-11-12,377.100000
1954-11-15,376.740000
1954-11-16,379.390000
1954-11-17,379.690000
1954-11-18,377.440000
1954-11-19,378.010000
1954-11-22,379.470000
1954-11-23,382.740000
1954-11-24,384.630000
1954-11-26,387.790000
1954-11-29,388.510000
1954-11-30,386.770000
1954-12-01,384.040000
1954-12-02,385.630000
1954-12-03,389.600000
1954-12-06,392.480000
1954-12-07,393.880000
1954-12-08,393.080000
1954-12-09,391.530000
1954-12-10,390.080000
1954-12-13,389.790000
1954-12-14,387.030000
1954-12-15,388.920000
1954-12-16,393.140000
1954-12-17,394.940000
1954-12-20,397.320000
1954-12-21,398.110000
1954-12-22,397.070000
1954-12-23,397.150000
1954-12-27,393.880000
1954-12-28,398.510000
1954-12-29,401.970000
1954-12-30,401.970000
1954-12-31,404.390000
1955-01-03,408.890000
1955-01-04,406.170000
1955-01-05,397.240000
1955-01-06,391.890000
1955-01-07,395.600000
1955-01-10,400.890000
1955-01-11,400.250000
1955-01-12,399.780000
1955-01-13,398.340000
1955-01-14,396.540000
1955-01-17,388.200000
1955-01-18,390.980000
1955-01-19,392.310000
1955-01-20,393.030000
1955-01-21,395.900000
1955-01-24,396.000000
1955-01-25,397.000000
1955-01-26,401.970000
1955-01-27,402.600000
1955-01-28,404.680000
1955-01-31,408.830000
1955-02-01,409.700000
1955-02-02,407.110000
1955-02-03,405.850000
1955-02-04,409.760000
1955-02-07,409.590000
1955-02-08,405.700000
1955-02-09,410.320000
1955-02-10,412.890000
1955-02-11,413.990000
1955-02-14,411.390000
1955-02-15,411.950000
1955-02-16,409.980000
1955-02-17,410.470000
1955-02-18,411.630000
1955-02-21,411.280000
1955-02-23,411.480000
1955-02-24,410.300000
1955-02-25,409.500000
1955-02-28,411.870000
1955-03-01,413.710000
1955-03-02,417.180000
1955-03-03,418.330000
1955-03-04,419.680000
1955-03-07,416.840000
1955-03-08,409.130000
1955-03-09,404.900000
1955-03-10,406.830000
1955-03-11,401.080000
1955-03-14,391.360000
1955-03-15,399.280000
1955-03-16,403.140000
1955-03-17,405.230000
1955-03-18,404.750000
1955-03-21,402.400000
1955-03-22,404.470000
1955-03-23,410.870000
1955-03-24,414.490000
1955-03-25,414.770000
1955-03-28,412.910000
1955-03-29,413.730000
1955-03-30,410.130000
1955-03-31,409.700000
1955-04-01,413.840000
1955-04-04,412.970000
1955-04-05,415.900000
1955-04-06,416.420000
1955-04-07,418.200000
1955-04-11,418.770000
1955-04-12,420.940000
1955-04-13,421.570000
1955-04-14,422.460000
1955-04-15,425.450000
1955-04-18,428.420000
1955-04-19,427.880000
1955-04-20,428.620000
1955-04-21,428.450000
1955-04-22,425.520000
1955-04-25,426.860000
1955-04-26,430.640000
1955-04-27,428.100000
1955-04-28,423.190000
1955-04-29,425.650000
1955-05-02,426.300000
1955-05-03,422.780000
1955-05-04,422.540000
1955-05-05,423.390000
1955-05-06,423.840000
1955-05-09,424.320000
1955-05-10,423.800000
1955-05-11,420.290000
1955-05-12,418.200000
1955-05-13,419.570000
1955-05-16,415.010000
1955-05-17,414.120000
1955-05-18,417.830000
1955-05-19,419.720000
1955-05-20,422.890000
1955-05-23,420.320000
1955-05-24,420.390000
1955-05-25,421.770000
1955-05-26,424.950000
1955-05-27,425.660000
1955-05-31,424.860000
1955-06-01,424.880000
1955-06-02,425.800000
1955-06-03,428.530000
1955-06-06,431.490000
1955-06-07,434.550000
1955-06-08,436.950000
1955-06-09,435.070000
1955-06-10,437.720000
1955-06-13,440.170000
1955-06-14,438.200000
1955-06-15,441.930000
1955-06-16,442.480000
1955-06-17,444.080000
1955-06-20,444.380000
1955-06-21,446.800000
1955-06-22,447.370000
1955-06-23,448.820000
1955-06-24,448.930000
1955-06-27,449.860000
1955-06-28,449.020000
1955-06-29,449.700000
1955-06-30,451.380000
1955-07-01,453.820000
1955-07-05,459.420000
1955-07-06,467.410000
1955-07-07,460.230000
1955-07-08,461.180000
1955-07-11,464.240000
1955-07-12,462.970000
1955-07-13,457.400000
1955-07-14,458.490000
1955-07-15,460.230000
1955-07-18,460.070000
1955-07-19,456.720000
1955-07-20,458.100000
1955-07-21,461.070000
1955-07-22,464.690000
1955-07-25,468.020000
1955-07-26,468.610000
1955-07-27,468.450000
1955-07-28,466.460000
1955-07-29,465.850000
1955-08-01,460.250000
1955-08-02,460.820000
1955-08-03,460.980000
1955-08-04,454.180000
1955-08-05,456.400000
1955-08-08,454.050000
1955-08-09,448.840000
1955-08-10,450.290000
1955-08-11,455.180000
1955-08-12,457.010000
1955-08-15,456.090000
1955-08-16,453.260000
1955-08-17,452.850000
1955-08-18,452.530000
1955-08-19,453.570000
1955-08-22,452.550000
1955-08-23,457.350000
1955-08-24,459.390000
1955-08-25,461.270000
1955-08-26,463.700000
1955-08-29,464.370000
1955-08-30,464.670000
1955-08-31,468.180000
1955-09-01,469.230000
1955-09-02,472.530000
1955-09-06,476.240000
1955-09-07,475.200000
1955-09-08,475.060000
1955-09-09,474.590000
1955-09-12,476.510000
1955-09-13,480.930000
1955-09-14,482.900000
1955-09-15,481.560000
1955-09-16,483.670000
1955-09-19,483.800000
1955-09-20,483.670000
1955-09-21,485.980000
1955-09-22,485.960000
1955-09-23,487.450000
1955-09-26,455.560000
1955-09-27,465.930000
1955-09-28,472.610000
1955-09-29,468.680000
1955-09-30,466.620000
1955-10-03,455.700000
1955-10-04,458.850000
1955-10-05,461.140000
1955-10-06,458.190000
1955-10-07,454.410000
1955-10-10,441.140000
1955-10-11,438.590000
1955-10-12,445.580000
1955-10-13,444.910000
1955-10-14,444.680000
1955-10-17,446.130000
1955-10-18,448.580000
1955-10-19,453.090000
1955-10-20,457.660000
1955-10-21,458.470000
1955-10-24,460.820000
1955-10-25,458.400000
1955-10-26,455.720000
1955-10-27,453.770000
1955-10-28,454.850000
1955-10-31,454.870000
1955-11-01,454.890000
1955-11-02,454.920000
1955-11-03,461.970000
1955-11-04,467.350000
1955-11-07,470.580000
1955-11-09,473.900000
1955-11-10,472.520000
1955-11-11,476.540000
1955-11-14,484.880000
1955-11-15,487.070000
1955-11-16,487.380000
1955-11-17,485.260000
1955-11-18,482.910000
1955-11-21,477.300000
1955-11-22,481.910000
1955-11-23,482.620000
1955-11-25,482.880000
1955-11-28,480.960000
1955-11-29,482.600000
1955-11-30,483.260000
1955-12-01,481.390000
1955-12-02,482.720000
1955-12-05,487.160000
1955-12-06,486.730000
1955-12-07,486.350000
1955-12-08,487.800000
1955-12-09,487.640000
1955-12-12,483.720000
1955-12-13,484.290000
1955-12-14,480.840000
1955-12-15,480.720000
1955-12-16,482.080000
1955-12-19,481.800000
1955-12-20,481.840000
1955-12-21,485.490000
1955-12-22,486.080000
1955-12-23,486.590000
1955-12-27,485.810000
1955-12-28,484.220000
1955-12-29,484.560000
1955-12-30,488.400000
1956-01-03,485.780000
1956-01-04,484.110000
1956-01-05,484.020000
1956-01-06,485.680000
1956-01-09,479.740000
1956-01-10,476.120000
1956-01-11,478.420000
1956-01-12,481.800000
1956-01-13,481.800000
1956-01-16,476.240000
1956-01-17,477.730000
1956-01-18,472.890000
1956-01-19,468.490000
1956-01-20,464.400000
1956-01-23,462.350000
1956-01-24,467.880000
1956-01-25,470.710000
1956-01-26,466.820000
1956-01-27,466.560000
1956-01-30,467.560000
1956-01-31,470.740000
1956-02-01,473.280000
1956-02-02,473.430000
1956-02-03,477.440000
1956-02-06,478.570000
1956-02-07,476.560000
1956-02-08,471.230000
1956-02-09,467.220000
1956-02-10,467.660000
1956-02-13,467.170000
1956-02-14,465.720000
1956-02-15,470.640000
1956-02-16,469.610000
1956-02-17,477.050000
1956-02-20,476.460000
1956-02-21,476.930000
1956-02-23,481.500000
1956-02-24,485.660000
1956-02-27,485.000000
1956-02-28,485.710000
1956-02-29,483.650000
1956-03-01,486.690000
1956-03-02,488.840000
1956-03-05,491.680000
1956-03-06,491.410000
1956-03-07,491.260000
1956-03-08,492.360000
1956-03-09,497.840000
1956-03-12,500.240000
1956-03-13,499.330000
1956-03-14,503.880000
1956-03-15,507.500000
1956-03-16,507.600000
1956-03-19,509.760000
1956-03-20,512.620000
1956-03-21,507.920000
1956-03-22,510.940000
1956-03-23,513.030000
1956-03-26,512.420000
1956-03-27,508.680000
1956-03-28,510.250000
1956-03-29,511.790000
1956-04-02,515.100000
1956-04-03,515.910000
1956-04-04,518.650000
1956-04-05,516.570000
1956-04-06,521.050000
1956-04-09,518.520000
1956-04-10,510.040000
1956-04-11,512.700000
1956-04-12,509.150000
1956-04-13,509.990000
1956-04-16,509.150000
1956-04-17,507.950000
1956-04-18,506.550000
1956-04-19,504.330000
1956-04-20,507.200000
1956-04-23,507.280000
1956-04-24,503.360000
1956-04-25,503.020000
1956-04-26,507.120000
1956-04-27,512.030000
1956-04-30,516.120000
1956-05-01,513.960000
1956-05-02,512.780000
1956-05-03,514.030000
1956-05-04,516.440000
1956-05-07,512.890000
1956-05-08,509.130000
1956-05-09,508.160000
1956-05-10,501.560000
1956-05-11,501.250000
1956-05-14,497.280000
1956-05-15,494.830000
1956-05-16,492.690000
1956-05-17,496.630000
1956-05-18,496.390000
1956-05-21,491.620000
1956-05-22,484.130000
1956-05-23,480.160000
1956-05-24,473.510000
1956-05-25,472.490000
1956-05-28,468.810000
1956-05-29,477.680000
1956-05-31,478.050000
1956-06-01,480.630000
1956-06-04,483.220000
1956-06-05,483.190000
1956-06-06,480.540000
1956-06-07,482.990000
1956-06-08,475.290000
1956-06-11,479.410000
1956-06-12,485.490000
1956-06-13,487.080000
1956-06-14,485.520000
1956-06-15,485.910000
1956-06-18,483.910000
1956-06-19,484.520000
1956-06-20,485.000000
1956-06-21,488.260000
1956-06-22,487.950000
1956-06-25,486.430000
1956-06-26,489.370000
1956-06-27,492.040000
1956-06-28,492.500000
1956-06-29,492.780000
1956-07-02,491.920000
1956-07-03,495.740000
1956-07-05,500.540000
1956-07-06,504.140000
1956-07-09,506.520000
1956-07-10,508.340000
1956-07-11,509.650000
1956-07-12,507.440000
1956-07-13,511.100000
1956-07-16,512.980000
1956-07-17,514.430000
1956-07-18,513.390000
1956-07-19,513.860000
1956-07-20,514.570000
1956-07-23,513.610000
1956-07-24,513.170000
1956-07-25,514.130000
1956-07-26,515.850000
1956-07-27,512.300000
1956-07-30,513.420000
1956-07-31,517.810000
1956-08-01,518.690000
1956-08-02,520.950000
1956-08-03,520.270000
1956-08-06,513.880000
1956-08-07,515.880000
1956-08-08,518.740000
1956-08-09,519.040000
1956-08-10,517.380000
1956-08-13,514.400000
1956-08-14,517.270000
1956-08-15,517.700000
1956-08-16,517.190000
1956-08-17,515.790000
1956-08-20,511.240000
1956-08-21,505.430000
1956-08-22,502.340000
1956-08-23,507.060000
1956-08-24,507.910000
1956-08-27,505.700000
1956-08-28,503.050000
1956-08-29,500.900000
1956-08-30,495.960000
1956-08-31,502.040000
1956-09-04,507.660000
1956-09-05,509.820000
1956-09-06,509.490000
1956-09-07,506.760000
1956-09-10,505.560000
1956-09-11,502.160000
1956-09-12,499.970000
1956-09-13,499.690000
1956-09-14,500.320000
1956-09-17,498.760000
1956-09-18,493.450000
1956-09-19,488.720000
1956-09-20,487.130000
1956-09-21,490.330000
1956-09-24,487.700000
1956-09-25,481.080000
1956-09-26,481.600000
1956-09-27,479.760000
1956-09-28,475.250000
1956-10-01,468.700000
1956-10-02,475.410000
1956-10-03,482.040000
1956-10-04,481.240000
1956-10-05,482.390000
1956-10-08,483.380000
1956-10-09,481.320000
1956-10-10,487.320000
1956-10-11,488.060000
1956-10-12,490.190000
1956-10-15,489.400000
1956-10-16,487.570000
1956-10-17,484.660000
1956-10-18,486.310000
1956-10-19,486.120000
1956-10-22,485.270000
1956-10-23,485.050000
1956-10-24,482.670000
1956-10-25,481.080000
1956-10-26,486.060000
1956-10-29,486.940000
1956-10-30,486.470000
1956-10-31,479.850000
1956-11-01,487.620000
1956-11-02,490.470000
1956-11-05,495.370000
1956-11-07,491.150000
1956-11-08,488.720000
1956-11-09,485.350000
1956-11-12,487.050000
1956-11-13,486.690000
1956-11-14,482.360000
1956-11-15,480.200000
1956-11-16,480.670000
1956-11-19,474.560000
1956-11-20,470.070000
1956-11-21,467.910000
1956-11-23,472.560000
1956-11-26,470.290000
1956-11-27,470.180000
1956-11-28,466.100000
1956-11-29,466.620000
1956-11-30,472.780000
1956-12-03,480.610000
1956-12-04,481.380000
1956-12-05,488.550000
1956-12-06,492.740000
1956-12-07,494.790000
1956-12-10,493.180000
1956-12-11,490.360000
1956-12-12,487.510000
1956-12-13,490.470000
1956-12-14,492.080000
1956-12-17,493.750000
1956-12-18,495.090000
1956-12-19,493.810000
1956-12-20,490.440000
1956-12-21,494.380000
1956-12-26,496.740000
1956-12-27,496.380000
1956-12-28,496.410000
1956-12-31,499.470000
1957-01-02,496.030000
1957-01-03,499.200000
1957-01-04,498.220000
1957-01-07,495.200000
1957-01-08,493.860000
1957-01-09,493.210000
1957-01-10,495.510000
1957-01-11,493.810000
1957-01-14,489.290000
1957-01-15,484.750000
1957-01-16,485.050000
1957-01-17,484.010000
1957-01-18,477.460000
1957-01-21,475.900000
1957-01-22,477.490000
1957-01-23,479.930000
1957-01-24,481.300000
1957-01-25,478.340000
1957-01-28,474.590000
1957-01-29,476.920000
1957-01-30,480.530000
1957-01-31,479.160000
1957-02-01,477.220000
1957-02-04,477.190000
1957-02-05,469.960000
1957-02-06,470.810000
1957-02-07,468.710000
1957-02-08,466.290000
1957-02-11,457.440000
1957-02-12,454.820000
1957-02-13,462.140000
1957-02-14,461.560000
1957-02-15,468.070000
1957-02-18,467.400000
1957-02-19,466.840000
1957-02-20,469.000000
1957-02-21,466.930000
1957-02-25,466.900000
1957-02-26,467.720000
1957-02-27,466.260000
1957-02-28,464.620000
1957-03-01,468.910000
1957-03-04,471.480000
1957-03-05,472.880000
1957-03-06,474.870000
1957-03-07,474.170000
1957-03-08,471.630000
1957-03-11,469.500000
1957-03-12,470.310000
1957-03-13,472.530000
1957-03-14,473.930000
1957-03-15,474.280000
1957-03-18,472.300000
1957-03-19,473.930000
1957-03-20,473.930000
1957-03-21,474.020000
1957-03-22,472.940000
1957-03-25,471.510000
1957-03-26,472.240000
1957-03-27,473.120000
1957-03-28,475.010000
1957-03-29,474.810000
1957-04-01,474.980000
1957-04-02,477.550000
1957-04-03,478.310000
1957-04-04,477.430000
1957-04-05,477.610000
1957-04-08,479.040000
1957-04-09,482.660000
1957-04-10,485.170000
1957-04-11,484.700000
1957-04-12,486.720000
1957-04-15,485.840000
1957-04-16,484.320000
1957-04-17,485.020000
1957-04-18,488.030000
1957-04-22,488.790000
1957-04-23,491.880000
1957-04-24,493.660000
1957-04-25,492.290000
1957-04-26,491.500000
1957-04-29,493.950000
1957-04-30,494.360000
1957-05-01,495.760000
1957-05-02,498.560000
1957-05-03,497.540000
1957-05-06,496.320000
1957-05-07,494.680000
1957-05-08,496.730000
1957-05-09,496.760000
1957-05-10,498.300000
1957-05-13,502.210000
1957-05-14,500.460000
1957-05-15,501.980000
1957-05-16,504.840000
1957-05-17,505.600000
1957-05-20,505.980000
1957-05-21,506.040000
1957-05-22,504.430000
1957-05-23,504.020000
1957-05-24,504.020000
1957-05-27,499.210000
1957-05-28,497.720000
1957-05-29,502.180000
1957-05-31,504.930000
1957-06-03,503.760000
1957-06-04,502.970000
1957-06-05,502.070000
1957-06-06,504.550000
1957-06-07,505.630000
1957-06-10,503.760000
1957-06-11,509.480000
1957-06-12,509.660000
1957-06-13,511.580000
1957-06-14,511.790000
1957-06-17,513.190000
1957-06-18,511.320000
1957-06-19,505.920000
1957-06-20,503.560000
1957-06-21,500.000000
1957-06-24,497.080000
1957-06-25,501.980000
1957-06-26,500.780000
1957-06-27,503.030000
1957-06-28,503.290000
1957-07-01,503.290000
1957-07-02,507.550000
1957-07-03,513.250000
1957-07-05,516.890000
1957-07-08,518.410000
1957-07-09,516.370000
1957-07-10,519.810000
1957-07-11,517.970000
1957-07-12,520.770000
1957-07-15,520.160000
1957-07-16,517.420000
1957-07-17,515.110000
1957-07-18,515.640000
1957-07-19,515.730000
1957-07-22,515.320000
1957-07-23,515.610000
1957-07-24,515.780000
1957-07-25,516.690000
1957-07-26,514.590000
1957-07-29,508.250000
1957-07-30,508.930000
1957-07-31,508.520000
1957-08-01,506.210000
1957-08-02,505.100000
1957-08-05,500.780000
1957-08-06,494.130000
1957-08-07,498.480000
1957-08-08,496.870000
1957-08-09,496.780000
1957-08-12,492.320000
1957-08-13,492.140000
1957-08-14,485.930000
1957-08-15,487.300000
1957-08-16,488.200000
1957-08-19,478.950000
1957-08-20,483.860000
1957-08-21,485.140000
1957-08-22,481.460000
1957-08-23,475.740000
1957-08-26,470.140000
1957-08-27,477.550000
1957-08-28,477.790000
1957-08-29,476.060000
1957-08-30,484.350000
1957-09-03,486.130000
1957-09-04,482.600000
1957-09-05,479.510000
1957-09-06,478.630000
1957-09-09,474.280000
1957-09-10,470.230000
1957-09-11,474.400000
1957-09-12,480.560000
1957-09-13,481.020000
1957-09-16,478.080000
1957-09-17,478.280000
1957-09-18,478.600000
1957-09-19,476.120000
1957-09-20,468.420000
1957-09-23,458.960000
1957-09-24,462.870000
1957-09-25,456.950000
1957-09-26,457.010000
1957-09-27,456.890000
1957-09-30,456.300000
1957-10-01,460.800000
1957-10-02,465.030000
1957-10-03,465.820000
1957-10-04,461.700000
1957-10-07,452.420000
1957-10-08,450.560000
1957-10-09,451.400000
1957-10-10,441.710000
1957-10-11,441.160000
1957-10-14,443.780000
1957-10-15,447.900000
1957-10-16,443.930000
1957-10-17,436.870000
1957-10-18,433.830000
1957-10-21,423.060000
1957-10-22,419.790000
1957-10-23,437.130000
1957-10-24,436.400000
1957-10-25,435.150000
1957-10-28,432.140000
1957-10-29,435.760000
1957-10-30,440.280000
1957-10-31,441.040000
1957-11-01,434.710000
1957-11-04,434.040000
1957-11-06,435.820000
1957-11-07,438.910000
1957-11-08,434.120000
1957-11-11,434.940000
1957-11-12,429.750000
1957-11-13,430.070000
1957-11-14,427.940000
1957-11-15,439.350000
1957-11-18,434.960000
1957-11-19,431.730000
1957-11-20,433.370000
1957-11-21,439.800000
1957-11-22,442.680000
1957-11-25,444.380000
1957-11-26,435.340000
1957-11-27,446.030000
1957-11-29,449.870000
1957-12-02,446.910000
1957-12-03,446.550000
1957-12-04,448.870000
1957-12-05,449.550000
1957-12-06,447.200000
1957-12-09,443.760000
1957-12-10,439.240000
1957-12-11,439.360000
1957-12-12,438.480000
1957-12-13,440.480000
1957-12-16,433.400000
1957-12-17,425.650000
1957-12-18,426.180000
1957-12-19,431.260000
1957-12-20,427.200000
1957-12-23,428.080000
1957-12-24,429.110000
1957-12-26,434.160000
1957-12-27,432.900000
1957-12-30,431.780000
1957-12-31,435.690000
1958-01-02,439.270000
1958-01-03,444.560000
1958-01-06,442.560000
1958-01-07,447.790000
1958-01-08,446.610000
1958-01-09,443.240000
1958-01-10,438.680000
1958-01-13,439.710000
1958-01-14,441.800000
1958-01-15,445.200000
1958-01-16,445.230000
1958-01-17,444.120000
1958-01-20,447.290000
1958-01-21,446.640000
1958-01-22,445.700000
1958-01-23,447.930000
1958-01-24,450.660000
1958-01-27,448.460000
1958-01-28,448.670000
1958-01-29,451.160000
1958-01-30,449.720000
1958-01-31,450.020000
1958-02-03,453.980000
1958-02-04,458.650000
1958-02-05,454.890000
1958-02-06,453.130000
1958-02-07,448.760000
1958-02-10,445.940000
1958-02-11,442.350000
1958-02-12,441.210000
1958-02-13,440.240000
1958-02-14,444.440000
1958-02-17,442.270000
1958-02-18,442.710000
1958-02-19,443.060000
1958-02-20,439.740000
1958-02-21,439.620000
1958-02-24,437.190000
1958-02-25,436.890000
1958-02-26,440.420000
1958-02-27,437.800000
1958-02-28,439.920000
1958-03-03,443.380000
1958-03-04,445.060000
1958-03-05,446.580000
1958-03-06,450.960000
1958-03-07,451.490000
1958-03-10,451.900000
1958-03-11,455.920000
1958-03-12,454.600000
1958-03-13,454.100000
1958-03-14,453.040000
1958-03-17,448.230000
1958-03-18,447.380000
1958-03-19,449.960000
1958-03-20,449.460000
1958-03-21,452.490000
1958-03-24,453.750000
1958-03-25,450.960000
1958-03-26,449.700000
1958-03-27,448.640000
1958-03-28,448.610000
1958-03-31,446.760000
1958-04-01,445.470000
1958-04-02,441.210000
1958-04-03,440.500000
1958-04-07,440.090000
1958-04-08,442.590000
1958-04-09,441.880000
1958-04-10,441.060000
1958-04-11,441.240000
1958-04-14,443.760000
1958-04-15,447.580000
1958-04-16,444.350000
1958-04-17,445.090000
1958-04-18,449.310000
1958-04-21,450.720000
1958-04-22,449.550000
1958-04-23,450.110000
1958-04-24,453.420000
1958-04-25,454.920000
1958-04-28,454.510000
1958-04-29,451.780000
1958-04-30,455.860000
1958-05-01,457.010000
1958-05-02,459.560000
1958-05-05,461.120000
1958-05-06,463.670000
1958-05-07,462.880000
1958-05-08,462.500000
1958-05-09,462.560000
1958-05-12,460.740000
1958-05-13,459.860000
1958-05-14,455.450000
1958-05-15,457.860000
1958-05-16,457.100000
1958-05-19,455.980000
1958-05-20,459.830000
1958-05-21,458.500000
1958-05-22,460.240000
1958-05-23,461.030000
1958-05-26,461.060000
1958-05-27,460.680000
1958-05-28,460.440000
1958-05-29,462.700000
1958-06-02,466.110000
1958-06-03,468.140000
1958-06-04,468.580000
1958-06-05,468.550000
1958-06-06,469.600000
1958-06-09,469.460000
1958-06-10,468.190000
1958-06-11,467.930000
1958-06-12,471.420000
1958-06-13,474.770000
1958-06-16,476.560000
1958-06-17,478.970000
1958-06-18,476.650000
1958-06-19,471.570000
1958-06-20,473.600000
1958-06-23,471.660000
1958-06-24,470.430000
1958-06-25,471.540000
1958-06-26,474.010000
1958-06-27,475.420000
1958-06-30,478.180000
1958-07-01,478.820000
1958-07-02,480.150000
1958-07-03,480.170000
1958-07-07,481.850000
1958-07-08,480.000000
1958-07-09,477.590000
1958-07-10,478.970000
1958-07-11,482.850000
1958-07-14,476.890000
1958-07-15,478.820000
1958-07-16,481.000000
1958-07-17,485.700000
1958-07-18,486.550000
1958-07-21,493.360000
1958-07-22,494.890000
1958-07-23,494.060000
1958-07-24,497.120000
1958-07-25,501.760000
1958-07-28,502.810000
1958-07-29,501.380000
1958-07-30,504.370000
1958-07-31,502.990000
1958-08-01,505.430000
1958-08-04,510.330000
1958-08-05,506.950000
1958-08-06,503.110000
1958-08-07,506.100000
1958-08-08,510.130000
1958-08-11,512.420000
1958-08-12,508.190000
1958-08-13,509.220000
1958-08-14,510.300000
1958-08-15,506.130000
1958-08-18,502.670000
1958-08-19,503.640000
1958-08-20,503.960000
1958-08-21,507.100000
1958-08-22,508.280000
1958-08-25,508.280000
1958-08-26,509.630000
1958-08-27,510.390000
1958-08-28,507.730000
1958-08-29,508.630000
1958-09-02,511.770000
1958-09-03,513.710000
1958-09-04,513.440000
1958-09-05,512.770000
1958-09-08,515.230000
1958-09-09,518.640000
1958-09-10,516.200000
1958-09-11,520.430000
1958-09-12,519.430000
1958-09-15,523.400000
1958-09-16,526.570000
1958-09-17,525.890000
1958-09-18,522.340000
1958-09-19,526.480000
1958-09-22,524.010000
1958-09-23,525.890000
1958-09-24,528.150000
1958-09-25,525.830000
1958-09-26,526.830000
1958-09-29,529.040000
1958-09-30,532.090000
1958-10-01,530.940000
1958-10-02,532.090000
1958-10-03,533.730000
1958-10-06,536.290000
1958-10-07,539.400000
1958-10-08,539.310000
1958-10-09,539.610000
1958-10-10,543.360000
1958-10-13,545.950000
1958-10-14,541.720000
1958-10-15,536.140000
1958-10-16,540.110000
1958-10-17,546.360000
1958-10-20,544.190000
1958-10-21,543.720000
1958-10-22,542.310000
1958-10-23,540.720000
1958-10-24,539.520000
1958-10-27,535.000000
1958-10-28,536.880000
1958-10-29,542.720000
1958-10-30,543.310000
1958-10-31,543.220000
1958-11-03,545.160000
1958-11-05,550.680000
1958-11-06,554.850000
1958-11-07,554.260000
1958-11-10,557.720000
1958-11-11,561.130000
1958-11-12,562.390000
1958-11-13,560.750000
1958-11-14,564.680000
1958-11-17,567.440000
1958-11-18,564.890000
1958-11-19,565.970000
1958-11-20,566.240000
1958-11-21,559.570000
1958-11-24,544.890000
1958-11-25,540.520000
1958-11-26,549.150000
1958-11-28,557.460000
1958-12-01,560.070000
1958-12-02,558.570000
1958-12-03,558.810000
1958-12-04,559.100000
1958-12-05,556.750000
1958-12-08,556.080000
1958-12-09,558.130000
1958-12-10,564.980000
1958-12-11,563.070000
1958-12-12,562.270000
1958-12-15,563.980000
1958-12-16,565.180000
1958-12-17,569.380000
1958-12-18,572.380000
1958-12-19,573.170000
1958-12-22,571.230000
1958-12-23,566.390000
1958-12-24,572.730000
1958-12-29,577.310000
1958-12-30,581.800000
1958-12-31,583.650000
1959-01-02,587.590000
1959-01-05,590.170000
1959-01-06,591.370000
1959-01-07,583.150000
1959-01-08,588.140000
1959-01-09,592.720000
1959-01-12,592.640000
1959-01-13,590.700000
1959-01-14,591.640000
1959-01-15,594.810000
1959-01-16,595.750000
1959-01-19,594.400000
1959-01-20,595.690000
1959-01-21,597.660000
1959-01-22,595.690000
1959-01-23,596.070000
1959-01-26,592.370000
1959-01-27,594.660000
1959-01-28,588.530000
1959-01-29,590.400000
1959-01-30,593.960000
1959-02-02,592.230000
1959-02-03,592.340000
1959-02-04,589.380000
1959-02-05,586.120000
1959-02-06,582.330000
1959-02-09,574.460000
1959-02-10,582.650000
1959-02-11,584.030000
1959-02-12,581.890000
1959-02-13,587.970000
1959-02-16,587.910000
1959-02-17,586.710000
1959-02-18,588.820000
1959-02-19,595.040000
1959-02-20,602.210000
1959-02-24,602.910000
1959-02-25,601.180000
1959-02-26,602.000000
1959-02-27,603.500000
1959-03-02,605.030000
1959-03-03,610.780000
1959-03-04,611.840000
1959-03-05,611.870000
1959-03-06,609.520000
1959-03-09,609.960000
1959-03-10,611.140000
1959-03-11,611.490000
1959-03-12,613.750000
1959-03-13,614.690000
1959-03-16,607.880000
1959-03-17,612.690000
1959-03-18,610.870000
1959-03-19,610.020000
1959-03-20,610.370000
1959-03-23,605.560000
1959-03-24,606.730000
1959-03-25,606.470000
1959-03-26,606.580000
1959-03-30,602.650000
1959-03-31,601.710000
1959-04-01,602.940000
1959-04-02,607.520000
1959-04-03,611.930000
1959-04-06,611.160000
1959-04-07,610.340000
1959-04-08,606.440000
1959-04-09,605.500000
1959-04-10,605.970000
1959-04-13,607.760000
1959-04-14,609.530000
1959-04-15,612.500000
1959-04-16,617.580000
1959-04-17,624.060000
1959-04-20,627.080000
1959-04-21,629.230000
1959-04-22,625.150000
1959-04-23,623.270000
1959-04-24,627.390000
1959-04-27,629.870000
1959-04-28,628.870000
1959-04-29,625.870000
1959-04-30,623.750000
1959-05-01,625.060000
1959-05-04,625.060000
1959-05-05,625.900000
1959-05-06,624.390000
1959-05-07,615.640000
1959-05-08,621.360000
1959-05-11,625.030000
1959-05-12,627.660000
1959-05-13,633.050000
1959-05-14,637.040000
1959-05-15,634.530000
1959-05-18,633.530000
1959-05-19,635.440000
1959-05-20,631.870000
1959-05-21,631.650000
1959-05-22,634.740000
1959-05-25,632.350000
1959-05-26,632.380000
1959-05-27,636.680000
1959-05-28,639.580000
1959-05-29,643.790000
1959-06-01,643.510000
1959-06-02,637.450000
1959-06-03,637.390000
1959-06-04,630.540000
1959-06-05,629.980000
1959-06-08,621.620000
1959-06-09,617.620000
1959-06-10,627.170000
1959-06-11,627.490000
1959-06-12,627.420000
1959-06-15,624.590000
1959-06-16,621.400000
1959-06-17,628.050000
1959-06-18,629.410000
1959-06-19,629.760000
1959-06-22,631.710000
1959-06-23,630.730000
1959-06-24,634.270000
1959-06-25,637.230000
1959-06-26,639.250000
1959-06-29,643.060000
1959-06-30,643.600000
1959-07-01,650.880000
1959-07-02,654.760000
1959-07-06,660.090000
1959-07-07,663.210000
1959-07-08,663.810000
1959-07-09,663.090000
1959-07-10,663.560000
1959-07-13,657.350000
1959-07-14,657.700000
1959-07-15,660.570000
1959-07-16,658.290000
1959-07-17,657.130000
1959-07-20,654.540000
1959-07-21,661.480000
1959-07-22,664.380000
1959-07-23,664.630000
1959-07-24,663.720000
1959-07-27,669.080000
1959-07-28,672.040000
1959-07-29,673.180000
1959-07-30,673.370000
1959-07-31,674.880000
1959-08-03,678.100000
1959-08-04,676.300000
1959-08-05,672.330000
1959-08-06,671.980000
1959-08-07,668.570000
1959-08-10,653.790000
1959-08-11,658.070000
1959-08-12,655.140000
1959-08-13,655.430000
1959-08-14,658.740000
1959-08-17,658.420000
1959-08-18,650.790000
1959-08-19,646.530000
1959-08-20,655.020000
1959-08-21,655.390000
1959-08-24,653.220000
1959-08-25,655.960000
1959-08-26,657.570000
1959-08-27,663.340000
1959-08-28,663.060000
1959-08-31,664.410000
1959-09-01,655.900000
1959-09-02,655.800000
1959-09-03,645.900000
1959-09-04,652.180000
1959-09-08,642.690000
1959-09-09,637.670000
1959-09-10,633.380000
1959-09-11,637.360000
1959-09-14,633.790000
1959-09-15,630.800000
1959-09-16,632.410000
1959-09-17,629.000000
1959-09-18,625.780000
1959-09-21,618.150000
1959-09-22,616.450000
1959-09-23,624.020000
1959-09-24,632.850000
1959-09-25,632.590000
1959-09-28,636.470000
1959-09-29,640.100000
1959-09-30,631.680000
1959-10-01,633.600000
1959-10-02,636.570000
1959-10-05,637.010000
1959-10-06,636.060000
1959-10-07,635.370000
1959-10-08,633.040000
1959-10-09,636.980000
1959-10-12,638.550000
1959-10-13,637.830000
1959-10-14,634.270000
1959-10-15,637.480000
1959-10-16,643.220000
1959-10-19,639.660000
1959-10-20,635.370000
1959-10-21,632.690000
1959-10-22,625.590000
1959-10-23,633.070000
1959-10-26,637.610000
1959-10-27,642.180000
1959-10-28,643.600000
1959-10-29,645.110000
1959-10-30,646.600000
1959-11-02,645.460000
1959-11-04,645.740000
1959-11-05,647.570000
1959-11-06,650.920000
1959-11-09,650.920000
1959-11-10,648.140000
1959-11-11,647.320000
1959-11-12,644.260000
1959-11-13,641.710000
1959-11-16,634.460000
1959-11-17,635.620000
1959-11-18,641.990000
1959-11-19,643.320000
1959-11-20,645.460000
1959-11-23,646.750000
1959-11-24,649.690000
1959-11-25,651.100000
1959-11-27,652.520000
1959-11-30,659.180000
1959-12-01,664.380000
1959-12-02,661.290000
1959-12-03,662.960000
1959-12-04,664.000000
1959-12-07,665.670000
1959-12-08,675.390000
1959-12-09,671.260000
1959-12-10,672.740000
1959-12-11,670.500000
1959-12-14,675.070000
1959-12-15,673.780000
1959-12-16,675.200000
1959-12-17,673.900000
1959-12-18,676.650000
1959-12-21,675.920000
1959-12-22,671.820000
1959-12-23,670.180000
1959-12-24,670.690000
1959-12-28,669.770000
1959-12-29,672.230000
1959-12-30,676.970000
1959-12-31,679.360000
1960-01-04,679.060000
1960-01-05,685.470000
1960-01-06,682.620000
1960-01-07,677.660000
1960-01-08,675.730000
1960-01-11,667.160000
1960-01-12,660.430000
1960-01-13,656.440000
1960-01-14,660.530000
1960-01-15,659.680000
1960-01-18,653.860000
1960-01-19,645.070000
1960-01-20,643.690000
1960-01-21,645.430000
1960-01-22,645.850000
1960-01-25,639.070000
1960-01-26,639.840000
1960-01-27,637.670000
1960-01-28,629.840000
1960-01-29,622.620000
1960-02-01,626.200000
1960-02-02,636.920000
1960-02-03,630.970000
1960-02-04,631.140000
1960-02-05,626.770000
1960-02-08,619.430000
1960-02-09,628.450000
1960-02-10,623.360000
1960-02-11,618.570000
1960-02-12,622.230000
1960-02-15,617.580000
1960-02-16,611.330000
1960-02-17,613.550000
1960-02-18,622.190000
1960-02-19,628.450000
1960-02-23,626.190000
1960-02-24,623.730000
1960-02-25,628.510000
1960-02-26,632.000000
1960-02-29,630.120000
1960-03-01,626.870000
1960-03-02,621.370000
1960-03-03,612.040000
1960-03-04,609.790000
1960-03-07,604.020000
1960-03-08,599.100000
1960-03-09,607.160000
1960-03-10,602.310000
1960-03-11,605.830000
1960-03-14,606.790000
1960-03-15,612.180000
1960-03-16,616.730000
1960-03-17,615.090000
1960-03-18,616.420000
1960-03-21,617.000000
1960-03-22,618.090000
1960-03-23,622.060000
1960-03-24,624.000000
1960-03-25,622.470000
1960-03-28,621.780000
1960-03-29,620.350000
1960-03-30,619.940000
1960-03-31,616.590000
1960-04-01,615.980000
1960-04-04,618.540000
1960-04-05,622.190000
1960-04-06,628.310000
1960-04-07,629.030000
1960-04-08,628.100000
1960-04-11,624.890000
1960-04-12,626.500000
1960-04-13,626.500000
1960-04-14,630.120000
1960-04-18,630.770000
1960-04-19,626.400000
1960-04-20,618.710000
1960-04-21,619.150000
1960-04-22,616.320000
1960-04-25,611.130000
1960-04-26,610.920000
1960-04-27,609.960000
1960-04-28,604.330000
1960-04-29,601.700000
1960-05-02,599.610000
1960-05-03,607.730000
1960-05-04,610.990000
1960-05-05,608.320000
1960-05-06,607.620000
1960-05-09,607.480000
1960-05-10,604.820000
1960-05-11,606.540000
1960-05-12,607.870000
1960-05-13,616.030000
1960-05-16,617.390000
1960-05-17,621.630000
1960-05-18,623.000000
1960-05-19,624.680000
1960-05-20,625.240000
1960-05-23,623.660000
1960-05-24,621.390000
1960-05-25,621.280000
1960-05-26,622.790000
1960-05-27,624.780000
1960-05-31,625.500000
1960-06-01,624.890000
1960-06-02,627.870000
1960-06-03,628.980000
1960-06-06,636.920000
1960-06-07,645.580000
1960-06-08,650.350000
1960-06-09,656.420000
1960-06-10,654.880000
1960-06-13,655.850000
1960-06-14,654.880000
1960-06-15,649.420000
1960-06-16,648.270000
1960-06-17,650.890000
1960-06-20,647.520000
1960-06-21,644.930000
1960-06-22,645.360000
1960-06-23,647.410000
1960-06-24,647.010000
1960-06-27,642.490000
1960-06-28,637.460000
1960-06-29,638.390000
1960-06-30,640.620000
1960-07-01,641.300000
1960-07-05,640.910000
1960-07-06,640.370000
1960-07-07,644.890000
1960-07-08,646.910000
1960-07-11,640.440000
1960-07-12,634.120000
1960-07-13,632.110000
1960-07-14,631.320000
1960-07-15,630.240000
1960-07-18,626.000000
1960-07-19,624.780000
1960-07-20,624.130000
1960-07-21,616.630000
1960-07-22,609.870000
1960-07-25,601.680000
1960-07-26,606.750000
1960-07-27,601.760000
1960-07-28,605.670000
1960-07-29,616.730000
1960-08-01,617.850000
1960-08-02,613.680000
1960-08-03,608.690000
1960-08-04,609.230000
1960-08-05,614.290000
1960-08-08,614.790000
1960-08-09,615.690000
1960-08-10,617.520000
1960-08-11,622.880000
1960-08-12,626.180000
1960-08-15,624.170000
1960-08-16,625.430000
1960-08-17,626.540000
1960-08-18,625.820000
1960-08-19,629.270000
1960-08-22,630.710000
1960-08-23,638.290000
1960-08-24,641.560000
1960-08-25,637.160000
1960-08-26,636.130000
1960-08-29,634.460000
1960-08-30,626.400000
1960-08-31,625.990000
1960-09-01,626.100000
1960-09-02,625.220000
1960-09-06,620.850000
1960-09-07,612.270000
1960-09-08,611.420000
1960-09-09,614.120000
1960-09-12,609.350000
1960-09-13,611.790000
1960-09-14,605.690000
1960-09-15,602.690000
1960-09-16,602.180000
1960-09-19,586.760000
1960-09-20,588.200000
1960-09-21,594.260000
1960-09-22,592.150000
1960-09-23,585.200000
1960-09-26,577.140000
1960-09-27,574.810000
1960-09-28,569.080000
1960-09-29,570.590000
1960-09-30,580.140000
1960-10-03,577.810000
1960-10-04,573.150000
1960-10-05,578.880000
1960-10-06,583.690000
1960-10-07,586.420000
1960-10-10,587.310000
1960-10-11,588.750000
1960-10-12,585.830000
1960-10-13,591.490000
1960-10-14,596.480000
1960-10-17,593.340000
1960-10-18,588.750000
1960-10-19,587.010000
1960-10-20,582.690000
1960-10-21,577.550000
1960-10-24,571.930000
1960-10-25,566.050000
1960-10-26,575.180000
1960-10-27,580.950000
1960-10-28,577.920000
1960-10-31,580.360000
1960-11-01,585.240000
1960-11-02,588.230000
1960-11-03,590.820000
1960-11-04,596.070000
1960-11-07,597.630000
1960-11-09,602.250000
1960-11-10,612.010000
1960-11-11,608.610000
1960-11-14,604.800000
1960-11-15,606.870000
1960-11-16,604.770000
1960-11-17,602.180000
1960-11-18,603.620000
1960-11-21,604.540000
1960-11-22,601.100000
1960-11-23,602.470000
1960-11-25,606.470000
1960-11-28,605.430000
1960-11-29,602.400000
1960-11-30,597.220000
1960-12-01,594.560000
1960-12-02,596.000000
1960-12-05,593.490000
1960-12-06,597.110000
1960-12-07,604.620000
1960-12-08,605.170000
1960-12-09,610.900000
1960-12-12,611.940000
1960-12-13,611.720000
1960-12-14,612.680000
1960-12-15,610.760000
1960-12-16,617.780000
1960-12-19,615.560000
1960-12-20,614.820000
1960-12-21,615.420000
1960-12-22,613.310000
1960-12-23,613.230000
1960-12-27,613.380000
1960-12-28,615.750000
1960-12-29,616.190000
1960-12-30,615.890000
1961-01-03,610.250000
1961-01-04,621.490000
1961-01-05,622.670000
1961-01-06,621.640000
1961-01-09,624.420000
1961-01-10,625.720000
1961-01-11,627.210000
1961-01-12,628.500000
1961-01-13,633.650000
1961-01-16,633.190000
1961-01-17,628.960000
1961-01-18,634.100000
1961-01-19,632.390000
1961-01-20,634.370000
1961-01-23,639.820000
1961-01-24,638.790000
1961-01-25,637.720000
1961-01-26,638.870000
1961-01-27,643.490000
1961-01-30,650.640000
1961-01-31,648.200000
1961-02-01,649.390000
1961-02-02,653.620000
1961-02-03,652.970000
1961-02-06,645.650000
1961-02-07,643.940000
1961-02-08,648.850000
1961-02-09,645.120000
1961-02-10,639.670000
1961-02-13,637.040000
1961-02-14,642.910000
1961-02-15,648.890000
1961-02-16,651.860000
1961-02-17,651.670000
1961-02-20,653.650000
1961-02-21,652.400000
1961-02-23,654.420000
1961-02-24,655.600000
1961-02-27,660.440000
1961-02-28,662.080000
1961-03-01,663.030000
1961-03-02,669.390000
1961-03-03,671.570000
1961-03-06,674.460000
1961-03-07,667.140000
1961-03-08,666.150000
1961-03-09,663.330000
1961-03-10,663.560000
1961-03-13,664.440000
1961-03-14,661.080000
1961-03-15,662.880000
1961-03-16,670.380000
1961-03-17,676.480000
1961-03-20,678.840000
1961-03-21,678.730000
1961-03-22,679.380000
1961-03-23,675.450000
1961-03-24,672.480000
1961-03-27,671.030000
1961-03-28,669.580000
1961-03-29,676.410000
1961-03-30,676.630000
1961-04-03,677.590000
1961-04-04,678.730000
1961-04-05,677.320000
1961-04-06,679.340000
1961-04-07,683.680000
1961-04-10,692.060000
1961-04-11,694.110000
1961-04-12,690.160000
1961-04-13,692.020000
1961-04-14,693.720000
1961-04-17,696.720000
1961-04-18,690.600000
1961-04-19,686.210000
1961-04-20,684.240000
1961-04-21,685.260000
1961-04-24,672.660000
1961-04-25,683.090000
1961-04-26,682.180000
1961-04-27,679.540000
1961-04-28,678.710000
1961-05-01,677.050000
1961-05-02,682.340000
1961-05-03,688.900000
1961-05-04,692.250000
1961-05-05,690.670000
1961-05-08,689.060000
1961-05-09,686.920000
1961-05-10,686.610000
1961-05-11,686.490000
1961-05-12,687.910000
1961-05-15,692.370000
1961-05-16,697.740000
1961-05-17,705.520000
1961-05-18,701.140000
1961-05-19,705.960000
1961-05-22,702.440000
1961-05-23,700.590000
1961-05-24,696.520000
1961-05-25,690.160000
1961-05-26,696.280000
1961-05-31,696.720000
1961-06-01,695.370000
1961-06-02,697.700000
1961-06-05,703.430000
1961-06-06,703.790000
1961-06-07,700.860000
1961-06-08,701.690000
1961-06-09,700.900000
1961-06-12,696.760000
1961-06-13,694.150000
1961-06-14,695.810000
1961-06-15,691.270000
1961-06-16,685.500000
1961-06-19,680.680000
1961-06-20,687.870000
1961-06-21,686.090000
1961-06-22,685.620000
1961-06-23,688.660000
1961-06-26,681.160000
1961-06-27,683.880000
1961-06-28,684.590000
1961-06-29,681.950000
1961-06-30,683.960000
1961-07-03,689.810000
1961-07-05,692.770000
1961-07-06,694.270000
1961-07-07,692.730000
1961-07-10,693.160000
1961-07-11,694.470000
1961-07-12,690.790000
1961-07-13,685.900000
1961-07-14,690.950000
1961-07-17,684.590000
1961-07-18,679.300000
1961-07-19,682.740000
1961-07-20,682.970000
1961-07-21,682.810000
1961-07-24,682.140000
1961-07-25,686.370000
1961-07-26,694.190000
1961-07-27,702.800000
1961-07-28,705.130000
1961-07-31,705.370000
1961-08-01,713.940000
1961-08-02,710.460000
1961-08-03,715.710000
1961-08-04,720.690000
1961-08-07,719.580000
1961-08-08,720.220000
1961-08-09,717.570000
1961-08-10,720.490000
1961-08-11,722.610000
1961-08-14,718.930000
1961-08-15,716.180000
1961-08-16,718.200000
1961-08-17,721.840000
1961-08-18,723.540000
1961-08-21,724.750000
1961-08-22,725.760000
1961-08-23,720.460000
1961-08-24,714.030000
1961-08-25,716.700000
1961-08-28,716.010000
1961-08-29,714.150000
1961-08-30,716.900000
1961-08-31,719.940000
1961-09-01,721.190000
1961-09-05,718.720000
1961-09-06,726.010000
1961-09-07,726.530000
1961-09-08,720.910000
1961-09-11,714.360000
1961-09-12,722.610000
1961-09-13,722.200000
1961-09-14,715.000000
1961-09-15,716.300000
1961-09-18,711.240000
1961-09-19,702.540000
1961-09-20,707.320000
1961-09-21,706.310000
1961-09-22,701.570000
1961-09-25,691.860000
1961-09-26,693.200000
1961-09-27,701.130000
1961-09-28,700.280000
1961-09-29,701.210000
1961-10-02,699.830000
1961-10-03,698.660000
1961-10-04,703.310000
1961-10-05,708.490000
1961-10-06,708.250000
1961-10-09,705.420000
1961-10-10,706.670000
1961-10-11,705.620000
1961-10-12,705.500000
1961-10-13,703.310000
1961-10-16,703.150000
1961-10-17,701.980000
1961-10-18,704.200000
1961-10-19,704.850000
1961-10-20,705.620000
1961-10-23,698.980000
1961-10-24,697.240000
1961-10-25,700.720000
1961-10-26,700.680000
1961-10-27,698.740000
1961-10-30,701.090000
1961-10-31,703.920000
1961-11-01,703.840000
1961-11-02,706.830000
1961-11-03,709.260000
1961-11-06,714.600000
1961-11-08,723.740000
1961-11-09,722.280000
1961-11-10,724.830000
1961-11-13,728.430000
1961-11-14,732.560000
1961-11-15,734.340000
1961-11-16,733.330000
1961-11-17,729.530000
1961-11-20,730.090000
1961-11-21,729.320000
1961-11-22,730.420000
1961-11-24,732.600000
1961-11-27,731.990000
1961-11-28,728.070000
1961-11-29,727.180000
1961-11-30,721.600000
1961-12-01,728.800000
1961-12-04,731.220000
1961-12-05,731.310000
1961-12-06,730.090000
1961-12-07,726.450000
1961-12-08,728.230000
1961-12-11,732.560000
1961-12-12,734.020000
1961-12-13,734.910000
1961-12-14,730.940000
1961-12-15,729.400000
1961-12-18,727.710000
1961-12-19,722.410000
1961-12-20,722.570000
1961-12-21,720.100000
1961-12-22,720.870000
1961-12-26,723.090000
1961-12-27,731.430000
1961-12-28,731.510000
1961-12-29,731.140000
1962-01-02,724.710000
1962-01-03,726.010000
1962-01-04,722.530000
1962-01-05,714.840000
1962-01-08,708.980000
1962-01-09,707.640000
1962-01-10,706.020000
1962-01-11,710.670000
1962-01-12,711.730000
1962-01-15,709.500000
1962-01-16,705.290000
1962-01-17,697.410000
1962-01-18,696.030000
1962-01-19,700.720000
1962-01-22,701.980000
1962-01-23,698.540000
1962-01-24,698.170000
1962-01-25,696.520000
1962-01-26,692.190000
1962-01-29,689.920000
1962-01-30,694.090000
1962-01-31,700.000000
1962-02-01,702.540000
1962-02-02,706.550000
1962-02-05,706.140000
1962-02-06,710.390000
1962-02-07,715.730000
1962-02-08,716.820000
1962-02-09,714.270000
1962-02-12,714.920000
1962-02-13,714.320000
1962-02-14,713.670000
1962-02-15,717.270000
1962-02-16,716.460000
1962-02-19,714.360000
1962-02-20,717.550000
1962-02-21,713.020000
1962-02-23,709.540000
1962-02-26,706.220000
1962-02-27,709.220000
1962-02-28,708.050000
1962-03-01,711.810000
1962-03-02,711.000000
1962-03-05,709.990000
1962-03-06,708.170000
1962-03-07,706.630000
1962-03-08,713.750000
1962-03-09,714.440000
1962-03-12,714.680000
1962-03-13,716.580000
1962-03-14,720.950000
1962-03-15,723.540000
1962-03-16,722.270000
1962-03-19,720.380000
1962-03-20,719.660000
1962-03-21,716.620000
1962-03-22,716.700000
1962-03-23,716.460000
1962-03-26,710.670000
1962-03-27,707.280000
1962-03-28,712.250000
1962-03-29,711.280000
1962-03-30,706.950000
1962-04-02,705.420000
1962-04-03,700.600000
1962-04-04,696.880000
1962-04-05,700.880000
1962-04-06,699.630000
1962-04-09,692.960000
1962-04-10,695.460000
1962-04-11,694.900000
1962-04-12,685.670000
1962-04-13,687.900000
1962-04-16,684.060000
1962-04-17,688.430000
1962-04-18,691.010000
1962-04-19,694.250000
1962-04-23,694.610000
1962-04-24,693.000000
1962-04-25,683.690000
1962-04-26,678.680000
1962-04-27,672.200000
1962-04-30,665.330000
1962-05-01,671.240000
1962-05-02,669.960000
1962-05-03,675.490000
1962-05-04,671.200000
1962-05-07,670.990000
1962-05-08,663.900000
1962-05-09,654.700000
1962-05-10,647.230000
1962-05-11,640.630000
1962-05-14,646.200000
1962-05-15,655.360000
1962-05-16,654.040000
1962-05-17,649.790000
1962-05-18,650.700000
1962-05-21,648.590000
1962-05-22,636.340000
1962-05-23,626.520000
1962-05-24,622.560000
1962-05-25,611.880000
1962-05-28,576.930000
1962-05-29,603.960000
1962-05-31,613.360000
1962-06-01,611.050000
1962-06-04,593.680000
1962-06-05,594.960000
1962-06-06,603.910000
1962-06-07,602.200000
1962-06-08,601.610000
1962-06-11,595.170000
1962-06-12,580.940000
1962-06-13,574.040000
1962-06-14,563.000000
1962-06-15,578.180000
1962-06-18,574.210000
1962-06-19,571.610000
1962-06-20,563.080000
1962-06-21,550.490000
1962-06-22,539.190000
1962-06-25,536.770000
1962-06-26,535.760000
1962-06-27,536.980000
1962-06-28,557.350000
1962-06-29,561.280000
1962-07-02,573.750000
1962-07-03,579.480000
1962-07-05,583.870000
1962-07-06,576.170000
1962-07-09,580.820000
1962-07-10,586.010000
1962-07-11,589.060000
1962-07-12,590.270000
1962-07-13,590.190000
1962-07-16,588.100000
1962-07-17,577.850000
1962-07-18,571.240000
1962-07-19,573.160000
1962-07-20,577.180000
1962-07-23,577.470000
1962-07-24,574.120000
1962-07-25,574.670000
1962-07-26,579.610000
1962-07-27,585.000000
1962-07-30,591.440000
1962-07-31,597.930000
1962-08-01,591.360000
1962-08-02,593.830000
1962-08-03,596.380000
1962-08-06,593.240000
1962-08-07,588.350000
1962-08-08,590.940000
1962-08-09,591.190000
1962-08-10,592.320000
1962-08-13,595.290000
1962-08-14,601.900000
1962-08-15,606.760000
1962-08-16,606.710000
1962-08-17,610.020000
1962-08-20,612.860000
1962-08-21,608.640000
1962-08-22,615.540000
1962-08-23,616.000000
1962-08-24,613.740000
1962-08-27,612.570000
1962-08-28,605.250000
1962-08-29,603.240000
1962-08-30,602.320000
1962-08-31,609.180000
1962-09-04,602.450000
1962-09-05,599.140000
1962-09-06,600.810000
1962-09-07,600.860000
1962-09-10,602.030000
1962-09-11,603.990000
1962-09-12,606.340000
1962-09-13,603.990000
1962-09-14,605.840000
1962-09-17,607.630000
1962-09-18,607.090000
1962-09-19,607.090000
1962-09-20,601.650000
1962-09-21,591.780000
1962-09-24,582.910000
1962-09-25,588.220000
1962-09-26,578.480000
1962-09-27,574.120000
1962-09-28,578.980000
1962-10-01,571.950000
1962-10-02,578.730000
1962-10-03,578.520000
1962-10-04,582.410000
1962-10-05,586.590000
1962-10-08,586.090000
1962-10-09,587.180000
1962-10-10,588.140000
1962-10-11,586.470000
1962-10-12,586.470000
1962-10-15,589.690000
1962-10-16,589.350000
1962-10-17,587.680000
1962-10-18,581.150000
1962-10-19,573.290000
1962-10-22,568.600000
1962-10-23,558.060000
1962-10-24,576.680000
1962-10-25,570.860000
1962-10-26,569.020000
1962-10-29,579.350000
1962-10-30,588.980000
1962-10-31,589.770000
1962-11-01,597.130000
1962-11-02,604.580000
1962-11-05,610.480000
1962-11-07,615.750000
1962-11-08,609.140000
1962-11-09,616.130000
1962-11-12,624.410000
1962-11-13,623.110000
1962-11-14,630.480000
1962-11-15,629.140000
1962-11-16,630.980000
1962-11-19,626.210000
1962-11-20,632.940000
1962-11-21,637.250000
1962-11-23,644.870000
1962-11-26,642.060000
1962-11-27,648.050000
1962-11-28,651.850000
1962-11-29,652.610000
1962-11-30,649.300000
1962-12-03,646.410000
1962-12-04,651.480000
1962-12-05,653.990000
1962-12-06,651.730000
1962-12-07,652.100000
1962-12-10,645.080000
1962-12-11,645.160000
1962-12-12,647.330000
1962-12-13,645.200000
1962-12-14,648.090000
1962-12-17,645.490000
1962-12-18,640.140000
1962-12-19,647.000000
1962-12-20,648.550000
1962-12-21,646.410000
1962-12-24,647.710000
1962-12-26,651.640000
1962-12-27,650.560000
1962-12-28,651.430000
1962-12-31,652.100000
1963-01-02,646.790000
1963-01-03,657.420000
1963-01-04,662.230000
1963-01-07,662.140000
1963-01-08,669.880000
1963-01-09,668.000000
1963-01-10,669.510000
1963-01-11,671.600000
1963-01-14,675.740000
1963-01-15,675.360000
1963-01-16,669.000000
1963-01-17,672.980000
1963-01-18,672.520000
1963-01-21,675.240000
1963-01-22,675.530000
1963-01-23,677.580000
1963-01-24,676.990000
1963-01-25,679.710000
1963-01-28,682.890000
1963-01-29,683.730000
1963-01-30,678.580000
1963-01-31,682.850000
1963-02-01,683.190000
1963-02-04,682.010000
1963-02-05,681.300000
1963-02-06,682.520000
1963-02-07,679.090000
1963-02-08,679.920000
1963-02-11,674.740000
1963-02-12,676.620000
1963-02-13,681.720000
1963-02-14,684.860000
1963-02-15,686.070000
1963-02-18,688.960000
1963-02-19,686.830000
1963-02-20,682.060000
1963-02-21,681.640000
1963-02-25,674.610000
1963-02-26,675.280000
1963-02-27,670.800000
1963-02-28,662.940000
1963-03-01,659.720000
1963-03-04,667.040000
1963-03-05,667.160000
1963-03-06,668.080000
1963-03-07,671.430000
1963-03-08,672.430000
1963-03-11,674.020000
1963-03-12,675.200000
1963-03-13,677.660000
1963-03-14,673.730000
1963-03-15,676.330000
1963-03-18,673.560000
1963-03-19,672.060000
1963-03-20,677.120000
1963-03-21,675.570000
1963-03-22,677.830000
1963-03-25,678.170000
1963-03-26,680.380000
1963-03-27,684.730000
1963-03-28,682.470000
1963-03-29,682.520000
1963-04-01,685.860000
1963-04-02,684.270000
1963-04-03,690.510000
1963-04-04,697.120000
1963-04-05,702.430000
1963-04-08,706.030000
1963-04-09,706.030000
1963-04-10,704.350000
1963-04-11,708.450000
1963-04-15,711.380000
1963-04-16,710.920000
1963-04-17,710.250000
1963-04-18,708.160000
1963-04-19,711.680000
1963-04-22,711.010000
1963-04-23,714.980000
1963-04-24,717.740000
1963-04-25,718.330000
1963-04-26,717.160000
1963-04-29,715.110000
1963-04-30,717.700000
1963-05-01,719.670000
1963-05-02,721.090000
1963-05-03,718.080000
1963-05-06,713.770000
1963-05-07,712.550000
1963-05-08,718.540000
1963-05-09,721.970000
1963-05-10,723.300000
1963-05-13,723.010000
1963-05-14,719.840000
1963-05-15,724.340000
1963-05-16,722.840000
1963-05-17,724.810000
1963-05-20,720.180000
1963-05-21,724.040000
1963-05-22,722.840000
1963-05-23,721.380000
1963-05-24,720.530000
1963-05-27,718.250000
1963-05-28,717.950000
1963-05-29,722.500000
1963-05-31,726.960000
1963-06-03,726.270000
1963-06-04,726.490000
1963-06-05,725.930000
1963-06-06,726.870000
1963-06-07,722.410000
1963-06-10,716.490000
1963-06-11,718.380000
1963-06-12,723.360000
1963-06-13,721.430000
1963-06-14,722.030000
1963-06-17,718.210000
1963-06-18,718.900000
1963-06-19,719.840000
1963-06-20,718.850000
1963-06-21,720.780000
1963-06-24,718.420000
1963-06-25,716.320000
1963-06-26,708.990000
1963-06-27,706.030000
1963-06-28,706.880000
1963-07-01,701.350000
1963-07-02,708.940000
1963-07-03,713.360000
1963-07-05,716.450000
1963-07-08,710.660000
1963-07-09,714.090000
1963-07-10,712.120000
1963-07-11,709.760000
1963-07-12,707.700000
1963-07-15,703.280000
1963-07-16,702.120000
1963-07-17,699.720000
1963-07-18,695.900000
1963-07-19,693.890000
1963-07-22,688.740000
1963-07-23,687.840000
1963-07-24,690.880000
1963-07-25,687.710000
1963-07-26,689.380000
1963-07-29,690.710000
1963-07-30,696.420000
1963-07-31,695.430000
1963-08-01,694.870000
1963-08-02,697.830000
1963-08-05,702.550000
1963-08-06,707.060000
1963-08-07,703.920000
1963-08-08,704.180000
1963-08-09,708.390000
1963-08-12,710.270000
1963-08-13,711.130000
1963-08-14,714.950000
1963-08-15,718.550000
1963-08-16,719.320000
1963-08-19,718.810000
1963-08-20,717.270000
1963-08-21,715.720000
1963-08-22,718.470000
1963-08-23,723.140000
1963-08-26,724.170000
1963-08-27,719.880000
1963-08-28,725.070000
1963-08-29,726.400000
1963-08-30,729.320000
1963-09-03,732.020000
1963-09-04,732.920000
1963-09-05,737.980000
1963-09-06,735.370000
1963-09-09,732.920000
1963-09-10,737.430000
1963-09-11,740.340000
1963-09-12,740.260000
1963-09-13,740.130000
1963-09-16,738.460000
1963-09-17,740.130000
1963-09-18,737.860000
1963-09-19,743.220000
1963-09-20,743.600000
1963-09-23,740.430000
1963-09-24,745.960000
1963-09-25,743.690000
1963-09-26,736.950000
1963-09-27,737.980000
1963-09-30,732.790000
1963-10-01,738.330000
1963-10-02,737.940000
1963-10-03,744.250000
1963-10-04,745.060000
1963-10-07,743.860000
1963-10-08,743.900000
1963-10-09,739.830000
1963-10-10,740.560000
1963-10-11,741.760000
1963-10-14,741.840000
1963-10-15,742.190000
1963-10-16,748.450000
1963-10-17,750.770000
1963-10-18,750.600000
1963-10-21,752.310000
1963-10-22,747.210000
1963-10-23,746.480000
1963-10-24,751.800000
1963-10-25,755.610000
1963-10-28,759.390000
1963-10-29,760.500000
1963-10-30,755.190000
1963-10-31,755.230000
1963-11-01,753.730000
1963-11-04,749.220000
1963-11-06,744.030000
1963-11-07,745.660000
1963-11-08,750.810000
1963-11-11,753.770000
1963-11-12,750.210000
1963-11-13,751.110000
1963-11-14,747.040000
1963-11-15,740.000000
1963-11-18,734.850000
1963-11-19,736.650000
1963-11-20,742.060000
1963-11-21,732.650000
1963-11-22,711.490000
1963-11-26,743.520000
1963-11-27,741.000000
1963-11-29,750.520000
1963-12-02,751.910000
1963-12-03,751.820000
1963-12-04,755.510000
1963-12-05,763.860000
1963-12-06,760.250000
1963-12-09,759.080000
1963-12-10,759.250000
1963-12-11,757.210000
1963-12-12,757.430000
1963-12-13,760.170000
1963-12-16,761.640000
1963-12-17,766.380000
1963-12-18,767.210000
1963-12-19,763.860000
1963-12-20,762.080000
1963-12-23,758.300000
1963-12-24,756.860000
1963-12-26,760.210000
1963-12-27,762.950000
1963-12-30,759.900000
1963-12-31,762.950000
1964-01-02,766.080000
1964-01-03,767.680000
1964-01-06,769.510000
1964-01-07,771.730000
1964-01-08,774.460000
1964-01-09,776.550000
1964-01-10,774.330000
1964-01-13,773.120000
1964-01-14,774.490000
1964-01-15,774.710000
1964-01-16,776.130000
1964-01-17,775.690000
1964-01-20,773.030000
1964-01-21,776.440000
1964-01-22,781.310000
1964-01-23,782.860000
1964-01-24,783.040000
1964-01-27,785.340000
1964-01-28,787.780000
1964-01-29,782.600000
1964-01-30,783.440000
1964-01-31,785.340000
1964-02-03,784.720000
1964-02-04,783.300000
1964-02-05,783.040000
1964-02-06,786.410000
1964-02-07,791.590000
1964-02-10,788.710000
1964-02-11,792.160000
1964-02-12,794.820000
1964-02-13,794.420000
1964-02-14,794.560000
1964-02-17,796.190000
1964-02-18,795.400000
1964-02-19,794.910000
1964-02-20,796.990000
1964-02-24,797.120000
1964-02-25,796.590000
1964-02-26,799.380000
1964-02-27,797.040000
1964-02-28,800.140000
1964-03-02,802.750000
1964-03-03,805.720000
1964-03-04,804.700000
1964-03-05,803.770000
1964-03-06,806.030000
1964-03-09,807.180000
1964-03-10,809.390000
1964-03-11,813.870000
1964-03-12,814.220000
1964-03-13,816.220000
1964-03-16,816.480000
1964-03-17,818.160000
1964-03-18,820.250000
1964-03-19,819.360000
1964-03-20,814.930000
1964-03-23,813.600000
1964-03-24,811.430000
1964-03-25,813.160000
1964-03-26,815.910000
1964-03-30,815.290000
1964-03-31,813.290000
1964-04-01,816.080000
1964-04-02,820.870000
1964-04-03,822.990000
1964-04-06,824.760000
1964-04-07,822.770000
1964-04-08,824.190000
1964-04-09,821.350000
1964-04-10,821.750000
1964-04-13,821.310000
1964-04-14,822.950000
1964-04-15,825.430000
1964-04-16,825.650000
1964-04-17,827.330000
1964-04-20,824.540000
1964-04-21,826.450000
1964-04-22,823.570000
1964-04-23,821.660000
1964-04-24,814.890000
1964-04-27,811.870000
1964-04-28,816.700000
1964-04-29,812.810000
1964-04-30,810.770000
1964-05-01,817.100000
1964-05-04,823.830000
1964-05-05,826.630000
1964-05-06,828.180000
1964-05-07,830.170000
1964-05-08,828.570000
1964-05-11,827.070000
1964-05-12,827.380000
1964-05-13,825.780000
1964-05-14,824.450000
1964-05-15,826.230000
1964-05-18,821.310000
1964-05-19,817.280000
1964-05-20,820.110000
1964-05-21,819.800000
1964-05-22,820.870000
1964-05-25,820.250000
1964-05-26,818.920000
1964-05-27,817.940000
1964-05-28,820.560000
1964-06-01,818.560000
1964-06-02,813.780000
1964-06-03,811.790000
1964-06-04,802.480000
1964-06-05,806.030000
1964-06-08,800.310000
1964-06-09,805.540000
1964-06-10,807.530000
1964-06-11,811.250000
1964-06-12,809.390000
1964-06-15,813.560000
1964-06-16,818.160000
1964-06-17,823.350000
1964-06-18,823.980000
1964-06-19,825.250000
1964-06-22,826.380000
1964-06-23,822.700000
1964-06-24,827.010000
1964-06-25,827.480000
1964-06-26,830.990000
1964-06-29,830.940000
1964-06-30,831.500000
1964-07-01,838.060000
1964-07-02,841.470000
1964-07-06,844.240000
1964-07-07,844.940000
1964-07-08,845.450000
1964-07-09,845.130000
1964-07-10,847.510000
1964-07-13,845.550000
1964-07-14,843.630000
1964-07-15,844.800000
1964-07-16,847.470000
1964-07-17,851.350000
1964-07-20,849.390000
1964-07-21,846.950000
1964-07-22,847.650000
1964-07-23,846.480000
1964-07-24,845.640000
1964-07-27,841.050000
1964-07-28,837.350000
1964-07-29,838.670000
1964-07-30,839.370000
1964-07-31,841.100000
1964-08-03,840.350000
1964-08-04,832.770000
1964-08-05,833.050000
1964-08-06,823.400000
1964-08-07,829.160000
1964-08-10,829.350000
1964-08-11,828.080000
1964-08-12,834.080000
1964-08-13,838.520000
1964-08-14,838.810000
1964-08-17,840.210000
1964-08-18,842.830000
1964-08-19,841.760000
1964-08-20,838.710000
1964-08-21,838.620000
1964-08-24,837.310000
1964-08-25,832.200000
1964-08-26,829.210000
1964-08-27,835.250000
1964-08-28,839.090000
1964-08-31,838.480000
1964-09-01,844.000000
1964-09-02,845.080000
1964-09-03,846.020000
1964-09-04,848.310000
1964-09-08,851.910000
1964-09-09,855.570000
1964-09-10,859.500000
1964-09-11,867.130000
1964-09-14,866.240000
1964-09-15,862.540000
1964-09-16,864.180000
1964-09-17,868.670000
1964-09-18,865.120000
1964-09-21,871.580000
1964-09-22,872.470000
1964-09-23,871.950000
1964-09-24,872.980000
1964-09-25,874.710000
1964-09-28,875.460000
1964-09-29,875.740000
1964-09-30,875.370000
1964-10-01,872.000000
1964-10-02,872.650000
1964-10-05,877.150000
1964-10-06,875.140000
1964-10-07,873.780000
1964-10-08,874.900000
1964-10-09,878.080000
1964-10-12,877.570000
1964-10-13,876.210000
1964-10-14,875.180000
1964-10-15,868.440000
1964-10-16,873.540000
1964-10-19,876.210000
1964-10-20,881.500000
1964-10-21,879.720000
1964-10-22,877.010000
1964-10-23,877.620000
1964-10-26,877.010000
1964-10-27,875.980000
1964-10-28,871.160000
1964-10-29,871.860000
1964-10-30,873.080000
1964-11-02,875.510000
1964-11-04,873.820000
1964-11-05,873.540000
1964-11-06,876.870000
1964-11-09,874.570000
1964-11-10,870.640000
1964-11-11,873.590000
1964-11-12,874.620000
1964-11-13,874.110000
1964-11-16,880.100000
1964-11-17,885.390000
1964-11-18,891.710000
1964-11-19,888.710000
1964-11-20,890.720000
1964-11-23,889.290000
1964-11-24,887.610000
1964-11-25,882.400000
1964-11-27,882.120000
1964-11-30,875.430000
1964-12-01,864.430000
1964-12-02,867.160000
1964-12-03,870.790000
1964-12-04,870.930000
1964-12-07,873.990000
1964-12-08,870.690000
1964-12-09,863.810000
1964-12-10,863.140000
1964-12-11,864.340000
1964-12-14,860.650000
1964-12-15,857.450000
1964-12-16,860.080000
1964-12-17,863.570000
1964-12-18,868.730000
1964-12-21,869.740000
1964-12-22,870.360000
1964-12-23,868.020000
1964-12-24,868.160000
1964-12-28,867.010000
1964-12-29,862.180000
1964-12-30,868.690000
1964-12-31,874.130000
1965-01-04,869.780000
1965-01-05,875.860000
1965-01-06,879.680000
1965-01-07,884.360000
1965-01-08,882.600000
1965-01-11,883.220000
1965-01-12,885.890000
1965-01-13,886.850000
1965-01-14,887.180000
1965-01-15,891.150000
1965-01-18,895.210000
1965-01-19,896.270000
1965-01-20,895.310000
1965-01-21,893.260000
1965-01-22,893.590000
1965-01-25,896.460000
1965-01-26,897.840000
1965-01-27,899.520000
1965-01-28,900.950000
1965-01-29,902.860000
1965-02-01,903.680000
1965-02-02,903.770000
1965-02-03,906.300000
1965-02-04,904.060000
1965-02-05,901.570000
1965-02-08,897.890000
1965-02-09,901.240000
1965-02-10,892.920000
1965-02-11,881.880000
1965-02-12,888.470000
1965-02-15,885.320000
1965-02-16,881.350000
1965-02-17,882.930000
1965-02-18,883.690000
1965-02-19,885.610000
1965-02-23,891.960000
1965-02-24,897.840000
1965-02-25,899.900000
1965-02-26,903.480000
1965-03-01,899.760000
1965-03-02,901.910000
1965-03-03,900.760000
1965-03-04,897.750000
1965-03-05,895.980000
1965-03-08,896.840000
1965-03-09,894.070000
1965-03-10,892.390000
1965-03-11,896.510000
1965-03-12,900.330000
1965-03-15,899.850000
1965-03-16,898.900000
1965-03-17,899.370000
1965-03-18,896.550000
1965-03-19,895.790000
1965-03-22,896.120000
1965-03-23,898.690000
1965-03-24,900.560000
1965-03-25,898.340000
1965-03-26,891.660000
1965-03-29,887.820000
1965-03-30,889.050000
1965-03-31,889.050000
1965-04-01,890.330000
1965-04-02,893.380000
1965-04-05,893.230000
1965-04-06,891.900000
1965-04-07,892.940000
1965-04-08,897.900000
1965-04-09,901.290000
1965-04-12,906.360000
1965-04-13,908.010000
1965-04-14,912.860000
1965-04-15,911.910000
1965-04-19,912.760000
1965-04-20,911.960000
1965-04-21,910.710000
1965-04-22,915.060000
1965-04-23,916.410000
1965-04-26,916.860000
1965-04-27,918.160000
1965-04-28,918.860000
1965-04-29,918.710000
1965-04-30,922.310000
1965-05-03,922.110000
1965-05-04,928.220000
1965-05-05,932.220000
1965-05-06,933.520000
1965-05-07,932.520000
1965-05-10,931.470000
1965-05-11,930.920000
1965-05-12,934.170000
1965-05-13,938.870000
1965-05-14,939.620000
1965-05-17,930.670000
1965-05-18,930.620000
1965-05-19,932.120000
1965-05-20,927.270000
1965-05-21,922.010000
1965-05-24,914.210000
1965-05-25,921.000000
1965-05-26,917.160000
1965-05-27,913.220000
1965-05-28,918.040000
1965-06-01,908.530000
1965-06-02,904.060000
1965-06-03,899.220000
1965-06-04,900.870000
1965-06-07,902.150000
1965-06-08,889.050000
1965-06-09,879.840000
1965-06-10,876.490000
1965-06-11,881.700000
1965-06-14,868.710000
1965-06-15,874.570000
1965-06-16,878.070000
1965-06-17,883.060000
1965-06-18,879.170000
1965-06-21,874.120000
1965-06-22,875.430000
1965-06-23,870.220000
1965-06-24,857.760000
1965-06-25,854.360000
1965-06-28,840.590000
1965-06-29,851.400000
1965-06-30,868.030000
1965-07-01,871.590000
1965-07-02,875.160000
1965-07-06,873.180000
1965-07-07,870.770000
1965-07-08,877.850000
1965-07-09,879.490000
1965-07-12,877.960000
1965-07-13,876.970000
1965-07-14,883.230000
1965-07-15,880.980000
1965-07-16,880.430000
1965-07-19,880.260000
1965-07-20,868.790000
1965-07-21,865.010000
1965-07-22,861.770000
1965-07-23,863.970000
1965-07-26,867.260000
1965-07-27,863.530000
1965-07-28,867.920000
1965-07-29,874.230000
1965-07-30,881.740000
1965-08-02,881.850000
1965-08-03,881.200000
1965-08-04,883.880000
1965-08-05,881.630000
1965-08-06,882.510000
1965-08-09,879.770000
1965-08-10,878.890000
1965-08-11,881.470000
1965-08-12,881.960000
1965-08-13,888.820000
1965-08-16,891.130000
1965-08-17,894.260000
1965-08-18,894.370000
1965-08-19,891.790000
1965-08-20,889.920000
1965-08-23,887.070000
1965-08-24,887.120000
1965-08-25,890.850000
1965-08-26,896.180000
1965-08-27,895.960000
1965-08-30,895.630000
1965-08-31,893.100000
1965-09-01,893.600000
1965-09-02,900.400000
1965-09-03,907.970000
1965-09-07,910.110000
1965-09-08,913.680000
1965-09-09,917.470000
1965-09-10,918.950000
1965-09-13,920.920000
1965-09-14,916.590000
1965-09-15,922.950000
1965-09-16,931.180000
1965-09-17,928.990000
1965-09-20,931.180000
1965-09-21,926.520000
1965-09-22,931.620000
1965-09-23,927.450000
1965-09-24,929.540000
1965-09-27,937.880000
1965-09-28,935.850000
1965-09-29,932.390000
1965-09-30,930.580000
1965-10-01,929.650000
1965-10-04,930.860000
1965-10-05,938.700000
1965-10-06,936.840000
1965-10-07,934.420000
1965-10-08,938.320000
1965-10-11,942.650000
1965-10-12,941.120000
1965-10-13,941.010000
1965-10-14,937.500000
1965-10-15,940.680000
1965-10-18,945.840000
1965-10-19,947.760000
1965-10-20,948.470000
1965-10-21,950.280000
1965-10-22,952.420000
1965-10-25,948.140000
1965-10-26,956.320000
1965-10-27,959.500000
1965-10-28,959.110000
1965-10-29,960.820000
1965-11-01,958.960000
1965-11-03,961.130000
1965-11-04,961.850000
1965-11-05,959.460000
1965-11-08,953.950000
1965-11-09,951.720000
1965-11-10,951.220000
1965-11-11,953.280000
1965-11-12,956.290000
1965-11-15,955.900000
1965-11-16,956.510000
1965-11-17,956.570000
1965-11-18,950.500000
1965-11-19,952.720000
1965-11-22,946.380000
1965-11-23,948.940000
1965-11-24,948.940000
1965-11-26,948.160000
1965-11-29,946.930000
1965-11-30,946.710000
1965-12-01,947.600000
1965-12-02,944.590000
1965-12-03,946.100000
1965-12-06,939.530000
1965-12-07,951.330000
1965-12-08,946.600000
1965-12-09,949.550000
1965-12-10,952.720000
1965-12-13,951.550000
1965-12-14,954.060000
1965-12-15,958.740000
1965-12-16,959.130000
1965-12-17,957.850000
1965-12-20,952.220000
1965-12-21,959.460000
1965-12-22,965.860000
1965-12-23,966.360000
1965-12-27,959.790000
1965-12-28,957.960000
1965-12-29,960.300000
1965-12-30,963.690000
1965-12-31,969.260000
1966-01-03,968.540000
1966-01-04,969.260000
1966-01-05,981.620000
1966-01-06,985.460000
1966-01-07,986.130000
1966-01-10,985.410000
1966-01-11,986.850000
1966-01-12,983.960000
1966-01-13,985.690000
1966-01-14,987.300000
1966-01-17,989.750000
1966-01-18,994.200000
1966-01-19,991.140000
1966-01-20,987.800000
1966-01-21,988.140000
1966-01-24,991.420000
1966-01-25,991.640000
1966-01-26,990.920000
1966-01-27,990.360000
1966-01-28,985.350000
1966-01-31,983.510000
1966-02-01,975.890000
1966-02-02,982.290000
1966-02-03,981.230000
1966-02-04,986.350000
1966-02-07,989.690000
1966-02-08,991.030000
1966-02-09,995.150000
1966-02-10,990.810000
1966-02-11,989.030000
1966-02-14,987.690000
1966-02-15,981.570000
1966-02-16,982.400000
1966-02-17,975.270000
1966-02-18,975.220000
1966-02-21,966.480000
1966-02-23,960.130000
1966-02-24,950.660000
1966-02-25,953.000000
1966-02-28,951.890000
1966-03-01,938.190000
1966-03-02,932.010000
1966-03-03,936.350000
1966-03-04,932.340000
1966-03-07,917.760000
1966-03-08,919.980000
1966-03-09,929.840000
1966-03-10,929.230000
1966-03-11,927.950000
1966-03-14,917.090000
1966-03-15,911.080000
1966-03-16,916.030000
1966-03-17,919.320000
1966-03-18,922.880000
1966-03-21,929.170000
1966-03-22,934.520000
1966-03-23,929.000000
1966-03-24,928.610000
1966-03-25,929.950000
1966-03-28,932.620000
1966-03-29,929.390000
1966-03-30,919.760000
1966-03-31,924.770000
1966-04-01,931.290000
1966-04-04,937.860000
1966-04-05,944.710000
1966-04-06,945.260000
1966-04-07,945.760000
1966-04-11,942.420000
1966-04-12,937.240000
1966-04-13,938.360000
1966-04-14,945.480000
1966-04-15,947.770000
1966-04-18,941.980000
1966-04-19,941.640000
1966-04-20,951.280000
1966-04-21,954.730000
1966-04-22,949.830000
1966-04-25,950.550000
1966-04-26,947.210000
1966-04-27,944.540000
1966-04-28,937.410000
1966-04-29,933.680000
1966-05-02,931.950000
1966-05-03,921.770000
1966-05-04,914.860000
1966-05-05,899.770000
1966-05-06,902.830000
1966-05-09,886.300000
1966-05-10,895.480000
1966-05-11,895.430000
1966-05-12,885.570000
1966-05-13,876.110000
1966-05-16,867.530000
1966-05-17,864.140000
1966-05-18,878.500000
1966-05-19,872.990000
1966-05-20,876.890000
1966-05-23,882.460000
1966-05-24,888.410000
1966-05-25,890.420000
1966-05-26,891.750000
1966-05-27,897.040000
1966-05-31,884.070000
1966-06-01,883.630000
1966-06-02,882.730000
1966-06-03,887.860000
1966-06-06,881.680000
1966-06-07,877.330000
1966-06-08,879.340000
1966-06-09,882.620000
1966-06-10,891.750000
1966-06-13,897.600000
1966-06-14,903.170000
1966-06-15,901.110000
1966-06-16,897.160000
1966-06-17,894.260000
1966-06-20,892.760000
1966-06-21,894.980000
1966-06-22,901.000000
1966-06-23,896.430000
1966-06-24,897.160000
1966-06-27,888.970000
1966-06-28,880.900000
1966-06-29,871.600000
1966-06-30,870.100000
1966-07-01,877.060000
1966-07-05,875.270000
1966-07-06,888.860000
1966-07-07,891.640000
1966-07-08,894.040000
1966-07-11,893.090000
1966-07-12,886.190000
1966-07-13,881.400000
1966-07-14,887.800000
1966-07-15,889.360000
1966-07-18,888.410000
1966-07-19,884.070000
1966-07-20,874.490000
1966-07-21,873.990000
1966-07-22,869.150000
1966-07-25,852.830000
1966-07-26,852.170000
1966-07-27,856.230000
1966-07-28,854.060000
1966-07-29,847.380000
1966-08-01,835.180000
1966-08-02,832.570000
1966-08-03,841.700000
1966-08-04,851.500000
1966-08-05,852.390000
1966-08-08,849.050000
1966-08-09,844.820000
1966-08-10,838.530000
1966-08-11,837.910000
1966-08-12,840.530000
1966-08-15,834.850000
1966-08-16,823.830000
1966-08-17,819.590000
1966-08-18,810.740000
1966-08-19,804.620000
1966-08-22,792.030000
1966-08-23,790.140000
1966-08-24,799.550000
1966-08-25,792.370000
1966-08-26,780.560000
1966-08-29,767.030000
1966-08-30,775.720000
1966-08-31,788.410000
1966-09-01,792.090000
1966-09-02,787.690000
1966-09-06,782.340000
1966-09-07,777.390000
1966-09-08,774.880000
1966-09-09,775.550000
1966-09-12,790.590000
1966-09-13,795.480000
1966-09-14,806.230000
1966-09-15,814.300000
1966-09-16,814.300000
1966-09-19,810.850000
1966-09-20,806.010000
1966-09-21,793.590000
1966-09-22,797.770000
1966-09-23,790.970000
1966-09-26,792.700000
1966-09-27,794.090000
1966-09-28,780.950000
1966-09-29,772.660000
1966-09-30,774.220000
1966-10-03,757.960000
1966-10-04,763.190000
1966-10-05,755.450000
1966-10-06,749.610000
1966-10-07,744.320000
1966-10-10,754.510000
1966-10-11,758.630000
1966-10-12,778.170000
1966-10-13,772.930000
1966-10-14,771.710000
1966-10-17,778.890000
1966-10-18,791.870000
1966-10-19,785.350000
1966-10-20,783.680000
1966-10-21,787.300000
1966-10-24,787.750000
1966-10-25,793.090000
1966-10-26,801.110000
1966-10-27,809.570000
1966-10-28,807.960000
1966-10-31,807.070000
1966-11-01,809.630000
1966-11-02,807.290000
1966-11-03,804.340000
1966-11-04,805.060000
1966-11-07,802.220000
1966-11-09,809.910000
1966-11-10,816.870000
1966-11-11,819.090000
1966-11-14,813.750000
1966-11-15,815.310000
1966-11-16,820.870000
1966-11-17,816.030000
1966-11-18,809.400000
1966-11-21,798.160000
1966-11-22,794.980000
1966-11-23,796.820000
1966-11-25,803.340000
1966-11-28,801.160000
1966-11-29,795.260000
1966-11-30,791.590000
1966-12-01,789.750000
1966-12-02,789.470000
1966-12-05,791.590000
1966-12-06,797.430000
1966-12-07,808.010000
1966-12-08,812.800000
1966-12-09,813.020000
1966-12-12,820.540000
1966-12-13,816.700000
1966-12-14,817.980000
1966-12-15,809.180000
1966-12-16,807.180000
1966-12-19,798.990000
1966-12-20,794.590000
1966-12-21,797.430000
1966-12-22,801.670000
1966-12-23,799.100000
1966-12-27,792.200000
1966-12-28,788.580000
1966-12-29,786.350000
1966-12-30,785.690000
1967-01-03,786.410000
1967-01-04,791.140000
1967-01-05,805.510000
1967-01-06,808.740000
1967-01-09,813.470000
1967-01-10,814.140000
1967-01-11,822.490000
1967-01-12,829.950000
1967-01-13,835.130000
1967-01-16,833.240000
1967-01-17,843.670000
1967-01-18,847.490000
1967-01-19,846.440000
1967-01-20,847.160000
1967-01-23,847.720000
1967-01-24,847.720000
1967-01-25,840.590000
1967-01-26,838.700000
1967-01-27,844.040000
1967-01-30,848.110000
1967-01-31,849.890000
1967-02-01,848.390000
1967-02-02,853.120000
1967-02-03,857.460000
1967-02-06,855.120000
1967-02-07,852.510000
1967-02-08,860.970000
1967-02-09,857.520000
1967-02-10,855.730000
1967-02-13,853.340000
1967-02-14,856.900000
1967-02-15,855.790000
1967-02-16,851.560000
1967-02-17,850.840000
1967-02-20,847.880000
1967-02-21,844.100000
1967-02-23,846.770000
1967-02-24,847.330000
1967-02-27,836.640000
1967-02-28,839.370000
1967-03-01,843.490000
1967-03-02,846.710000
1967-03-03,846.600000
1967-03-06,842.200000
1967-03-07,841.760000
1967-03-08,843.320000
1967-03-09,844.150000
1967-03-10,848.500000
1967-03-13,844.820000
1967-03-14,844.270000
1967-03-15,854.060000
1967-03-16,868.490000
1967-03-17,869.770000
1967-03-20,870.430000
1967-03-21,866.590000
1967-03-22,870.550000
1967-03-23,876.670000
1967-03-27,873.720000
1967-03-28,875.280000
1967-03-29,871.100000
1967-03-30,869.990000
1967-03-31,865.980000
1967-04-03,859.970000
1967-04-04,859.190000
1967-04-05,861.190000
1967-04-06,861.250000
1967-04-07,853.340000
1967-04-10,842.430000
1967-04-11,847.660000
1967-04-12,844.650000
1967-04-13,848.830000
1967-04-14,859.740000
1967-04-17,866.590000
1967-04-18,873.000000
1967-04-19,873.940000
1967-04-20,878.620000
1967-04-21,883.180000
1967-04-24,887.530000
1967-04-25,891.200000
1967-04-26,889.030000
1967-04-27,894.820000
1967-04-28,897.050000
1967-05-01,892.930000
1967-05-02,891.650000
1967-05-03,896.770000
1967-05-04,901.950000
1967-05-05,905.960000
1967-05-08,909.630000
1967-05-09,899.890000
1967-05-10,894.100000
1967-05-11,896.210000
1967-05-12,890.030000
1967-05-15,882.410000
1967-05-16,885.800000
1967-05-17,882.240000
1967-05-18,877.340000
1967-05-19,874.550000
1967-05-22,871.050000
1967-05-23,868.710000
1967-05-24,862.420000
1967-05-25,870.710000
1967-05-26,870.320000
1967-05-29,864.980000
1967-05-31,852.560000
1967-06-01,864.980000
1967-06-02,863.310000
1967-06-05,847.770000
1967-06-06,862.710000
1967-06-07,869.190000
1967-06-08,873.200000
1967-06-09,874.890000
1967-06-12,878.930000
1967-06-13,886.150000
1967-06-14,880.610000
1967-06-15,883.260000
1967-06-16,885.000000
1967-06-19,884.540000
1967-06-20,880.610000
1967-06-21,877.660000
1967-06-22,875.690000
1967-06-23,877.370000
1967-06-26,872.110000
1967-06-27,869.390000
1967-06-28,868.870000
1967-06-29,861.940000
1967-06-30,860.260000
1967-07-03,859.590000
1967-07-05,864.940000
1967-07-06,864.020000
1967-07-07,869.050000
1967-07-10,875.520000
1967-07-11,879.450000
1967-07-12,878.700000
1967-07-13,878.530000
1967-07-14,882.050000
1967-07-17,882.740000
1967-07-18,896.090000
1967-07-19,903.320000
1967-07-20,908.690000
1967-07-21,909.560000
1967-07-24,904.530000
1967-07-25,901.290000
1967-07-26,903.140000
1967-07-27,903.140000
1967-07-28,901.530000
1967-07-31,904.240000
1967-08-01,912.970000
1967-08-02,922.270000
1967-08-03,921.980000
1967-08-04,923.770000
1967-08-07,920.370000
1967-08-08,922.450000
1967-08-09,926.720000
1967-08-10,925.220000
1967-08-11,920.650000
1967-08-14,916.320000
1967-08-15,919.150000
1967-08-16,915.680000
1967-08-17,918.230000
1967-08-18,919.040000
1967-08-21,912.270000
1967-08-22,907.480000
1967-08-23,905.110000
1967-08-24,898.460000
1967-08-25,894.070000
1967-08-28,894.710000
1967-08-29,894.760000
1967-08-30,893.720000
1967-08-31,901.290000
1967-09-01,901.180000
1967-09-05,904.130000
1967-09-06,906.960000
1967-09-07,908.170000
1967-09-08,907.540000
1967-09-11,909.620000
1967-09-12,911.750000
1967-09-13,923.770000
1967-09-14,929.440000
1967-09-15,933.480000
1967-09-18,938.740000
1967-09-19,930.070000
1967-09-20,929.790000
1967-09-21,930.480000
1967-09-22,934.350000
1967-09-25,943.080000
1967-09-26,937.180000
1967-09-27,933.140000
1967-09-28,929.380000
1967-09-29,926.660000
1967-10-02,921.000000
1967-10-03,924.470000
1967-10-04,921.290000
1967-10-05,927.130000
1967-10-06,928.740000
1967-10-09,933.310000
1967-10-10,926.610000
1967-10-11,920.250000
1967-10-12,913.200000
1967-10-13,918.170000
1967-10-16,908.520000
1967-10-17,904.360000
1967-10-18,903.490000
1967-10-19,903.720000
1967-10-20,896.730000
1967-10-23,894.650000
1967-10-24,888.180000
1967-10-25,886.730000
1967-10-26,890.890000
1967-10-27,888.180000
1967-10-30,886.620000
1967-10-31,879.740000
1967-11-01,867.080000
1967-11-02,864.830000
1967-11-03,856.620000
1967-11-06,855.290000
1967-11-08,849.570000
1967-11-09,856.970000
1967-11-10,862.810000
1967-11-13,859.740000
1967-11-14,852.400000
1967-11-15,855.180000
1967-11-16,859.740000
1967-11-17,862.110000
1967-11-20,857.780000
1967-11-21,870.950000
1967-11-22,874.020000
1967-11-24,877.600000
1967-11-27,882.110000
1967-11-28,884.880000
1967-11-29,883.150000
1967-11-30,875.810000
1967-12-01,879.160000
1967-12-04,883.500000
1967-12-05,888.120000
1967-12-06,892.280000
1967-12-07,892.220000
1967-12-08,887.250000
1967-12-11,882.050000
1967-12-12,881.300000
1967-12-13,882.340000
1967-12-14,883.440000
1967-12-15,880.610000
1967-12-18,881.650000
1967-12-19,881.360000
1967-12-20,886.900000
1967-12-21,888.350000
1967-12-22,887.370000
1967-12-26,888.120000
1967-12-27,894.940000
1967-12-28,897.830000
1967-12-29,905.110000
1968-01-02,906.840000
1968-01-03,904.130000
1968-01-04,899.390000
1968-01-05,901.240000
1968-01-08,908.920000
1968-01-09,908.290000
1968-01-10,903.950000
1968-01-11,899.790000
1968-01-12,898.980000
1968-01-15,892.740000
1968-01-16,887.140000
1968-01-17,883.780000
1968-01-18,882.800000
1968-01-19,880.320000
1968-01-22,871.710000
1968-01-23,864.770000
1968-01-24,862.230000
1968-01-25,864.250000
1968-01-26,865.060000
1968-01-29,863.670000
1968-01-30,859.570000
1968-01-31,855.470000
1968-02-01,861.360000
1968-02-02,863.560000
1968-02-05,861.130000
1968-02-06,861.250000
1968-02-07,859.920000
1968-02-08,850.320000
1968-02-09,840.040000
1968-02-13,831.770000
1968-02-14,837.380000
1968-02-15,839.230000
1968-02-16,836.340000
1968-02-19,838.650000
1968-02-20,843.100000
1968-02-21,849.230000
1968-02-23,849.800000
1968-02-26,841.770000
1968-02-27,846.680000
1968-02-28,844.720000
1968-02-29,840.500000
1968-03-01,840.440000
1968-03-04,830.560000
1968-03-05,827.030000
1968-03-06,837.210000
1968-03-07,836.220000
1968-03-08,835.240000
1968-03-11,843.040000
1968-03-12,843.220000
1968-03-13,842.230000
1968-03-14,830.910000
1968-03-15,837.550000
1968-03-18,840.090000
1968-03-19,832.990000
1968-03-20,830.850000
1968-03-21,825.130000
1968-03-22,826.050000
1968-03-25,827.270000
1968-03-26,831.540000
1968-03-27,836.570000
1968-03-28,835.120000
1968-03-29,840.670000
1968-04-01,861.250000
1968-04-02,863.960000
1968-04-03,869.110000
1968-04-04,872.520000
1968-04-05,865.810000
1968-04-08,884.420000
1968-04-10,892.630000
1968-04-11,905.690000
1968-04-15,910.190000
1968-04-16,906.780000
1968-04-17,908.170000
1968-04-18,909.210000
1968-04-19,897.650000
1968-04-22,891.990000
1968-04-23,897.480000
1968-04-24,898.460000
1968-04-25,905.570000
1968-04-26,906.030000
1968-04-29,908.340000
1968-04-30,912.220000
1968-05-01,913.200000
1968-05-02,918.050000
1968-05-03,919.210000
1968-05-06,914.530000
1968-05-07,919.900000
1968-05-08,918.860000
1968-05-09,911.350000
1968-05-10,912.910000
1968-05-13,909.960000
1968-05-14,908.060000
1968-05-15,907.820000
1968-05-16,903.720000
1968-05-17,898.980000
1968-05-20,894.190000
1968-05-21,896.320000
1968-05-22,896.790000
1968-05-23,893.150000
1968-05-24,895.280000
1968-05-27,891.600000
1968-05-28,896.780000
1968-05-29,895.210000
1968-05-31,899.000000
1968-06-03,905.380000
1968-06-04,916.630000
1968-06-05,907.420000
1968-06-06,910.130000
1968-06-07,914.880000
1968-06-10,913.380000
1968-06-11,917.950000
1968-06-13,913.860000
1968-06-14,913.620000
1968-06-17,903.450000
1968-06-18,900.200000
1968-06-20,898.280000
1968-06-21,900.930000
1968-06-24,901.830000
1968-06-25,901.410000
1968-06-27,898.760000
1968-06-28,897.800000
1968-07-01,896.350000
1968-07-02,896.840000
1968-07-03,903.510000
1968-07-08,912.600000
1968-07-09,920.420000
1968-07-11,922.820000
1968-07-12,922.560000
1968-07-15,923.720000
1968-07-16,921.200000
1968-07-18,917.950000
1968-07-19,913.920000
1968-07-22,900.320000
1968-07-23,898.100000
1968-07-25,885.470000
1968-07-26,888.470000
1968-07-29,883.360000
1968-07-30,883.000000
1968-08-01,878.070000
1968-08-02,871.270000
1968-08-05,872.530000
1968-08-06,876.920000
1968-08-08,870.370000
1968-08-09,869.650000
1968-08-12,881.020000
1968-08-13,884.680000
1968-08-15,879.510000
1968-08-16,885.890000
1968-08-19,887.680000
1968-08-20,888.670000
1968-08-22,888.300000
1968-08-23,892.340000
1968-08-26,896.130000
1968-08-27,893.650000
1968-08-29,894.330000
1968-08-30,896.010000
1968-09-03,900.360000
1968-09-04,906.950000
1968-09-05,917.520000
1968-09-06,921.250000
1968-09-09,924.980000
1968-09-10,919.380000
1968-09-12,915.650000
1968-09-13,917.210000
1968-09-16,921.370000
1968-09-17,923.050000
1968-09-19,923.980000
1968-09-20,924.420000
1968-09-23,930.450000
1968-09-24,938.280000
1968-09-26,933.240000
1968-09-27,933.800000
1968-09-30,935.790000
1968-10-01,942.320000
1968-10-03,949.470000
1968-10-04,952.950000
1968-10-07,956.680000
1968-10-08,956.240000
1968-10-10,949.780000
1968-10-11,949.590000
1968-10-14,949.960000
1968-10-15,955.310000
1968-10-17,958.910000
1968-10-18,967.490000
1968-10-21,967.490000
1968-10-22,963.140000
1968-10-24,956.680000
1968-10-25,961.280000
1968-10-28,957.730000
1968-10-29,951.080000
1968-10-31,952.390000
1968-11-01,948.410000
1968-11-04,946.230000
1968-11-06,949.470000
1968-11-07,950.650000
1968-11-08,958.980000
1968-11-12,964.200000
1968-11-13,967.430000
1968-11-14,963.890000
1968-11-15,965.880000
1968-11-18,963.700000
1968-11-19,966.750000
1968-11-21,965.130000
1968-11-22,967.060000
1968-11-25,971.350000
1968-11-26,979.490000
1968-11-27,976.320000
1968-11-29,985.080000
1968-12-02,983.340000
1968-12-03,985.210000
1968-12-05,977.690000
1968-12-06,978.240000
1968-12-09,979.360000
1968-12-10,977.690000
1968-12-12,977.130000
1968-12-13,981.290000
1968-12-16,976.320000
1968-12-17,970.910000
1968-12-19,975.140000
1968-12-20,966.990000
1968-12-23,953.750000
1968-12-24,952.320000
1968-12-26,954.250000
1968-12-27,952.510000
1968-12-30,945.110000
1968-12-31,943.750000
1969-01-02,947.730000
1969-01-03,951.890000
1969-01-06,936.660000
1969-01-07,925.720000
1969-01-08,921.250000
1969-01-09,927.460000
1969-01-10,925.530000
1969-01-13,923.110000
1969-01-14,928.330000
1969-01-15,931.750000
1969-01-16,938.590000
1969-01-17,935.540000
1969-01-20,931.250000
1969-01-21,929.820000
1969-01-22,934.170000
1969-01-23,940.200000
1969-01-24,938.590000
1969-01-27,937.470000
1969-01-28,938.400000
1969-01-29,938.090000
1969-01-30,942.130000
1969-01-31,946.050000
1969-02-03,946.850000
1969-02-04,945.110000
1969-02-05,945.980000
1969-02-06,946.670000
1969-02-07,947.850000
1969-02-11,948.970000
1969-02-12,949.090000
1969-02-13,952.700000
1969-02-14,951.950000
1969-02-17,937.720000
1969-02-18,930.820000
1969-02-19,925.100000
1969-02-20,916.650000
1969-02-24,903.970000
1969-02-25,899.800000
1969-02-26,905.770000
1969-02-27,903.030000
1969-02-28,905.210000
1969-03-03,908.630000
1969-03-04,919.510000
1969-03-05,923.110000
1969-03-06,913.540000
1969-03-07,911.180000
1969-03-10,917.140000
1969-03-11,920.930000
1969-03-12,917.520000
1969-03-13,907.140000
1969-03-14,904.280000
1969-03-17,904.030000
1969-03-18,907.380000
1969-03-19,912.110000
1969-03-20,920.130000
1969-03-21,920.000000
1969-03-24,917.080000
1969-03-25,917.080000
1969-03-26,923.300000
1969-03-27,930.880000
1969-03-28,935.480000
1969-04-01,933.080000
1969-04-02,930.920000
1969-04-03,927.300000
1969-04-07,918.780000
1969-04-08,923.170000
1969-04-09,929.970000
1969-04-10,932.890000
1969-04-11,933.460000
1969-04-14,932.640000
1969-04-15,931.940000
1969-04-16,923.490000
1969-04-17,924.120000
1969-04-18,924.820000
1969-04-21,917.510000
1969-04-22,918.590000
1969-04-23,917.640000
1969-04-24,921.200000
1969-04-25,924.000000
1969-04-28,925.080000
1969-04-29,934.100000
1969-04-30,950.180000
1969-05-01,949.220000
1969-05-02,957.170000
1969-05-05,958.950000
1969-05-06,962.060000
1969-05-07,959.600000
1969-05-08,963.680000
1969-05-09,961.610000
1969-05-12,957.860000
1969-05-13,962.970000
1969-05-14,968.850000
1969-05-15,965.160000
1969-05-16,967.300000
1969-05-19,959.020000
1969-05-20,949.260000
1969-05-21,951.780000
1969-05-22,950.040000
1969-05-23,947.450000
1969-05-26,946.940000
1969-05-27,938.660000
1969-05-28,936.920000
1969-05-29,937.560000
1969-06-02,933.170000
1969-06-03,930.780000
1969-06-04,928.840000
1969-06-05,930.710000
1969-06-06,924.770000
1969-06-09,918.050000
1969-06-10,912.490000
1969-06-11,904.600000
1969-06-12,892.580000
1969-06-13,894.840000
1969-06-16,891.160000
1969-06-17,885.730000
1969-06-18,887.090000
1969-06-19,882.370000
1969-06-20,876.160000
1969-06-23,870.860000
1969-06-24,877.200000
1969-06-25,874.100000
1969-06-26,870.280000
1969-06-27,869.760000
1969-06-30,873.190000
1969-07-01,875.900000
1969-07-02,880.690000
1969-07-03,886.120000
1969-07-07,883.210000
1969-07-08,870.350000
1969-07-09,861.620000
1969-07-10,847.790000
1969-07-11,852.250000
1969-07-14,843.140000
1969-07-15,841.130000
1969-07-16,849.340000
1969-07-17,853.090000
1969-07-18,845.920000
1969-07-22,834.020000
1969-07-23,827.950000
1969-07-24,826.530000
1969-07-25,818.060000
1969-07-28,806.230000
1969-07-29,801.960000
1969-07-30,803.580000
1969-07-31,815.470000
1969-08-01,826.590000
1969-08-04,822.580000
1969-08-05,821.230000
1969-08-06,825.880000
1969-08-07,826.270000
1969-08-08,824.460000
1969-08-11,819.830000
1969-08-12,812.960000
1969-08-13,809.130000
1969-08-14,813.230000
1969-08-15,820.880000
1969-08-18,827.680000
1969-08-19,833.690000
1969-08-20,833.220000
1969-08-21,834.870000
1969-08-22,837.250000
1969-08-25,831.440000
1969-08-26,823.520000
1969-08-27,824.780000
1969-08-28,828.410000
1969-08-29,836.720000
1969-09-02,837.780000
1969-09-03,835.670000
1969-09-04,825.300000
1969-09-05,819.500000
1969-09-08,811.840000
1969-09-09,815.670000
1969-09-10,828.010000
1969-09-11,825.770000
1969-09-12,824.250000
1969-09-15,830.450000
1969-09-16,831.640000
1969-09-17,826.560000
1969-09-18,831.570000
1969-09-19,830.390000
1969-09-22,831.770000
1969-09-23,834.810000
1969-09-24,834.680000
1969-09-25,829.920000
1969-09-26,824.180000
1969-09-29,818.040000
1969-09-30,813.090000
1969-10-01,806.890000
1969-10-02,811.840000
1969-10-03,808.410000
1969-10-06,809.400000
1969-10-07,806.230000
1969-10-08,802.200000
1969-10-09,803.790000
1969-10-10,806.960000
1969-10-13,819.300000
1969-10-14,832.430000
1969-10-15,830.060000
1969-10-16,838.770000
1969-10-17,836.060000
1969-10-20,839.230000
1969-10-21,846.880000
1969-10-22,860.350000
1969-10-23,855.730000
1969-10-24,862.260000
1969-10-27,860.280000
1969-10-28,855.860000
1969-10-29,848.340000
1969-10-30,850.510000
1969-10-31,855.990000
1969-11-03,854.540000
1969-11-04,853.480000
1969-11-05,854.080000
1969-11-06,855.200000
1969-11-07,860.480000
1969-11-10,863.050000
1969-11-11,859.750000
1969-11-12,855.990000
1969-11-13,849.850000
1969-11-14,849.260000
1969-11-17,842.530000
1969-11-18,845.170000
1969-11-19,839.960000
1969-11-20,831.180000
1969-11-21,823.130000
1969-11-24,812.900000
1969-11-25,807.290000
1969-11-26,810.520000
1969-11-28,812.300000
1969-12-01,805.040000
1969-12-02,801.350000
1969-12-03,793.360000
1969-12-04,796.530000
1969-12-05,793.030000
1969-12-08,785.040000
1969-12-09,783.790000
1969-12-10,783.990000
1969-12-11,783.530000
1969-12-12,786.690000
1969-12-15,784.050000
1969-12-16,773.830000
1969-12-17,769.930000
1969-12-18,783.790000
1969-12-19,789.860000
1969-12-22,785.970000
1969-12-23,783.790000
1969-12-24,794.150000
1969-12-26,797.650000
1969-12-29,792.370000
1969-12-30,794.680000
1969-12-31,800.360000
1970-01-02,809.200000
1970-01-05,811.310000
1970-01-06,803.660000
1970-01-07,801.810000
1970-01-08,802.070000
1970-01-09,798.110000
1970-01-12,790.520000
1970-01-13,788.010000
1970-01-14,787.160000
1970-01-15,785.040000
1970-01-16,782.600000
1970-01-19,776.070000
1970-01-20,777.850000
1970-01-21,782.270000
1970-01-22,786.100000
1970-01-23,775.540000
1970-01-26,768.880000
1970-01-27,763.990000
1970-01-28,758.840000
1970-01-29,748.350000
1970-01-30,744.060000
1970-02-02,746.440000
1970-02-03,757.460000
1970-02-04,754.490000
1970-02-05,750.260000
1970-02-06,752.770000
1970-02-09,755.680000
1970-02-10,746.630000
1970-02-11,757.330000
1970-02-12,755.610000
1970-02-13,753.300000
1970-02-16,753.700000
1970-02-17,747.430000
1970-02-18,756.800000
1970-02-19,757.920000
1970-02-20,757.460000
1970-02-24,754.420000
1970-02-25,768.280000
1970-02-26,764.450000
1970-02-27,777.590000
1970-03-02,780.230000
1970-03-03,787.420000
1970-03-04,788.150000
1970-03-05,787.550000
1970-03-06,784.120000
1970-03-09,778.310000
1970-03-10,779.700000
1970-03-11,778.120000
1970-03-12,776.470000
1970-03-13,772.110000
1970-03-16,765.050000
1970-03-17,767.420000
1970-03-18,767.950000
1970-03-19,764.980000
1970-03-20,763.660000
1970-03-23,763.600000
1970-03-24,773.760000
1970-03-25,790.130000
1970-03-26,791.050000
1970-03-30,784.650000
1970-03-31,785.570000
1970-04-01,792.040000
1970-04-02,792.370000
1970-04-03,791.840000
1970-04-06,791.180000
1970-04-07,791.640000
1970-04-08,791.640000
1970-04-09,792.500000
1970-04-10,790.460000
1970-04-13,785.900000
1970-04-14,780.560000
1970-04-15,782.600000
1970-04-16,775.870000
1970-04-17,775.940000
1970-04-20,775.870000
1970-04-21,772.510000
1970-04-22,762.610000
1970-04-23,750.590000
1970-04-24,747.290000
1970-04-27,735.150000
1970-04-28,724.330000
1970-04-29,737.390000
1970-04-30,736.070000
1970-05-01,733.630000
1970-05-04,714.560000
1970-05-05,709.740000
1970-05-06,718.390000
1970-05-07,723.070000
1970-05-08,717.730000
1970-05-11,710.070000
1970-05-12,704.590000
1970-05-13,693.840000
1970-05-14,684.790000
1970-05-15,702.220000
1970-05-18,702.810000
1970-05-19,691.400000
1970-05-20,676.550000
1970-05-21,665.250000
1970-05-22,662.170000
1970-05-25,641.360000
1970-05-26,631.160000
1970-05-27,663.200000
1970-05-28,684.150000
1970-05-29,700.440000
1970-06-01,710.360000
1970-06-02,709.610000
1970-06-03,713.860000
1970-06-04,706.530000
1970-06-05,695.030000
1970-06-08,700.230000
1970-06-09,700.160000
1970-06-10,694.350000
1970-06-11,684.420000
1970-06-12,684.210000
1970-06-15,687.360000
1970-06-16,706.260000
1970-06-17,704.680000
1970-06-18,712.690000
1970-06-19,720.430000
1970-06-22,716.110000
1970-06-23,698.110000
1970-06-24,692.290000
1970-06-25,693.590000
1970-06-26,687.840000
1970-06-29,682.910000
1970-06-30,683.530000
1970-07-01,687.640000
1970-07-02,689.140000
1970-07-06,675.660000
1970-07-07,669.360000
1970-07-08,682.090000
1970-07-09,692.770000
1970-07-10,700.100000
1970-07-13,702.220000
1970-07-14,703.040000
1970-07-15,711.660000
1970-07-16,723.440000
1970-07-17,735.080000
1970-07-20,733.910000
1970-07-21,722.070000
1970-07-22,724.670000
1970-07-23,732.680000
1970-07-24,730.220000
1970-07-27,730.080000
1970-07-28,731.450000
1970-07-29,735.560000
1970-07-30,734.730000
1970-07-31,734.120000
1970-08-03,722.960000
1970-08-04,725.900000
1970-08-05,724.810000
1970-08-06,722.820000
1970-08-07,725.700000
1970-08-10,713.920000
1970-08-11,712.550000
1970-08-12,710.640000
1970-08-13,707.350000
1970-08-14,710.840000
1970-08-17,709.060000
1970-08-18,716.660000
1970-08-19,723.990000
1970-08-20,729.600000
1970-08-21,745.410000
1970-08-24,759.580000
1970-08-25,758.970000
1970-08-26,760.470000
1970-08-27,759.790000
1970-08-28,765.810000
1970-08-31,764.580000
1970-09-01,758.150000
1970-09-02,756.640000
1970-09-03,765.270000
1970-09-04,771.150000
1970-09-08,773.140000
1970-09-09,766.430000
1970-09-10,760.750000
1970-09-11,761.840000
1970-09-14,757.120000
1970-09-15,750.550000
1970-09-16,754.310000
1970-09-17,757.670000
1970-09-18,758.490000
1970-09-21,751.920000
1970-09-22,747.470000
1970-09-23,754.380000
1970-09-24,759.310000
1970-09-25,761.770000
1970-09-28,758.970000
1970-09-29,760.880000
1970-09-30,760.680000
1970-10-01,760.680000
1970-10-02,766.160000
1970-10-05,776.700000
1970-10-06,782.450000
1970-10-07,783.680000
1970-10-08,777.040000
1970-10-09,768.690000
1970-10-12,764.240000
1970-10-13,760.060000
1970-10-14,762.730000
1970-10-15,767.870000
1970-10-16,763.350000
1970-10-19,756.500000
1970-10-20,758.830000
1970-10-21,759.650000
1970-10-22,757.870000
1970-10-23,759.380000
1970-10-26,756.430000
1970-10-27,754.450000
1970-10-28,755.960000
1970-10-29,753.560000
1970-10-30,755.610000
1970-11-02,758.010000
1970-11-03,768.070000
1970-11-04,770.810000
1970-11-05,771.560000
1970-11-06,771.970000
1970-11-09,777.660000
1970-11-10,777.380000
1970-11-11,779.500000
1970-11-12,768.000000
1970-11-13,759.790000
1970-11-16,760.130000
1970-11-17,760.470000
1970-11-18,754.240000
1970-11-19,755.820000
1970-11-20,761.570000
1970-11-23,767.520000
1970-11-24,772.730000
1970-11-25,774.710000
1970-11-27,781.350000
1970-11-30,794.090000
1970-12-01,794.290000
1970-12-02,802.640000
1970-12-03,808.530000
1970-12-04,816.060000
1970-12-07,818.660000
1970-12-08,815.100000
1970-12-09,815.240000
1970-12-10,821.060000
1970-12-11,825.920000
1970-12-14,823.180000
1970-12-15,819.620000
1970-12-16,819.070000
1970-12-17,822.150000
1970-12-18,822.770000
1970-12-21,821.540000
1970-12-22,822.770000
1970-12-23,823.110000
1970-12-24,828.380000
1970-12-28,830.910000
1970-12-29,842.000000
1970-12-30,841.320000
1970-12-31,838.920000
1971-01-04,830.570000
1971-01-05,835.770000
1971-01-06,837.970000
1971-01-07,837.830000
1971-01-08,837.010000
1971-01-11,837.210000
1971-01-12,844.190000
1971-01-13,841.110000
1971-01-14,843.310000
1971-01-15,845.700000
1971-01-18,847.820000
1971-01-19,849.470000
1971-01-20,849.950000
1971-01-21,854.740000
1971-01-22,861.310000
1971-01-25,865.620000
1971-01-26,866.790000
1971-01-27,860.830000
1971-01-28,865.140000
1971-01-29,868.500000
1971-02-01,877.810000
1971-02-02,874.590000
1971-02-03,876.230000
1971-02-04,874.790000
1971-02-05,876.570000
1971-02-08,882.120000
1971-02-09,879.790000
1971-02-10,881.090000
1971-02-11,885.340000
1971-02-12,888.830000
1971-02-16,890.060000
1971-02-17,887.870000
1971-02-18,885.060000
1971-02-19,878.560000
1971-02-22,868.980000
1971-02-23,870.000000
1971-02-24,875.620000
1971-02-25,881.980000
1971-02-26,878.830000
1971-03-01,882.530000
1971-03-02,883.010000
1971-03-03,882.390000
1971-03-04,891.360000
1971-03-05,898.000000
1971-03-08,898.620000
1971-03-09,899.100000
1971-03-10,895.880000
1971-03-11,899.440000
1971-03-12,898.340000
1971-03-15,908.200000
1971-03-16,914.640000
1971-03-17,914.020000
1971-03-18,916.830000
1971-03-19,912.920000
1971-03-22,910.600000
1971-03-23,908.890000
1971-03-24,899.370000
1971-03-25,900.810000
1971-03-26,903.480000
1971-03-29,903.480000
1971-03-30,903.390000
1971-03-31,904.370000
1971-04-01,903.880000
1971-04-02,903.040000
1971-04-05,905.070000
1971-04-06,912.730000
1971-04-07,918.490000
1971-04-08,920.390000
1971-04-12,926.640000
1971-04-13,927.280000
1971-04-14,932.550000
1971-04-15,938.170000
1971-04-16,940.210000
1971-04-19,948.850000
1971-04-20,944.420000
1971-04-21,941.330000
1971-04-22,940.630000
1971-04-23,947.790000
1971-04-26,944.000000
1971-04-27,947.090000
1971-04-28,950.820000
1971-04-29,948.150000
1971-04-30,941.750000
1971-05-03,932.410000
1971-05-04,938.450000
1971-05-05,939.920000
1971-05-06,937.390000
1971-05-07,936.970000
1971-05-10,932.550000
1971-05-11,937.230000
1971-05-12,937.460000
1971-05-13,936.340000
1971-05-14,936.060000
1971-05-17,921.300000
1971-05-18,918.560000
1971-05-19,920.040000
1971-05-20,923.410000
1971-05-21,921.870000
1971-05-24,913.150000
1971-05-25,906.690000
1971-05-26,906.410000
1971-05-27,905.780000
1971-05-28,907.810000
1971-06-01,913.650000
1971-06-02,919.620000
1971-06-03,921.300000
1971-06-04,922.150000
1971-06-07,923.060000
1971-06-08,915.010000
1971-06-09,912.460000
1971-06-10,915.960000
1971-06-11,916.470000
1971-06-14,907.710000
1971-06-15,907.200000
1971-06-16,908.590000
1971-06-17,906.250000
1971-06-18,889.160000
1971-06-21,876.530000
1971-06-22,874.420000
1971-06-23,879.450000
1971-06-24,877.260000
1971-06-25,876.680000
1971-06-28,873.100000
1971-06-29,882.300000
1971-06-30,891.140000
1971-07-01,893.030000
1971-07-02,890.190000
1971-07-06,892.300000
1971-07-07,895.880000
1971-07-08,900.990000
1971-07-09,901.800000
1971-07-12,903.400000
1971-07-13,892.380000
1971-07-14,891.230000
1971-07-15,888.870000
1971-07-16,888.510000
1971-07-19,886.390000
1971-07-20,892.300000
1971-07-21,890.840000
1971-07-22,886.680000
1971-07-23,887.780000
1971-07-26,888.870000
1971-07-27,880.700000
1971-07-28,872.010000
1971-07-29,861.420000
1971-07-30,858.430000
1971-08-02,864.920000
1971-08-03,850.030000
1971-08-04,844.920000
1971-08-05,849.450000
1971-08-06,850.610000
1971-08-09,842.650000
1971-08-10,839.590000
1971-08-11,846.380000
1971-08-12,859.010000
1971-08-13,856.020000
1971-08-16,888.950000
1971-08-17,899.900000
1971-08-18,886.170000
1971-08-19,880.770000
1971-08-20,880.910000
1971-08-23,892.380000
1971-08-24,904.130000
1971-08-25,908.370000
1971-08-26,906.100000
1971-08-27,908.150000
1971-08-30,901.430000
1971-08-31,898.070000
1971-09-01,899.020000
1971-09-02,900.630000
1971-09-03,912.750000
1971-09-07,916.470000
1971-09-08,920.930000
1971-09-09,915.890000
1971-09-10,911.000000
1971-09-13,909.390000
1971-09-14,901.650000
1971-09-15,904.860000
1971-09-16,903.110000
1971-09-17,908.220000
1971-09-20,905.150000
1971-09-21,903.400000
1971-09-22,893.550000
1971-09-23,891.280000
1971-09-24,889.310000
1971-09-27,883.470000
1971-09-28,884.420000
1971-09-29,883.830000
1971-09-30,887.190000
1971-10-01,893.980000
1971-10-04,895.660000
1971-10-05,891.140000
1971-10-06,900.550000
1971-10-07,901.800000
1971-10-08,893.910000
1971-10-11,891.940000
1971-10-12,893.550000
1971-10-13,888.800000
1971-10-14,878.360000
1971-10-15,874.580000
1971-10-18,872.440000
1971-10-19,868.430000
1971-10-20,855.650000
1971-10-21,854.850000
1971-10-22,852.370000
1971-10-25,848.500000
1971-10-26,845.360000
1971-10-27,836.380000
1971-10-28,837.620000
1971-10-29,839.000000
1971-11-01,825.860000
1971-11-02,827.980000
1971-11-03,842.580000
1971-11-04,843.170000
1971-11-05,840.390000
1971-11-08,837.540000
1971-11-09,837.910000
1971-11-10,826.150000
1971-11-11,814.910000
1971-11-12,812.940000
1971-11-15,810.530000
1971-11-16,818.710000
1971-11-17,822.140000
1971-11-18,815.350000
1971-11-19,810.670000
1971-11-22,803.150000
1971-11-23,797.970000
1971-11-24,798.630000
1971-11-26,816.590000
1971-11-29,829.730000
1971-11-30,831.340000
1971-12-01,846.010000
1971-12-02,848.790000
1971-12-03,859.590000
1971-12-06,855.720000
1971-12-07,857.400000
1971-12-08,854.850000
1971-12-09,852.150000
1971-12-10,856.750000
1971-12-13,858.790000
1971-12-14,855.140000
1971-12-15,863.760000
1971-12-16,871.390000
1971-12-17,873.800000
1971-12-20,885.010000
1971-12-21,888.320000
1971-12-22,884.860000
1971-12-23,881.170000
1971-12-27,881.470000
1971-12-28,889.980000
1971-12-29,893.660000
1971-12-30,889.070000
1971-12-31,890.200000
1972-01-03,889.300000
1972-01-04,892.230000
1972-01-05,904.430000
1972-01-06,908.490000
1972-01-07,910.370000
1972-01-10,907.960000
1972-01-11,912.100000
1972-01-12,910.820000
1972-01-13,905.180000
1972-01-14,906.680000
1972-01-17,911.120000
1972-01-18,917.220000
1972-01-19,914.960000
1972-01-20,910.300000
1972-01-21,907.440000
1972-01-24,896.820000
1972-01-25,894.720000
1972-01-26,889.150000
1972-01-27,889.830000
1972-01-28,906.380000
1972-01-31,902.170000
1972-02-01,901.790000
1972-02-02,905.850000
1972-02-03,903.150000
1972-02-04,906.680000
1972-02-07,903.970000
1972-02-08,907.130000
1972-02-09,918.720000
1972-02-10,921.280000
1972-02-11,917.590000
1972-02-14,910.900000
1972-02-15,914.510000
1972-02-16,922.940000
1972-02-17,922.030000
1972-02-18,917.520000
1972-02-22,913.460000
1972-02-23,911.880000
1972-02-24,912.700000
1972-02-25,922.790000
1972-02-28,924.290000
1972-02-29,928.130000
1972-03-01,935.430000
1972-03-02,933.770000
1972-03-03,942.430000
1972-03-06,950.180000
1972-03-07,946.870000
1972-03-08,945.590000
1972-03-09,942.810000
1972-03-10,939.870000
1972-03-13,928.660000
1972-03-14,934.000000
1972-03-15,937.310000
1972-03-16,936.710000
1972-03-17,942.880000
1972-03-20,941.150000
1972-03-21,934.000000
1972-03-22,933.930000
1972-03-23,944.690000
1972-03-24,942.280000
1972-03-27,939.720000
1972-03-28,937.010000
1972-03-29,933.020000
1972-03-30,940.700000
1972-04-03,940.920000
1972-04-04,943.410000
1972-04-05,954.550000
1972-04-06,959.440000
1972-04-07,962.600000
1972-04-10,958.080000
1972-04-11,962.600000
1972-04-12,966.960000
1972-04-13,965.530000
1972-04-14,967.720000
1972-04-17,966.590000
1972-04-18,968.920000
1972-04-19,964.780000
1972-04-20,966.290000
1972-04-21,963.800000
1972-04-24,957.480000
1972-04-25,946.490000
1972-04-26,946.940000
1972-04-27,945.970000
1972-04-28,954.170000
1972-05-01,942.280000
1972-05-02,935.200000
1972-05-03,933.470000
1972-05-04,937.310000
1972-05-05,941.230000
1972-05-08,937.840000
1972-05-09,925.120000
1972-05-10,931.070000
1972-05-11,934.830000
1972-05-12,941.830000
1972-05-15,942.200000
1972-05-16,939.270000
1972-05-17,941.150000
1972-05-18,951.230000
1972-05-19,961.540000
1972-05-22,965.310000
1972-05-23,962.300000
1972-05-24,965.460000
1972-05-25,969.070000
1972-05-26,971.250000
1972-05-30,971.180000
1972-05-31,960.720000
1972-06-01,960.720000
1972-06-02,961.390000
1972-06-05,954.390000
1972-06-06,951.460000
1972-06-07,944.080000
1972-06-08,941.300000
1972-06-09,934.450000
1972-06-12,936.710000
1972-06-13,938.290000
1972-06-14,946.790000
1972-06-15,945.970000
1972-06-16,945.060000
1972-06-19,941.830000
1972-06-20,948.220000
1972-06-21,951.610000
1972-06-22,950.710000
1972-06-23,944.690000
1972-06-26,936.410000
1972-06-27,935.280000
1972-06-28,930.840000
1972-06-29,926.250000
1972-06-30,929.030000
1972-07-03,928.660000
1972-07-05,933.470000
1972-07-06,942.130000
1972-07-07,938.060000
1972-07-10,932.270000
1972-07-11,925.870000
1972-07-12,923.690000
1972-07-13,916.990000
1972-07-14,922.260000
1972-07-17,914.960000
1972-07-18,911.720000
1972-07-19,916.690000
1972-07-20,910.450000
1972-07-21,920.450000
1972-07-24,935.360000
1972-07-25,934.450000
1972-07-26,932.570000
1972-07-27,926.850000
1972-07-28,926.700000
1972-07-31,924.740000
1972-08-01,930.460000
1972-08-02,941.150000
1972-08-03,947.700000
1972-08-04,951.760000
1972-08-07,953.120000
1972-08-08,952.440000
1972-08-09,951.160000
1972-08-10,952.890000
1972-08-11,964.180000
1972-08-14,973.510000
1972-08-15,969.970000
1972-08-16,964.250000
1972-08-17,961.390000
1972-08-18,965.830000
1972-08-21,967.190000
1972-08-22,973.510000
1972-08-23,970.350000
1972-08-24,958.380000
1972-08-25,959.360000
1972-08-28,956.950000
1972-08-29,954.700000
1972-08-30,957.860000
1972-08-31,963.730000
1972-09-01,970.050000
1972-09-05,969.370000
1972-09-06,963.430000
1972-09-07,962.450000
1972-09-08,961.240000
1972-09-11,955.000000
1972-09-12,946.040000
1972-09-13,949.880000
1972-09-14,947.550000
1972-09-15,947.320000
1972-09-18,945.360000
1972-09-19,943.180000
1972-09-20,940.250000
1972-09-21,939.490000
1972-09-22,943.030000
1972-09-25,935.730000
1972-09-26,936.560000
1972-09-27,947.250000
1972-09-28,955.150000
1972-09-29,953.270000
1972-10-02,953.270000
1972-10-03,954.470000
1972-10-04,951.310000
1972-10-05,941.300000
1972-10-06,945.360000
1972-10-09,948.750000
1972-10-10,951.840000
1972-10-11,946.420000
1972-10-12,937.460000
1972-10-13,930.460000
1972-10-16,921.660000
1972-10-17,926.480000
1972-10-18,932.340000
1972-10-19,932.120000
1972-10-20,942.810000
1972-10-23,951.310000
1972-10-24,952.510000
1972-10-25,951.380000
1972-10-26,950.560000
1972-10-27,946.420000
1972-10-30,946.420000
1972-10-31,955.520000
1972-11-01,968.540000
1972-11-02,973.060000
1972-11-03,984.120000
1972-11-06,984.800000
1972-11-08,983.740000
1972-11-09,988.260000
1972-11-10,995.260000
1972-11-13,997.070000
1972-11-14,1003.160000
1972-11-15,998.420000
1972-11-16,1003.690000
1972-11-17,1005.570000
1972-11-20,1005.040000
1972-11-21,1013.250000
1972-11-22,1020.540000
1972-11-24,1025.210000
1972-11-27,1017.760000
1972-11-28,1019.340000
1972-11-29,1018.810000
1972-11-30,1018.210000
1972-12-01,1023.930000
1972-12-04,1027.020000
1972-12-05,1022.950000
1972-12-06,1027.540000
1972-12-07,1033.260000
1972-12-08,1033.190000
1972-12-11,1036.270000
1972-12-12,1033.190000
1972-12-13,1030.480000
1972-12-14,1025.060000
1972-12-15,1027.240000
1972-12-18,1013.250000
1972-12-19,1009.180000
1972-12-20,1004.820000
1972-12-21,1000.000000
1972-12-22,1004.210000
1972-12-26,1006.700000
1972-12-27,1007.680000
1972-12-29,1020.020000
1973-01-02,1031.680000
1973-01-03,1043.800000
1973-01-04,1039.810000
1973-01-05,1047.490000
1973-01-08,1047.860000
1973-01-09,1047.110000
1973-01-10,1046.060000
1973-01-11,1051.700000
1973-01-12,1039.360000
1973-01-15,1025.590000
1973-01-16,1024.310000
1973-01-17,1029.120000
1973-01-18,1029.120000
1973-01-19,1026.190000
1973-01-22,1018.810000
1973-01-23,1018.660000
1973-01-24,1004.590000
1973-01-26,1003.540000
1973-01-29,996.460000
1973-01-30,992.930000
1973-01-31,999.020000
1973-02-01,985.780000
1973-02-02,980.810000
1973-02-05,978.400000
1973-02-06,979.910000
1973-02-07,968.320000
1973-02-08,967.190000
1973-02-09,979.460000
1973-02-12,991.570000
1973-02-13,996.760000
1973-02-14,979.910000
1973-02-15,973.130000
1973-02-16,979.230000
1973-02-20,983.590000
1973-02-21,974.340000
1973-02-22,971.780000
1973-02-23,959.890000
1973-02-26,953.790000
1973-02-27,947.920000
1973-02-28,955.070000
1973-03-01,949.650000
1973-03-02,961.320000
1973-03-05,966.890000
1973-03-06,979.000000
1973-03-07,979.980000
1973-03-08,976.440000
1973-03-09,972.230000
1973-03-12,969.750000
1973-03-13,976.070000
1973-03-14,978.850000
1973-03-15,969.820000
1973-03-16,963.050000
1973-03-19,952.060000
1973-03-20,949.430000
1973-03-21,938.370000
1973-03-22,925.200000
1973-03-23,922.710000
1973-03-26,927.900000
1973-03-27,944.910000
1973-03-28,948.000000
1973-03-29,959.140000
1973-03-30,951.010000
1973-04-02,936.180000
1973-04-03,927.750000
1973-04-04,925.050000
1973-04-05,923.460000
1973-04-06,931.070000
1973-04-09,947.550000
1973-04-10,960.490000
1973-04-11,967.410000
1973-04-12,964.030000
1973-04-13,959.360000
1973-04-16,956.730000
1973-04-17,953.420000
1973-04-18,958.310000
1973-04-19,963.200000
1973-04-23,955.370000
1973-04-24,940.770000
1973-04-25,930.540000
1973-04-26,937.760000
1973-04-27,922.190000
1973-04-30,921.430000
1973-05-01,921.210000
1973-05-02,932.340000
1973-05-03,945.670000
1973-05-04,953.870000
1973-05-07,950.710000
1973-05-08,956.580000
1973-05-09,949.050000
1973-05-10,939.340000
1973-05-11,927.980000
1973-05-14,909.690000
1973-05-15,917.440000
1973-05-16,917.140000
1973-05-17,911.720000
1973-05-18,895.170000
1973-05-21,886.510000
1973-05-22,892.460000
1973-05-23,895.020000
1973-05-24,924.440000
1973-05-25,930.840000
1973-05-29,925.570000
1973-05-30,908.870000
1973-05-31,901.410000
1973-06-01,893.960000
1973-06-04,885.910000
1973-06-05,900.810000
1973-06-06,898.180000
1973-06-07,909.620000
1973-06-08,920.000000
1973-06-11,915.110000
1973-06-12,927.000000
1973-06-13,915.490000
1973-06-14,902.920000
1973-06-15,888.550000
1973-06-18,875.080000
1973-06-19,881.550000
1973-06-20,884.710000
1973-06-21,873.650000
1973-06-22,879.820000
1973-06-25,869.130000
1973-06-26,879.440000
1973-06-27,884.630000
1973-06-28,894.640000
1973-06-29,891.710000
1973-07-02,880.570000
1973-07-03,874.170000
1973-07-05,874.320000
1973-07-06,870.110000
1973-07-09,877.260000
1973-07-10,888.320000
1973-07-11,908.190000
1973-07-12,901.940000
1973-07-13,885.990000
1973-07-16,897.580000
1973-07-17,898.030000
1973-07-18,905.400000
1973-07-19,906.680000
1973-07-20,910.900000
1973-07-23,913.150000
1973-07-24,918.720000
1973-07-25,933.020000
1973-07-26,934.530000
1973-07-27,936.710000
1973-07-30,933.770000
1973-07-31,926.400000
1973-08-01,912.180000
1973-08-02,910.140000
1973-08-03,908.870000
1973-08-06,912.780000
1973-08-07,911.950000
1973-08-08,902.020000
1973-08-09,901.490000
1973-08-10,892.380000
1973-08-13,883.200000
1973-08-14,870.710000
1973-08-15,874.170000
1973-08-16,872.740000
1973-08-17,871.840000
1973-08-20,867.400000
1973-08-21,857.840000
1973-08-22,851.900000
1973-08-23,864.460000
1973-08-24,863.490000
1973-08-27,870.710000
1973-08-28,872.070000
1973-08-29,883.430000
1973-08-30,882.530000
1973-08-31,887.570000
1973-09-04,895.390000
1973-09-05,899.080000
1973-09-06,901.040000
1973-09-07,898.630000
1973-09-10,891.330000
1973-09-11,885.760000
1973-09-12,881.320000
1973-09-13,880.570000
1973-09-14,886.360000
1973-09-17,892.990000
1973-09-18,891.260000
1973-09-19,910.370000
1973-09-20,920.530000
1973-09-21,927.900000
1973-09-24,936.710000
1973-09-25,940.550000
1973-09-26,949.500000
1973-09-27,953.270000
1973-09-28,947.100000
1973-10-01,948.830000
1973-10-02,956.800000
1973-10-03,964.550000
1973-10-04,955.900000
1973-10-05,971.250000
1973-10-08,977.650000
1973-10-09,974.190000
1973-10-10,960.570000
1973-10-11,976.070000
1973-10-12,978.630000
1973-10-15,967.040000
1973-10-16,967.410000
1973-10-17,962.520000
1973-10-18,959.740000
1973-10-19,963.730000
1973-10-22,960.570000
1973-10-23,966.510000
1973-10-24,971.850000
1973-10-25,974.490000
1973-10-26,987.060000
1973-10-29,984.800000
1973-10-30,968.540000
1973-10-31,956.580000
1973-11-01,948.830000
1973-11-02,935.280000
1973-11-05,919.400000
1973-11-06,913.080000
1973-11-07,920.080000
1973-11-08,932.650000
1973-11-09,908.410000
1973-11-12,897.650000
1973-11-13,891.030000
1973-11-14,869.880000
1973-11-15,874.550000
1973-11-16,891.330000
1973-11-19,862.660000
1973-11-20,844.900000
1973-11-21,854.980000
1973-11-23,854.000000
1973-11-26,824.950000
1973-11-27,817.730000
1973-11-28,839.780000
1973-11-29,835.110000
1973-11-30,822.250000
1973-12-03,806.520000
1973-12-04,803.210000
1973-12-05,788.310000
1973-12-06,814.120000
1973-12-07,838.050000
1973-12-10,851.140000
1973-12-11,834.180000
1973-12-12,810.730000
1973-12-13,800.430000
1973-12-14,815.650000
1973-12-17,811.120000
1973-12-18,829.490000
1973-12-19,829.570000
1973-12-20,828.110000
1973-12-21,818.730000
1973-12-24,814.810000
1973-12-26,837.560000
1973-12-27,851.010000
1973-12-28,848.020000
1973-12-31,850.860000
1974-01-02,855.320000
1974-01-03,880.690000
1974-01-04,880.230000
1974-01-07,876.850000
1974-01-08,861.780000
1974-01-09,834.790000
1974-01-10,823.110000
1974-01-11,841.480000
1974-01-14,840.180000
1974-01-15,846.400000
1974-01-16,856.090000
1974-01-17,872.160000
1974-01-18,855.470000
1974-01-21,854.630000
1974-01-22,863.470000
1974-01-23,871.000000
1974-01-24,863.080000
1974-01-25,859.390000
1974-01-28,853.010000
1974-01-29,852.320000
1974-01-30,862.320000
1974-01-31,855.550000
1974-02-01,843.940000
1974-02-04,821.500000
1974-02-05,820.640000
1974-02-06,824.620000
1974-02-07,828.460000
1974-02-08,820.400000
1974-02-11,803.900000
1974-02-12,806.630000
1974-02-13,806.870000
1974-02-14,809.920000
1974-02-15,820.320000
1974-02-19,819.540000
1974-02-20,831.040000
1974-02-21,846.840000
1974-02-22,855.990000
1974-02-25,851.380000
1974-02-26,859.510000
1974-02-27,863.420000
1974-02-28,860.530000
1974-03-01,851.920000
1974-03-04,853.180000
1974-03-05,872.420000
1974-03-06,879.850000
1974-03-07,869.060000
1974-03-08,878.050000
1974-03-11,888.450000
1974-03-12,887.120000
1974-03-13,891.660000
1974-03-14,889.780000
1974-03-15,887.830000
1974-03-18,874.220000
1974-03-19,867.570000
1974-03-20,872.340000
1974-03-21,875.470000
1974-03-22,878.130000
1974-03-25,881.020000
1974-03-26,883.680000
1974-03-27,871.170000
1974-03-28,854.350000
1974-03-29,846.680000
1974-04-01,843.480000
1974-04-02,846.610000
1974-04-03,858.030000
1974-04-04,858.890000
1974-04-05,847.540000
1974-04-08,839.960000
1974-04-09,846.840000
1974-04-10,843.710000
1974-04-11,844.810000
1974-04-15,843.790000
1974-04-16,861.230000
1974-04-17,867.410000
1974-04-18,869.920000
1974-04-19,859.900000
1974-04-22,858.570000
1974-04-23,845.980000
1974-04-24,832.370000
1974-04-25,827.680000
1974-04-26,834.640000
1974-04-29,835.420000
1974-04-30,836.750000
1974-05-01,853.880000
1974-05-02,851.060000
1974-05-03,845.900000
1974-05-06,844.880000
1974-05-07,847.150000
1974-05-08,850.990000
1974-05-09,865.770000
1974-05-10,850.440000
1974-05-13,845.590000
1974-05-14,847.860000
1974-05-15,846.060000
1974-05-16,835.340000
1974-05-17,818.840000
1974-05-20,812.420000
1974-05-21,809.530000
1974-05-22,802.570000
1974-05-23,805.230000
1974-05-24,816.650000
1974-05-28,814.300000
1974-05-29,795.370000
1974-05-30,803.580000
1974-05-31,802.170000
1974-06-03,821.260000
1974-06-04,828.690000
1974-06-05,830.180000
1974-06-06,845.350000
1974-06-07,853.720000
1974-06-10,859.670000
1974-06-11,852.080000
1974-06-12,848.560000
1974-06-13,852.080000
1974-06-14,843.090000
1974-06-17,833.230000
1974-06-18,830.260000
1974-06-19,826.110000
1974-06-20,820.790000
1974-06-21,815.390000
1974-06-24,816.330000
1974-06-25,828.850000
1974-06-26,816.960000
1974-06-27,803.660000
1974-06-28,802.410000
1974-07-01,806.240000
1974-07-02,790.680000
1974-07-03,792.870000
1974-07-05,791.770000
1974-07-08,770.570000
1974-07-09,772.290000
1974-07-10,762.120000
1974-07-11,759.620000
1974-07-12,787.230000
1974-07-15,786.610000
1974-07-16,775.970000
1974-07-17,784.970000
1974-07-18,789.190000
1974-07-19,787.940000
1974-07-22,790.360000
1974-07-23,797.720000
1974-07-24,805.770000
1974-07-25,795.680000
1974-07-26,784.570000
1974-07-29,770.890000
1974-07-30,765.570000
1974-07-31,757.430000
1974-08-01,751.100000
1974-08-02,752.580000
1974-08-05,760.400000
1974-08-06,773.780000
1974-08-07,797.560000
1974-08-08,784.890000
1974-08-09,777.300000
1974-08-12,767.290000
1974-08-13,756.440000
1974-08-14,740.540000
1974-08-15,737.880000
1974-08-16,731.540000
1974-08-19,721.840000
1974-08-20,726.850000
1974-08-21,711.590000
1974-08-22,704.630000
1974-08-23,686.800000
1974-08-26,688.130000
1974-08-27,671.540000
1974-08-28,666.610000
1974-08-29,656.840000
1974-08-30,678.580000
1974-09-03,663.330000
1974-09-04,648.000000
1974-09-05,670.760000
1974-09-06,677.880000
1974-09-09,662.940000
1974-09-10,658.170000
1974-09-11,654.720000
1974-09-12,641.740000
1974-09-13,627.190000
1974-09-16,639.790000
1974-09-17,648.780000
1974-09-18,651.910000
1974-09-19,674.050000
1974-09-20,670.760000
1974-09-23,663.720000
1974-09-24,654.100000
1974-09-25,649.950000
1974-09-26,637.980000
1974-09-27,621.950000
1974-09-30,607.870000
1974-10-01,604.820000
1974-10-02,601.530000
1974-10-03,587.610000
1974-10-04,584.560000
1974-10-07,607.560000
1974-10-08,602.630000
1974-10-09,631.020000
1974-10-10,648.080000
1974-10-11,658.170000
1974-10-14,673.500000
1974-10-15,658.400000
1974-10-16,642.290000
1974-10-17,651.440000
1974-10-18,654.880000
1974-10-21,669.820000
1974-10-22,662.860000
1974-10-23,645.030000
1974-10-24,636.260000
1974-10-25,636.190000
1974-10-28,633.840000
1974-10-29,659.340000
1974-10-30,673.030000
1974-10-31,665.520000
1974-11-01,665.280000
1974-11-04,657.230000
1974-11-05,674.750000
1974-11-06,669.120000
1974-11-07,671.930000
1974-11-08,667.160000
1974-11-11,672.640000
1974-11-12,659.180000
1974-11-13,659.180000
1974-11-14,658.400000
1974-11-15,647.610000
1974-11-18,624.920000
1974-11-19,614.050000
1974-11-20,609.590000
1974-11-21,608.570000
1974-11-22,615.300000
1974-11-25,611.940000
1974-11-26,617.260000
1974-11-27,619.290000
1974-11-29,618.660000
1974-12-02,603.020000
1974-12-03,596.610000
1974-12-04,598.640000
1974-12-05,587.060000
1974-12-06,577.600000
1974-12-09,579.940000
1974-12-10,593.870000
1974-12-11,595.350000
1974-12-12,596.370000
1974-12-13,592.770000
1974-12-16,586.830000
1974-12-17,597.540000
1974-12-18,603.490000
1974-12-19,604.430000
1974-12-20,598.480000
1974-12-23,589.640000
1974-12-24,598.400000
1974-12-26,604.740000
1974-12-27,602.160000
1974-12-30,603.250000
1974-12-31,616.240000
1975-01-02,632.040000
1975-01-03,634.540000
1975-01-06,637.200000
1975-01-07,641.190000
1975-01-08,635.400000
1975-01-09,645.260000
1975-01-10,658.790000
1975-01-13,654.180000
1975-01-14,648.700000
1975-01-15,653.390000
1975-01-16,655.740000
1975-01-17,644.630000
1975-01-20,647.450000
1975-01-21,641.900000
1975-01-22,652.610000
1975-01-23,656.760000
1975-01-24,666.610000
1975-01-27,692.660000
1975-01-28,694.770000
1975-01-29,705.960000
1975-01-30,696.420000
1975-01-31,703.690000
1975-02-03,711.440000
1975-02-04,708.070000
1975-02-05,717.850000
1975-02-06,714.170000
1975-02-07,711.910000
1975-02-10,708.390000
1975-02-11,707.600000
1975-02-12,715.030000
1975-02-13,726.920000
1975-02-14,734.200000
1975-02-18,731.300000
1975-02-19,736.390000
1975-02-20,745.380000
1975-02-21,749.770000
1975-02-24,736.940000
1975-02-25,719.180000
1975-02-26,728.100000
1975-02-27,731.150000
1975-02-28,739.050000
1975-03-03,753.130000
1975-03-04,757.740000
1975-03-05,752.820000
1975-03-06,761.810000
1975-03-07,770.100000
1975-03-10,776.130000
1975-03-11,770.890000
1975-03-12,763.690000
1975-03-13,762.980000
1975-03-14,773.470000
1975-03-17,786.530000
1975-03-18,779.410000
1975-03-19,769.480000
1975-03-20,764.000000
1975-03-21,763.060000
1975-03-24,743.430000
1975-03-25,747.890000
1975-03-26,766.190000
1975-03-27,770.260000
1975-03-31,768.150000
1975-04-01,761.580000
1975-04-02,760.560000
1975-04-03,752.190000
1975-04-04,747.260000
1975-04-07,742.880000
1975-04-08,749.220000
1975-04-09,767.990000
1975-04-10,781.290000
1975-04-11,789.500000
1975-04-14,806.950000
1975-04-15,815.080000
1975-04-16,815.710000
1975-04-17,819.460000
1975-04-18,808.430000
1975-04-21,815.860000
1975-04-22,814.140000
1975-04-23,802.490000
1975-04-24,803.660000
1975-04-25,811.800000
1975-04-28,810.000000
1975-04-29,803.040000
1975-04-30,821.340000
1975-05-01,830.960000
1975-05-02,848.480000
1975-05-05,855.600000
1975-05-06,834.720000
1975-05-07,836.440000
1975-05-08,840.500000
1975-05-09,850.130000
1975-05-12,847.470000
1975-05-13,850.130000
1975-05-14,858.730000
1975-05-15,848.800000
1975-05-16,837.610000
1975-05-19,837.690000
1975-05-20,830.490000
1975-05-21,818.680000
1975-05-22,818.910000
1975-05-23,831.900000
1975-05-27,826.110000
1975-05-28,817.040000
1975-05-29,815.000000
1975-05-30,832.290000
1975-06-02,846.610000
1975-06-03,846.140000
1975-06-04,839.960000
1975-06-05,842.150000
1975-06-06,839.640000
1975-06-09,830.100000
1975-06-10,822.120000
1975-06-11,824.550000
1975-06-12,819.310000
1975-06-13,824.470000
1975-06-16,834.560000
1975-06-17,828.610000
1975-06-18,827.830000
1975-06-19,845.350000
1975-06-20,855.440000
1975-06-23,864.830000
1975-06-24,869.060000
1975-06-25,872.730000
1975-06-26,874.140000
1975-06-27,873.120000
1975-06-30,878.990000
1975-07-01,877.420000
1975-07-02,870.380000
1975-07-03,871.790000
1975-07-07,861.080000
1975-07-08,857.790000
1975-07-09,871.870000
1975-07-10,871.870000
1975-07-11,871.090000
1975-07-14,875.860000
1975-07-15,881.810000
1975-07-16,872.110000
1975-07-17,864.280000
1975-07-18,862.410000
1975-07-21,854.740000
1975-07-22,846.760000
1975-07-23,836.670000
1975-07-24,840.270000
1975-07-25,834.090000
1975-07-28,827.830000
1975-07-29,824.860000
1975-07-30,831.660000
1975-07-31,831.510000
1975-08-01,826.500000
1975-08-04,818.050000
1975-08-05,810.150000
1975-08-06,813.670000
1975-08-07,815.790000
1975-08-08,817.740000
1975-08-11,823.760000
1975-08-12,828.540000
1975-08-13,820.560000
1975-08-14,817.040000
1975-08-15,825.640000
1975-08-18,822.750000
1975-08-19,808.510000
1975-08-20,793.260000
1975-08-21,791.690000
1975-08-22,804.760000
1975-08-25,812.340000
1975-08-26,803.110000
1975-08-27,807.200000
1975-08-28,829.470000
1975-08-29,835.340000
1975-09-02,823.690000
1975-09-03,832.290000
1975-09-04,838.310000
1975-09-05,835.970000
1975-09-08,840.110000
1975-09-09,827.750000
1975-09-10,817.660000
1975-09-11,812.660000
1975-09-12,809.230000
1975-09-15,803.190000
1975-09-16,795.130000
1975-09-17,799.050000
1975-09-18,814.610000
1975-09-19,829.790000
1975-09-22,820.400000
1975-09-23,819.850000
1975-09-24,826.190000
1975-09-25,820.240000
1975-09-26,818.600000
1975-09-29,805.230000
1975-09-30,793.880000
1975-10-01,784.160000
1975-10-02,794.550000
1975-10-03,813.210000
1975-10-06,819.660000
1975-10-07,816.510000
1975-10-08,823.910000
1975-10-09,824.540000
1975-10-10,823.910000
1975-10-13,837.770000
1975-10-14,835.250000
1975-10-15,837.220000
1975-10-16,837.850000
1975-10-17,832.180000
1975-10-20,842.250000
1975-10-21,846.820000
1975-10-22,849.570000
1975-10-23,855.160000
1975-10-24,840.520000
1975-10-27,838.480000
1975-10-28,851.460000
1975-10-29,838.630000
1975-10-30,839.420000
1975-10-31,836.040000
1975-11-03,825.720000
1975-11-04,830.130000
1975-11-05,836.270000
1975-11-06,840.920000
1975-11-07,835.800000
1975-11-10,835.480000
1975-11-11,838.550000
1975-11-12,852.250000
1975-11-13,851.230000
1975-11-14,853.670000
1975-11-17,856.660000
1975-11-18,855.240000
1975-11-19,848.240000
1975-11-20,843.510000
1975-11-21,840.760000
1975-11-24,845.640000
1975-11-25,855.400000
1975-11-26,858.550000
1975-11-28,860.670000
1975-12-01,856.340000
1975-12-02,843.200000
1975-12-03,825.490000
1975-12-04,829.110000
1975-12-05,818.800000
1975-12-08,821.630000
1975-12-09,824.150000
1975-12-10,833.990000
1975-12-11,832.730000
1975-12-12,832.810000
1975-12-15,836.590000
1975-12-16,844.300000
1975-12-17,846.270000
1975-12-18,852.090000
1975-12-19,844.380000
1975-12-22,838.630000
1975-12-23,843.750000
1975-12-24,851.940000
1975-12-26,859.810000
1975-12-29,856.660000
1975-12-30,852.410000
1975-12-31,852.410000
1976-01-02,858.710000
1976-01-05,877.830000
1976-01-06,890.820000
1976-01-07,898.690000
1976-01-08,907.980000
1976-01-09,911.130000
1976-01-12,922.390000
1976-01-13,912.940000
1976-01-14,929.630000
1976-01-15,924.510000
1976-01-16,929.630000
1976-01-19,943.720000
1976-01-20,949.860000
1976-01-21,946.240000
1976-01-22,943.480000
1976-01-23,953.950000
1976-01-26,961.510000
1976-01-27,957.810000
1976-01-28,951.350000
1976-01-29,968.750000
1976-01-30,975.280000
1976-02-02,971.350000
1976-02-03,972.610000
1976-02-04,976.620000
1976-02-05,964.810000
1976-02-06,954.900000
1976-02-09,957.180000
1976-02-10,968.750000
1976-02-11,971.900000
1976-02-12,966.780000
1976-02-13,958.360000
1976-02-17,950.570000
1976-02-18,960.090000
1976-02-19,975.760000
1976-02-20,987.800000
1976-02-23,985.280000
1976-02-24,993.550000
1976-02-25,994.570000
1976-02-26,978.830000
1976-02-27,972.610000
1976-03-01,975.360000
1976-03-02,985.120000
1976-03-03,978.830000
1976-03-04,970.640000
1976-03-05,972.920000
1976-03-08,988.740000
1976-03-09,993.700000
1976-03-10,995.280000
1976-03-11,1003.310000
1976-03-12,987.640000
1976-03-15,974.500000
1976-03-16,983.470000
1976-03-17,985.990000
1976-03-18,979.850000
1976-03-19,979.850000
1976-03-22,982.290000
1976-03-23,995.430000
1976-03-24,1009.210000
1976-03-25,1002.130000
1976-03-26,1003.460000
1976-03-29,997.400000
1976-03-30,992.130000
1976-03-31,999.450000
1976-04-01,994.100000
1976-04-02,991.580000
1976-04-05,1004.090000
1976-04-06,1001.650000
1976-04-07,986.220000
1976-04-08,977.090000
1976-04-09,968.280000
1976-04-12,971.270000
1976-04-13,984.260000
1976-04-14,974.650000
1976-04-15,980.480000
1976-04-19,988.110000
1976-04-20,1003.460000
1976-04-21,1011.020000
1976-04-22,1007.710000
1976-04-23,1000.710000
1976-04-26,1002.760000
1976-04-27,995.510000
1976-04-28,1000.700000
1976-04-29,1002.130000
1976-04-30,996.850000
1976-05-03,990.320000
1976-05-04,993.700000
1976-05-05,986.460000
1976-05-06,989.530000
1976-05-07,996.220000
1976-05-10,1007.480000
1976-05-11,1006.610000
1976-05-12,1005.670000
1976-05-13,1001.100000
1976-05-14,992.600000
1976-05-17,987.640000
1976-05-18,989.450000
1976-05-19,988.900000
1976-05-20,997.270000
1976-05-21,990.750000
1976-05-24,971.530000
1976-05-25,971.690000
1976-05-26,968.630000
1976-05-27,965.570000
1976-05-28,975.230000
1976-06-01,973.130000
1976-06-02,975.930000
1976-06-03,973.800000
1976-06-04,963.900000
1976-06-07,958.090000
1976-06-08,959.970000
1976-06-09,958.090000
1976-06-10,964.390000
1976-06-11,978.800000
1976-06-14,991.240000
1976-06-15,985.920000
1976-06-16,988.620000
1976-06-17,1003.190000
1976-06-18,1001.880000
1976-06-21,1007.450000
1976-06-22,997.630000
1976-06-23,996.560000
1976-06-24,1003.770000
1976-06-25,999.840000
1976-06-28,997.380000
1976-06-29,1000.650000
1976-06-30,1002.780000
1976-07-01,994.840000
1976-07-02,999.840000
1976-07-06,991.810000
1976-07-07,991.160000
1976-07-08,991.980000
1976-07-09,1003.110000
1976-07-12,1011.210000
1976-07-13,1006.060000
1976-07-14,1005.160000
1976-07-15,997.460000
1976-07-16,993.210000
1976-07-19,990.830000
1976-07-20,988.290000
1976-07-21,989.440000
1976-07-22,991.080000
1976-07-23,990.910000
1976-07-26,991.510000
1976-07-27,984.130000
1976-07-28,981.330000
1976-07-29,979.290000
1976-07-30,984.640000
1976-08-02,982.260000
1976-08-03,990.330000
1976-08-04,992.280000
1976-08-05,986.680000
1976-08-06,986.000000
1976-08-09,983.460000
1976-08-10,993.430000
1976-08-11,986.790000
1976-08-12,987.120000
1976-08-13,990.190000
1976-08-16,992.770000
1976-08-17,999.340000
1976-08-18,995.010000
1976-08-19,983.880000
1976-08-20,974.070000
1976-08-23,971.490000
1976-08-24,962.930000
1976-08-25,970.830000
1976-08-26,960.440000
1976-08-27,963.930000
1976-08-30,968.920000
1976-08-31,973.740000
1976-09-01,985.950000
1976-09-02,984.790000
1976-09-03,989.110000
1976-09-07,996.590000
1976-09-08,992.940000
1976-09-09,986.870000
1976-09-10,988.360000
1976-09-13,983.290000
1976-09-14,978.640000
1976-09-15,979.310000
1976-09-16,987.950000
1976-09-17,995.100000
1976-09-20,994.510000
1976-09-21,1014.790000
1976-09-22,1014.050000
1976-09-23,1010.800000
1976-09-24,1009.310000
1976-09-27,1013.130000
1976-09-28,994.930000
1976-09-29,991.190000
1976-09-30,990.190000
1976-10-01,979.890000
1976-10-04,977.980000
1976-10-05,966.760000
1976-10-06,959.690000
1976-10-07,965.090000
1976-10-08,952.380000
1976-10-11,940.820000
1976-10-12,932.350000
1976-10-13,948.300000
1976-10-14,935.920000
1976-10-15,937.000000
1976-10-18,946.560000
1976-10-19,949.970000
1976-10-20,954.870000
1976-10-21,944.900000
1976-10-22,938.750000
1976-10-25,938.000000
1976-10-26,948.140000
1976-10-27,956.120000
1976-10-28,952.630000
1976-10-29,964.930000
1976-11-01,966.090000
1976-11-03,956.530000
1976-11-04,960.440000
1976-11-05,943.070000
1976-11-08,933.680000
1976-11-09,930.770000
1976-11-10,924.040000
1976-11-11,931.430000
1976-11-12,927.690000
1976-11-15,935.420000
1976-11-16,935.340000
1976-11-17,938.080000
1976-11-18,950.130000
1976-11-19,948.800000
1976-11-22,955.870000
1976-11-23,949.300000
1976-11-24,950.960000
1976-11-26,956.620000
1976-11-29,950.050000
1976-11-30,947.220000
1976-12-01,949.380000
1976-12-02,946.640000
1976-12-03,950.550000
1976-12-06,961.770000
1976-12-07,960.690000
1976-12-08,963.260000
1976-12-09,970.740000
1976-12-10,973.150000
1976-12-13,974.240000
1976-12-14,980.630000
1976-12-15,983.790000
1976-12-16,981.300000
1976-12-17,979.060000
1976-12-20,972.410000
1976-12-21,978.390000
1976-12-22,984.540000
1976-12-23,985.620000
1976-12-27,996.090000
1976-12-28,1000.080000
1976-12-29,994.930000
1976-12-30,999.090000
1976-12-31,1004.650000
1977-01-03,999.750000
1977-01-04,987.870000
1977-01-05,978.060000
1977-01-06,979.890000
1977-01-07,983.130000
1977-01-10,986.870000
1977-01-11,976.650000
1977-01-12,968.250000
1977-01-13,976.150000
1977-01-14,972.160000
1977-01-17,967.250000
1977-01-18,962.430000
1977-01-19,968.670000
1977-01-20,959.030000
1977-01-21,962.430000
1977-01-24,963.600000
1977-01-25,965.920000
1977-01-26,958.530000
1977-01-27,954.540000
1977-01-28,957.530000
1977-01-31,954.370000
1977-02-01,958.360000
1977-02-02,952.790000
1977-02-03,947.140000
1977-02-04,947.890000
1977-02-07,946.310000
1977-02-08,942.240000
1977-02-09,933.840000
1977-02-10,937.920000
1977-02-11,931.520000
1977-02-14,938.330000
1977-02-15,944.320000
1977-02-16,948.300000
1977-02-17,943.730000
1977-02-18,940.240000
1977-02-22,939.910000
1977-02-23,938.250000
1977-02-24,932.600000
1977-02-25,933.430000
1977-02-28,936.420000
1977-03-01,944.730000
1977-03-02,942.070000
1977-03-03,948.640000
1977-03-04,953.460000
1977-03-07,955.120000
1977-03-08,952.040000
1977-03-09,942.900000
1977-03-10,946.730000
1977-03-11,947.720000
1977-03-14,958.360000
1977-03-15,965.010000
1977-03-16,968.000000
1977-03-17,964.840000
1977-03-18,961.020000
1977-03-21,953.540000
1977-03-22,950.960000
1977-03-23,942.320000
1977-03-24,935.670000
1977-03-25,928.860000
1977-03-28,926.110000
1977-03-29,932.010000
1977-03-30,921.210000
1977-03-31,919.130000
1977-04-01,927.360000
1977-04-04,915.560000
1977-04-05,916.140000
1977-04-06,914.730000
1977-04-07,918.880000
1977-04-11,924.100000
1977-04-12,937.160000
1977-04-13,938.180000
1977-04-14,947.000000
1977-04-15,947.760000
1977-04-18,942.760000
1977-04-19,938.770000
1977-04-20,942.590000
1977-04-21,935.800000
1977-04-22,927.070000
1977-04-25,914.600000
1977-04-26,915.620000
1977-04-27,923.760000
1977-04-28,927.320000
1977-04-29,926.900000
1977-05-02,931.220000
1977-05-03,934.190000
1977-05-04,940.720000
1977-05-05,943.440000
1977-05-06,936.740000
1977-05-09,933.090000
1977-05-10,936.140000
1977-05-11,926.900000
1977-05-12,925.540000
1977-05-13,928.340000
1977-05-16,932.500000
1977-05-17,936.480000
1977-05-18,941.910000
1977-05-19,936.480000
1977-05-20,930.460000
1977-05-23,917.060000
1977-05-24,912.400000
1977-05-25,903.240000
1977-05-26,908.070000
1977-05-27,898.830000
1977-05-31,898.660000
1977-06-01,906.550000
1977-06-02,903.150000
1977-06-03,912.230000
1977-06-06,903.040000
1977-06-07,908.670000
1977-06-08,912.990000
1977-06-09,909.850000
1977-06-10,910.790000
1977-06-13,912.400000
1977-06-14,922.570000
1977-06-15,917.570000
1977-06-16,920.450000
1977-06-17,920.450000
1977-06-20,924.270000
1977-06-21,928.600000
1977-06-22,926.310000
1977-06-23,925.370000
1977-06-24,929.700000
1977-06-27,924.100000
1977-06-28,915.620000
1977-06-29,913.330000
1977-06-30,916.300000
1977-07-01,912.650000
1977-07-05,913.590000
1977-07-06,907.730000
1977-07-07,909.510000
1977-07-08,907.990000
1977-07-11,905.530000
1977-07-12,903.410000
1977-07-13,902.990000
1977-07-15,905.950000
1977-07-18,910.600000
1977-07-19,919.270000
1977-07-20,920.480000
1977-07-21,921.780000
1977-07-22,923.420000
1977-07-25,914.240000
1977-07-26,908.180000
1977-07-27,888.430000
1977-07-28,889.990000
1977-07-29,890.070000
1977-08-01,891.810000
1977-08-02,887.390000
1977-08-03,886.000000
1977-08-04,888.170000
1977-08-05,888.690000
1977-08-08,879.420000
1977-08-09,879.420000
1977-08-10,887.040000
1977-08-11,887.430000
1977-08-12,871.100000
1977-08-15,874.130000
1977-08-16,869.280000
1977-08-17,864.690000
1977-08-18,864.260000
1977-08-19,863.480000
1977-08-22,867.290000
1977-08-23,865.560000
1977-08-24,862.870000
1977-08-25,854.120000
1977-08-26,855.420000
1977-08-29,864.090000
1977-08-30,858.890000
1977-08-31,861.490000
1977-09-01,864.860000
1977-09-02,872.310000
1977-09-06,873.270000
1977-09-07,876.390000
1977-09-08,869.160000
1977-09-09,857.040000
1977-09-12,854.380000
1977-09-13,854.560000
1977-09-14,858.710000
1977-09-15,860.790000
1977-09-16,856.810000
1977-09-19,851.520000
1977-09-20,851.780000
1977-09-21,840.960000
1977-09-22,839.410000
1977-09-23,839.140000
1977-09-26,841.650000
1977-09-27,835.850000
1977-09-28,834.720000
1977-09-29,840.090000
1977-09-30,847.110000
1977-10-03,851.960000
1977-10-04,842.000000
1977-10-05,837.320000
1977-10-06,842.080000
1977-10-07,840.350000
1977-10-10,840.260000
1977-10-11,832.290000
1977-10-12,823.980000
1977-10-13,818.170000
1977-10-14,821.640000
1977-10-17,820.340000
1977-10-18,820.510000
1977-10-19,812.200000
1977-10-20,814.800000
1977-10-21,808.300000
1977-10-24,802.320000
1977-10-25,801.540000
1977-10-26,813.410000
1977-10-27,818.610000
1977-10-28,822.680000
1977-10-31,818.350000
1977-11-01,806.910000
1977-11-02,800.850000
1977-11-03,802.670000
1977-11-04,809.940000
1977-11-07,816.440000
1977-11-08,816.270000
1977-11-09,818.430000
1977-11-10,832.550000
1977-11-11,845.890000
1977-11-14,838.360000
1977-11-15,842.780000
1977-11-16,837.060000
1977-11-17,831.860000
1977-11-18,835.760000
1977-11-21,836.110000
1977-11-22,842.520000
1977-11-23,843.300000
1977-11-25,844.420000
1977-11-28,839.570000
1977-11-29,827.270000
1977-11-30,829.700000
1977-12-01,825.710000
1977-12-02,823.980000
1977-12-05,821.030000
1977-12-06,806.910000
1977-12-07,807.430000
1977-12-08,806.910000
1977-12-09,815.230000
1977-12-12,815.750000
1977-12-13,815.230000
1977-12-14,822.680000
1977-12-15,817.910000
1977-12-16,815.320000
1977-12-19,807.950000
1977-12-20,806.220000
1977-12-21,813.930000
1977-12-22,821.810000
1977-12-23,829.870000
1977-12-27,829.700000
1977-12-28,829.700000
1977-12-29,830.390000
1977-12-30,831.170000
1978-01-03,817.740000
1978-01-04,813.580000
1978-01-05,804.920000
1978-01-06,793.490000
1978-01-09,784.560000
1978-01-10,781.530000
1978-01-11,775.900000
1978-01-12,778.150000
1978-01-13,775.730000
1978-01-16,771.740000
1978-01-17,779.020000
1978-01-18,786.300000
1978-01-19,778.670000
1978-01-20,776.940000
1978-01-23,770.700000
1978-01-24,771.570000
1978-01-25,772.440000
1978-01-26,763.340000
1978-01-27,764.120000
1978-01-30,772.440000
1978-01-31,769.920000
1978-02-01,774.340000
1978-02-02,775.380000
1978-02-03,770.960000
1978-02-06,768.620000
1978-02-07,778.850000
1978-02-08,782.660000
1978-02-09,777.810000
1978-02-10,775.990000
1978-02-13,774.430000
1978-02-14,765.160000
1978-02-15,761.690000
1978-02-16,753.290000
1978-02-17,752.690000
1978-02-21,749.310000
1978-02-22,749.050000
1978-02-23,750.950000
1978-02-24,756.240000
1978-02-27,748.350000
1978-02-28,742.120000
1978-03-01,743.330000
1978-03-02,746.450000
1978-03-03,747.310000
1978-03-06,742.720000
1978-03-07,746.790000
1978-03-08,750.870000
1978-03-09,750.000000
1978-03-10,758.580000
1978-03-13,759.960000
1978-03-14,762.560000
1978-03-15,758.580000
1978-03-16,762.820000
1978-03-17,768.710000
1978-03-20,773.820000
1978-03-21,762.820000
1978-03-22,757.540000
1978-03-23,756.500000
1978-03-27,753.210000
1978-03-28,758.840000
1978-03-29,761.780000
1978-03-30,759.620000
1978-03-31,757.360000
1978-04-03,751.040000
1978-04-04,755.370000
1978-04-05,763.080000
1978-04-06,763.950000
1978-04-07,769.580000
1978-04-10,773.650000
1978-04-11,770.180000
1978-04-12,766.290000
1978-04-13,775.210000
1978-04-14,795.130000
1978-04-17,810.120000
1978-04-18,803.270000
1978-04-19,808.040000
1978-04-20,814.540000
1978-04-21,812.800000
1978-04-24,826.060000
1978-04-25,833.590000
1978-04-26,836.970000
1978-04-27,826.920000
1978-04-28,837.320000
1978-05-01,844.330000
1978-05-02,840.180000
1978-05-03,828.830000
1978-05-04,824.410000
1978-05-05,829.090000
1978-05-08,824.580000
1978-05-09,822.070000
1978-05-10,822.160000
1978-05-11,834.200000
1978-05-12,840.700000
1978-05-15,846.760000
1978-05-16,854.300000
1978-05-17,858.370000
1978-05-18,850.920000
1978-05-19,846.850000
1978-05-22,855.420000
1978-05-23,845.290000
1978-05-24,837.920000
1978-05-25,835.410000
1978-05-26,831.690000
1978-05-30,834.200000
1978-05-31,840.610000
1978-06-01,840.700000
1978-06-02,847.540000
1978-06-05,863.830000
1978-06-06,866.510000
1978-06-07,861.920000
1978-06-08,862.090000
1978-06-09,859.230000
1978-06-12,856.720000
1978-06-13,856.980000
1978-06-14,854.560000
1978-06-15,844.250000
1978-06-16,836.970000
1978-06-19,838.620000
1978-06-20,830.040000
1978-06-21,824.930000
1978-06-22,827.700000
1978-06-23,823.020000
1978-06-26,812.280000
1978-06-27,817.310000
1978-06-28,819.910000
1978-06-29,821.640000
1978-06-30,818.950000
1978-07-03,812.890000
1978-07-05,805.790000
1978-07-06,807.170000
1978-07-07,812.460000
1978-07-10,816.790000
1978-07-11,821.290000
1978-07-12,824.930000
1978-07-13,824.760000
1978-07-14,839.830000
1978-07-17,839.050000
1978-07-18,829.000000
1978-07-19,840.700000
1978-07-20,838.620000
1978-07-21,833.420000
1978-07-24,831.600000
1978-07-25,839.570000
1978-07-26,847.190000
1978-07-27,850.570000
1978-07-28,856.290000
1978-07-31,862.270000
1978-08-01,860.710000
1978-08-02,883.490000
1978-08-03,886.870000
1978-08-04,888.430000
1978-08-07,885.050000
1978-08-08,889.210000
1978-08-09,891.630000
1978-08-10,885.480000
1978-08-11,890.850000
1978-08-14,888.170000
1978-08-15,887.130000
1978-08-16,894.580000
1978-08-17,900.120000
1978-08-18,896.830000
1978-08-21,888.950000
1978-08-22,892.410000
1978-08-23,897.000000
1978-08-24,897.350000
1978-08-25,895.530000
1978-08-28,884.880000
1978-08-29,880.200000
1978-08-30,880.720000
1978-08-31,876.820000
1978-09-01,879.330000
1978-09-05,886.610000
1978-09-06,895.790000
1978-09-07,893.710000
1978-09-08,907.740000
1978-09-11,907.740000
1978-09-12,906.440000
1978-09-13,899.600000
1978-09-14,887.040000
1978-09-15,878.550000
1978-09-18,870.150000
1978-09-19,861.570000
1978-09-20,857.160000
1978-09-21,861.140000
1978-09-22,862.440000
1978-09-25,862.350000
1978-09-26,868.160000
1978-09-27,860.190000
1978-09-28,861.310000
1978-09-29,865.820000
1978-10-02,871.360000
1978-10-03,867.900000
1978-10-04,873.960000
1978-10-05,876.470000
1978-10-06,880.020000
1978-10-09,893.190000
1978-10-10,891.630000
1978-10-11,901.420000
1978-10-12,896.740000
1978-10-13,897.090000
1978-10-16,875.170000
1978-10-17,866.340000
1978-10-18,859.670000
1978-10-19,846.410000
1978-10-20,838.010000
1978-10-23,839.660000
1978-10-24,832.550000
1978-10-25,830.210000
1978-10-26,821.120000
1978-10-27,806.050000
1978-10-30,811.850000
1978-10-31,792.450000
1978-11-01,827.790000
1978-11-02,816.960000
1978-11-03,823.110000
1978-11-06,814.880000
1978-11-07,800.070000
1978-11-08,807.610000
1978-11-09,803.970000
1978-11-10,807.090000
1978-11-13,792.010000
1978-11-14,785.260000
1978-11-15,785.600000
1978-11-16,794.180000
1978-11-17,797.730000
1978-11-20,805.610000
1978-11-21,804.050000
1978-11-22,807.000000
1978-11-24,810.120000
1978-11-27,813.840000
1978-11-28,804.140000
1978-11-29,790.110000
1978-11-30,799.030000
1978-12-01,811.500000
1978-12-04,806.830000
1978-12-05,820.510000
1978-12-06,821.900000
1978-12-07,816.090000
1978-12-08,811.850000
1978-12-11,817.670000
1978-12-12,814.970000
1978-12-13,809.860000
1978-12-14,812.540000
1978-12-15,805.350000
1978-12-18,787.510000
1978-12-19,789.850000
1978-12-20,793.660000
1978-12-21,794.790000
1978-12-22,808.470000
1978-12-26,816.010000
1978-12-27,808.560000
1978-12-28,805.960000
1978-12-29,805.010000
1979-01-02,811.420000
1979-01-03,817.390000
1979-01-04,826.140000
1979-01-05,830.730000
1979-01-08,828.140000
1979-01-09,831.430000
1979-01-10,824.930000
1979-01-11,828.050000
1979-01-12,836.280000
1979-01-15,848.670000
1979-01-16,835.590000
1979-01-17,834.200000
1979-01-18,839.140000
1979-01-19,837.490000
1979-01-22,838.530000
1979-01-23,846.850000
1979-01-24,846.410000
1979-01-25,854.640000
1979-01-26,859.750000
1979-01-29,855.770000
1979-01-30,851.780000
1979-01-31,839.220000
1979-02-01,840.870000
1979-02-02,834.630000
1979-02-05,823.980000
1979-02-06,822.850000
1979-02-07,816.010000
1979-02-08,818.870000
1979-02-09,822.230000
1979-02-12,824.840000
1979-02-13,830.210000
1979-02-14,829.780000
1979-02-15,829.090000
1979-02-16,827.010000
1979-02-20,834.550000
1979-02-21,834.550000
1979-02-22,828.570000
1979-02-23,823.280000
1979-02-26,821.120000
1979-02-27,807.000000
1979-02-28,808.820000
1979-03-01,815.840000
1979-03-02,815.750000
1979-03-05,827.360000
1979-03-06,826.580000
1979-03-07,834.290000
1979-03-08,844.850000
1979-03-09,842.860000
1979-03-12,844.680000
1979-03-13,846.930000
1979-03-14,845.370000
1979-03-15,847.020000
1979-03-16,852.820000
1979-03-19,857.590000
1979-03-20,850.310000
1979-03-21,857.760000
1979-03-22,861.310000
1979-03-23,859.750000
1979-03-26,854.820000
1979-03-27,871.360000
1979-03-28,866.250000
1979-03-29,866.770000
1979-03-30,862.180000
1979-04-02,855.250000
1979-04-03,868.330000
1979-04-04,869.800000
1979-04-05,877.600000
1979-04-06,875.690000
1979-04-09,873.700000
1979-04-10,878.720000
1979-04-11,871.710000
1979-04-12,870.500000
1979-04-16,860.450000
1979-04-17,857.930000
1979-04-18,860.270000
1979-04-19,855.250000
1979-04-20,856.980000
1979-04-23,860.100000
1979-04-24,866.860000
1979-04-25,867.460000
1979-04-26,860.970000
1979-04-27,856.640000
1979-04-30,854.900000
1979-05-01,855.510000
1979-05-02,855.510000
1979-05-03,857.590000
1979-05-04,847.540000
1979-05-07,833.420000
1979-05-08,834.890000
1979-05-09,838.620000
1979-05-10,828.920000
1979-05-11,830.560000
1979-05-14,825.020000
1979-05-15,825.880000
1979-05-16,828.480000
1979-05-17,842.950000
1979-05-18,841.910000
1979-05-21,842.430000
1979-05-22,845.370000
1979-05-23,837.400000
1979-05-24,837.660000
1979-05-25,836.280000
1979-05-29,832.550000
1979-05-30,822.160000
1979-05-31,822.330000
1979-06-01,821.210000
1979-06-04,821.900000
1979-06-05,831.340000
1979-06-06,835.500000
1979-06-07,836.970000
1979-06-08,835.150000
1979-06-11,837.580000
1979-06-12,845.290000
1979-06-13,842.170000
1979-06-14,842.340000
1979-06-15,843.300000
1979-06-18,839.400000
1979-06-19,839.400000
1979-06-20,839.830000
1979-06-21,843.640000
1979-06-22,849.100000
1979-06-25,844.250000
1979-06-26,837.660000
1979-06-27,840.520000
1979-06-28,843.040000
1979-06-29,841.980000
1979-07-02,834.040000
1979-07-03,835.580000
1979-07-05,835.750000
1979-07-06,846.160000
1979-07-09,852.990000
1979-07-10,850.340000
1979-07-11,843.860000
1979-07-12,836.860000
1979-07-13,833.530000
1979-07-16,834.900000
1979-07-17,828.500000
1979-07-18,828.580000
1979-07-19,827.300000
1979-07-20,828.070000
1979-07-23,825.510000
1979-07-24,829.780000
1979-07-25,839.510000
1979-07-26,839.760000
1979-07-27,839.760000
1979-07-30,838.740000
1979-07-31,846.420000
1979-08-01,850.340000
1979-08-02,847.950000
1979-08-03,846.160000
1979-08-06,848.550000
1979-08-07,859.810000
1979-08-08,863.140000
1979-08-09,858.280000
1979-08-10,867.060000
1979-08-13,875.260000
1979-08-14,876.710000
1979-08-15,885.840000
1979-08-16,884.040000
1979-08-17,883.360000
1979-08-20,886.520000
1979-08-21,886.010000
1979-08-22,885.840000
1979-08-23,880.380000
1979-08-24,880.200000
1979-08-27,885.410000
1979-08-28,884.640000
1979-08-29,884.900000
1979-08-30,883.700000
1979-08-31,887.630000
1979-09-04,872.610000
1979-09-05,866.130000
1979-09-06,867.320000
1979-09-07,874.150000
1979-09-10,876.880000
1979-09-11,869.710000
1979-09-12,870.900000
1979-09-13,870.730000
1979-09-14,879.100000
1979-09-17,881.310000
1979-09-18,874.150000
1979-09-19,876.450000
1979-09-20,893.690000
1979-09-21,893.940000
1979-09-24,885.840000
1979-09-25,886.180000
1979-09-26,886.350000
1979-09-27,887.460000
1979-09-28,878.580000
1979-10-01,872.950000
1979-10-02,885.320000
1979-10-03,885.150000
1979-10-04,890.100000
1979-10-05,897.610000
1979-10-08,884.040000
1979-10-09,857.590000
1979-10-10,849.320000
1979-10-11,844.620000
1979-10-12,838.990000
1979-10-15,831.060000
1979-10-16,829.520000
1979-10-17,830.720000
1979-10-18,830.120000
1979-10-19,814.680000
1979-10-22,809.130000
1979-10-23,806.830000
1979-10-24,808.360000
1979-10-25,805.460000
1979-10-26,809.300000
1979-10-29,808.620000
1979-10-30,823.810000
1979-10-31,815.700000
1979-11-01,820.140000
1979-11-02,818.940000
1979-11-05,812.630000
1979-11-06,806.480000
1979-11-07,796.670000
1979-11-08,797.610000
1979-11-09,806.480000
1979-11-12,821.930000
1979-11-13,814.080000
1979-11-14,816.550000
1979-11-15,821.330000
1979-11-16,815.700000
1979-11-19,815.270000
1979-11-20,809.220000
1979-11-21,807.420000
1979-11-23,811.770000
1979-11-26,828.750000
1979-11-27,825.850000
1979-11-28,830.460000
1979-11-29,831.740000
1979-11-30,822.350000
1979-12-03,819.620000
1979-12-04,824.910000
1979-12-05,828.410000
1979-12-06,835.070000
1979-12-07,833.190000
1979-12-10,833.870000
1979-12-11,833.700000
1979-12-12,835.670000
1979-12-13,836.090000
1979-12-14,842.750000
1979-12-17,844.620000
1979-12-18,838.650000
1979-12-19,838.910000
1979-12-20,843.340000
1979-12-21,838.910000
1979-12-24,839.160000
1979-12-26,838.140000
1979-12-27,840.100000
1979-12-28,838.910000
1979-12-31,838.740000
1980-01-02,824.570000
1980-01-03,820.310000
1980-01-04,828.840000
1980-01-07,832.000000
1980-01-08,851.710000
1980-01-09,850.090000
1980-01-10,858.960000
1980-01-11,858.530000
1980-01-14,863.570000
1980-01-15,868.500000
1980-01-16,865.190000
1980-01-17,863.570000
1980-01-18,867.150000
1980-01-21,872.780000
1980-01-22,866.210000
1980-01-23,877.560000
1980-01-24,879.950000
1980-01-25,876.110000
1980-01-28,878.500000
1980-01-29,874.400000
1980-01-30,881.910000
1980-01-31,875.850000
1980-02-01,881.480000
1980-02-04,875.090000
1980-02-05,876.620000
1980-02-06,881.830000
1980-02-07,885.490000
1980-02-08,895.730000
1980-02-11,889.590000
1980-02-12,898.980000
1980-02-13,903.840000
1980-02-14,893.770000
1980-02-15,884.980000
1980-02-19,876.020000
1980-02-20,886.860000
1980-02-21,868.520000
1980-02-22,868.770000
1980-02-25,859.810000
1980-02-26,864.250000
1980-02-27,855.120000
1980-02-28,854.440000
1980-02-29,863.140000
1980-03-03,854.350000
1980-03-04,856.480000
1980-03-05,844.880000
1980-03-06,828.070000
1980-03-07,820.560000
1980-03-10,818.940000
1980-03-11,826.450000
1980-03-12,819.540000
1980-03-13,809.560000
1980-03-14,811.690000
1980-03-17,788.650000
1980-03-18,801.620000
1980-03-19,800.940000
1980-03-20,789.080000
1980-03-21,785.150000
1980-03-24,765.440000
1980-03-25,767.830000
1980-03-26,762.120000
1980-03-27,759.980000
1980-03-28,777.650000
1980-03-31,785.750000
1980-04-01,784.470000
1980-04-02,787.800000
1980-04-03,784.130000
1980-04-07,768.340000
1980-04-08,775.000000
1980-04-09,785.920000
1980-04-10,791.470000
1980-04-11,791.550000
1980-04-14,784.900000
1980-04-15,783.360000
1980-04-16,771.250000
1980-04-17,768.860000
1980-04-18,763.400000
1980-04-21,759.130000
1980-04-22,789.850000
1980-04-23,789.250000
1980-04-24,797.100000
1980-04-25,803.580000
1980-04-28,805.460000
1980-04-29,811.090000
1980-04-30,817.060000
1980-05-01,808.790000
1980-05-02,810.920000
1980-05-05,816.300000
1980-05-06,816.040000
1980-05-07,821.250000
1980-05-08,815.190000
1980-05-09,805.800000
1980-05-12,805.200000
1980-05-13,816.890000
1980-05-14,819.620000
1980-05-15,822.530000
1980-05-16,826.880000
1980-05-19,830.890000
1980-05-20,832.510000
1980-05-21,831.060000
1980-05-22,842.920000
1980-05-23,854.100000
1980-05-27,857.760000
1980-05-28,860.320000
1980-05-29,846.250000
1980-05-30,850.850000
1980-06-02,847.350000
1980-06-03,843.770000
1980-06-04,858.020000
1980-06-05,858.700000
1980-06-06,861.520000
1980-06-09,860.670000
1980-06-10,863.990000
1980-06-11,872.700000
1980-06-12,872.610000
1980-06-13,876.370000
1980-06-16,877.730000
1980-06-17,879.270000
1980-06-18,881.910000
1980-06-19,870.900000
1980-06-20,869.710000
1980-06-23,873.810000
1980-06-24,877.300000
1980-06-25,887.540000
1980-06-26,883.450000
1980-06-27,881.830000
1980-06-30,867.920000
1980-07-01,872.270000
1980-07-02,876.020000
1980-07-03,888.910000
1980-07-07,898.210000
1980-07-08,897.350000
1980-07-09,897.270000
1980-07-10,885.920000
1980-07-11,891.130000
1980-07-14,905.550000
1980-07-15,901.540000
1980-07-16,904.440000
1980-07-17,915.100000
1980-07-18,923.980000
1980-07-21,928.670000
1980-07-22,927.300000
1980-07-23,928.580000
1980-07-24,926.110000
1980-07-25,918.090000
1980-07-28,925.430000
1980-07-29,931.910000
1980-07-30,936.180000
1980-07-31,935.320000
1980-08-01,931.480000
1980-08-04,931.060000
1980-08-05,929.780000
1980-08-06,938.230000
1980-08-07,950.940000
1980-08-08,954.690000
1980-08-11,964.080000
1980-08-12,952.390000
1980-08-13,949.230000
1980-08-14,962.630000
1980-08-15,966.720000
1980-08-18,948.630000
1980-08-19,939.850000
1980-08-20,945.310000
1980-08-21,955.030000
1980-08-22,958.190000
1980-08-25,956.230000
1980-08-26,953.410000
1980-08-27,943.090000
1980-08-28,930.380000
1980-08-29,932.590000
1980-09-02,940.780000
1980-09-03,953.160000
1980-09-04,948.810000
1980-09-05,940.960000
1980-09-08,928.580000
1980-09-09,934.730000
1980-09-10,938.480000
1980-09-11,941.300000
1980-09-12,936.520000
1980-09-15,937.630000
1980-09-16,945.900000
1980-09-17,961.260000
1980-09-18,956.480000
1980-09-19,963.740000
1980-09-22,974.570000
1980-09-23,962.030000
1980-09-24,964.760000
1980-09-25,955.970000
1980-09-26,940.100000
1980-09-29,921.930000
1980-09-30,932.420000
1980-10-01,939.420000
1980-10-02,942.240000
1980-10-03,950.680000
1980-10-06,965.700000
1980-10-07,960.670000
1980-10-08,963.990000
1980-10-09,958.960000
1980-10-10,950.680000
1980-10-13,959.900000
1980-10-14,962.200000
1980-10-15,972.440000
1980-10-16,958.700000
1980-10-17,956.140000
1980-10-20,960.840000
1980-10-21,954.440000
1980-10-22,955.120000
1980-10-23,939.510000
1980-10-24,943.600000
1980-10-27,931.740000
1980-10-28,932.590000
1980-10-29,929.180000
1980-10-30,917.750000
1980-10-31,924.490000
1980-11-03,937.200000
1980-11-05,953.160000
1980-11-06,935.410000
1980-11-07,932.420000
1980-11-10,933.790000
1980-11-11,944.030000
1980-11-12,964.930000
1980-11-13,982.420000
1980-11-14,986.350000
1980-11-17,986.260000
1980-11-18,997.950000
1980-11-19,991.040000
1980-11-20,1000.170000
1980-11-21,989.930000
1980-11-24,978.750000
1980-11-25,982.680000
1980-11-26,989.680000
1980-11-28,993.340000
1980-12-01,969.450000
1980-12-02,974.400000
1980-12-03,972.270000
1980-12-04,970.480000
1980-12-05,956.230000
1980-12-08,933.700000
1980-12-09,934.040000
1980-12-10,916.210000
1980-12-11,908.450000
1980-12-12,917.150000
1980-12-15,911.600000
1980-12-16,918.090000
1980-12-17,928.500000
1980-12-18,930.200000
1980-12-19,937.200000
1980-12-22,958.790000
1980-12-23,958.280000
1980-12-24,963.050000
1980-12-26,966.380000
1980-12-29,960.580000
1980-12-30,962.030000
1980-12-31,963.990000
1981-01-02,972.780000
1981-01-05,992.660000
1981-01-06,1004.690000
1981-01-07,980.890000
1981-01-08,965.700000
1981-01-09,968.690000
1981-01-12,968.770000
1981-01-13,965.100000
1981-01-14,966.470000
1981-01-15,969.970000
1981-01-16,973.290000
1981-01-19,970.990000
1981-01-20,950.680000
1981-01-21,946.250000
1981-01-22,940.440000
1981-01-23,940.190000
1981-01-26,938.910000
1981-01-27,949.490000
1981-01-28,942.580000
1981-01-29,948.890000
1981-01-30,947.270000
1981-02-02,932.250000
1981-02-03,941.380000
1981-02-04,941.980000
1981-02-05,946.760000
1981-02-06,952.300000
1981-02-09,947.180000
1981-02-10,948.630000
1981-02-11,942.490000
1981-02-12,936.600000
1981-02-13,931.570000
1981-02-17,939.680000
1981-02-18,947.100000
1981-02-19,933.360000
1981-02-20,936.090000
1981-02-23,945.230000
1981-02-24,946.100000
1981-02-25,954.400000
1981-02-26,966.810000
1981-02-27,974.580000
1981-03-02,977.990000
1981-03-03,966.020000
1981-03-04,971.440000
1981-03-05,964.620000
1981-03-06,964.620000
1981-03-09,976.420000
1981-03-10,972.660000
1981-03-11,967.670000
1981-03-12,989.820000
1981-03-13,985.770000
1981-03-16,1002.790000
1981-03-17,992.530000
1981-03-18,994.060000
1981-03-19,986.580000
1981-03-20,992.800000
1981-03-23,1004.230000
1981-03-24,996.130000
1981-03-25,1015.220000
1981-03-26,1005.760000
1981-03-27,994.780000
1981-03-30,992.160000
1981-03-31,1003.870000
1981-04-01,1014.140000
1981-04-02,1009.010000
1981-04-03,1007.110000
1981-04-06,994.240000
1981-04-07,992.890000
1981-04-08,993.430000
1981-04-09,998.830000
1981-04-10,1000.270000
1981-04-13,993.160000
1981-04-14,989.100000
1981-04-15,1001.710000
1981-04-16,1005.580000
1981-04-20,1015.940000
1981-04-21,1005.940000
1981-04-22,1007.020000
1981-04-23,1010.270000
1981-04-24,1020.350000
1981-04-27,1024.050000
1981-04-28,1016.930000
1981-04-29,1004.320000
1981-04-30,997.750000
1981-05-01,995.590000
1981-05-04,979.110000
1981-05-05,972.440000
1981-05-06,973.340000
1981-05-07,978.390000
1981-05-08,976.400000
1981-05-11,963.440000
1981-05-12,970.820000
1981-05-13,967.760000
1981-05-14,973.070000
1981-05-15,985.950000
1981-05-18,985.770000
1981-05-19,980.010000
1981-05-20,976.860000
1981-05-21,976.590000
1981-05-22,971.720000
1981-05-26,983.960000
1981-05-27,993.140000
1981-05-28,994.250000
1981-05-29,991.750000
1981-06-01,997.960000
1981-06-02,987.480000
1981-06-03,989.710000
1981-06-04,986.740000
1981-06-05,993.790000
1981-06-08,995.640000
1981-06-09,994.440000
1981-06-10,993.880000
1981-06-11,1007.420000
1981-06-12,1006.280000
1981-06-15,1011.990000
1981-06-16,1003.330000
1981-06-17,1006.560000
1981-06-18,995.150000
1981-06-19,996.190000
1981-06-22,994.200000
1981-06-23,1006.660000
1981-06-24,999.330000
1981-06-25,996.770000
1981-06-26,992.870000
1981-06-29,984.590000
1981-06-30,976.880000
1981-07-01,967.660000
1981-07-02,959.190000
1981-07-06,949.300000
1981-07-07,954.150000
1981-07-08,953.480000
1981-07-09,959.000000
1981-07-10,955.670000
1981-07-13,954.340000
1981-07-14,948.250000
1981-07-15,954.150000
1981-07-16,955.480000
1981-07-17,958.900000
1981-07-20,949.540000
1981-07-21,934.460000
1981-07-22,924.660000
1981-07-23,928.560000
1981-07-24,936.740000
1981-07-27,945.870000
1981-07-28,939.400000
1981-07-29,937.400000
1981-07-30,945.110000
1981-07-31,952.340000
1981-08-03,946.250000
1981-08-04,945.970000
1981-08-05,953.580000
1981-08-06,952.910000
1981-08-07,942.540000
1981-08-10,943.680000
1981-08-11,949.300000
1981-08-12,945.210000
1981-08-13,944.350000
1981-08-14,936.930000
1981-08-17,926.750000
1981-08-18,924.370000
1981-08-19,926.460000
1981-08-20,928.370000
1981-08-21,920.570000
1981-08-24,900.110000
1981-08-25,901.830000
1981-08-26,899.260000
1981-08-27,889.080000
1981-08-28,892.220000
1981-08-31,881.470000
1981-09-01,882.710000
1981-09-02,884.230000
1981-09-03,867.010000
1981-09-04,861.680000
1981-09-08,851.120000
1981-09-09,853.880000
1981-09-10,862.440000
1981-09-11,872.810000
1981-09-14,866.150000
1981-09-15,858.350000
1981-09-16,851.600000
1981-09-17,840.090000
1981-09-18,836.190000
1981-09-21,846.560000
1981-09-22,845.700000
1981-09-23,840.940000
1981-09-24,835.140000
1981-09-25,824.010000
1981-09-28,842.560000
1981-09-29,847.890000
1981-09-30,849.980000
1981-10-01,852.260000
1981-10-02,860.730000
1981-10-05,859.870000
1981-10-06,856.260000
1981-10-07,868.720000
1981-10-08,878.140000
1981-10-09,873.000000
1981-10-12,869.480000
1981-10-13,865.580000
1981-10-14,850.650000
1981-10-15,856.260000
1981-10-16,851.690000
1981-10-19,847.130000
1981-10-20,851.880000
1981-10-21,851.030000
1981-10-22,848.270000
1981-10-23,837.990000
1981-10-26,830.960000
1981-10-27,838.380000
1981-10-28,837.610000
1981-10-29,832.950000
1981-10-30,852.550000
1981-11-02,866.820000
1981-11-03,868.720000
1981-11-04,866.820000
1981-11-05,859.110000
1981-11-06,852.450000
1981-11-09,855.210000
1981-11-10,853.980000
1981-11-11,857.120000
1981-11-12,860.540000
1981-11-13,855.880000
1981-11-16,845.030000
1981-11-17,850.170000
1981-11-18,844.080000
1981-11-19,844.750000
1981-11-20,852.930000
1981-11-23,851.790000
1981-11-24,870.240000
1981-11-25,878.140000
1981-11-27,885.940000
1981-11-30,888.980000
1981-12-01,890.220000
1981-12-02,882.610000
1981-12-03,883.850000
1981-12-04,892.690000
1981-12-07,886.990000
1981-12-08,881.750000
1981-12-09,888.220000
1981-12-10,892.030000
1981-12-11,886.510000
1981-12-14,871.480000
1981-12-15,875.950000
1981-12-16,868.720000
1981-12-17,870.530000
1981-12-18,875.760000
1981-12-21,873.100000
1981-12-22,871.960000
1981-12-23,869.670000
1981-12-24,873.380000
1981-12-28,870.340000
1981-12-29,868.250000
1981-12-30,873.100000
1981-12-31,875.000000
1982-01-04,882.520000
1982-01-05,865.300000
1982-01-06,861.020000
1982-01-07,861.780000
1982-01-08,866.530000
1982-01-11,850.460000
1982-01-12,847.700000
1982-01-13,838.950000
1982-01-14,842.280000
1982-01-15,847.600000
1982-01-18,855.120000
1982-01-19,847.410000
1982-01-20,845.890000
1982-01-21,848.270000
1982-01-22,845.030000
1982-01-25,842.750000
1982-01-26,841.510000
1982-01-27,842.660000
1982-01-28,864.250000
1982-01-29,871.100000
1982-02-01,851.690000
1982-02-02,852.550000
1982-02-03,845.030000
1982-02-04,847.030000
1982-02-05,851.030000
1982-02-08,833.430000
1982-02-09,830.570000
1982-02-10,836.660000
1982-02-11,834.670000
1982-02-12,833.810000
1982-02-16,831.340000
1982-02-17,827.630000
1982-02-18,828.960000
1982-02-19,824.300000
1982-02-22,811.260000
1982-02-23,812.980000
1982-02-24,826.770000
1982-02-25,825.820000
1982-02-26,824.390000
1982-03-01,828.390000
1982-03-02,825.820000
1982-03-03,815.160000
1982-03-04,807.550000
1982-03-05,807.360000
1982-03-08,795.470000
1982-03-09,803.840000
1982-03-10,804.890000
1982-03-11,805.560000
1982-03-12,797.370000
1982-03-15,800.990000
1982-03-16,798.330000
1982-03-17,795.850000
1982-03-18,805.270000
1982-03-19,805.650000
1982-03-22,819.540000
1982-03-23,826.670000
1982-03-24,823.340000
1982-03-25,827.630000
1982-03-26,817.920000
1982-03-29,823.820000
1982-03-30,824.490000
1982-03-31,822.770000
1982-04-01,833.240000
1982-04-02,838.570000
1982-04-05,835.330000
1982-04-06,839.330000
1982-04-07,836.850000
1982-04-08,842.940000
1982-04-12,841.320000
1982-04-13,841.040000
1982-04-14,838.090000
1982-04-15,839.610000
1982-04-16,843.420000
1982-04-19,846.080000
1982-04-20,840.560000
1982-04-21,843.420000
1982-04-22,853.120000
1982-04-23,862.160000
1982-04-26,865.580000
1982-04-27,857.500000
1982-04-28,852.640000
1982-04-29,844.940000
1982-04-30,848.360000
1982-05-03,849.030000
1982-05-04,854.450000
1982-05-05,854.450000
1982-05-06,863.200000
1982-05-07,869.200000
1982-05-10,860.920000
1982-05-11,865.870000
1982-05-12,865.770000
1982-05-13,859.110000
1982-05-14,857.780000
1982-05-17,845.320000
1982-05-18,840.850000
1982-05-19,835.900000
1982-05-20,832.480000
1982-05-21,835.900000
1982-05-24,836.380000
1982-05-25,834.570000
1982-05-26,828.770000
1982-05-27,824.960000
1982-05-28,819.540000
1982-06-01,814.970000
1982-06-02,816.880000
1982-06-03,816.500000
1982-06-04,804.980000
1982-06-07,804.030000
1982-06-08,802.230000
1982-06-09,795.570000
1982-06-10,798.710000
1982-06-11,809.740000
1982-06-14,801.850000
1982-06-15,801.270000
1982-06-16,796.900000
1982-06-17,791.480000
1982-06-18,788.620000
1982-06-21,789.950000
1982-06-22,799.660000
1982-06-23,813.170000
1982-06-24,810.410000
1982-06-25,803.080000
1982-06-28,811.930000
1982-06-29,812.210000
1982-06-30,811.930000
1982-07-01,803.270000
1982-07-02,796.990000
1982-07-06,798.900000
1982-07-07,799.660000
1982-07-08,804.980000
1982-07-09,814.120000
1982-07-12,824.870000
1982-07-13,824.200000
1982-07-14,828.390000
1982-07-15,827.340000
1982-07-16,828.670000
1982-07-19,826.100000
1982-07-20,833.430000
1982-07-21,832.190000
1982-07-22,832.000000
1982-07-23,830.570000
1982-07-26,825.440000
1982-07-27,822.770000
1982-07-28,811.830000
1982-07-29,812.210000
1982-07-30,808.600000
1982-08-02,822.110000
1982-08-03,816.400000
1982-08-04,803.460000
1982-08-05,795.850000
1982-08-06,784.340000
1982-08-09,780.350000
1982-08-10,779.300000
1982-08-11,777.210000
1982-08-12,776.920000
1982-08-13,788.050000
1982-08-16,792.430000
1982-08-17,831.240000
1982-08-18,829.430000
1982-08-19,838.570000
1982-08-20,869.290000
1982-08-23,891.170000
1982-08-24,874.900000
1982-08-25,884.890000
1982-08-26,892.410000
1982-08-27,883.470000
1982-08-30,893.300000
1982-08-31,901.310000
1982-09-01,895.050000
1982-09-02,909.400000
1982-09-03,925.130000
1982-09-07,914.280000
1982-09-08,915.750000
1982-09-09,912.530000
1982-09-10,906.820000
1982-09-13,918.690000
1982-09-14,923.010000
1982-09-15,930.460000
1982-09-16,927.800000
1982-09-17,916.940000
1982-09-20,916.300000
1982-09-21,934.790000
1982-09-22,927.610000
1982-09-23,925.770000
1982-09-24,919.520000
1982-09-27,920.900000
1982-09-28,919.330000
1982-09-29,906.270000
1982-09-30,896.250000
1982-10-01,907.740000
1982-10-04,903.610000
1982-10-05,907.190000
1982-10-06,944.260000
1982-10-07,965.970000
1982-10-08,986.850000
1982-10-11,1012.790000
1982-10-12,1003.680000
1982-10-13,1015.180000
1982-10-14,996.870000
1982-10-15,993.100000
1982-10-18,1019.220000
1982-10-19,1013.800000
1982-10-20,1034.120000
1982-10-21,1036.980000
1982-10-22,1031.460000
1982-10-25,995.130000
1982-10-26,1006.070000
1982-10-27,1006.350000
1982-10-28,990.990000
1982-10-29,991.720000
1982-11-01,1005.700000
1982-11-02,1022.080000
1982-11-03,1065.490000
1982-11-04,1050.220000
1982-11-05,1051.780000
1982-11-08,1037.440000
1982-11-09,1060.250000
1982-11-10,1044.520000
1982-11-11,1054.730000
1982-11-12,1039.920000
1982-11-15,1021.430000
1982-11-16,1008.000000
1982-11-17,1027.500000
1982-11-18,1032.100000
1982-11-19,1021.250000
1982-11-22,1000.000000
1982-11-23,990.990000
1982-11-24,1000.000000
1982-11-26,1007.360000
1982-11-29,1002.850000
1982-11-30,1039.280000
1982-12-01,1031.090000
1982-12-02,1033.110000
1982-12-03,1031.360000
1982-12-06,1055.650000
1982-12-07,1056.940000
1982-12-08,1047.090000
1982-12-09,1027.960000
1982-12-10,1018.760000
1982-12-13,1024.280000
1982-12-14,1009.380000
1982-12-15,992.640000
1982-12-16,990.250000
1982-12-17,1011.500000
1982-12-20,1004.510000
1982-12-21,1030.260000
1982-12-22,1035.040000
1982-12-23,1045.070000
1982-12-27,1070.550000
1982-12-28,1058.870000
1982-12-29,1059.600000
1982-12-30,1047.370000
1982-12-31,1046.540000
1983-01-03,1027.040000
1983-01-04,1046.080000
1983-01-05,1044.890000
1983-01-06,1070.920000
1983-01-07,1076.070000
1983-01-10,1092.350000
1983-01-11,1083.790000
1983-01-12,1083.610000
1983-01-13,1073.950000
1983-01-14,1080.850000
1983-01-17,1084.810000
1983-01-18,1079.650000
1983-01-19,1068.060000
1983-01-20,1070.820000
1983-01-21,1052.980000
1983-01-24,1030.170000
1983-01-25,1042.030000
1983-01-26,1037.990000
1983-01-27,1063.650000
1983-01-28,1064.750000
1983-01-31,1075.700000
1983-02-01,1059.790000
1983-02-02,1062.240000
1983-02-03,1064.660000
1983-02-04,1077.910000
1983-02-07,1087.100000
1983-02-08,1075.330000
1983-02-09,1067.420000
1983-02-10,1087.750000
1983-02-11,1086.500000
1983-02-14,1097.100000
1983-02-15,1093.100000
1983-02-16,1087.430000
1983-02-17,1088.910000
1983-02-18,1092.820000
1983-02-22,1080.400000
1983-02-23,1096.940000
1983-02-24,1121.810000
1983-02-25,1120.940000
1983-02-28,1112.620000
1983-03-01,1130.710000
1983-03-02,1135.060000
1983-03-03,1138.060000
1983-03-04,1140.960000
1983-03-07,1141.740000
1983-03-08,1119.780000
1983-03-09,1132.640000
1983-03-10,1120.940000
1983-03-11,1117.740000
1983-03-14,1114.450000
1983-03-15,1124.520000
1983-03-16,1116.000000
1983-03-17,1116.970000
1983-03-18,1117.740000
1983-03-21,1125.290000
1983-03-22,1122.970000
1983-03-23,1140.870000
1983-03-24,1145.900000
1983-03-25,1140.090000
1983-03-28,1133.320000
1983-03-29,1131.190000
1983-03-30,1143.290000
1983-03-31,1130.030000
1983-04-04,1127.610000
1983-04-05,1120.160000
1983-04-06,1113.490000
1983-04-07,1117.650000
1983-04-08,1124.710000
1983-04-11,1141.830000
1983-04-12,1145.320000
1983-04-13,1156.640000
1983-04-14,1165.250000
1983-04-15,1171.340000
1983-04-18,1183.240000
1983-04-19,1174.540000
1983-04-20,1191.470000
1983-04-21,1188.270000
1983-04-22,1196.300000
1983-04-25,1187.210000
1983-04-26,1209.460000
1983-04-27,1208.400000
1983-04-28,1219.520000
1983-04-29,1226.200000
1983-05-02,1204.330000
1983-05-03,1208.010000
1983-05-04,1212.650000
1983-05-05,1219.720000
1983-05-06,1232.590000
1983-05-09,1228.230000
1983-05-10,1229.680000
1983-05-11,1219.720000
1983-05-12,1214.400000
1983-05-13,1218.750000
1983-05-16,1202.980000
1983-05-17,1205.790000
1983-05-18,1203.560000
1983-05-19,1191.370000
1983-05-20,1190.020000
1983-05-23,1200.560000
1983-05-24,1219.040000
1983-05-25,1229.010000
1983-05-26,1223.490000
1983-05-27,1216.140000
1983-05-31,1199.980000
1983-06-01,1202.210000
1983-06-02,1211.440000
1983-06-03,1213.040000
1983-06-06,1214.240000
1983-06-07,1194.910000
1983-06-08,1185.500000
1983-06-09,1189.000000
1983-06-10,1196.110000
1983-06-13,1220.550000
1983-06-14,1227.260000
1983-06-15,1237.280000
1983-06-16,1248.300000
1983-06-17,1242.190000
1983-06-20,1239.180000
1983-06-21,1247.400000
1983-06-22,1245.690000
1983-06-23,1241.790000
1983-06-24,1241.690000
1983-06-27,1229.470000
1983-06-28,1209.230000
1983-06-29,1213.840000
1983-06-30,1221.960000
1983-07-01,1225.260000
1983-07-05,1208.530000
1983-07-06,1220.650000
1983-07-07,1210.440000
1983-07-08,1207.230000
1983-07-11,1215.540000
1983-07-12,1198.520000
1983-07-13,1197.820000
1983-07-14,1204.330000
1983-07-15,1192.310000
1983-07-18,1189.900000
1983-07-19,1197.120000
1983-07-20,1227.860000
1983-07-21,1229.370000
1983-07-22,1231.170000
1983-07-25,1232.870000
1983-07-26,1243.690000
1983-07-27,1230.470000
1983-07-28,1216.350000
1983-07-29,1199.220000
1983-08-01,1194.210000
1983-08-02,1188.000000
1983-08-03,1197.820000
1983-08-04,1183.090000
1983-08-05,1183.290000
1983-08-08,1163.060000
1983-08-09,1168.270000
1983-08-10,1175.980000
1983-08-11,1174.390000
1983-08-12,1182.830000
1983-08-15,1193.500000
1983-08-16,1190.450000
1983-08-17,1206.500000
1983-08-18,1192.480000
1983-08-19,1194.210000
1983-08-22,1203.150000
1983-08-23,1192.890000
1983-08-24,1184.250000
1983-08-25,1185.060000
1983-08-26,1192.070000
1983-08-29,1194.110000
1983-08-30,1196.040000
1983-08-31,1216.160000
1983-09-01,1206.810000
1983-09-02,1215.450000
1983-09-06,1238.720000
1983-09-07,1244.110000
1983-09-08,1246.140000
1983-09-09,1239.740000
1983-09-12,1229.070000
1983-09-13,1224.090000
1983-09-14,1229.470000
1983-09-15,1215.040000
1983-09-16,1225.710000
1983-09-19,1233.940000
1983-09-20,1249.190000
1983-09-21,1243.290000
1983-09-22,1257.520000
1983-09-23,1255.590000
1983-09-26,1260.770000
1983-09-27,1247.970000
1983-09-28,1241.970000
1983-09-29,1240.140000
1983-09-30,1233.130000
1983-10-03,1231.300000
1983-10-04,1236.690000
1983-10-05,1250.200000
1983-10-06,1268.800000
1983-10-07,1272.150000
1983-10-10,1284.650000
1983-10-11,1265.140000
1983-10-12,1259.650000
1983-10-13,1261.380000
1983-10-14,1263.520000
1983-10-17,1268.700000
1983-10-18,1250.810000
1983-10-19,1246.750000
1983-10-20,1251.520000
1983-10-21,1248.880000
1983-10-24,1248.980000
1983-10-25,1252.440000
1983-10-26,1243.800000
1983-10-27,1242.070000
1983-10-28,1223.480000
1983-10-31,1225.200000
1983-11-01,1229.270000
1983-11-02,1237.300000
1983-11-03,1227.130000
1983-11-04,1218.290000
1983-11-07,1214.840000
1983-11-08,1214.940000
1983-11-09,1232.520000
1983-11-10,1235.870000
1983-11-11,1250.200000
1983-11-14,1254.070000
1983-11-15,1247.970000
1983-11-16,1251.320000
1983-11-17,1254.670000
1983-11-18,1251.020000
1983-11-21,1268.800000
1983-11-22,1275.810000
1983-11-23,1275.610000
1983-11-25,1277.440000
1983-11-28,1269.820000
1983-11-29,1287.200000
1983-11-30,1276.020000
1983-12-01,1275.100000
1983-12-02,1265.240000
1983-12-05,1270.530000
1983-12-06,1269.310000
1983-12-07,1273.780000
1983-12-08,1261.890000
1983-12-09,1260.060000
1983-12-12,1261.590000
1983-12-13,1255.890000
1983-12-14,1246.650000
1983-12-15,1236.790000
1983-12-16,1242.170000
1983-12-19,1244.610000
1983-12-20,1241.970000
1983-12-21,1254.980000
1983-12-22,1253.660000
1983-12-23,1250.510000
1983-12-27,1263.720000
1983-12-28,1263.210000
1983-12-29,1260.160000
1983-12-30,1258.640000
1984-01-03,1252.740000
1984-01-04,1269.050000
1984-01-05,1282.240000
1984-01-06,1286.640000
1984-01-09,1286.220000
1984-01-10,1278.480000
1984-01-11,1277.320000
1984-01-12,1279.310000
1984-01-13,1270.100000
1984-01-16,1267.590000
1984-01-17,1271.460000
1984-01-18,1269.370000
1984-01-19,1266.020000
1984-01-20,1259.110000
1984-01-23,1244.450000
1984-01-24,1242.880000
1984-01-25,1231.890000
1984-01-26,1229.690000
1984-01-27,1230.000000
1984-01-30,1221.520000
1984-01-31,1220.580000
1984-02-01,1212.310000
1984-02-02,1213.880000
1984-02-03,1197.030000
1984-02-06,1174.310000
1984-02-07,1180.490000
1984-02-08,1156.300000
1984-02-09,1152.740000
1984-02-10,1160.700000
1984-02-13,1150.130000
1984-02-14,1163.840000
1984-02-15,1158.710000
1984-02-16,1154.940000
1984-02-17,1148.870000
1984-02-21,1139.340000
1984-02-22,1134.210000
1984-02-23,1134.630000
1984-02-24,1165.100000
1984-02-27,1179.960000
1984-02-28,1157.140000
1984-02-29,1154.630000
1984-03-01,1159.440000
1984-03-02,1171.480000
1984-03-05,1165.200000
1984-03-06,1152.530000
1984-03-07,1143.630000
1984-03-08,1147.090000
1984-03-09,1139.760000
1984-03-12,1155.360000
1984-03-13,1164.780000
1984-03-14,1166.040000
1984-03-15,1167.400000
1984-03-16,1184.360000
1984-03-19,1171.380000
1984-03-20,1175.770000
1984-03-21,1170.850000
1984-03-22,1155.880000
1984-03-23,1154.840000
1984-03-26,1152.950000
1984-03-27,1154.310000
1984-03-28,1174.620000
1984-03-29,1170.750000
1984-03-30,1164.890000
1984-04-02,1153.160000
1984-04-03,1148.760000
1984-04-04,1148.560000
1984-04-05,1130.550000
1984-04-06,1132.220000
1984-04-09,1133.900000
1984-04-10,1138.300000
1984-04-11,1130.970000
1984-04-12,1157.140000
1984-04-13,1150.130000
1984-04-16,1160.280000
1984-04-17,1164.570000
1984-04-18,1156.510000
1984-04-19,1158.080000
1984-04-23,1149.500000
1984-04-24,1162.900000
1984-04-25,1163.530000
1984-04-26,1175.250000
1984-04-27,1169.070000
1984-04-30,1170.750000
1984-05-01,1183.000000
1984-05-02,1186.560000
1984-05-03,1181.530000
1984-05-04,1165.310000
1984-05-07,1166.560000
1984-05-08,1176.300000
1984-05-09,1175.520000
1984-05-10,1167.190000
1984-05-11,1157.140000
1984-05-14,1151.070000
1984-05-15,1150.860000
1984-05-16,1153.160000
1984-05-17,1142.270000
1984-05-18,1133.790000
1984-05-21,1125.310000
1984-05-22,1116.620000
1984-05-23,1113.800000
1984-05-24,1103.430000
1984-05-25,1107.100000
1984-05-29,1101.240000
1984-05-30,1102.590000
1984-05-31,1104.850000
1984-06-01,1124.350000
1984-06-04,1131.570000
1984-06-05,1124.890000
1984-06-06,1133.840000
1984-06-07,1132.440000
1984-06-08,1131.250000
1984-06-11,1115.610000
1984-06-12,1110.530000
1984-06-13,1110.530000
1984-06-14,1097.610000
1984-06-15,1086.900000
1984-06-18,1109.650000
1984-06-19,1115.830000
1984-06-20,1131.630000
1984-06-21,1127.210000
1984-06-22,1131.070000
1984-06-25,1130.520000
1984-06-26,1122.790000
1984-06-27,1116.720000
1984-06-28,1126.550000
1984-06-29,1132.400000
1984-07-02,1130.080000
1984-07-03,1134.280000
1984-07-05,1124.560000
1984-07-06,1122.570000
1984-07-09,1134.050000
1984-07-10,1126.880000
1984-07-11,1108.550000
1984-07-12,1104.570000
1984-07-13,1109.870000
1984-07-16,1116.830000
1984-07-17,1122.900000
1984-07-18,1111.640000
1984-07-19,1102.920000
1984-07-20,1101.370000
1984-07-23,1096.620000
1984-07-24,1086.570000
1984-07-25,1096.950000
1984-07-26,1107.550000
1984-07-27,1114.620000
1984-07-30,1109.980000
1984-07-31,1115.280000
1984-08-01,1134.610000
1984-08-02,1166.080000
1984-08-03,1202.080000
1984-08-06,1202.960000
1984-08-07,1204.620000
1984-08-08,1196.110000
1984-08-09,1224.050000
1984-08-10,1218.090000
1984-08-13,1220.080000
1984-08-14,1214.110000
1984-08-15,1198.980000
1984-08-16,1209.140000
1984-08-17,1211.900000
1984-08-20,1216.980000
1984-08-21,1239.730000
1984-08-22,1231.780000
1984-08-23,1232.440000
1984-08-24,1236.530000
1984-08-27,1227.920000
1984-08-28,1232.110000
1984-08-29,1226.920000
1984-08-30,1223.280000
1984-08-31,1224.380000
1984-09-04,1212.350000
1984-09-05,1209.030000
1984-09-06,1218.860000
1984-09-07,1207.380000
1984-09-10,1202.520000
1984-09-11,1197.990000
1984-09-12,1200.310000
1984-09-13,1228.250000
1984-09-14,1237.520000
1984-09-17,1237.080000
1984-09-18,1226.260000
1984-09-19,1213.010000
1984-09-20,1216.540000
1984-09-21,1201.740000
1984-09-24,1205.060000
1984-09-25,1207.160000
1984-09-26,1212.120000
1984-09-27,1216.760000
1984-09-28,1206.710000
1984-10-01,1198.980000
1984-10-02,1191.360000
1984-10-03,1182.860000
1984-10-04,1187.390000
1984-10-05,1182.530000
1984-10-08,1177.890000
1984-10-09,1175.130000
1984-10-10,1177.230000
1984-10-11,1183.080000
1984-10-12,1190.700000
1984-10-15,1202.960000
1984-10-16,1197.770000
1984-10-17,1195.890000
1984-10-18,1225.380000
1984-10-19,1225.930000
1984-10-22,1217.200000
1984-10-23,1213.010000
1984-10-24,1216.430000
1984-10-25,1211.020000
1984-10-26,1204.950000
1984-10-29,1201.410000
1984-10-30,1217.310000
1984-10-31,1207.380000
1984-11-01,1217.090000
1984-11-02,1216.650000
1984-11-05,1229.240000
1984-11-06,1244.150000
1984-11-07,1233.220000
1984-11-08,1228.690000
1984-11-09,1218.970000
1984-11-12,1219.190000
1984-11-13,1206.600000
1984-11-14,1206.930000
1984-11-15,1206.160000
1984-11-16,1187.940000
1984-11-19,1185.290000
1984-11-20,1195.120000
1984-11-21,1201.520000
1984-11-23,1220.300000
1984-11-26,1212.350000
1984-11-27,1220.190000
1984-11-28,1205.390000
1984-11-29,1193.460000
1984-11-30,1188.940000
1984-12-03,1182.420000
1984-12-04,1185.070000
1984-12-05,1171.600000
1984-12-06,1170.490000
1984-12-07,1163.210000
1984-12-10,1172.260000
1984-12-11,1178.330000
1984-12-12,1175.130000
1984-12-13,1168.840000
1984-12-14,1175.910000
1984-12-17,1176.790000
1984-12-18,1211.570000
1984-12-19,1208.040000
1984-12-20,1203.290000
1984-12-21,1198.980000
1984-12-24,1210.140000
1984-12-26,1208.920000
1984-12-27,1202.520000
1984-12-28,1204.170000
1984-12-31,1211.570000
1985-01-02,1198.870000
1985-01-03,1189.820000
1985-01-04,1184.960000
1985-01-07,1190.590000
1985-01-08,1191.700000
1985-01-09,1202.740000
1985-01-10,1223.500000
1985-01-11,1218.090000
1985-01-14,1234.540000
1985-01-15,1230.790000
1985-01-16,1230.680000
1985-01-17,1228.690000
1985-01-18,1227.360000
1985-01-21,1261.370000
1985-01-22,1259.500000
1985-01-23,1274.730000
1985-01-24,1270.430000
1985-01-25,1276.060000
1985-01-28,1277.830000
1985-01-29,1292.620000
1985-01-30,1287.880000
1985-01-31,1286.770000
1985-02-01,1277.720000
1985-02-04,1290.080000
1985-02-05,1285.230000
1985-02-06,1280.590000
1985-02-07,1290.080000
1985-02-08,1289.970000
1985-02-11,1276.060000
1985-02-12,1276.610000
1985-02-13,1297.920000
1985-02-14,1287.880000
1985-02-15,1282.020000
1985-02-19,1280.590000
1985-02-20,1283.130000
1985-02-21,1279.040000
1985-02-22,1275.840000
1985-02-25,1277.500000
1985-02-26,1286.110000
1985-02-27,1281.030000
1985-02-28,1284.010000
1985-03-01,1299.360000
1985-03-04,1289.530000
1985-03-05,1291.850000
1985-03-06,1280.370000
1985-03-07,1271.530000
1985-03-08,1269.660000
1985-03-11,1268.550000
1985-03-12,1271.750000
1985-03-13,1261.700000
1985-03-14,1260.050000
1985-03-15,1247.350000
1985-03-18,1249.670000
1985-03-19,1271.090000
1985-03-20,1265.240000
1985-03-21,1268.220000
1985-03-22,1267.450000
1985-03-25,1259.940000
1985-03-26,1259.720000
1985-03-27,1264.910000
1985-03-28,1260.710000
1985-03-29,1266.780000
1985-04-01,1272.750000
1985-04-02,1265.680000
1985-04-03,1258.060000
1985-04-04,1259.050000
1985-04-08,1252.980000
1985-04-09,1253.860000
1985-04-10,1259.940000
1985-04-11,1263.690000
1985-04-12,1265.680000
1985-04-15,1266.780000
1985-04-16,1269.550000
1985-04-17,1272.310000
1985-04-18,1265.130000
1985-04-19,1266.560000
1985-04-22,1266.560000
1985-04-23,1278.710000
1985-04-24,1278.490000
1985-04-25,1284.780000
1985-04-26,1275.180000
1985-04-29,1259.720000
1985-04-30,1258.060000
1985-05-01,1242.050000
1985-05-02,1242.270000
1985-05-03,1247.240000
1985-05-06,1247.790000
1985-05-07,1252.750000
1985-05-08,1249.780000
1985-05-09,1260.270000
1985-05-10,1274.180000
1985-05-13,1277.500000
1985-05-14,1273.300000
1985-05-15,1273.520000
1985-05-16,1278.050000
1985-05-17,1285.340000
1985-05-20,1304.880000
1985-05-21,1309.700000
1985-05-22,1303.760000
1985-05-23,1296.710000
1985-05-24,1301.970000
1985-05-28,1301.520000
1985-05-29,1302.980000
1985-05-30,1305.780000
1985-05-31,1315.410000
1985-06-03,1310.930000
1985-06-04,1315.300000
1985-06-05,1320.560000
1985-06-06,1327.280000
1985-06-07,1316.420000
1985-06-10,1318.440000
1985-06-11,1313.840000
1985-06-12,1306.340000
1985-06-13,1290.100000
1985-06-14,1300.960000
1985-06-17,1298.390000
1985-06-18,1304.770000
1985-06-19,1297.380000
1985-06-20,1299.730000
1985-06-21,1324.480000
1985-06-24,1320.560000
1985-06-25,1323.030000
1985-06-26,1323.810000
1985-06-27,1332.210000
1985-06-28,1335.460000
1985-07-01,1337.140000
1985-07-02,1334.010000
1985-07-03,1326.390000
1985-07-05,1334.450000
1985-07-08,1328.410000
1985-07-09,1321.910000
1985-07-10,1332.890000
1985-07-11,1337.700000
1985-07-12,1338.600000
1985-07-15,1335.460000
1985-07-16,1347.890000
1985-07-17,1357.970000
1985-07-18,1350.920000
1985-07-19,1359.540000
1985-07-22,1357.640000
1985-07-23,1351.810000
1985-07-24,1348.900000
1985-07-25,1353.610000
1985-07-26,1357.080000
1985-07-29,1343.860000
1985-07-30,1346.100000
1985-07-31,1347.450000
1985-08-01,1355.620000
1985-08-02,1353.050000
1985-08-05,1346.890000
1985-08-06,1325.160000
1985-08-07,1325.040000
1985-08-08,1329.860000
1985-08-09,1320.790000
1985-08-12,1314.290000
1985-08-13,1315.300000
1985-08-14,1316.980000
1985-08-15,1317.760000
1985-08-16,1312.720000
1985-08-19,1312.500000
1985-08-20,1323.700000
1985-08-21,1329.530000
1985-08-22,1318.100000
1985-08-23,1318.320000
1985-08-26,1317.650000
1985-08-27,1322.470000
1985-08-28,1331.090000
1985-08-29,1335.130000
1985-08-30,1334.010000
1985-09-03,1329.190000
1985-09-04,1326.720000
1985-09-05,1325.830000
1985-09-06,1335.690000
1985-09-09,1339.270000
1985-09-10,1333.450000
1985-09-11,1319.440000
1985-09-12,1312.390000
1985-09-13,1307.680000
1985-09-16,1309.140000
1985-09-17,1298.160000
1985-09-18,1300.400000
1985-09-19,1306.790000
1985-09-20,1297.940000
1985-09-23,1316.310000
1985-09-24,1321.120000
1985-09-25,1312.050000
1985-09-26,1320.790000
1985-09-30,1328.630000
1985-10-01,1340.950000
1985-10-02,1333.670000
1985-10-03,1333.110000
1985-10-04,1328.740000
1985-10-07,1324.370000
1985-10-08,1325.490000
1985-10-09,1326.720000
1985-10-10,1328.070000
1985-10-11,1339.940000
1985-10-14,1354.730000
1985-10-15,1350.810000
1985-10-16,1368.500000
1985-10-17,1369.290000
1985-10-18,1368.840000
1985-10-21,1364.140000
1985-10-22,1364.360000
1985-10-23,1367.160000
1985-10-24,1362.340000
1985-10-25,1356.520000
1985-10-28,1359.990000
1985-10-29,1368.730000
1985-10-30,1375.570000
1985-10-31,1374.310000
1985-11-01,1390.250000
1985-11-04,1389.680000
1985-11-05,1396.670000
1985-11-06,1403.440000
1985-11-07,1399.540000
1985-11-08,1404.360000
1985-11-11,1431.880000
1985-11-12,1433.600000
1985-11-13,1427.750000
1985-11-14,1439.220000
1985-11-15,1435.090000
1985-11-18,1440.020000
1985-11-19,1438.990000
1985-11-20,1439.220000
1985-11-21,1462.270000
1985-11-22,1464.330000
1985-11-25,1456.650000
1985-11-26,1456.770000
1985-11-27,1475.690000
1985-11-29,1472.130000
1985-12-02,1457.910000
1985-12-03,1459.060000
1985-12-04,1484.400000
1985-12-05,1482.910000
1985-12-06,1477.180000
1985-12-09,1497.020000
1985-12-10,1499.200000
1985-12-11,1511.700000
1985-12-12,1511.240000
1985-12-13,1535.210000
1985-12-16,1553.100000
1985-12-17,1544.500000
1985-12-18,1542.430000
1985-12-19,1543.920000
1985-12-20,1543.000000
1985-12-23,1528.780000
1985-12-24,1519.150000
1985-12-26,1526.490000
1985-12-27,1543.000000
1985-12-30,1550.460000
1985-12-31,1546.670000
1986-01-02,1537.730000
1986-01-03,1549.200000
1986-01-06,1547.590000
1986-01-07,1565.710000
1986-01-08,1526.610000
1986-01-09,1518.230000
1986-01-10,1513.530000
1986-01-13,1520.530000
1986-01-14,1519.040000
1986-01-15,1527.290000
1986-01-16,1541.630000
1986-01-17,1536.700000
1986-01-20,1529.130000
1986-01-21,1514.450000
1986-01-22,1502.290000
1986-01-23,1511.240000
1986-01-24,1529.930000
1986-01-27,1537.610000
1986-01-28,1556.420000
1986-01-29,1558.940000
1986-01-30,1552.180000
1986-01-31,1570.990000
1986-02-03,1594.270000
1986-02-04,1593.230000
1986-02-05,1593.120000
1986-02-06,1600.690000
1986-02-07,1613.420000
1986-02-10,1626.380000
1986-02-11,1622.820000
1986-02-12,1629.930000
1986-02-13,1645.070000
1986-02-14,1664.450000
1986-02-18,1678.780000
1986-02-19,1658.260000
1986-02-20,1672.820000
1986-02-21,1697.710000
1986-02-24,1698.280000
1986-02-25,1692.660000
1986-02-26,1696.900000
1986-02-27,1713.990000
1986-02-28,1709.060000
1986-03-03,1696.670000
1986-03-04,1686.420000
1986-03-05,1686.660000
1986-03-06,1696.600000
1986-03-07,1699.830000
1986-03-10,1702.950000
1986-03-11,1746.050000
1986-03-12,1745.450000
1986-03-13,1753.710000
1986-03-14,1792.740000
1986-03-17,1776.860000
1986-03-18,1789.870000
1986-03-19,1787.950000
1986-03-20,1804.240000
1986-03-21,1768.560000
1986-03-24,1782.930000
1986-03-25,1778.500000
1986-03-26,1810.700000
1986-03-27,1821.720000
1986-03-31,1818.610000
1986-04-01,1790.110000
1986-04-02,1795.260000
1986-04-03,1766.400000
1986-04-04,1739.220000
1986-04-07,1735.510000
1986-04-08,1769.760000
1986-04-09,1778.620000
1986-04-10,1794.300000
1986-04-11,1790.180000
1986-04-14,1805.310000
1986-04-15,1809.650000
1986-04-16,1847.970000
1986-04-17,1855.030000
1986-04-18,1840.400000
1986-04-21,1855.900000
1986-04-22,1830.980000
1986-04-23,1829.610000
1986-04-24,1831.720000
1986-04-25,1835.570000
1986-04-28,1843.750000
1986-04-29,1825.890000
1986-04-30,1783.980000
1986-05-01,1777.780000
1986-05-02,1774.680000
1986-05-05,1793.770000
1986-05-06,1787.950000
1986-05-07,1775.300000
1986-05-08,1786.210000
1986-05-09,1789.430000
1986-05-12,1787.330000
1986-05-13,1785.340000
1986-05-14,1808.280000
1986-05-15,1774.680000
1986-05-16,1759.800000
1986-05-19,1758.180000
1986-05-20,1783.980000
1986-05-21,1775.170000
1986-05-22,1806.300000
1986-05-23,1823.290000
1986-05-27,1853.030000
1986-05-28,1878.280000
1986-05-29,1882.350000
1986-05-30,1876.710000
1986-06-02,1861.950000
1986-06-03,1870.430000
1986-06-04,1863.290000
1986-06-05,1879.440000
1986-06-06,1885.900000
1986-06-09,1840.150000
1986-06-10,1837.190000
1986-06-11,1846.070000
1986-06-12,1838.130000
1986-06-13,1874.190000
1986-06-16,1871.770000
1986-06-17,1865.780000
1986-06-18,1868.940000
1986-06-19,1855.860000
1986-06-20,1879.540000
1986-06-23,1864.260000
1986-06-24,1875.550000
1986-06-25,1885.050000
1986-06-26,1880.200000
1986-06-27,1885.260000
1986-06-30,1892.720000
1986-07-01,1903.540000
1986-07-02,1909.030000
1986-07-03,1900.870000
1986-07-07,1838.860000
1986-07-08,1820.730000
1986-07-09,1826.070000
1986-07-10,1831.830000
1986-07-11,1821.430000
1986-07-14,1793.450000
1986-07-15,1768.700000
1986-07-16,1774.180000
1986-07-17,1781.780000
1986-07-18,1777.980000
1986-07-21,1779.110000
1986-07-22,1795.130000
1986-07-23,1798.370000
1986-07-24,1791.620000
1986-07-25,1810.040000
1986-07-28,1773.900000
1986-07-29,1766.870000
1986-07-30,1779.390000
1986-07-31,1775.310000
1986-08-01,1763.640000
1986-08-04,1769.970000
1986-08-05,1777.000000
1986-08-06,1779.530000
1986-08-07,1786.280000
1986-08-08,1782.620000
1986-08-11,1811.160000
1986-08-12,1835.490000
1986-08-13,1844.490000
1986-08-14,1844.910000
1986-08-15,1855.600000
1986-08-18,1869.520000
1986-08-19,1862.910000
1986-08-20,1881.330000
1986-08-21,1881.190000
1986-08-22,1887.800000
1986-08-25,1871.770000
1986-08-26,1904.250000
1986-08-27,1904.530000
1986-08-28,1900.170000
1986-08-29,1898.340000
1986-09-02,1870.360000
1986-09-03,1881.330000
1986-09-04,1919.710000
1986-09-05,1899.750000
1986-09-08,1888.640000
1986-09-09,1884.140000
1986-09-10,1879.500000
1986-09-11,1792.890000
1986-09-12,1758.720000
1986-09-15,1767.580000
1986-09-16,1778.540000
1986-09-17,1769.400000
1986-09-18,1774.180000
1986-09-19,1762.650000
1986-09-22,1793.450000
1986-09-23,1797.810000
1986-09-24,1803.290000
1986-09-25,1768.560000
1986-09-26,1769.690000
1986-09-29,1755.200000
1986-09-30,1767.580000
1986-10-01,1782.900000
1986-10-02,1781.210000
1986-10-03,1774.180000
1986-10-06,1784.450000
1986-10-07,1784.450000
1986-10-08,1803.850000
1986-10-09,1796.820000
1986-10-10,1793.170000
1986-10-13,1798.370000
1986-10-14,1800.200000
1986-10-15,1831.690000
1986-10-16,1836.190000
1986-10-17,1837.040000
1986-10-20,1811.020000
1986-10-21,1805.680000
1986-10-22,1808.350000
1986-10-23,1834.930000
1986-10-24,1832.360000
1986-10-27,1841.820000
1986-10-28,1845.470000
1986-10-29,1851.800000
1986-10-30,1878.370000
1986-10-31,1877.710000
1986-11-03,1894.260000
1986-11-04,1892.440000
1986-11-05,1899.040000
1986-11-06,1891.590000
1986-11-07,1886.530000
1986-11-10,1892.290000
1986-11-11,1895.950000
1986-11-12,1893.700000
1986-11-13,1862.200000
1986-11-14,1873.590000
1986-11-17,1860.520000
1986-11-18,1817.210000
1986-11-19,1826.630000
1986-11-20,1860.660000
1986-11-21,1893.560000
1986-11-24,1906.070000
1986-11-25,1912.120000
1986-11-26,1916.760000
1986-11-28,1914.230000
1986-12-01,1912.540000
1986-12-02,1955.570000
1986-12-03,1947.270000
1986-12-04,1939.680000
1986-12-05,1925.060000
1986-12-08,1930.260000
1986-12-09,1916.900000
1986-12-10,1932.930000
1986-12-11,1923.650000
1986-12-12,1912.260000
1986-12-15,1922.810000
1986-12-16,1936.160000
1986-12-17,1918.310000
1986-12-18,1912.820000
1986-12-19,1928.850000
1986-12-22,1926.180000
1986-12-23,1914.370000
1986-12-24,1926.880000
1986-12-26,1930.400000
1986-12-29,1912.120000
1986-12-30,1908.610000
1986-12-31,1895.950000
1987-01-02,1927.310000
1987-01-05,1971.320000
1987-01-06,1974.830000
1987-01-07,1993.950000
1987-01-08,2002.250000
1987-01-09,2005.910000
1987-01-12,2009.420000
1987-01-13,2012.940000
1987-01-14,2035.010000
1987-01-15,2070.730000
1987-01-16,2076.630000
1987-01-19,2102.500000
1987-01-20,2104.470000
1987-01-21,2094.070000
1987-01-22,2145.670000
1987-01-23,2101.520000
1987-01-26,2107.280000
1987-01-27,2150.450000
1987-01-28,2163.390000
1987-01-29,2160.010000
1987-01-30,2158.040000
1987-02-02,2179.420000
1987-02-03,2168.450000
1987-02-04,2191.230000
1987-02-05,2201.490000
1987-02-06,2186.870000
1987-02-09,2176.740000
1987-02-10,2158.040000
1987-02-11,2171.960000
1987-02-12,2165.780000
1987-02-13,2183.350000
1987-02-17,2237.490000
1987-02-18,2237.630000
1987-02-19,2244.090000
1987-02-20,2235.240000
1987-02-23,2216.540000
1987-02-24,2223.280000
1987-02-25,2226.240000
1987-02-26,2216.680000
1987-02-27,2223.990000
1987-03-02,2220.470000
1987-03-03,2226.520000
1987-03-04,2257.450000
1987-03-05,2276.430000
1987-03-06,2280.230000
1987-03-09,2260.120000
1987-03-10,2280.090000
1987-03-11,2268.980000
1987-03-12,2267.340000
1987-03-13,2258.660000
1987-03-16,2248.440000
1987-03-17,2284.800000
1987-03-18,2286.930000
1987-03-19,2299.570000
1987-03-20,2333.520000
1987-03-23,2363.780000
1987-03-24,2369.180000
1987-03-25,2363.490000
1987-03-26,2372.590000
1987-03-27,2335.800000
1987-03-30,2278.410000
1987-03-31,2304.690000
1987-04-01,2316.050000
1987-04-02,2320.450000
1987-04-03,2390.340000
1987-04-06,2405.540000
1987-04-07,2360.940000
1987-04-08,2372.160000
1987-04-09,2339.200000
1987-04-10,2338.780000
1987-04-13,2287.070000
1987-04-14,2252.980000
1987-04-15,2282.950000
1987-04-16,2275.990000
1987-04-20,2270.600000
1987-04-21,2337.070000
1987-04-22,2285.940000
1987-04-23,2280.970000
1987-04-24,2235.370000
1987-04-27,2230.540000
1987-04-28,2231.960000
1987-04-29,2254.260000
1987-04-30,2286.360000
1987-05-01,2280.400000
1987-05-04,2286.220000
1987-05-05,2338.070000
1987-05-06,2342.190000
1987-05-07,2334.660000
1987-05-08,2322.300000
1987-05-11,2307.300000
1987-05-12,2322.600000
1987-05-13,2329.680000
1987-05-14,2325.490000
1987-05-15,2272.520000
1987-05-18,2258.660000
1987-05-19,2221.280000
1987-05-20,2215.870000
1987-05-21,2225.770000
1987-05-22,2243.200000
1987-05-26,2297.940000
1987-05-27,2295.810000
1987-05-28,2310.680000
1987-05-29,2291.570000
1987-06-01,2288.230000
1987-06-02,2278.220000
1987-06-03,2320.690000
1987-06-04,2337.080000
1987-06-05,2326.150000
1987-06-08,2351.640000
1987-06-09,2352.700000
1987-06-10,2353.610000
1987-06-11,2360.130000
1987-06-12,2377.730000
1987-06-15,2391.540000
1987-06-16,2407.350000
1987-06-17,2407.350000
1987-06-18,2408.130000
1987-06-19,2420.850000
1987-06-22,2445.510000
1987-06-23,2439.730000
1987-06-24,2428.410000
1987-06-25,2451.050000
1987-06-26,2436.860000
1987-06-29,2446.910000
1987-06-30,2418.530000
1987-07-01,2409.760000
1987-07-02,2436.700000
1987-07-06,2429.530000
1987-07-07,2449.780000
1987-07-08,2463.970000
1987-07-09,2451.210000
1987-07-10,2455.990000
1987-07-13,2452.970000
1987-07-14,2481.350000
1987-07-15,2483.740000
1987-07-16,2496.970000
1987-07-17,2510.040000
1987-07-20,2487.820000
1987-07-21,2467.950000
1987-07-22,2470.180000
1987-07-23,2471.940000
1987-07-24,2485.330000
1987-07-27,2493.940000
1987-07-28,2519.770000
1987-07-29,2539.540000
1987-07-30,2567.440000
1987-07-31,2572.070000
1987-08-03,2557.080000
1987-08-04,2546.720000
1987-08-05,2566.650000
1987-08-06,2594.230000
1987-08-07,2592.000000
1987-08-10,2635.840000
1987-08-11,2680.480000
1987-08-12,2669.320000
1987-08-13,2691.490000
1987-08-14,2685.430000
1987-08-17,2700.570000
1987-08-18,2654.660000
1987-08-19,2665.820000
1987-08-20,2706.790000
1987-08-21,2709.500000
1987-08-24,2697.070000
1987-08-25,2722.420000
1987-08-26,2701.850000
1987-08-27,2675.060000
1987-08-28,2639.350000
1987-08-31,2662.950000
1987-09-01,2610.970000
1987-09-02,2602.040000
1987-09-03,2599.490000
1987-09-04,2561.380000
1987-09-08,2545.120000
1987-09-09,2549.270000
1987-09-10,2576.050000
1987-09-11,2608.740000
1987-09-14,2613.040000
1987-09-15,2566.580000
1987-09-16,2530.190000
1987-09-17,2527.900000
1987-09-18,2524.640000
1987-09-21,2492.820000
1987-09-22,2568.050000
1987-09-23,2585.670000
1987-09-24,2566.420000
1987-09-25,2570.170000
1987-09-28,2601.500000
1987-09-29,2590.570000
1987-09-30,2596.280000
1987-10-01,2639.200000
1987-10-02,2640.990000
1987-10-05,2640.180000
1987-10-06,2548.630000
1987-10-07,2551.080000
1987-10-08,2516.640000
1987-10-09,2482.210000
1987-10-12,2471.440000
1987-10-13,2508.160000
1987-10-14,2412.700000
1987-10-15,2355.090000
1987-10-16,2246.730000
1987-10-19,1738.740000
1987-10-20,1841.010000
1987-10-21,2027.850000
1987-10-22,1950.430000
1987-10-23,1950.760000
1987-10-26,1793.930000
1987-10-27,1846.490000
1987-10-28,1846.820000
1987-10-29,1938.330000
1987-10-30,1993.530000
1987-11-02,2014.090000
1987-11-03,1963.530000
1987-11-04,1945.290000
1987-11-05,1985.410000
1987-11-06,1959.050000
1987-11-09,1900.200000
1987-11-10,1878.150000
1987-11-11,1899.200000
1987-11-12,1960.210000
1987-11-13,1935.010000
1987-11-16,1949.100000
1987-11-17,1922.250000
1987-11-18,1939.160000
1987-11-19,1895.390000
1987-11-20,1913.630000
1987-11-23,1923.080000
1987-11-24,1963.530000
1987-11-25,1946.950000
1987-11-27,1910.480000
1987-11-30,1833.550000
1987-12-01,1842.340000
1987-12-02,1848.970000
1987-12-03,1776.530000
1987-12-04,1766.740000
1987-12-07,1812.170000
1987-12-08,1868.370000
1987-12-09,1902.520000
1987-12-10,1855.440000
1987-12-11,1867.040000
1987-12-14,1932.860000
1987-12-15,1941.480000
1987-12-16,1974.470000
1987-12-17,1924.400000
1987-12-18,1975.300000
1987-12-21,1990.380000
1987-12-22,1978.450000
1987-12-23,2005.640000
1987-12-24,1999.670000
1987-12-28,1942.970000
1987-12-29,1926.890000
1987-12-30,1950.100000
1987-12-31,1938.830000
1988-01-04,2015.250000
1988-01-05,2031.500000
1988-01-06,2037.800000
1988-01-07,2051.890000
1988-01-08,1911.310000
1988-01-11,1945.130000
1988-01-12,1928.550000
1988-01-13,1924.730000
1988-01-14,1916.110000
1988-01-15,1956.070000
1988-01-18,1963.860000
1988-01-19,1936.340000
1988-01-20,1879.140000
1988-01-21,1879.310000
1988-01-22,1903.510000
1988-01-25,1946.450000
1988-01-26,1920.590000
1988-01-27,1911.140000
1988-01-28,1930.040000
1988-01-29,1958.220000
1988-02-01,1944.630000
1988-02-02,1952.920000
1988-02-03,1924.570000
1988-02-04,1923.570000
1988-02-05,1910.480000
1988-02-08,1895.720000
1988-02-09,1914.460000
1988-02-10,1962.040000
1988-02-11,1961.540000
1988-02-12,1983.260000
1988-02-16,2005.970000
1988-02-17,2000.990000
1988-02-18,1986.410000
1988-02-19,2014.590000
1988-02-22,2040.290000
1988-02-23,2039.120000
1988-02-24,2039.950000
1988-02-25,2017.570000
1988-02-26,2023.210000
1988-02-29,2071.620000
1988-03-01,2070.470000
1988-03-02,2071.290000
1988-03-03,2063.490000
1988-03-04,2057.860000
1988-03-07,2056.370000
1988-03-08,2081.070000
1988-03-09,2074.270000
1988-03-10,2026.030000
1988-03-11,2034.980000
1988-03-14,2050.070000
1988-03-15,2047.410000
1988-03-16,2064.320000
1988-03-17,2086.040000
1988-03-18,2087.370000
1988-03-21,2067.140000
1988-03-22,2066.150000
1988-03-23,2067.640000
1988-03-24,2023.870000
1988-03-25,1978.950000
1988-03-28,1979.770000
1988-03-29,1998.340000
1988-03-30,1978.120000
1988-03-31,1988.060000
1988-04-04,1980.600000
1988-04-05,1997.510000
1988-04-06,2061.670000
1988-04-07,2062.170000
1988-04-08,2090.190000
1988-04-11,2095.990000
1988-04-12,2110.080000
1988-04-13,2107.100000
1988-04-14,2005.640000
1988-04-15,2013.930000
1988-04-18,2008.120000
1988-04-19,1999.500000
1988-04-20,1985.410000
1988-04-21,1987.400000
1988-04-22,2015.090000
1988-04-25,2035.970000
1988-04-26,2044.760000
1988-04-27,2047.910000
1988-04-28,2041.280000
1988-04-29,2032.330000
1988-05-02,2043.270000
1988-05-03,2058.360000
1988-05-04,2036.310000
1988-05-05,2020.230000
1988-05-06,2007.460000
1988-05-09,1997.350000
1988-05-10,2003.640000
1988-05-11,1965.850000
1988-05-12,1968.000000
1988-05-13,1990.550000
1988-05-16,2007.630000
1988-05-17,1986.410000
1988-05-18,1951.090000
1988-05-19,1958.720000
1988-05-20,1952.590000
1988-05-23,1941.480000
1988-05-24,1962.530000
1988-05-25,1961.370000
1988-05-26,1966.700000
1988-05-27,1956.440000
1988-05-31,2031.120000
1988-06-01,2064.010000
1988-06-02,2052.450000
1988-06-03,2071.310000
1988-06-06,2075.210000
1988-06-07,2054.590000
1988-06-08,2102.950000
1988-06-09,2093.350000
1988-06-10,2101.710000
1988-06-13,2099.400000
1988-06-14,2124.470000
1988-06-15,2131.400000
1988-06-16,2094.240000
1988-06-17,2104.020000
1988-06-20,2083.930000
1988-06-21,2109.170000
1988-06-22,2152.200000
1988-06-23,2148.290000
1988-06-24,2142.960000
1988-06-27,2108.460000
1988-06-28,2130.870000
1988-06-29,2121.980000
1988-06-30,2141.710000
1988-07-01,2131.580000
1988-07-05,2158.610000
1988-07-06,2130.160000
1988-07-07,2122.690000
1988-07-08,2106.150000
1988-07-11,2111.310000
1988-07-12,2092.640000
1988-07-13,2104.370000
1988-07-14,2113.620000
1988-07-15,2129.450000
1988-07-18,2117.890000
1988-07-19,2097.260000
1988-07-20,2110.600000
1988-07-21,2086.590000
1988-07-22,2060.990000
1988-07-25,2071.830000
1988-07-26,2073.970000
1988-07-27,2053.700000
1988-07-28,2082.330000
1988-07-29,2128.730000
1988-08-01,2130.510000
1988-08-02,2131.220000
1988-08-03,2134.070000
1988-08-04,2126.600000
1988-08-05,2119.130000
1988-08-08,2107.400000
1988-08-09,2079.130000
1988-08-10,2034.140000
1988-08-11,2039.300000
1988-08-12,2037.520000
1988-08-15,2004.270000
1988-08-16,2021.510000
1988-08-17,2025.960000
1988-08-18,2027.030000
1988-08-19,2016.000000
1988-08-22,1990.220000
1988-08-23,1989.330000
1988-08-24,2026.670000
1988-08-25,2010.850000
1988-08-26,2017.430000
1988-08-29,2041.430000
1988-08-30,2038.230000
1988-08-31,2031.650000
1988-09-01,2002.310000
1988-09-02,2054.590000
1988-09-06,2065.260000
1988-09-07,2065.790000
1988-09-08,2063.120000
1988-09-09,2068.810000
1988-09-12,2072.370000
1988-09-13,2083.040000
1988-09-14,2100.640000
1988-09-15,2092.280000
1988-09-16,2098.150000
1988-09-19,2081.080000
1988-09-20,2087.480000
1988-09-21,2090.500000
1988-09-22,2080.010000
1988-09-23,2090.680000
1988-09-26,2085.170000
1988-09-27,2082.330000
1988-09-28,2085.530000
1988-09-29,2119.310000
1988-09-30,2112.910000
1988-10-03,2105.260000
1988-10-04,2102.060000
1988-10-05,2106.510000
1988-10-06,2107.750000
1988-10-07,2150.250000
1988-10-10,2158.960000
1988-10-11,2156.470000
1988-10-12,2126.240000
1988-10-13,2133.360000
1988-10-14,2133.180000
1988-10-17,2140.470000
1988-10-18,2159.850000
1988-10-19,2137.270000
1988-10-20,2181.190000
1988-10-21,2183.500000
1988-10-24,2170.340000
1988-10-25,2173.360000
1988-10-26,2165.180000
1988-10-27,2140.830000
1988-10-28,2149.890000
1988-10-31,2148.650000
1988-11-01,2150.960000
1988-11-02,2156.830000
1988-11-03,2170.340000
1988-11-04,2145.800000
1988-11-07,2124.640000
1988-11-08,2127.490000
1988-11-09,2118.240000
1988-11-10,2114.690000
1988-11-11,2067.030000
1988-11-14,2065.080000
1988-11-15,2077.170000
1988-11-16,2038.580000
1988-11-17,2052.450000
1988-11-18,2062.410000
1988-11-21,2065.970000
1988-11-22,2077.700000
1988-11-23,2092.280000
1988-11-25,2074.680000
1988-11-28,2081.440000
1988-11-29,2101.530000
1988-11-30,2114.510000
1988-12-01,2101.880000
1988-12-02,2092.280000
1988-12-05,2123.760000
1988-12-06,2149.360000
1988-12-07,2153.630000
1988-12-08,2141.710000
1988-12-09,2143.490000
1988-12-12,2139.580000
1988-12-13,2143.490000
1988-12-14,2134.250000
1988-12-15,2133.000000
1988-12-16,2150.710000
1988-12-19,2172.680000
1988-12-20,2166.070000
1988-12-21,2164.640000
1988-12-22,2160.360000
1988-12-23,2168.930000
1988-12-27,2162.680000
1988-12-28,2166.430000
1988-12-29,2182.680000
1988-12-30,2168.570000
1989-01-03,2144.640000
1989-01-04,2177.680000
1989-01-05,2190.540000
1989-01-06,2194.290000
1989-01-09,2199.460000
1989-01-10,2193.210000
1989-01-11,2206.430000
1989-01-12,2222.320000
1989-01-13,2226.070000
1989-01-16,2224.640000
1989-01-17,2214.640000
1989-01-18,2238.750000
1989-01-19,2239.110000
1989-01-20,2235.360000
1989-01-23,2218.390000
1989-01-24,2256.430000
1989-01-25,2265.890000
1989-01-26,2291.070000
1989-01-27,2322.860000
1989-01-30,2324.110000
1989-01-31,2342.320000
1989-02-01,2338.210000
1989-02-02,2333.750000
1989-02-03,2331.250000
1989-02-06,2321.070000
1989-02-07,2347.140000
1989-02-08,2343.210000
1989-02-09,2323.040000
1989-02-10,2286.070000
1989-02-13,2282.500000
1989-02-14,2281.250000
1989-02-15,2303.930000
1989-02-16,2311.430000
1989-02-17,2324.820000
1989-02-21,2326.430000
1989-02-22,2283.930000
1989-02-23,2289.460000
1989-02-24,2245.540000
1989-02-27,2250.360000
1989-02-28,2258.390000
1989-03-01,2243.040000
1989-03-02,2265.710000
1989-03-03,2274.290000
1989-03-06,2294.820000
1989-03-07,2290.710000
1989-03-08,2295.540000
1989-03-09,2291.430000
1989-03-10,2282.140000
1989-03-13,2306.250000
1989-03-14,2306.250000
1989-03-15,2320.540000
1989-03-16,2340.710000
1989-03-17,2292.140000
1989-03-20,2262.500000
1989-03-21,2266.250000
1989-03-22,2263.210000
1989-03-23,2243.040000
1989-03-27,2257.860000
1989-03-28,2275.540000
1989-03-29,2281.520000
1989-03-30,2281.340000
1989-03-31,2293.620000
1989-04-03,2304.800000
1989-04-04,2298.200000
1989-04-05,2304.800000
1989-04-06,2291.970000
1989-04-07,2304.800000
1989-04-10,2301.870000
1989-04-11,2311.580000
1989-04-12,2319.650000
1989-04-13,2296.000000
1989-04-14,2337.060000
1989-04-17,2337.790000
1989-04-18,2379.400000
1989-04-19,2386.910000
1989-04-20,2377.380000
1989-04-21,2409.460000
1989-04-24,2402.680000
1989-04-25,2386.850000
1989-04-26,2389.100000
1989-04-27,2418.990000
1989-04-28,2418.800000
1989-05-01,2414.960000
1989-05-02,2402.860000
1989-05-03,2393.700000
1989-05-04,2384.900000
1989-05-05,2381.960000
1989-05-08,2376.470000
1989-05-09,2371.330000
1989-05-10,2374.450000
1989-05-11,2382.880000
1989-05-12,2439.700000
1989-05-15,2463.890000
1989-05-16,2453.450000
1989-05-17,2462.430000
1989-05-18,2470.120000
1989-05-19,2501.100000
1989-05-22,2502.020000
1989-05-23,2478.010000
1989-05-24,2483.870000
1989-05-25,2482.590000
1989-05-26,2493.770000
1989-05-30,2475.550000
1989-05-31,2480.150000
1989-06-01,2490.630000
1989-06-02,2517.830000
1989-06-05,2480.700000
1989-06-06,2496.320000
1989-06-07,2512.320000
1989-06-08,2516.910000
1989-06-09,2513.420000
1989-06-12,2518.840000
1989-06-13,2503.540000
1989-06-14,2503.360000
1989-06-15,2475.000000
1989-06-16,2486.380000
1989-06-19,2479.890000
1989-06-20,2472.880000
1989-06-21,2464.910000
1989-06-22,2481.980000
1989-06-23,2531.870000
1989-06-26,2511.380000
1989-06-27,2526.370000
1989-06-28,2504.740000
1989-06-29,2458.270000
1989-06-30,2440.060000
1989-07-03,2452.770000
1989-07-05,2456.560000
1989-07-06,2462.440000
1989-07-07,2487.860000
1989-07-10,2502.660000
1989-07-11,2514.610000
1989-07-12,2532.630000
1989-07-13,2538.320000
1989-07-14,2554.820000
1989-07-17,2553.490000
1989-07-18,2544.760000
1989-07-19,2584.410000
1989-07-20,2575.490000
1989-07-21,2607.360000
1989-07-24,2584.980000
1989-07-25,2583.080000
1989-07-26,2613.050000
1989-07-27,2635.430000
1989-07-28,2635.240000
1989-07-31,2660.660000
1989-08-01,2641.120000
1989-08-02,2657.440000
1989-08-03,2661.610000
1989-08-04,2653.450000
1989-08-07,2694.990000
1989-08-08,2699.170000
1989-08-09,2686.080000
1989-08-10,2712.630000
1989-08-11,2683.990000
1989-08-14,2677.920000
1989-08-15,2687.780000
1989-08-16,2693.290000
1989-08-17,2679.630000
1989-08-18,2687.970000
1989-08-21,2647.000000
1989-08-22,2650.990000
1989-08-23,2678.110000
1989-08-24,2734.640000
1989-08-25,2732.360000
1989-08-28,2743.360000
1989-08-29,2726.630000
1989-08-30,2728.150000
1989-08-31,2737.270000
1989-09-01,2752.090000
1989-09-05,2744.680000
1989-09-06,2719.790000
1989-09-07,2706.880000
1989-09-08,2709.540000
1989-09-11,2704.410000
1989-09-12,2707.260000
1989-09-13,2679.520000
1989-09-14,2664.890000
1989-09-15,2674.580000
1989-09-18,2687.500000
1989-09-19,2687.310000
1989-09-20,2683.890000
1989-09-21,2680.280000
1989-09-22,2681.610000
1989-09-25,2659.190000
1989-09-26,2663.940000
1989-09-27,2673.060000
1989-09-28,2694.910000
1989-09-29,2692.820000
1989-10-02,2713.720000
1989-10-03,2754.560000
1989-10-04,2771.090000
1989-10-05,2773.560000
1989-10-06,2785.520000
1989-10-09,2791.410000
1989-10-10,2785.330000
1989-10-11,2773.360000
1989-10-12,2759.840000
1989-10-13,2569.260000
1989-10-16,2657.380000
1989-10-17,2638.730000
1989-10-18,2643.650000
1989-10-19,2683.200000
1989-10-20,2689.140000
1989-10-23,2662.910000
1989-10-24,2659.220000
1989-10-25,2653.280000
1989-10-26,2613.730000
1989-10-27,2596.720000
1989-10-30,2603.480000
1989-10-31,2645.080000
1989-11-01,2645.900000
1989-11-02,2631.560000
1989-11-03,2629.510000
1989-11-06,2582.170000
1989-11-07,2597.130000
1989-11-08,2623.360000
1989-11-09,2603.690000
1989-11-10,2625.610000
1989-11-13,2626.430000
1989-11-14,2610.250000
1989-11-15,2632.580000
1989-11-16,2635.660000
1989-11-17,2652.660000
1989-11-20,2632.040000
1989-11-21,2639.290000
1989-11-22,2656.780000
1989-11-24,2675.550000
1989-11-27,2694.970000
1989-11-28,2702.010000
1989-11-29,2688.780000
1989-11-30,2706.270000
1989-12-01,2747.650000
1989-12-04,2753.630000
1989-12-05,2741.680000
1989-12-06,2736.770000
1989-12-07,2720.780000
1989-12-08,2731.440000
1989-12-11,2728.240000
1989-12-12,2752.130000
1989-12-13,2761.090000
1989-12-14,2753.630000
1989-12-15,2739.550000
1989-12-18,2697.530000
1989-12-19,2695.610000
1989-12-20,2687.930000
1989-12-21,2691.130000
1989-12-22,2711.390000
1989-12-26,2709.260000
1989-12-27,2724.400000
1989-12-28,2732.300000
1989-12-29,2753.200000
1990-01-02,2810.150000
1990-01-03,2809.730000
1990-01-04,2796.080000
1990-01-05,2773.250000
1990-01-08,2794.370000
1990-01-09,2766.000000
1990-01-10,2750.640000
1990-01-11,2760.670000
1990-01-12,2689.210000
1990-01-15,2669.370000
1990-01-16,2692.620000
1990-01-17,2659.130000
1990-01-18,2666.380000
1990-01-19,2677.900000
1990-01-22,2600.450000
1990-01-23,2615.320000
1990-01-24,2604.500000
1990-01-25,2561.040000
1990-01-26,2559.230000
1990-01-29,2553.380000
1990-01-30,2543.240000
1990-01-31,2590.540000
1990-02-01,2586.260000
1990-02-02,2602.700000
1990-02-05,2622.520000
1990-02-06,2606.310000
1990-02-07,2640.090000
1990-02-08,2644.370000
1990-02-09,2648.200000
1990-02-12,2619.140000
1990-02-13,2624.100000
1990-02-14,2624.320000
1990-02-15,2649.550000
1990-02-16,2635.590000
1990-02-20,2596.850000
1990-02-21,2583.560000
1990-02-22,2574.770000
1990-02-23,2564.190000
1990-02-26,2602.480000
1990-02-27,2617.120000
1990-02-28,2627.250000
1990-03-01,2635.590000
1990-03-02,2660.360000
1990-03-05,2649.550000
1990-03-06,2676.800000
1990-03-07,2669.590000
1990-03-08,2696.170000
1990-03-09,2683.330000
1990-03-12,2686.710000
1990-03-13,2674.550000
1990-03-14,2687.840000
1990-03-15,2695.720000
1990-03-16,2741.220000
1990-03-19,2755.630000
1990-03-20,2738.740000
1990-03-21,2727.930000
1990-03-22,2695.720000
1990-03-23,2704.280000
1990-03-26,2707.660000
1990-03-27,2736.940000
1990-03-28,2743.690000
1990-03-29,2727.700000
1990-03-30,2707.210000
1990-04-02,2700.450000
1990-04-03,2736.710000
1990-04-04,2719.370000
1990-04-05,2721.170000
1990-04-06,2717.120000
1990-04-09,2722.070000
1990-04-10,2731.080000
1990-04-11,2729.730000
1990-04-12,2751.800000
1990-04-16,2763.060000
1990-04-17,2765.770000
1990-04-18,2732.880000
1990-04-19,2711.940000
1990-04-20,2695.950000
1990-04-23,2666.670000
1990-04-24,2654.500000
1990-04-25,2666.440000
1990-04-26,2676.580000
1990-04-27,2645.050000
1990-04-30,2656.760000
1990-05-01,2668.920000
1990-05-02,2689.640000
1990-05-03,2696.170000
1990-05-04,2710.360000
1990-05-07,2721.620000
1990-05-08,2733.560000
1990-05-09,2732.880000
1990-05-10,2738.510000
1990-05-11,2801.580000
1990-05-14,2821.530000
1990-05-15,2822.450000
1990-05-16,2819.680000
1990-05-17,2831.710000
1990-05-18,2819.910000
1990-05-21,2844.680000
1990-05-22,2852.230000
1990-05-23,2856.260000
1990-05-24,2855.550000
1990-05-25,2820.920000
1990-05-29,2870.490000
1990-05-30,2878.560000
1990-05-31,2876.660000
1990-06-01,2900.970000
1990-06-04,2935.190000
1990-06-05,2925.000000
1990-06-06,2911.650000
1990-06-07,2897.330000
1990-06-08,2862.380000
1990-06-11,2892.570000
1990-06-12,2933.420000
1990-06-13,2929.950000
1990-06-14,2928.220000
1990-06-15,2935.890000
1990-06-18,2882.180000
1990-06-19,2893.560000
1990-06-20,2895.300000
1990-06-21,2901.730000
1990-06-22,2857.180000
1990-06-25,2845.050000
1990-06-26,2842.330000
1990-06-27,2862.130000
1990-06-28,2878.710000
1990-06-29,2880.690000
1990-07-02,2899.260000
1990-07-03,2911.630000
1990-07-05,2879.210000
1990-07-06,2904.950000
1990-07-09,2914.110000
1990-07-10,2890.840000
1990-07-11,2932.670000
1990-07-12,2969.800000
1990-07-13,2980.200000
1990-07-16,2999.750000
1990-07-17,2999.750000
1990-07-18,2981.680000
1990-07-19,2993.810000
1990-07-20,2961.140000
1990-07-23,2904.700000
1990-07-24,2922.520000
1990-07-25,2930.940000
1990-07-26,2920.790000
1990-07-27,2898.510000
1990-07-30,2917.330000
1990-07-31,2905.200000
1990-08-01,2899.260000
1990-08-02,2864.600000
1990-08-03,2809.650000
1990-08-06,2716.340000
1990-08-07,2710.640000
1990-08-08,2734.900000
1990-08-09,2758.910000
1990-08-10,2716.580000
1990-08-13,2746.780000
1990-08-14,2747.770000
1990-08-15,2748.270000
1990-08-16,2681.440000
1990-08-17,2644.800000
1990-08-20,2656.440000
1990-08-21,2603.960000
1990-08-22,2560.150000
1990-08-23,2483.420000
1990-08-24,2532.920000
1990-08-27,2611.630000
1990-08-28,2614.850000
1990-08-29,2632.430000
1990-08-30,2593.320000
1990-08-31,2614.360000
1990-09-04,2613.370000
1990-09-05,2628.220000
1990-09-06,2596.290000
1990-09-07,2619.550000
1990-09-10,2615.590000
1990-09-11,2612.620000
1990-09-12,2625.740000
1990-09-13,2582.670000
1990-09-14,2564.110000
1990-09-17,2567.330000
1990-09-18,2571.290000
1990-09-19,2557.430000
1990-09-20,2518.320000
1990-09-21,2512.380000
1990-09-24,2452.970000
1990-09-25,2485.640000
1990-09-26,2459.650000
1990-09-27,2427.480000
1990-09-28,2452.480000
1990-10-01,2515.840000
1990-10-02,2505.200000
1990-10-03,2489.360000
1990-10-04,2516.830000
1990-10-05,2510.640000
1990-10-08,2523.760000
1990-10-09,2445.540000
1990-10-10,2407.920000
1990-10-11,2365.100000
1990-10-12,2398.020000
1990-10-15,2416.340000
1990-10-16,2381.190000
1990-10-17,2387.870000
1990-10-18,2452.720000
1990-10-19,2520.790000
1990-10-22,2516.090000
1990-10-23,2494.060000
1990-10-24,2504.210000
1990-10-25,2484.410000
1990-10-26,2436.140000
1990-10-29,2430.200000
1990-10-30,2448.020000
1990-10-31,2442.330000
1990-11-01,2454.950000
1990-11-02,2490.840000
1990-11-05,2502.230000
1990-11-06,2485.150000
1990-11-07,2440.840000
1990-11-08,2443.810000
1990-11-09,2488.610000
1990-11-12,2540.350000
1990-11-13,2535.400000
1990-11-14,2559.650000
1990-11-15,2545.050000
1990-11-16,2550.250000
1990-11-19,2565.350000
1990-11-20,2530.200000
1990-11-21,2539.360000
1990-11-23,2527.230000
1990-11-26,2533.170000
1990-11-27,2543.810000
1990-11-28,2535.150000
1990-11-29,2518.810000
1990-11-30,2559.650000
1990-12-03,2565.590000
1990-12-04,2579.700000
1990-12-05,2610.400000
1990-12-06,2602.480000
1990-12-07,2590.100000
1990-12-10,2596.780000
1990-12-11,2586.140000
1990-12-12,2622.280000
1990-12-13,2614.360000
1990-12-14,2593.810000
1990-12-17,2593.320000
1990-12-18,2626.730000
1990-12-19,2626.730000
1990-12-20,2629.460000
1990-12-21,2633.660000
1990-12-24,2621.290000
1990-12-26,2637.130000
1990-12-27,2625.500000
1990-12-28,2629.210000
1990-12-31,2633.660000
1991-01-02,2610.640000
1991-01-03,2573.510000
1991-01-04,2566.090000
1991-01-07,2522.770000
1991-01-08,2509.410000
1991-01-09,2470.300000
1991-01-10,2498.760000
1991-01-11,2501.490000
1991-01-14,2483.910000
1991-01-15,2490.590000
1991-01-16,2508.910000
1991-01-17,2623.510000
1991-01-18,2646.780000
1991-01-21,2629.210000
1991-01-22,2603.220000
1991-01-23,2619.060000
1991-01-24,2643.070000
1991-01-25,2659.410000
1991-01-28,2654.460000
1991-01-29,2662.620000
1991-01-30,2713.120000
1991-01-31,2736.390000
1991-02-01,2730.690000
1991-02-04,2772.280000
1991-02-05,2788.370000
1991-02-06,2830.940000
1991-02-07,2810.640000
1991-02-08,2830.690000
1991-02-11,2902.230000
1991-02-12,2874.750000
1991-02-13,2909.160000
1991-02-14,2877.230000
1991-02-15,2934.650000
1991-02-19,2932.180000
1991-02-20,2899.010000
1991-02-21,2891.830000
1991-02-22,2889.360000
1991-02-25,2887.870000
1991-02-26,2864.600000
1991-02-27,2889.110000
1991-02-28,2882.180000
1991-03-01,2909.900000
1991-03-04,2914.110000
1991-03-05,2972.520000
1991-03-06,2973.270000
1991-03-07,2963.370000
1991-03-08,2955.200000
1991-03-11,2939.360000
1991-03-12,2922.520000
1991-03-13,2955.200000
1991-03-14,2952.230000
1991-03-15,2948.270000
1991-03-18,2929.950000
1991-03-19,2867.820000
1991-03-20,2872.030000
1991-03-21,2855.450000
1991-03-22,2858.910000
1991-03-25,2865.840000
1991-03-26,2914.850000
1991-03-27,2917.570000
1991-03-28,2913.860000
1991-04-01,2881.190000
1991-04-02,2945.050000
1991-04-03,2926.730000
1991-04-04,2924.500000
1991-04-05,2896.780000
1991-04-08,2918.560000
1991-04-09,2873.020000
1991-04-10,2874.500000
1991-04-11,2905.450000
1991-04-12,2920.790000
1991-04-15,2933.170000
1991-04-16,2986.880000
1991-04-17,3004.460000
1991-04-18,2999.260000
1991-04-19,2965.590000
1991-04-22,2927.720000
1991-04-23,2930.450000
1991-04-24,2949.510000
1991-04-25,2921.040000
1991-04-26,2912.380000
1991-04-29,2876.980000
1991-04-30,2887.870000
1991-05-01,2930.200000
1991-05-02,2938.610000
1991-05-03,2938.860000
1991-05-06,2941.640000
1991-05-07,2917.490000
1991-05-08,2930.900000
1991-05-09,2971.150000
1991-05-10,2920.170000
1991-05-13,2924.420000
1991-05-14,2886.850000
1991-05-15,2865.380000
1991-05-16,2894.010000
1991-05-17,2886.630000
1991-05-20,2892.220000
1991-05-21,2906.080000
1991-05-22,2910.330000
1991-05-23,2900.040000
1991-05-24,2913.910000
1991-05-28,2958.860000
1991-05-29,2969.590000
1991-05-30,3000.450000
1991-05-31,3027.500000
1991-06-03,3035.330000
1991-06-04,3027.950000
1991-06-05,3005.370000
1991-06-06,2994.860000
1991-06-07,2976.740000
1991-06-10,2975.400000
1991-06-11,2985.910000
1991-06-12,2961.990000
1991-06-13,2965.120000
1991-06-14,3000.450000
1991-06-17,2993.960000
1991-06-18,2986.810000
1991-06-19,2955.500000
1991-06-20,2953.940000
1991-06-21,2965.560000
1991-06-24,2913.010000
1991-06-25,2910.110000
1991-06-26,2913.010000
1991-06-27,2934.930000
1991-06-28,2906.750000
1991-07-01,2958.410000
1991-07-02,2972.720000
1991-07-03,2934.700000
1991-07-05,2932.470000
1991-07-08,2961.990000
1991-07-09,2947.230000
1991-07-10,2944.770000
1991-07-11,2959.750000
1991-07-12,2980.770000
1991-07-15,2990.610000
1991-07-16,2983.900000
1991-07-17,2978.760000
1991-07-18,3016.320000
1991-07-19,3016.320000
1991-07-22,3012.970000
1991-07-23,2983.230000
1991-07-24,2966.230000
1991-07-25,2980.100000
1991-07-26,2972.500000
1991-07-29,2985.240000
1991-07-30,3016.320000
1991-07-31,3024.820000
1991-08-01,3017.670000
1991-08-02,3006.260000
1991-08-05,2989.040000
1991-08-06,3027.280000
1991-08-07,3026.610000
1991-08-08,3013.860000
1991-08-09,2996.200000
1991-08-12,3001.340000
1991-08-13,3008.720000
1991-08-14,3005.370000
1991-08-15,2998.430000
1991-08-16,2968.020000
1991-08-19,2898.030000
1991-08-20,2913.690000
1991-08-21,3001.790000
1991-08-22,3007.380000
1991-08-23,3040.250000
1991-08-26,3039.360000
1991-08-27,3026.160000
1991-08-28,3055.230000
1991-08-29,3049.640000
1991-08-30,3043.600000
1991-09-03,3017.670000
1991-09-04,3008.500000
1991-09-05,3008.500000
1991-09-06,3011.630000
1991-09-09,3007.160000
1991-09-10,2982.560000
1991-09-11,2987.030000
1991-09-12,3007.830000
1991-09-13,2985.690000
1991-09-16,3015.210000
1991-09-17,3013.190000
1991-09-18,3017.890000
1991-09-19,3024.370000
1991-09-20,3019.230000
1991-09-23,3010.510000
1991-09-24,3029.070000
1991-09-25,3021.020000
1991-09-26,3017.220000
1991-09-27,3006.040000
1991-09-30,3016.770000
1991-10-01,3018.340000
1991-10-02,3012.520000
1991-10-03,2984.790000
1991-10-04,2961.760000
1991-10-07,2942.750000
1991-10-08,2963.770000
1991-10-09,2946.330000
1991-10-10,2976.520000
1991-10-11,2983.680000
1991-10-14,3019.450000
1991-10-15,3041.370000
1991-10-16,3061.720000
1991-10-17,3053.000000
1991-10-18,3077.150000
1991-10-21,3060.380000
1991-10-22,3039.800000
1991-10-23,3040.920000
1991-10-24,3016.320000
1991-10-25,3004.920000
1991-10-28,3045.620000
1991-10-29,3061.940000
1991-10-30,3071.780000
1991-10-31,3069.100000
1991-11-01,3056.350000
1991-11-04,3045.620000
1991-11-05,3031.310000
1991-11-06,3038.460000
1991-11-07,3054.110000
1991-11-08,3045.620000
1991-11-11,3042.260000
1991-11-12,3054.110000
1991-11-13,3065.300000
1991-11-14,3063.510000
1991-11-15,2943.200000
1991-11-18,2972.720000
1991-11-19,2931.570000
1991-11-20,2930.010000
1991-11-21,2932.690000
1991-11-22,2902.730000
1991-11-25,2902.060000
1991-11-26,2916.140000
1991-11-27,2900.040000
1991-11-29,2894.680000
1991-12-02,2935.380000
1991-12-03,2929.560000
1991-12-04,2911.670000
1991-12-05,2889.090000
1991-12-06,2886.400000
1991-12-09,2871.650000
1991-12-10,2863.820000
1991-12-11,2865.380000
1991-12-12,2895.130000
1991-12-13,2914.360000
1991-12-16,2919.050000
1991-12-17,2902.280000
1991-12-18,2908.090000
1991-12-19,2914.360000
1991-12-20,2934.480000
1991-12-23,3022.580000
1991-12-24,3050.980000
1991-12-26,3082.960000
1991-12-27,3101.520000
1991-12-30,3163.910000
1991-12-31,3168.830000
1992-01-02,3172.399902
1992-01-03,3201.500000
1992-01-06,3200.100098
1992-01-07,3204.800049
1992-01-08,3203.899902
1992-01-09,3209.500000
1992-01-10,3199.500000
1992-01-13,3185.600098
1992-01-14,3246.199951
1992-01-15,3258.500000
1992-01-16,3249.600098
1992-01-17,3265.000000
1992-01-20,3254.000000
1992-01-21,3223.399902
1992-01-22,3255.800049
1992-01-23,3226.699951
1992-01-24,3232.800049
1992-01-27,3240.600098
1992-01-28,3272.100098
1992-01-29,3225.000000
1992-01-30,3244.899902
1992-01-31,3223.399902
1992-02-03,3234.100098
1992-02-04,3272.800049
1992-02-05,3257.600098
1992-02-06,3255.600098
1992-02-07,3225.399902
1992-02-10,3245.100098
1992-02-11,3251.600098
1992-02-12,3276.800049
1992-02-13,3246.699951
1992-02-14,3246.000000
1992-02-18,3224.699951
1992-02-19,3230.300049
1992-02-20,3280.600098
1992-02-21,3280.199951
1992-02-24,3282.399902
1992-02-25,3257.800049
1992-02-26,3283.300049
1992-02-27,3269.500000
1992-02-28,3267.699951
1992-03-02,3275.300049
1992-03-03,3290.300049
1992-03-04,3268.600098
1992-03-05,3241.500000
1992-03-06,3221.600098
1992-03-09,3215.100098
1992-03-10,3231.000000
1992-03-11,3208.600098
1992-03-12,3208.600098
1992-03-13,3235.899902
1992-03-16,3236.399902
1992-03-17,3256.000000
1992-03-18,3254.300049
1992-03-19,3261.399902
1992-03-20,3276.399902
1992-03-23,3272.100098
1992-03-24,3261.000000
1992-03-25,3259.399902
1992-03-26,3267.699951
1992-03-27,3231.399902
1992-03-30,3235.199951
1992-03-31,3235.500000
1992-04-01,3249.300049
1992-04-02,3234.100098
1992-04-03,3249.100098
1992-04-06,3275.500000
1992-04-07,3213.600098
1992-04-08,3181.399902
1992-04-09,3225.000000
1992-04-10,3255.399902
1992-04-13,3269.899902
1992-04-14,3306.100098
1992-04-15,3353.800049
1992-04-16,3366.500000
1992-04-20,3336.300049
1992-04-21,3343.300049
1992-04-22,3338.800049
1992-04-23,3348.600098
1992-04-24,3324.500000
1992-04-27,3304.560059
1992-04-28,3307.899902
1992-04-29,3333.199951
1992-04-30,3359.100098
1992-05-01,3336.100098
1992-05-04,3378.100098
1992-05-05,3359.399902
1992-05-06,3369.399902
1992-05-07,3363.399902
1992-05-08,3369.399902
1992-05-11,3397.600098
1992-05-12,3385.100098
1992-05-13,3392.000000
1992-05-14,3368.899902
1992-05-15,3353.100098
1992-05-18,3376.000000
1992-05-19,3398.000000
1992-05-20,3393.800049
1992-05-21,3378.699951
1992-05-22,3386.800049
1992-05-26,3364.199951
1992-05-27,3370.399902
1992-05-28,3398.399902
1992-05-29,3396.899902
1992-06-01,3413.199951
1992-06-02,3396.100098
1992-06-03,3407.000000
1992-06-04,3399.699951
1992-06-05,3398.699951
1992-06-08,3404.100098
1992-06-09,3369.899902
1992-06-10,3343.199951
1992-06-11,3351.500000
1992-06-12,3354.399902
1992-06-15,3354.899902
1992-06-16,3329.500000
1992-06-17,3287.800049
1992-06-18,3274.100098
1992-06-19,3285.399902
1992-06-22,3280.800049
1992-06-23,3285.600098
1992-06-24,3290.699951
1992-06-25,3284.000000
1992-06-26,3282.399902
1992-06-29,3319.860107
1992-06-30,3318.500000
1992-07-01,3354.100098
1992-07-02,3330.300049
1992-07-06,3339.199951
1992-07-07,3295.199951
1992-07-08,3293.300049
1992-07-09,3324.100098
1992-07-10,3330.600098
1992-07-13,3337.300049
1992-07-14,3358.399902
1992-07-15,3345.399902
1992-07-16,3361.600098
1992-07-17,3331.600098
1992-07-20,3303.000000
1992-07-21,3308.399902
1992-07-22,3277.600098
1992-07-23,3290.000000
1992-07-24,3285.699951
1992-07-27,3282.199951
1992-07-28,3334.100098
1992-07-29,3379.199951
1992-07-30,3391.899902
1992-07-31,3393.800049
1992-08-03,3395.399902
1992-08-04,3384.300049
1992-08-05,3365.100098
1992-08-06,3340.600098
1992-08-07,3332.199951
1992-08-10,3337.560059
1992-08-11,3331.100098
1992-08-12,3320.800049
1992-08-13,3313.300049
1992-08-14,3328.899902
1992-08-17,3324.899902
1992-08-18,3329.500000
1992-08-19,3307.100098
1992-08-20,3304.899902
1992-08-21,3254.100098
1992-08-24,3228.199951
1992-08-25,3232.199951
1992-08-26,3246.800049
1992-08-27,3254.600098
1992-08-28,3267.600098
1992-08-31,3257.399902
1992-09-01,3266.260010
1992-09-02,3290.300049
1992-09-03,3292.199951
1992-09-04,3281.899902
1992-09-08,3260.600098
1992-09-09,3271.399902
1992-09-10,3305.199951
1992-09-11,3305.699951
1992-09-14,3376.199951
1992-09-15,3327.300049
1992-09-16,3319.199951
1992-09-17,3315.699951
1992-09-18,3327.100098
1992-09-21,3320.800049
1992-09-22,3280.899902
1992-09-23,3278.699951
1992-09-24,3287.899902
1992-09-25,3250.300049
1992-09-28,3276.260010
1992-09-29,3266.800049
1992-09-30,3271.699951
1992-10-01,3254.399902
1992-10-02,3200.600098
1992-10-05,3179.000000
1992-10-06,3178.199951
1992-10-07,3152.300049
1992-10-08,3176.000000
1992-10-09,3136.600098
1992-10-12,3174.399902
1992-10-13,3201.399902
1992-10-14,3195.500000
1992-10-15,3174.699951
1992-10-16,3174.399902
1992-10-19,3188.500000
1992-10-20,3186.000000
1992-10-21,3187.100098
1992-10-22,3200.899902
1992-10-23,3207.600098
1992-10-26,3244.100098
1992-10-27,3235.699951
1992-10-28,3251.399902
1992-10-29,3246.300049
1992-10-30,3226.300049
1992-11-02,3262.199951
1992-11-03,3252.500000
1992-11-04,3223.000000
1992-11-05,3243.800049
1992-11-06,3240.100098
1992-11-09,3240.899902
1992-11-10,3225.500000
1992-11-11,3240.300049
1992-11-12,3239.800049
1992-11-13,3233.000000
1992-11-16,3205.699951
1992-11-17,3193.300049
1992-11-18,3207.399902
1992-11-19,3209.500000
1992-11-20,3227.399902
1992-11-23,3223.000000
1992-11-24,3248.699951
1992-11-25,3266.300049
1992-11-27,3282.199951
1992-11-30,3305.199951
1992-12-01,3294.399902
1992-12-02,3286.300049
1992-12-03,3276.500000
1992-12-04,3288.699951
1992-12-07,3307.300049
1992-12-08,3322.199951
1992-12-09,3323.800049
1992-12-10,3312.199951
1992-12-11,3304.100098
1992-12-14,3292.199951
1992-12-15,3284.399902
1992-12-16,3255.199951
1992-12-17,3269.199951
1992-12-18,3313.300049
1992-12-21,3312.500000
1992-12-22,3321.100098
1992-12-23,3313.540039
1992-12-24,3326.199951
1992-12-28,3333.260010
1992-12-29,3310.800049
1992-12-30,3321.100098
1992-12-31,3301.110107
1993-01-04,3309.199951
1993-01-05,3307.899902
1993-01-06,3305.199951
1993-01-07,3269.000000
1993-01-08,3251.699951
1993-01-11,3262.750000
1993-01-12,3264.600098
1993-01-13,3263.600098
1993-01-14,3267.899902
1993-01-15,3271.100098
1993-01-18,3274.899902
1993-01-19,3256.000000
1993-01-20,3242.000000
1993-01-21,3253.000000
1993-01-22,3256.800049
1993-01-25,3292.199951
1993-01-26,3299.000000
1993-01-27,3291.399902
1993-01-28,3306.300049
1993-01-29,3310.000000
1993-02-01,3332.199951
1993-02-02,3328.699951
1993-02-03,3373.800049
1993-02-04,3416.699951
1993-02-05,3442.100098
1993-02-08,3437.500000
1993-02-09,3414.600098
1993-02-10,3412.399902
1993-02-11,3422.699951
1993-02-12,3392.429932
1993-02-16,3309.500000
1993-02-17,3312.199951
1993-02-18,3302.199951
1993-02-19,3322.179932
1993-02-22,3342.989990
1993-02-23,3323.270020
1993-02-24,3356.500000
1993-02-25,3365.139893
1993-02-26,3370.810059
1993-03-01,3355.409912
1993-03-02,3400.530029
1993-03-03,3404.040039
1993-03-04,3398.909912
1993-03-05,3404.580078
1993-03-08,3469.419922
1993-03-09,3472.120117
1993-03-10,3478.340088
1993-03-11,3457.000000
1993-03-12,3427.820068
1993-03-15,3442.409912
1993-03-16,3442.949951
1993-03-17,3426.739990
1993-03-18,3465.639893
1993-03-19,3471.580078
1993-03-22,3463.479980
1993-03-23,3461.860107
1993-03-24,3445.379883
1993-03-25,3461.320068
1993-03-26,3439.979980
1993-03-29,3455.100098
1993-03-30,3457.270020
1993-03-31,3435.110107
1993-04-01,3439.439941
1993-04-02,3370.810059
1993-04-05,3379.189941
1993-04-06,3377.570068
1993-04-07,3397.020020
1993-04-08,3396.479980
1993-04-12,3428.090088
1993-04-13,3444.030029
1993-04-14,3455.639893
1993-04-15,3455.919922
1993-04-16,3478.610107
1993-04-19,3466.989990
1993-04-20,3443.489990
1993-04-21,3439.439941
1993-04-22,3429.169922
1993-04-23,3413.770020
1993-04-26,3398.370117
1993-04-27,3415.929932
1993-04-28,3413.500000
1993-04-29,3425.120117
1993-04-30,3427.550049
1993-05-03,3446.459961
1993-05-04,3446.189941
1993-05-05,3449.100098
1993-05-06,3441.899902
1993-05-07,3437.189941
1993-05-10,3443.280029
1993-05-11,3468.750000
1993-05-12,3482.310059
1993-05-13,3447.989990
1993-05-14,3443.010010
1993-05-17,3449.929932
1993-05-18,3444.389893
1993-05-19,3500.030029
1993-05-20,3523.280029
1993-05-21,3492.830078
1993-05-24,3507.780029
1993-05-25,3516.629883
1993-05-26,3540.159912
1993-05-27,3554.830078
1993-05-28,3527.429932
1993-06-01,3552.340088
1993-06-02,3553.449951
1993-06-03,3544.870117
1993-06-04,3545.139893
1993-06-07,3532.129883
1993-06-08,3510.540039
1993-06-09,3511.929932
1993-06-10,3491.719971
1993-06-11,3505.010010
1993-06-14,3514.689941
1993-06-15,3492.000000
1993-06-16,3511.649902
1993-06-17,3521.889893
1993-06-18,3494.770020
1993-06-21,3510.820068
1993-06-22,3497.530029
1993-06-23,3466.810059
1993-06-24,3490.610107
1993-06-25,3490.889893
1993-06-28,3530.199951
1993-06-29,3518.850098
1993-06-30,3516.080078
1993-07-01,3510.540039
1993-07-02,3483.969971
1993-07-06,3449.929932
1993-07-07,3475.669922
1993-07-08,3514.419922
1993-07-09,3521.060059
1993-07-12,3524.379883
1993-07-13,3515.439941
1993-07-14,3542.550049
1993-07-15,3550.929932
1993-07-16,3528.290039
1993-07-19,3535.280029
1993-07-20,3544.780029
1993-07-21,3555.399902
1993-07-22,3525.219971
1993-07-23,3546.739990
1993-07-26,3567.699951
1993-07-27,3565.459961
1993-07-28,3553.449951
1993-07-29,3567.419922
1993-07-30,3539.469971
1993-08-02,3560.989990
1993-08-03,3561.270020
1993-08-04,3552.050049
1993-08-05,3548.969971
1993-08-06,3560.429932
1993-08-09,3576.080078
1993-08-10,3572.729980
1993-08-11,3583.350098
1993-08-12,3569.090088
1993-08-13,3569.649902
1993-08-16,3579.149902
1993-08-17,3586.979980
1993-08-18,3604.860107
1993-08-19,3612.129883
1993-08-20,3615.479980
1993-08-23,3605.979980
1993-08-24,3638.959961
1993-08-25,3652.090088
1993-08-26,3648.179932
1993-08-27,3640.629883
1993-08-30,3643.989990
1993-08-31,3651.250000
1993-09-01,3645.100098
1993-09-02,3626.100098
1993-09-03,3633.929932
1993-09-07,3607.100098
1993-09-08,3588.929932
1993-09-09,3589.489990
1993-09-10,3621.629883
1993-09-13,3634.209961
1993-09-14,3615.760010
1993-09-15,3633.649902
1993-09-16,3630.850098
1993-09-17,3613.250000
1993-09-20,3575.800049
1993-09-21,3537.239990
1993-09-22,3547.020020
1993-09-23,3539.750000
1993-09-24,3543.110107
1993-09-27,3567.699951
1993-09-28,3566.020020
1993-09-29,3566.300049
1993-09-30,3555.120117
1993-10-01,3581.110107
1993-10-04,3577.760010
1993-10-05,3587.260010
1993-10-06,3598.989990
1993-10-07,3583.629883
1993-10-08,3584.739990
1993-10-11,3593.409912
1993-10-12,3593.129883
1993-10-13,3603.189941
1993-10-14,3621.629883
1993-10-15,3629.729980
1993-10-18,3642.310059
1993-10-19,3635.320068
1993-10-20,3645.100098
1993-10-21,3636.159912
1993-10-22,3649.300049
1993-10-25,3673.610107
1993-10-26,3672.489990
1993-10-27,3664.659912
1993-10-28,3687.860107
1993-10-29,3680.590088
1993-11-01,3692.610107
1993-11-02,3697.639893
1993-11-03,3661.870117
1993-11-04,3624.979980
1993-11-05,3643.429932
1993-11-08,3647.899902
1993-11-09,3640.070068
1993-11-10,3663.550049
1993-11-11,3662.429932
1993-11-12,3684.500000
1993-11-15,3677.520020
1993-11-16,3710.770020
1993-11-17,3704.350098
1993-11-18,3685.340088
1993-11-19,3694.010010
1993-11-22,3670.250000
1993-11-23,3674.169922
1993-11-24,3687.580078
1993-11-26,3683.949951
1993-11-29,3677.800049
1993-11-30,3683.949951
1993-12-01,3697.080078
1993-12-02,3702.110107
1993-12-03,3704.070068
1993-12-06,3710.209961
1993-12-07,3718.879883
1993-12-08,3734.530029
1993-12-09,3729.780029
1993-12-10,3740.669922
1993-12-13,3764.429932
1993-12-14,3742.629883
1993-12-15,3716.919922
1993-12-16,3726.139893
1993-12-17,3751.570068
1993-12-20,3755.209961
1993-12-21,3745.149902
1993-12-22,3762.189941
1993-12-23,3757.719971
1993-12-27,3792.929932
1993-12-28,3793.770020
1993-12-29,3794.330078
1993-12-30,3775.879883
1993-12-31,3754.090088
1994-01-03,3756.600098
1994-01-04,3783.899902
1994-01-05,3798.820068
1994-01-06,3803.879883
1994-01-07,3820.770020
1994-01-10,3865.510010
1994-01-11,3850.310059
1994-01-12,3848.629883
1994-01-13,3842.429932
1994-01-14,3867.199951
1994-01-17,3870.290039
1994-01-18,3870.290039
1994-01-19,3884.370117
1994-01-20,3891.959961
1994-01-21,3914.479980
1994-01-24,3912.790039
1994-01-25,3895.340088
1994-01-26,3908.000000
1994-01-27,3926.300049
1994-01-28,3945.429932
1994-01-31,3978.360107
1994-02-01,3964.010010
1994-02-02,3975.540039
1994-02-03,3967.659912
1994-02-04,3871.419922
1994-02-07,3906.320068
1994-02-08,3906.030029
1994-02-09,3931.919922
1994-02-10,3895.340088
1994-02-11,3894.780029
1994-02-14,3904.060059
1994-02-15,3928.270020
1994-02-16,3937.270020
1994-02-17,3922.639893
1994-02-18,3887.459961
1994-02-22,3911.659912
1994-02-23,3891.679932
1994-02-24,3839.899902
1994-02-25,3838.780029
1994-02-28,3832.020020
1994-03-01,3809.229980
1994-03-02,3831.739990
1994-03-03,3824.419922
1994-03-04,3832.300049
1994-03-07,3856.219971
1994-03-08,3851.719971
1994-03-09,3853.409912
1994-03-10,3830.620117
1994-03-11,3862.699951
1994-03-14,3862.979980
1994-03-15,3849.590088
1994-03-16,3848.149902
1994-03-17,3865.139893
1994-03-18,3895.649902
1994-03-21,3864.850098
1994-03-22,3862.550049
1994-03-23,3869.459961
1994-03-24,3821.090088
1994-03-25,3774.729980
1994-03-28,3762.350098
1994-03-29,3699.020020
1994-03-30,3626.750000
1994-03-31,3635.959961
1994-04-04,3593.350098
1994-04-05,3675.409912
1994-04-06,3679.729980
1994-04-07,3693.260010
1994-04-08,3674.260010
1994-04-11,3688.830078
1994-04-12,3681.689941
1994-04-13,3661.469971
1994-04-14,3663.250000
1994-04-15,3661.469971
1994-04-18,3620.419922
1994-04-19,3619.820068
1994-04-20,3598.709961
1994-04-21,3652.540039
1994-04-22,3648.679932
1994-04-25,3705.780029
1994-04-26,3699.540039
1994-04-28,3668.310059
1994-04-29,3681.689941
1994-05-02,3701.020020
1994-05-03,3714.409912
1994-05-04,3697.750000
1994-05-05,3695.969971
1994-05-06,3669.500000
1994-05-09,3629.040039
1994-05-10,3656.409912
1994-05-11,3629.040039
1994-05-12,3652.840088
1994-05-13,3659.679932
1994-05-16,3671.500000
1994-05-17,3720.610107
1994-05-18,3732.889893
1994-05-19,3758.979980
1994-05-20,3766.350098
1994-05-23,3742.409912
1994-05-24,3745.169922
1994-05-25,3755.300049
1994-05-26,3753.459961
1994-05-27,3757.139893
1994-05-31,3758.370117
1994-06-01,3760.830078
1994-06-02,3758.989990
1994-06-03,3772.219971
1994-06-06,3768.520020
1994-06-07,3755.909912
1994-06-08,3749.449951
1994-06-09,3753.139893
1994-06-10,3773.449951
1994-06-13,3783.120117
1994-06-14,3814.830078
1994-06-15,3790.409912
1994-06-16,3811.340088
1994-06-17,3776.780029
1994-06-20,3741.899902
1994-06-21,3707.969971
1994-06-22,3724.770020
1994-06-23,3699.090088
1994-06-24,3636.939941
1994-06-27,3685.500000
1994-06-28,3669.639893
1994-06-29,3667.050049
1994-06-30,3624.959961
1994-07-01,3646.649902
1994-07-05,3652.479980
1994-07-06,3674.500000
1994-07-07,3688.419922
1994-07-08,3709.139893
1994-07-11,3702.989990
1994-07-12,3702.659912
1994-07-13,3704.280029
1994-07-14,3739.250000
1994-07-15,3753.810059
1994-07-18,3755.429932
1994-07-19,3748.310059
1994-07-20,3727.270020
1994-07-21,3732.449951
1994-07-22,3735.040039
1994-07-25,3741.840088
1994-07-26,3735.679932
1994-07-27,3720.469971
1994-07-28,3730.830078
1994-07-29,3764.500000
1994-08-01,3798.169922
1994-08-02,3796.219971
1994-08-03,3792.659912
1994-08-04,3765.790039
1994-08-05,3747.020020
1994-08-08,3753.810059
1994-08-09,3755.760010
1994-08-10,3766.760010
1994-08-11,3750.899902
1994-08-12,3768.709961
1994-08-15,3760.290039
1994-08-16,3784.570068
1994-08-17,3776.479980
1994-08-18,3755.429932
1994-08-19,3755.110107
1994-08-22,3751.219971
1994-08-23,3775.830078
1994-08-24,3846.729980
1994-08-25,3829.889893
1994-08-26,3881.050049
1994-08-29,3898.850098
1994-08-30,3917.300049
1994-08-31,3913.419922
1994-09-01,3901.439941
1994-09-02,3885.580078
1994-09-06,3898.699951
1994-09-07,3886.250000
1994-09-08,3908.459961
1994-09-09,3874.810059
1994-09-12,3860.340088
1994-09-13,3879.860107
1994-09-14,3895.330078
1994-09-15,3953.879883
1994-09-16,3933.350098
1994-09-19,3936.719971
1994-09-20,3869.090088
1994-09-21,3851.600098
1994-09-22,3837.129883
1994-09-23,3831.750000
1994-09-26,3849.239990
1994-09-27,3863.040039
1994-09-28,3878.179932
1994-09-29,3854.629883
1994-09-30,3843.189941
1994-10-03,3846.889893
1994-10-04,3801.129883
1994-10-05,3787.340088
1994-10-06,3775.560059
1994-10-07,3797.429932
1994-10-10,3821.320068
1994-10-11,3876.830078
1994-10-12,3875.149902
1994-10-13,3889.949951
1994-10-14,3910.469971
1994-10-17,3923.929932
1994-10-18,3917.540039
1994-10-19,3936.040039
1994-10-20,3911.149902
1994-10-21,3891.300049
1994-10-24,3855.300049
1994-10-25,3850.590088
1994-10-26,3848.229980
1994-10-27,3875.149902
1994-10-28,3930.659912
1994-10-31,3908.120117
1994-11-01,3863.370117
1994-11-02,3837.129883
1994-11-03,3845.879883
1994-11-04,3807.520020
1994-11-07,3808.870117
1994-11-08,3830.739990
1994-11-09,3831.750000
1994-11-10,3821.989990
1994-11-11,3801.469971
1994-11-14,3829.729980
1994-11-15,3826.360107
1994-11-16,3845.199951
1994-11-17,3828.050049
1994-11-18,3815.260010
1994-11-21,3769.510010
1994-11-22,3677.989990
1994-11-23,3674.629883
1994-11-25,3708.270020
1994-11-28,3739.560059
1994-11-29,3738.550049
1994-11-30,3739.229980
1994-12-01,3700.870117
1994-12-02,3745.620117
1994-12-05,3741.919922
1994-12-06,3745.949951
1994-12-07,3735.520020
1994-12-08,3685.729980
1994-12-09,3691.110107
1994-12-12,3718.370117
1994-12-13,3715.340088
1994-12-14,3746.290039
1994-12-15,3765.469971
1994-12-16,3807.189941
1994-12-19,3790.699951
1994-12-20,3767.149902
1994-12-21,3801.800049
1994-12-22,3814.919922
1994-12-23,3833.429932
1994-12-27,3861.689941
1994-12-28,3839.489990
1994-12-29,3833.429932
1994-12-30,3834.439941
1995-01-03,3838.479980
1995-01-04,3857.649902
1995-01-05,3850.919922
1995-01-06,3867.409912
1995-01-09,3861.350098
1995-01-10,3866.739990
1995-01-11,3862.030029
1995-01-12,3859.000000
1995-01-13,3908.459961
1995-01-16,3932.340088
1995-01-17,3930.659912
1995-01-18,3928.979980
1995-01-19,3882.209961
1995-01-20,3869.429932
1995-01-23,3867.409912
1995-01-24,3862.699951
1995-01-25,3871.449951
1995-01-26,3870.439941
1995-01-27,3857.989990
1995-01-30,3832.080078
1995-01-31,3843.860107
1995-02-01,3847.560059
1995-02-02,3870.770020
1995-02-03,3928.639893
1995-02-06,3937.729980
1995-02-07,3937.389893
1995-02-08,3935.370117
1995-02-09,3932.679932
1995-02-10,3939.070068
1995-02-13,3954.209961
1995-02-14,3958.250000
1995-02-15,3986.169922
1995-02-16,3987.520020
1995-02-17,3953.540039
1995-02-21,3963.969971
1995-02-22,3973.050049
1995-02-23,4003.330078
1995-02-24,4011.739990
1995-02-27,3988.570068
1995-02-28,4011.050049
1995-03-01,3994.800049
1995-03-02,3979.929932
1995-03-03,3989.610107
1995-03-06,3997.560059
1995-03-07,3962.629883
1995-03-08,3979.229980
1995-03-09,3983.389893
1995-03-10,4035.610107
1995-03-13,4025.229980
1995-03-14,4048.750000
1995-03-15,4038.370117
1995-03-16,4069.149902
1995-03-17,4073.649902
1995-03-20,4083.679932
1995-03-21,4072.610107
1995-03-22,4082.989990
1995-03-23,4087.830078
1995-03-24,4138.669922
1995-03-27,4157.339844
1995-03-28,4151.810059
1995-03-29,4160.799805
1995-03-30,4172.560059
1995-03-31,4157.689941
1995-04-03,4168.410156
1995-04-04,4201.609863
1995-04-05,4200.569824
1995-04-06,4205.410156
1995-04-07,4192.620117
1995-04-10,4198.149902
1995-04-11,4187.080078
1995-04-12,4197.810059
1995-04-13,4208.180176
1995-04-17,4195.379883
1995-04-18,4179.129883
1995-04-19,4207.490234
1995-04-20,4230.660156
1995-04-21,4270.089844
1995-04-24,4303.979980
1995-04-25,4300.169922
1995-04-26,4299.830078
1995-04-27,4314.700195
1995-04-28,4321.270020
1995-05-01,4316.080078
1995-05-02,4328.879883
1995-05-03,4373.149902
1995-05-04,4359.660156
1995-05-05,4343.399902
1995-05-08,4383.870117
1995-05-09,4390.779785
1995-05-10,4404.620117
1995-05-11,4411.189941
1995-05-12,4430.560059
1995-05-15,4437.470215
1995-05-16,4435.049805
1995-05-17,4422.600098
1995-05-18,4340.640137
1995-05-19,4341.330078
1995-05-22,4395.629883
1995-05-23,4436.439941
1995-05-24,4438.160156
1995-05-25,4412.229980
1995-05-26,4369.000000
1995-05-30,4378.680176
1995-05-31,4465.140137
1995-06-01,4472.750000
1995-06-02,4444.390137
1995-06-05,4476.549805
1995-06-06,4485.200195
1995-06-07,4462.029785
1995-06-08,4458.569824
1995-06-09,4423.990234
1995-06-12,4446.459961
1995-06-13,4484.509766
1995-06-14,4491.080078
1995-06-15,4496.270020
1995-06-16,4510.790039
1995-06-19,4553.680176
1995-06-20,4550.560059
1995-06-21,4547.100098
1995-06-22,4589.640137
1995-06-23,4585.839844
1995-06-26,4551.250000
1995-06-27,4542.609863
1995-06-28,4556.790039
1995-06-29,4550.560059
1995-06-30,4556.100098
1995-07-03,4585.149902
1995-07-05,4615.229980
1995-07-06,4664.000000
1995-07-07,4702.729980
1995-07-10,4702.390137
1995-07-11,4680.600098
1995-07-12,4727.290039
1995-07-13,4727.479980
1995-07-14,4708.819824
1995-07-17,4736.290039
1995-07-18,4686.279785
1995-07-19,4628.870117
1995-07-20,4641.549805
1995-07-21,4641.549805
1995-07-24,4668.669922
1995-07-25,4714.450195
1995-07-26,4707.060059
1995-07-27,4732.770020
1995-07-28,4715.509766
1995-07-31,4708.470215
1995-08-01,4700.370117
1995-08-02,4690.149902
1995-08-03,4701.419922
1995-08-04,4683.459961
1995-08-07,4693.319824
1995-08-08,4693.319824
1995-08-09,4671.490234
1995-08-10,4643.660156
1995-08-11,4618.299805
1995-08-14,4659.859863
1995-08-15,4640.839844
1995-08-16,4639.080078
1995-08-17,4630.629883
1995-08-18,4617.600098
1995-08-21,4614.779785
1995-08-22,4620.419922
1995-08-23,4584.850098
1995-08-24,4580.620117
1995-08-25,4601.399902
1995-08-28,4594.000000
1995-08-29,4608.439941
1995-08-30,4604.600098
1995-08-31,4610.560059
1995-09-01,4647.540039
1995-09-05,4670.080078
1995-09-06,4683.810059
1995-09-07,4669.720215
1995-09-08,4700.720215
1995-09-11,4704.939941
1995-09-12,4747.209961
1995-09-13,4765.520020
1995-09-14,4801.799805
1995-09-15,4797.569824
1995-09-18,4780.410156
1995-09-19,4767.040039
1995-09-20,4792.689941
1995-09-21,4767.399902
1995-09-22,4764.149902
1995-09-25,4769.930176
1995-09-26,4765.600098
1995-09-27,4762.350098
1995-09-28,4787.640137
1995-09-29,4789.080078
1995-10-02,4761.259766
1995-10-03,4749.700195
1995-10-04,4740.669922
1995-10-05,4762.709961
1995-10-06,4769.209961
1995-10-09,4726.220215
1995-10-10,4720.799805
1995-10-11,4735.250000
1995-10-12,4764.879883
1995-10-13,4793.779785
1995-10-16,4784.379883
1995-10-17,4795.950195
1995-10-18,4777.520020
1995-10-19,4802.450195
1995-10-20,4794.859863
1995-10-23,4755.479980
1995-10-24,4783.660156
1995-10-25,4753.680176
1995-10-26,4703.819824
1995-10-27,4741.750000
1995-10-30,4756.569824
1995-10-31,4755.479980
1995-11-01,4766.680176
1995-11-02,4808.589844
1995-11-03,4825.569824
1995-11-06,4814.009766
1995-11-07,4797.029785
1995-11-08,4852.669922
1995-11-09,4864.229980
1995-11-10,4870.370117
1995-11-13,4872.899902
1995-11-14,4871.810059
1995-11-15,4922.750000
1995-11-16,4969.359863
1995-11-17,4989.950195
1995-11-20,4983.089844
1995-11-21,5023.549805
1995-11-22,5041.609863
1995-11-24,5048.839844
1995-11-27,5070.879883
1995-11-28,5078.100098
1995-11-29,5105.560059
1995-11-30,5074.490234
1995-12-01,5087.129883
1995-12-04,5139.520020
1995-12-05,5177.450195
1995-12-06,5199.129883
1995-12-07,5159.390137
1995-12-08,5156.859863
1995-12-11,5184.319824
1995-12-12,5174.919922
1995-12-13,5216.470215
1995-12-14,5182.149902
1995-12-15,5176.729980
1995-12-18,5075.209961
1995-12-19,5109.890137
1995-12-20,5059.319824
1995-12-21,5096.529785
1995-12-22,5097.970215
1995-12-26,5110.259766
1995-12-27,5105.919922
1995-12-28,5095.799805
1995-12-29,5117.120117
1996-01-02,5177.450195
1996-01-03,5194.069824
1996-01-04,5173.839844
1996-01-05,5181.430176
1996-01-08,5197.700195
1996-01-09,5130.129883
1996-01-10,5032.939941
1996-01-11,5065.100098
1996-01-12,5061.120117
1996-01-15,5043.779785
1996-01-16,5088.220215
1996-01-17,5066.899902
1996-01-18,5124.350098
1996-01-19,5184.680176
1996-01-22,5219.359863
1996-01-23,5192.270020
1996-01-24,5242.839844
1996-01-25,5216.830078
1996-01-26,5271.750000
1996-01-29,5304.979980
1996-01-30,5381.209961
1996-01-31,5395.299805
1996-02-01,5405.060059
1996-02-02,5373.990234
1996-02-05,5407.589844
1996-02-06,5459.609863
1996-02-07,5492.120117
1996-02-08,5539.450195
1996-02-09,5541.620117
1996-02-12,5600.149902
1996-02-13,5601.229980
1996-02-14,5579.549805
1996-02-15,5551.370117
1996-02-16,5503.319824
1996-02-20,5458.529785
1996-02-21,5515.970215
1996-02-22,5608.459961
1996-02-23,5630.490234
1996-02-26,5565.100098
1996-02-27,5549.209961
1996-02-28,5506.209961
1996-02-29,5485.620117
1996-03-01,5536.560059
1996-03-04,5600.149902
1996-03-05,5642.419922
1996-03-06,5629.770020
1996-03-07,5641.689941
1996-03-08,5470.450195
1996-03-11,5581.000000
1996-03-12,5583.890137
1996-03-13,5568.720215
1996-03-14,5586.060059
1996-03-15,5584.970215
1996-03-18,5683.600098
1996-03-19,5669.509766
1996-03-20,5655.419922
1996-03-21,5626.879883
1996-03-22,5636.640137
1996-03-25,5643.859863
1996-03-26,5670.600098
1996-03-27,5626.879883
1996-03-28,5630.850098
1996-03-29,5587.140137
1996-04-01,5637.720215
1996-04-02,5671.680176
1996-04-03,5689.740234
1996-04-04,5682.879883
1996-04-08,5594.370117
1996-04-09,5560.410156
1996-04-10,5485.979980
1996-04-11,5487.069824
1996-04-12,5532.589844
1996-04-15,5592.919922
1996-04-16,5620.020020
1996-04-17,5549.930176
1996-04-18,5551.740234
1996-04-19,5535.479980
1996-04-22,5564.740234
1996-04-23,5588.589844
1996-04-24,5553.899902
1996-04-25,5566.910156
1996-04-26,5567.990234
1996-04-29,5573.410156
1996-04-30,5569.080078
1996-05-01,5575.220215
1996-05-02,5498.270020
1996-05-03,5478.029785
1996-05-06,5464.310059
1996-05-07,5420.950195
1996-05-08,5474.060059
1996-05-09,5475.140137
1996-05-10,5518.140137
1996-05-13,5582.600098
1996-05-14,5624.709961
1996-05-15,5625.439941
1996-05-16,5635.049805
1996-05-17,5687.500000
1996-05-20,5748.819824
1996-05-21,5736.259766
1996-05-22,5778.000000
1996-05-23,5762.120117
1996-05-24,5762.859863
1996-05-28,5709.669922
1996-05-29,5673.830078
1996-05-30,5693.410156
1996-05-31,5643.180176
1996-06-03,5624.709961
1996-06-04,5665.709961
1996-06-05,5697.479980
1996-06-06,5667.189941
1996-06-07,5697.109863
1996-06-10,5687.870117
1996-06-11,5668.660156
1996-06-12,5668.290039
1996-06-13,5657.950195
1996-06-14,5649.450195
1996-06-17,5652.779785
1996-06-18,5628.029785
1996-06-19,5648.350098
1996-06-20,5659.430176
1996-06-21,5705.229980
1996-06-24,5717.790039
1996-06-25,5719.270020
1996-06-26,5682.700195
1996-06-27,5677.529785
1996-06-28,5654.629883
1996-07-01,5729.979980
1996-07-02,5720.379883
1996-07-03,5703.020020
1996-07-05,5588.140137
1996-07-08,5550.830078
1996-07-09,5581.859863
1996-07-10,5603.649902
1996-07-11,5520.540039
1996-07-12,5510.560059
1996-07-15,5349.509766
1996-07-16,5358.759766
1996-07-17,5376.879883
1996-07-18,5464.180176
1996-07-19,5426.819824
1996-07-22,5390.939941
1996-07-23,5346.549805
1996-07-24,5354.689941
1996-07-25,5422.009766
1996-07-26,5473.060059
1996-07-29,5434.589844
1996-07-30,5481.930176
1996-07-31,5528.910156
1996-08-01,5594.750000
1996-08-02,5679.830078
1996-08-05,5674.279785
1996-08-06,5696.109863
1996-08-07,5718.669922
1996-08-08,5713.490234
1996-08-09,5681.310059
1996-08-12,5704.979980
1996-08-13,5647.279785
1996-08-14,5666.899902
1996-08-15,5665.779785
1996-08-16,5689.450195
1996-08-19,5699.439941
1996-08-20,5721.259766
1996-08-21,5689.819824
1996-08-22,5733.470215
1996-08-23,5722.740234
1996-08-26,5693.890137
1996-08-27,5711.270020
1996-08-28,5712.379883
1996-08-29,5647.649902
1996-08-30,5616.209961
1996-09-03,5648.390137
1996-09-04,5656.899902
1996-09-05,5606.959961
1996-09-06,5659.859863
1996-09-09,5733.839844
1996-09-10,5727.180176
1996-09-11,5754.919922
1996-09-12,5771.939941
1996-09-13,5838.520020
1996-09-16,5889.200195
1996-09-17,5888.830078
1996-09-18,5877.359863
1996-09-19,5867.740234
1996-09-20,5888.459961
1996-09-23,5894.740234
1996-09-24,5874.029785
1996-09-25,5877.359863
1996-09-26,5868.850098
1996-09-27,5872.919922
1996-09-30,5882.169922
1996-10-01,5904.899902
1996-10-02,5933.970215
1996-10-03,5932.850098
1996-10-04,5992.859863
1996-10-07,5979.810059
1996-10-08,5966.770020
1996-10-09,5930.620117
1996-10-10,5921.669922
1996-10-11,5969.379883
1996-10-14,6010.000000
1996-10-15,6004.779785
1996-10-16,6020.810059
1996-10-17,6059.200195
1996-10-18,6094.229980
1996-10-21,6090.870117
1996-10-22,6061.799805
1996-10-23,6036.459961
1996-10-24,5992.479980
1996-10-25,6007.020020
1996-10-28,5972.729980
1996-10-29,6007.020020
1996-10-30,5993.229980
1996-10-31,6029.379883
1996-11-01,6021.930176
1996-11-04,6041.680176
1996-11-05,6081.180176
1996-11-06,6177.709961
1996-11-07,6206.040039
1996-11-08,6219.819824
1996-11-11,6255.600098
1996-11-12,6266.040039
1996-11-13,6274.240234
1996-11-14,6313.000000
1996-11-15,6348.029785
1996-11-18,6346.910156
1996-11-19,6397.600098
1996-11-20,6430.020020
1996-11-21,6418.470215
1996-11-22,6471.759766
1996-11-25,6547.790039
1996-11-26,6528.410156
1996-11-27,6499.339844
1996-11-29,6521.700195
1996-12-02,6521.700195
1996-12-03,6442.689941
1996-12-04,6422.939941
1996-12-05,6437.100098
1996-12-06,6381.939941
1996-12-09,6463.939941
1996-12-10,6473.250000
1996-12-11,6402.520020
1996-12-12,6303.709961
1996-12-13,6304.870117
1996-12-16,6268.350098
1996-12-17,6308.330078
1996-12-18,6346.770020
1996-12-19,6473.640137
1996-12-20,6484.399902
1996-12-23,6489.020020
1996-12-24,6522.850098
1996-12-26,6546.680176
1996-12-27,6560.910156
1996-12-30,6549.370117
1996-12-31,6448.270020
1997-01-02,6442.490234
1997-01-03,6544.089844
1997-01-06,6567.180176
1997-01-07,6600.660156
1997-01-08,6549.479980
1997-01-09,6625.669922
1997-01-10,6703.790039
1997-01-13,6709.180176
1997-01-14,6762.290039
1997-01-15,6726.879883
1997-01-16,6765.370117
1997-01-17,6833.100098
1997-01-20,6843.870117
1997-01-21,6883.899902
1997-01-22,6850.029785
1997-01-23,6755.750000
1997-01-24,6696.479980
1997-01-27,6660.689941
1997-01-28,6656.080078
1997-01-29,6740.740234
1997-01-30,6823.859863
1997-01-31,6813.089844
1997-02-03,6806.160156
1997-02-04,6833.479980
1997-02-05,6746.899902
1997-02-06,6773.060059
1997-02-07,6855.799805
1997-02-10,6806.540039
1997-02-11,6858.109863
1997-02-12,6961.629883
1997-02-13,7022.439941
1997-02-14,6988.959961
1997-02-18,7067.459961
1997-02-19,7020.129883
1997-02-20,6927.379883
1997-02-21,6931.620117
1997-02-24,7008.200195
1997-02-25,7037.830078
1997-02-26,6983.180176
1997-02-27,6925.069824
1997-02-28,6877.740234
1997-03-03,6918.919922
1997-03-04,6852.720215
1997-03-05,6945.850098
1997-03-06,6944.700195
1997-03-07,7000.890137
1997-03-10,7079.390137
1997-03-11,7085.160156
1997-03-12,7039.370117
1997-03-13,6878.890137
1997-03-14,6935.459961
1997-03-17,6955.479980
1997-03-18,6896.560059
1997-03-19,6877.680176
1997-03-20,6820.279785
1997-03-21,6804.790039
1997-03-24,6905.250000
1997-03-25,6876.169922
1997-03-26,6880.700195
1997-03-27,6740.589844
1997-03-31,6583.479980
1997-04-01,6611.049805
1997-04-02,6517.000000
1997-04-03,6477.399902
1997-04-04,6526.100098
1997-04-07,6555.899902
1997-04-08,6609.200195
1997-04-09,6563.799805
1997-04-10,6540.049805
1997-04-11,6391.700195
1997-04-14,6451.899902
1997-04-15,6587.160156
1997-04-16,6679.870117
1997-04-17,6658.600098
1997-04-18,6703.350098
1997-04-21,6660.200195
1997-04-22,6833.600098
1997-04-23,6812.700195
1997-04-24,6792.299805
1997-04-25,6738.899902
1997-04-28,6783.000000
1997-04-29,6962.000000
1997-04-30,7009.000000
1997-05-01,6976.500000
1997-05-02,7071.200195
1997-05-05,7213.680176
1997-05-06,7225.299805
1997-05-07,7085.649902
1997-05-08,7136.600098
1997-05-09,7169.500000
1997-05-12,7292.799805
1997-05-13,7274.200195
1997-05-14,7286.200195
1997-05-15,7333.500000
1997-05-16,7194.700195
1997-05-19,7228.899902
1997-05-20,7303.500000
1997-05-21,7290.700195
1997-05-22,7258.100098
1997-05-23,7345.899902
1997-05-27,7383.399902
1997-05-28,7357.200195
1997-05-29,7330.200195
1997-05-30,7331.000000
1997-06-02,7289.399902
1997-06-03,7312.100098
1997-06-04,7269.700195
1997-06-05,7305.299805
1997-06-06,7435.799805
1997-06-09,7478.500000
1997-06-10,7539.270020
1997-06-11,7575.799805
1997-06-12,7711.500000
1997-06-13,7782.000000
1997-06-16,7772.100098
1997-06-17,7760.799805
1997-06-18,7718.700195
1997-06-19,7777.100098
1997-06-20,7796.500000
1997-06-23,7604.299805
1997-06-24,7758.060059
1997-06-25,7690.000000
1997-06-26,7654.299805
1997-06-27,7687.700195
1997-06-30,7672.799805
1997-07-01,7722.299805
1997-07-02,7795.379883
1997-07-03,7895.799805
1997-07-07,7858.500000
1997-07-08,7962.299805
1997-07-09,7842.399902
1997-07-10,7886.799805
1997-07-11,7921.799805
1997-07-14,7923.000000
1997-07-15,7975.700195
1997-07-16,8038.899902
1997-07-17,8020.799805
1997-07-18,7890.500000
1997-07-21,7906.700195
1997-07-22,8061.600098
1997-07-23,8088.359863
1997-07-24,8116.899902
1997-07-25,8113.399902
1997-07-28,8121.100098
1997-07-29,8174.500000
1997-07-30,8254.900391
1997-07-31,8222.599609
1997-08-01,8194.000000
1997-08-04,8198.500000
1997-08-05,8187.500000
1997-08-06,8259.299805
1997-08-07,8188.000000
1997-08-08,8031.200195
1997-08-11,8062.100098
1997-08-12,7960.799805
1997-08-13,7928.299805
1997-08-14,7942.000000
1997-08-15,7694.700195
1997-08-18,7803.359863
1997-08-19,7918.100098
1997-08-20,8021.200195
1997-08-21,7894.000000
1997-08-22,7887.899902
1997-08-25,7859.600098
1997-08-26,7782.200195
1997-08-27,7787.299805
1997-08-28,7694.399902
1997-08-29,7622.399902
1997-09-02,7879.799805
1997-09-03,7894.600098
1997-09-04,7867.200195
1997-09-05,7822.399902
1997-09-08,7835.200195
1997-09-09,7851.899902
1997-09-10,7719.299805
1997-09-11,7661.000000
1997-09-12,7743.000000
1997-09-15,7721.100098
1997-09-16,7895.899902
1997-09-17,7886.399902
1997-09-18,7922.700195
1997-09-19,7917.299805
1997-09-22,7996.799805
1997-09-23,7970.100098
1997-09-24,7906.700195
1997-09-25,7848.000000
1997-09-26,7922.200195
1997-09-29,7991.399902
1997-09-30,7945.299805
1997-10-01,8015.500000
1997-10-02,8027.500000
1997-10-03,8038.600098
1997-10-06,8100.200195
1997-10-07,8178.299805
1997-10-08,8095.100098
1997-10-09,8061.399902
1997-10-10,8045.200195
1997-10-13,8072.200195
1997-10-14,8096.299805
1997-10-15,8058.000000
1997-10-16,7938.899902
1997-10-17,7847.000000
1997-10-20,7921.399902
1997-10-21,8060.399902
1997-10-22,8034.600098
1997-10-23,7847.799805
1997-10-24,7715.399902
1997-10-27,7161.200195
1997-10-28,7498.299805
1997-10-29,7506.700195
1997-10-30,7381.700195
1997-10-31,7442.100098
1997-11-03,7674.399902
1997-11-04,7689.100098
1997-11-05,7692.600098
1997-11-06,7683.200195
1997-11-07,7581.299805
1997-11-10,7552.600098
1997-11-11,7558.700195
1997-11-12,7401.299805
1997-11-13,7487.799805
1997-11-14,7572.500000
1997-11-17,7698.200195
1997-11-18,7650.799805
1997-11-19,7724.700195
1997-11-20,7826.600098
1997-11-21,7881.069824
1997-11-24,7767.899902
1997-11-25,7809.000000
1997-11-26,7794.799805
1997-11-28,7823.100098
1997-12-01,8013.100098
1997-12-02,8018.799805
1997-12-03,8032.000000
1997-12-04,8050.200195
1997-12-05,8149.100098
1997-12-08,8110.799805
1997-12-09,8049.700195
1997-12-10,7978.799805
1997-12-11,7849.000000
1997-12-12,7838.299805
1997-12-15,7922.600098
1997-12-16,7976.299805
1997-12-17,7957.399902
1997-12-18,7846.500000
1997-12-19,7756.299805
1997-12-22,7819.299805
1997-12-23,7691.799805
1997-12-24,7660.129883
1997-12-26,7679.299805
1997-12-29,7792.399902
1997-12-30,7916.000000
1997-12-31,7908.299805
1998-01-02,7965.000000
1998-01-05,7979.000000
1998-01-06,7906.250000
1998-01-07,7902.299805
1998-01-08,7802.600098
1998-01-09,7580.399902
1998-01-12,7647.200195
1998-01-13,7732.100098
1998-01-14,7784.700195
1998-01-15,7691.799805
1998-01-16,7753.500000
1998-01-20,7873.100098
1998-01-21,7794.399902
1998-01-22,7730.899902
1998-01-23,7700.700195
1998-01-26,7712.939941
1998-01-27,7815.080078
1998-01-28,7915.470215
1998-01-29,7973.020020
1998-01-30,7906.500000
1998-02-02,8107.779785
1998-02-03,8160.350098
1998-02-04,8129.709961
1998-02-05,8117.250000
1998-02-06,8189.490234
1998-02-09,8180.520020
1998-02-10,8295.610352
1998-02-11,8314.549805
1998-02-12,8369.599609
1998-02-13,8370.099609
1998-02-17,8398.500000
1998-02-18,8451.059570
1998-02-19,8375.580078
1998-02-20,8413.940430
1998-02-23,8410.200195
1998-02-24,8370.099609
1998-02-25,8457.780273
1998-02-26,8490.669922
1998-02-27,8545.719727
1998-03-02,8550.450195
1998-03-03,8584.830078
1998-03-04,8539.240234
1998-03-05,8444.330078
1998-03-06,8569.389648
1998-03-09,8567.139648
1998-03-10,8643.120117
1998-03-11,8675.750000
1998-03-12,8659.559570
1998-03-13,8602.519531
1998-03-16,8718.849609
1998-03-17,8749.990234
1998-03-18,8775.400391
1998-03-19,8803.049805
1998-03-20,8906.429688
1998-03-23,8816.250000
1998-03-24,8904.440430
1998-03-25,8872.799805
1998-03-26,8846.889648
1998-03-27,8796.080078
1998-03-30,8782.120117
1998-03-31,8799.809570
1998-04-01,8868.320313
1998-04-02,8986.639648
1998-04-03,8983.410156
1998-04-06,9033.230469
1998-04-07,8956.500000
1998-04-08,8891.480469
1998-04-09,8994.860352
1998-04-13,9012.299805
1998-04-14,9110.200195
1998-04-15,9162.269531
1998-04-16,9076.570313
1998-04-17,9167.500000
1998-04-20,9141.839844
1998-04-21,9184.940430
1998-04-22,9176.719727
1998-04-23,9143.330078
1998-04-24,9064.620117
1998-04-27,8917.639648
1998-04-28,8898.959961
1998-04-29,8951.519531
1998-04-30,9063.370117
1998-05-01,9147.070313
1998-05-04,9192.660156
1998-05-05,9147.570313
1998-05-06,9054.650391
1998-05-07,8976.679688
1998-05-08,9055.150391
1998-05-11,9091.519531
1998-05-12,9161.769531
1998-05-13,9211.839844
1998-05-14,9172.230469
1998-05-15,9096.000000
1998-05-18,9050.910156
1998-05-19,9054.650391
1998-05-20,9171.480469
1998-05-21,9132.370117
1998-05-22,9114.440430
1998-05-26,8963.730469
1998-05-27,8936.570313
1998-05-28,8970.200195
1998-05-29,8899.950195
1998-06-01,8922.370117
1998-06-02,8891.240234
1998-06-03,8803.799805
1998-06-04,8870.559570
1998-06-05,9037.709961
1998-06-08,9069.599609
1998-06-09,9049.919922
1998-06-10,8971.700195
1998-06-11,8811.769531
1998-06-12,8834.940430
1998-06-15,8627.929688
1998-06-16,8665.290039
1998-06-17,8829.459961
1998-06-18,8813.009766
1998-06-19,8712.870117
1998-06-22,8711.129883
1998-06-23,8828.459961
1998-06-24,8923.870117
1998-06-25,8935.580078
1998-06-26,8944.540039
1998-06-29,8997.360352
1998-06-30,8952.019531
1998-07-01,9048.669922
1998-07-02,9025.259766
1998-07-06,9091.769531
1998-07-07,9085.040039
1998-07-08,9174.969727
1998-07-09,9089.780273
1998-07-10,9105.740234
1998-07-13,9096.209961
1998-07-14,9245.540039
1998-07-15,9234.469727
1998-07-16,9328.190430
1998-07-17,9337.969727
1998-07-20,9295.750000
1998-07-21,9190.190430
1998-07-22,9128.910156
1998-07-23,8932.980469
1998-07-24,8937.360352
1998-07-27,9028.240234
1998-07-28,8934.780273
1998-07-29,8914.959961
1998-07-30,9026.950195
1998-07-31,8883.290039
1998-08-03,8786.740234
1998-08-04,8487.309570
1998-08-05,8546.780273
1998-08-06,8577.679688
1998-08-07,8598.019531
1998-08-10,8574.849609
1998-08-11,8462.849609
1998-08-12,8552.959961
1998-08-13,8459.500000
1998-08-14,8425.000000
1998-08-17,8574.849609
1998-08-18,8714.650391
1998-08-19,8693.280273
1998-08-20,8611.410156
1998-08-21,8533.650391
1998-08-24,8566.610352
1998-08-25,8602.650391
1998-08-26,8523.349609
1998-08-27,8165.990234
1998-08-28,8051.680176
1998-08-31,7539.069824
1998-09-01,7827.430176
1998-09-02,7782.370117
1998-09-03,7682.220215
1998-09-04,7640.250000
1998-09-08,8020.779785
1998-09-09,7865.020020
1998-09-10,7615.540039
1998-09-11,7795.500000
1998-09-14,7945.350098
1998-09-15,8024.390137
1998-09-16,8089.779785
1998-09-17,7873.770020
1998-09-18,7895.660156
1998-09-21,7933.250000
1998-09-22,7897.200195
1998-09-23,8154.410156
1998-09-24,8001.990234
1998-09-25,8028.770020
1998-09-28,8108.839844
1998-09-29,8080.520020
1998-09-30,7842.620117
1998-10-01,7632.529785
1998-10-02,7784.689941
1998-10-05,7726.240234
1998-10-06,7742.979980
1998-10-07,7741.689941
1998-10-08,7731.910156
1998-10-09,7899.520020
1998-10-12,8001.470215
1998-10-13,7938.140137
1998-10-14,7968.779785
1998-10-15,8299.360352
1998-10-16,8416.759766
1998-10-19,8466.450195
1998-10-20,8505.849609
1998-10-21,8519.230469
1998-10-22,8533.139648
1998-10-23,8452.290039
1998-10-26,8432.209961
1998-10-27,8366.040039
1998-10-28,8371.969727
1998-10-29,8495.030273
1998-10-30,8592.099609
1998-11-02,8706.150391
1998-11-03,8706.150391
1998-11-04,8783.139648
1998-11-05,8915.469727
1998-11-06,8975.459961
1998-11-09,8897.959961
1998-11-10,8863.980469
1998-11-11,8823.820313
1998-11-12,8829.740234
1998-11-13,8919.589844
1998-11-16,9011.250000
1998-11-17,8986.280273
1998-11-18,9041.110352
1998-11-19,9056.049805
1998-11-20,9159.549805
1998-11-23,9374.269531
1998-11-24,9301.150391
1998-11-25,9314.280273
1998-11-27,9333.080078
1998-11-30,9116.549805
1998-12-01,9133.540039
1998-12-02,9064.540039
1998-12-03,8879.679688
1998-12-04,9016.139648
1998-12-07,9070.469727
1998-12-08,9027.980469
1998-12-09,9009.190430
1998-12-10,8841.580078
1998-12-11,8821.759766
1998-12-14,8695.599609
1998-12-15,8823.299805
1998-12-16,8790.599609
1998-12-17,8875.820313
1998-12-18,8903.629883
1998-12-21,8988.849609
1998-12-22,9044.459961
1998-12-23,9202.030273
1998-12-24,9217.990234
1998-12-28,9226.750000
1998-12-29,9320.980469
1998-12-30,9274.639648
1998-12-31,9181.429688
1999-01-04,9184.269531
1999-01-05,9311.190430
1999-01-06,9544.969727
1999-01-07,9537.759766
1999-01-08,9643.320313
1999-01-11,9619.889648
1999-01-12,9474.679688
1999-01-13,9349.559570
1999-01-14,9120.929688
1999-01-15,9340.549805
1999-01-19,9355.219727
1999-01-20,9335.910156
1999-01-21,9264.080078
1999-01-22,9120.669922
1999-01-25,9203.320313
1999-01-26,9324.580078
1999-01-27,9200.230469
1999-01-28,9281.330078
1999-01-29,9358.830078
1999-02-01,9345.700195
1999-02-02,9274.120117
1999-02-03,9366.809570
1999-02-04,9304.500000
1999-02-05,9304.240234
1999-02-08,9291.110352
1999-02-09,9133.030273
1999-02-10,9177.309570
1999-02-11,9363.459961
1999-02-12,9274.889648
1999-02-16,9297.030273
1999-02-17,9195.469727
1999-02-18,9298.629883
1999-02-19,9339.950195
1999-02-22,9552.679688
1999-02-23,9544.419922
1999-02-24,9399.669922
1999-02-25,9366.339844
1999-02-26,9306.580078
1999-03-01,9324.780273
1999-03-02,9297.610352
1999-03-03,9275.879883
1999-03-04,9467.400391
1999-03-05,9736.080078
1999-03-08,9727.610352
1999-03-09,9693.759766
1999-03-10,9772.839844
1999-03-11,9897.440430
1999-03-12,9876.349609
1999-03-15,9958.769531
1999-03-16,9930.469727
1999-03-17,9879.410156
1999-03-18,9997.620117
1999-03-19,9903.549805
1999-03-22,9890.509766
1999-03-23,9671.830078
1999-03-24,9666.839844
1999-03-25,9836.389648
1999-03-26,9822.240234
1999-03-29,10006.780273
1999-03-30,9913.259766
1999-03-31,9786.160156
1999-04-01,9832.509766
1999-04-05,10007.330078
1999-04-06,9963.490234
1999-04-07,10085.309570
1999-04-08,10197.700195
1999-04-09,10173.839844
1999-04-12,10339.509766
1999-04-13,10395.009766
1999-04-14,10411.660156
1999-04-15,10462.719727
1999-04-16,10493.889648
1999-04-19,10440.530273
1999-04-20,10448.549805
1999-04-21,10581.419922
1999-04-22,10727.179688
1999-04-23,10689.669922
1999-04-26,10718.589844
1999-04-27,10831.709961
1999-04-28,10845.450195
1999-04-29,10878.379883
1999-04-30,10789.040039
1999-05-03,11014.690430
1999-05-04,10886.110352
1999-05-05,10955.410156
1999-05-06,10946.820313
1999-05-07,11031.589844
1999-05-10,11007.250000
1999-05-11,11026.150391
1999-05-12,11000.370117
1999-05-13,11107.190430
1999-05-14,10913.320313
1999-05-17,10853.469727
1999-05-18,10836.950195
1999-05-19,10887.389648
1999-05-20,10866.740234
1999-05-21,10829.280273
1999-05-24,10654.669922
1999-05-25,10531.089844
1999-05-26,10702.160156
1999-05-27,10466.929688
1999-05-28,10559.740234
1999-06-01,10596.259766
1999-06-02,10577.889648
1999-06-03,10663.690430
1999-06-04,10799.839844
1999-06-07,10909.379883
1999-06-08,10765.639648
1999-06-09,10690.290039
1999-06-10,10621.269531
1999-06-11,10490.509766
1999-06-14,10563.330078
1999-06-15,10594.990234
1999-06-16,10784.950195
1999-06-17,10841.629883
1999-06-18,10855.559570
1999-06-21,10815.980469
1999-06-22,10721.629883
1999-06-23,10666.860352
1999-06-24,10534.830078
1999-06-25,10552.559570
1999-06-28,10655.150391
1999-06-29,10815.349609
1999-06-30,10970.799805
1999-07-01,11066.419922
1999-07-02,11139.240234
1999-07-06,11135.120117
1999-07-07,11187.360352
1999-07-08,11126.889648
1999-07-09,11193.700195
1999-07-12,11200.980469
1999-07-13,11175.019531
1999-07-14,11148.099609
1999-07-15,11186.410156
1999-07-16,11209.839844
1999-07-19,11187.679688
1999-07-20,10996.129883
1999-07-21,11002.780273
1999-07-22,10969.219727
1999-07-23,10910.959961
1999-07-26,10863.160156
1999-07-27,10979.040039
1999-07-28,10972.070313
1999-07-29,10791.290039
1999-07-30,10655.150391
1999-08-02,10645.959961
1999-08-03,10677.309570
1999-08-04,10674.769531
1999-08-05,10793.820313
1999-08-06,10714.030273
1999-08-09,10707.700195
1999-08-10,10655.150391
1999-08-11,10787.799805
1999-08-12,10789.389648
1999-08-13,10973.650391
1999-08-16,11046.790039
1999-08-17,11117.080078
1999-08-18,10991.379883
1999-08-19,10963.839844
1999-08-20,11100.610352
1999-08-23,11299.759766
1999-08-24,11283.299805
1999-08-25,11326.040039
1999-08-26,11198.450195
1999-08-27,11090.169922
1999-08-30,10914.129883
1999-08-31,10829.280273
1999-09-01,10937.879883
1999-09-02,10843.209961
1999-09-03,11078.450195
1999-09-07,11034.129883
1999-09-08,11036.339844
1999-09-09,11079.400391
1999-09-10,11028.429688
1999-09-13,11030.330078
1999-09-14,10910.330078
1999-09-15,10801.419922
1999-09-16,10737.459961
1999-09-17,10803.629883
1999-09-20,10823.900391
1999-09-21,10598.469727
1999-09-22,10524.070313
1999-09-23,10318.589844
1999-09-24,10279.330078
1999-09-27,10303.389648
1999-09-28,10275.530273
1999-09-29,10213.480469
1999-09-30,10336.950195
1999-10-01,10273.000000
1999-10-04,10401.230469
1999-10-05,10400.589844
1999-10-06,10588.339844
1999-10-07,10537.049805
1999-10-08,10649.759766
1999-10-11,10648.179688
1999-10-12,10417.059570
1999-10-13,10232.160156
1999-10-14,10286.610352
1999-10-15,10019.709961
1999-10-18,10116.280273
1999-10-19,10204.929688
1999-10-20,10392.360352
1999-10-21,10297.690430
1999-10-22,10470.250000
1999-10-25,10349.929688
1999-10-26,10302.129883
1999-10-27,10394.889648
1999-10-28,10622.530273
1999-10-29,10729.860352
1999-11-01,10648.509766
1999-11-02,10581.839844
1999-11-03,10609.059570
1999-11-04,10639.639648
1999-11-05,10704.480469
1999-11-08,10718.849609
1999-11-09,10617.320313
1999-11-10,10597.740234
1999-11-11,10595.299805
1999-11-12,10769.320313
1999-11-15,10760.750000
1999-11-16,10932.330078
1999-11-17,10883.089844
1999-11-18,11035.700195
1999-11-19,11003.889648
1999-11-22,11089.519531
1999-11-23,10995.629883
1999-11-24,11008.169922
1999-11-26,10988.910156
1999-11-29,10947.919922
1999-11-30,10877.809570
1999-12-01,10998.389648
1999-12-02,11039.059570
1999-12-03,11286.179688
1999-12-06,11225.009766
1999-12-07,11106.650391
1999-12-08,11068.120117
1999-12-09,11134.790039
1999-12-10,11224.700195
1999-12-13,11192.589844
1999-12-14,11160.169922
1999-12-15,11225.320313
1999-12-16,11244.889648
1999-12-17,11257.429688
1999-12-20,11144.269531
1999-12-21,11200.540039
1999-12-22,11203.599609
1999-12-23,11405.759766
1999-12-27,11391.080078
1999-12-28,11476.709961
1999-12-29,11484.660156
1999-12-30,11452.860352
1999-12-31,11497.120117
2000-01-03,11357.509766
2000-01-04,10997.929688
2000-01-05,11122.650391
2000-01-06,11253.259766
2000-01-07,11522.559570
2000-01-10,11572.200195
2000-01-11,11511.080078
2000-01-12,11551.099609
2000-01-13,11582.429688
2000-01-14,11722.980469
2000-01-18,11560.719727
2000-01-19,11489.360352
2000-01-20,11351.299805
2000-01-21,11251.709961
2000-01-24,11008.169922
2000-01-25,11029.889648
2000-01-26,11032.990234
2000-01-27,11028.019531
2000-01-28,10738.870117
2000-01-31,10940.530273
2000-02-01,11041.049805
2000-02-02,11003.200195
2000-02-03,11013.440430
2000-02-04,10963.799805
2000-02-07,10905.790039
2000-02-08,10957.599609
2000-02-09,10699.160156
2000-02-10,10643.629883
2000-02-11,10425.209961
2000-02-14,10519.839844
2000-02-15,10718.089844
2000-02-16,10561.410156
2000-02-17,10514.570313
2000-02-18,10219.519531
2000-02-22,10304.839844
2000-02-23,10225.730469
2000-02-24,10092.629883
2000-02-25,9862.120117
2000-02-28,10038.650391
2000-02-29,10128.309570
2000-03-01,10137.929688
2000-03-02,10164.919922
2000-03-03,10367.200195
2000-03-06,10170.500000
2000-03-07,9796.030273
2000-03-08,9856.530273
2000-03-09,10010.730469
2000-03-10,9928.820313
2000-03-13,9947.129883
2000-03-14,9811.240234
2000-03-15,10131.410156
2000-03-16,10630.599609
2000-03-17,10595.230469
2000-03-20,10680.240234
2000-03-21,10907.339844
2000-03-22,10866.700195
2000-03-23,11119.860352
2000-03-24,11112.719727
2000-03-27,11025.849609
2000-03-28,10936.110352
2000-03-29,11018.719727
2000-03-30,10980.250000
2000-03-31,10921.919922
2000-04-03,11221.929688
2000-04-04,11164.839844
2000-04-05,11033.919922
2000-04-06,11114.269531
2000-04-07,11111.480469
2000-04-10,11186.559570
2000-04-11,11287.080078
2000-04-12,11125.129883
2000-04-13,10923.549805
2000-04-14,10305.769531
2000-04-17,10582.509766
2000-04-18,10767.419922
2000-04-19,10674.959961
2000-04-20,10844.049805
2000-04-24,10906.099609
2000-04-25,11124.820313
2000-04-26,10945.500000
2000-04-27,10888.099609
2000-04-28,10733.910156
2000-05-01,10811.780273
2000-05-02,10731.120117
2000-05-03,10480.129883
2000-05-04,10412.490234
2000-05-05,10577.860352
2000-05-08,10603.629883
2000-05-09,10536.750000
2000-05-10,10367.780273
2000-05-11,10545.969727
2000-05-12,10609.370117
2000-05-15,10807.780273
2000-05-16,10934.570313
2000-05-17,10769.740234
2000-05-18,10777.280273
2000-05-19,10626.849609
2000-05-22,10542.549805
2000-05-23,10422.269531
2000-05-24,10535.349609
2000-05-25,10323.919922
2000-05-26,10299.240234
2000-05-30,10527.129883
2000-05-31,10522.330078
2000-06-01,10652.200195
2000-06-02,10794.759766
2000-06-05,10815.299805
2000-06-06,10735.570313
2000-06-07,10812.860352
2000-06-08,10668.719727
2000-06-09,10614.059570
2000-06-12,10564.209961
2000-06-13,10621.839844
2000-06-14,10687.950195
2000-06-15,10714.820313
2000-06-16,10449.299805
2000-06-19,10557.839844
2000-06-20,10435.160156
2000-06-21,10497.740234
2000-06-22,10376.120117
2000-06-23,10404.750000
2000-06-26,10542.990234
2000-06-27,10504.459961
2000-06-28,10527.790039
2000-06-29,10398.040039
2000-06-30,10447.889648
2000-07-03,10560.669922
2000-07-05,10483.599609
2000-07-06,10481.469727
2000-07-07,10635.980469
2000-07-10,10646.580078
2000-07-11,10727.190430
2000-07-12,10783.759766
2000-07-13,10788.709961
2000-07-14,10812.750000
2000-07-17,10804.269531
2000-07-18,10739.919922
2000-07-19,10696.080078
2000-07-20,10843.870117
2000-07-21,10733.559570
2000-07-24,10685.120117
2000-07-25,10699.969727
2000-07-26,10516.480469
2000-07-27,10586.129883
2000-07-28,10511.169922
2000-07-31,10521.980469
2000-08-01,10606.950195
2000-08-02,10687.530273
2000-08-03,10706.580078
2000-08-04,10767.750000
2000-08-07,10867.009766
2000-08-08,10976.889648
2000-08-09,10905.830078
2000-08-10,10908.759766
2000-08-11,11027.799805
2000-08-14,11176.139648
2000-08-15,11067.000000
2000-08-16,11008.389648
2000-08-17,11055.639648
2000-08-18,11046.480469
2000-08-21,11079.809570
2000-08-22,11139.150391
2000-08-23,11144.650391
2000-08-24,11182.740234
2000-08-25,11192.629883
2000-08-28,11252.839844
2000-08-29,11215.099609
2000-08-30,11103.009766
2000-08-31,11215.099609
2000-09-01,11238.780273
2000-09-05,11260.610352
2000-09-06,11310.639648
2000-09-07,11259.870117
2000-09-08,11220.650391
2000-09-11,11195.490234
2000-09-12,11233.230469
2000-09-13,11182.179688
2000-09-14,11087.469727
2000-09-15,10927.000000
2000-09-18,10808.519531
2000-09-19,10789.290039
2000-09-20,10687.919922
2000-09-21,10765.519531
2000-09-22,10847.370117
2000-09-25,10808.150391
2000-09-26,10631.320313
2000-09-27,10628.360352
2000-09-28,10824.059570
2000-09-29,10650.919922
2000-10-02,10700.129883
2000-10-03,10719.740234
2000-10-04,10784.480469
2000-10-05,10724.919922
2000-10-06,10596.540039
2000-10-09,10568.429688
2000-10-10,10524.400391
2000-10-11,10413.790039
2000-10-12,10034.580078
2000-10-13,10192.179688
2000-10-16,10238.799805
2000-10-17,10089.709961
2000-10-18,9975.019531
2000-10-19,10142.980469
2000-10-20,10226.589844
2000-10-23,10271.719727
2000-10-24,10393.070313
2000-10-25,10326.480469
2000-10-26,10380.120117
2000-10-27,10590.620117
2000-10-30,10835.769531
2000-10-31,10971.139648
2000-11-01,10899.469727
2000-11-02,10880.509766
2000-11-03,10817.950195
2000-11-06,10977.209961
2000-11-07,10952.179688
2000-11-08,10907.059570
2000-11-09,10834.250000
2000-11-10,10602.950195
2000-11-13,10517.250000
2000-11-14,10681.059570
2000-11-15,10707.599609
2000-11-16,10656.030273
2000-11-17,10629.870117
2000-11-20,10462.650391
2000-11-21,10494.500000
2000-11-22,10399.320313
2000-11-24,10470.230469
2000-11-27,10546.070313
2000-11-28,10507.580078
2000-11-29,10629.110352
2000-11-30,10414.490234
2000-12-01,10373.540039
2000-12-04,10560.950195
2000-12-05,10898.719727
2000-12-06,10664.379883
2000-12-07,10617.360352
2000-12-08,10712.910156
2000-12-11,10725.799805
2000-12-12,10768.269531
2000-12-13,10794.440430
2000-12-14,10674.990234
2000-12-15,10434.959961
2000-12-18,10645.419922
2000-12-19,10584.370117
2000-12-20,10318.929688
2000-12-21,10487.290039
2000-12-22,10635.559570
2000-12-26,10692.440430
2000-12-27,10803.160156
2000-12-28,10868.759766
2000-12-29,10787.990234
2001-01-02,10646.150391
2001-01-03,10945.750000
2001-01-04,10912.410156
2001-01-05,10662.009766
2001-01-08,10621.349609
2001-01-09,10572.549805
2001-01-10,10604.269531
2001-01-11,10609.549805
2001-01-12,10525.379883
2001-01-16,10652.660156
2001-01-17,10584.339844
2001-01-18,10678.280273
2001-01-19,10587.589844
2001-01-22,10578.240234
2001-01-23,10649.809570
2001-01-24,10646.969727
2001-01-25,10729.519531
2001-01-26,10659.980469
2001-01-29,10702.190430
2001-01-30,10881.200195
2001-01-31,10887.360352
2001-02-01,10983.629883
2001-02-02,10864.099609
2001-02-05,10965.849609
2001-02-06,10957.419922
2001-02-07,10946.719727
2001-02-08,10880.549805
2001-02-09,10781.450195
2001-02-12,10946.769531
2001-02-13,10903.320313
2001-02-14,10795.410156
2001-02-15,10891.019531
2001-02-16,10799.820313
2001-02-20,10730.879883
2001-02-21,10526.580078
2001-02-22,10526.809570
2001-02-23,10441.900391
2001-02-26,10642.530273
2001-02-27,10636.879883
2001-02-28,10495.280273
2001-03-01,10450.139648
2001-03-02,10466.309570
2001-03-05,10562.299805
2001-03-06,10591.219727
2001-03-07,10729.599609
2001-03-08,10858.250000
2001-03-09,10644.620117
2001-03-12,10208.250000
2001-03-13,10290.799805
2001-03-14,9973.459961
2001-03-15,10031.280273
2001-03-16,9823.410156
2001-03-19,9959.110352
2001-03-20,9720.759766
2001-03-21,9487.000000
2001-03-22,9389.480469
2001-03-23,9504.780273
2001-03-26,9687.530273
2001-03-27,9947.540039
2001-03-28,9785.349609
2001-03-29,9799.059570
2001-03-30,9878.780273
2001-04-02,9777.929688
2001-04-03,9485.709961
2001-04-04,9515.419922
2001-04-05,9918.049805
2001-04-06,9791.089844
2001-04-09,9845.150391
2001-04-10,10102.740234
2001-04-11,10013.469727
2001-04-12,10126.940430
2001-04-16,10158.559570
2001-04-17,10216.730469
2001-04-18,10615.830078
2001-04-19,10693.709961
2001-04-20,10579.849609
2001-04-23,10532.230469
2001-04-24,10454.339844
2001-04-25,10625.200195
2001-04-26,10692.349609
2001-04-27,10810.049805
2001-04-30,10734.969727
2001-05-01,10898.339844
2001-05-02,10876.679688
2001-05-03,10796.650391
2001-05-04,10951.240234
2001-05-07,10935.169922
2001-05-08,10883.509766
2001-05-09,10866.980469
2001-05-10,10910.440430
2001-05-11,10821.309570
2001-05-14,10877.330078
2001-05-15,10872.969727
2001-05-16,11215.919922
2001-05-17,11248.580078
2001-05-18,11301.740234
2001-05-21,11337.919922
2001-05-22,11257.240234
2001-05-23,11105.509766
2001-05-24,11122.419922
2001-05-25,11005.370117
2001-05-29,11039.139648
2001-05-30,10872.639648
2001-05-31,10911.940430
2001-06-01,10990.410156
2001-06-04,11061.519531
2001-06-05,11175.839844
2001-06-06,11070.240234
2001-06-07,11090.740234
2001-06-08,10977.000000
2001-06-11,10922.089844
2001-06-12,10948.379883
2001-06-13,10871.620117
2001-06-14,10690.129883
2001-06-15,10623.639648
2001-06-18,10645.379883
2001-06-19,10596.669922
2001-06-20,10647.330078
2001-06-21,10715.429688
2001-06-22,10604.589844
2001-06-25,10504.219727
2001-06-26,10472.480469
2001-06-27,10434.839844
2001-06-28,10566.209961
2001-06-29,10502.400391
2001-07-02,10593.719727
2001-07-03,10571.110352
2001-07-05,10479.860352
2001-07-06,10252.679688
2001-07-09,10299.400391
2001-07-10,10175.639648
2001-07-11,10241.019531
2001-07-12,10478.990234
2001-07-13,10539.059570
2001-07-16,10472.120117
2001-07-17,10606.389648
2001-07-18,10569.830078
2001-07-19,10610.000000
2001-07-20,10576.650391
2001-07-23,10424.419922
2001-07-24,10241.120117
2001-07-25,10405.669922
2001-07-26,10455.629883
2001-07-27,10416.669922
2001-07-30,10401.719727
2001-07-31,10522.809570
2001-08-01,10510.009766
2001-08-02,10551.179688
2001-08-03,10512.780273
2001-08-06,10401.309570
2001-08-07,10458.740234
2001-08-08,10293.500000
2001-08-09,10298.559570
2001-08-10,10416.250000
2001-08-13,10415.910156
2001-08-14,10412.169922
2001-08-15,10345.950195
2001-08-16,10392.519531
2001-08-17,10240.780273
2001-08-20,10320.070313
2001-08-21,10174.139648
2001-08-22,10276.900391
2001-08-23,10229.150391
2001-08-24,10423.169922
2001-08-27,10382.349609
2001-08-28,10222.030273
2001-08-29,10090.900391
2001-08-30,9919.580078
2001-08-31,9949.750000
2001-09-04,9997.490234
2001-09-05,10033.269531
2001-09-06,9840.839844
2001-09-07,9605.849609
2001-09-10,9605.509766
2001-09-17,8920.700195
2001-09-18,8903.400391
2001-09-19,8759.129883
2001-09-20,8376.209961
2001-09-21,8235.809570
2001-09-24,8603.860352
2001-09-25,8659.969727
2001-09-26,8567.389648
2001-09-27,8681.419922
2001-09-28,8847.559570
2001-10-01,8836.830078
2001-10-02,8950.589844
2001-10-03,9123.780273
2001-10-04,9060.879883
2001-10-05,9119.769531
2001-10-08,9067.940430
2001-10-09,9052.440430
2001-10-10,9240.860352
2001-10-11,9410.450195
2001-10-12,9344.160156
2001-10-15,9347.620117
2001-10-16,9384.230469
2001-10-17,9232.969727
2001-10-18,9163.219727
2001-10-19,9204.110352
2001-10-22,9377.030273
2001-10-23,9340.080078
2001-10-24,9345.620117
2001-10-25,9462.900391
2001-10-26,9545.169922
2001-10-29,9269.500000
2001-10-30,9121.980469
2001-10-31,9075.139648
2001-11-01,9263.900391
2001-11-02,9323.540039
2001-11-05,9441.030273
2001-11-06,9591.120117
2001-11-07,9554.370117
2001-11-08,9587.519531
2001-11-09,9608.000000
2001-11-12,9554.370117
2001-11-13,9750.950195
2001-11-14,9823.610352
2001-11-15,9872.389648
2001-11-16,9866.990234
2001-11-19,9976.459961
2001-11-20,9901.379883
2001-11-21,9834.679688
2001-11-23,9959.709961
2001-11-26,9982.750000
2001-11-27,9872.599609
2001-11-28,9711.860352
2001-11-29,9829.419922
2001-11-30,9851.559570
2001-12-03,9763.959961
2001-12-04,9893.839844
2001-12-05,10114.290039
2001-12-06,10099.139648
2001-12-07,10049.459961
2001-12-10,9921.450195
2001-12-11,9888.370117
2001-12-12,9894.809570
2001-12-13,9766.450195
2001-12-14,9811.150391
2001-12-17,9891.969727
2001-12-18,9998.389648
2001-12-19,10070.490234
2001-12-20,9985.179688
2001-12-21,10035.339844
2001-12-24,10035.339844
2001-12-26,10088.139648
2001-12-27,10131.309570
2001-12-28,10136.990234
2001-12-31,10021.570313
2002-01-02,10073.400391
2002-01-03,10172.139648
2002-01-04,10259.740234
2002-01-07,10197.049805
2002-01-08,10150.549805
2002-01-09,10094.089844
2002-01-10,10067.860352
2002-01-11,9987.530273
2002-01-14,9891.419922
2002-01-15,9924.150391
2002-01-16,9712.269531
2002-01-17,9850.040039
2002-01-18,9771.849609
2002-01-22,9713.799805
2002-01-23,9730.959961
2002-01-24,9796.070313
2002-01-25,9840.080078
2002-01-28,9865.750000
2002-01-29,9618.240234
2002-01-30,9762.860352
2002-01-31,9920.000000
2002-02-01,9907.259766
2002-02-04,9687.089844
2002-02-05,9685.429688
2002-02-06,9653.389648
2002-02-07,9625.440430
2002-02-08,9744.240234
2002-02-11,9884.780273
2002-02-12,9863.740234
2002-02-13,9989.669922
2002-02-14,10001.990234
2002-02-15,9903.040039
2002-02-19,9745.139648
2002-02-20,9941.169922
2002-02-21,9834.679688
2002-02-22,9968.150391
2002-02-25,10145.709961
2002-02-26,10115.259766
2002-02-27,10127.580078
2002-02-28,10106.129883
2002-03-01,10368.860352
2002-03-04,10586.820313
2002-03-05,10433.410156
2002-03-06,10574.290039
2002-03-07,10525.370117
2002-03-08,10572.490234
2002-03-11,10611.240234
2002-03-12,10632.349609
2002-03-13,10501.849609
2002-03-14,10517.139648
2002-03-15,10607.230469
2002-03-18,10577.750000
2002-03-19,10635.250000
2002-03-20,10501.570313
2002-03-21,10479.839844
2002-03-22,10427.669922
2002-03-25,10281.669922
2002-03-26,10353.360352
2002-03-27,10426.910156
2002-03-28,10403.940430
2002-04-01,10362.700195
2002-04-02,10313.709961
2002-04-03,10198.290039
2002-04-04,10235.169922
2002-04-05,10271.639648
2002-04-08,10249.080078
2002-04-09,10208.669922
2002-04-10,10381.730469
2002-04-11,10176.080078
2002-04-12,10190.820313
2002-04-15,10093.669922
2002-04-16,10301.320313
2002-04-17,10220.780273
2002-04-18,10205.280273
2002-04-19,10257.110352
2002-04-22,10136.429688
2002-04-23,10089.240234
2002-04-24,10030.429688
2002-04-25,10035.059570
2002-04-26,9910.719727
2002-04-29,9819.870117
2002-04-30,9946.219727
2002-05-01,10059.629883
2002-05-02,10091.870117
2002-05-03,10006.629883
2002-05-06,9808.040039
2002-05-07,9836.549805
2002-05-08,10141.830078
2002-05-09,10037.419922
2002-05-10,9939.919922
2002-05-13,10109.660156
2002-05-14,10298.139648
2002-05-15,10243.679688
2002-05-16,10289.209961
2002-05-17,10353.080078
2002-05-20,10229.500000
2002-05-21,10105.709961
2002-05-22,10157.879883
2002-05-23,10216.080078
2002-05-24,10104.259766
2002-05-28,9981.580078
2002-05-29,9923.040039
2002-05-30,9911.690430
2002-05-31,9925.250000
2002-06-03,9709.790039
2002-06-04,9687.839844
2002-06-05,9796.799805
2002-06-06,9624.639648
2002-06-07,9589.669922
2002-06-10,9645.400391
2002-06-11,9517.259766
2002-06-12,9617.709961
2002-06-13,9502.799805
2002-06-14,9474.209961
2002-06-17,9687.419922
2002-06-18,9706.120117
2002-06-19,9561.570313
2002-06-20,9431.769531
2002-06-21,9253.790039
2002-06-24,9281.820313
2002-06-25,9126.820313
2002-06-26,9120.110352
2002-06-27,9269.919922
2002-06-28,9243.259766
2002-07-01,9109.790039
2002-07-02,9007.750000
2002-07-03,9054.969727
2002-07-05,9379.500000
2002-07-08,9274.900391
2002-07-09,9096.089844
2002-07-10,8813.500000
2002-07-11,8801.530273
2002-07-12,8684.530273
2002-07-15,8639.190430
2002-07-16,8473.110352
2002-07-17,8542.480469
2002-07-18,8409.490234
2002-07-19,8019.259766
2002-07-22,7784.580078
2002-07-23,7702.339844
2002-07-24,8191.290039
2002-07-25,8186.310059
2002-07-26,8264.389648
2002-07-29,8711.879883
2002-07-30,8680.030273
2002-07-31,8736.589844
2002-08-01,8506.620117
2002-08-02,8313.129883
2002-08-05,8043.629883
2002-08-06,8274.089844
2002-08-07,8456.150391
2002-08-08,8712.019531
2002-08-09,8745.450195
2002-08-12,8688.889648
2002-08-13,8482.389648
2002-08-14,8743.309570
2002-08-15,8818.139648
2002-08-16,8778.059570
2002-08-19,8990.790039
2002-08-20,8872.070313
2002-08-21,8957.230469
2002-08-22,9053.639648
2002-08-23,8872.959961
2002-08-26,8919.009766
2002-08-27,8824.410156
2002-08-28,8694.089844
2002-08-29,8670.990234
2002-08-30,8663.500000
2002-09-03,8308.049805
2002-09-04,8425.120117
2002-09-05,8283.700195
2002-09-06,8427.200195
2002-09-09,8519.379883
2002-09-10,8602.610352
2002-09-11,8581.169922
2002-09-12,8379.410156
2002-09-13,8312.690430
2002-09-16,8380.179688
2002-09-17,8207.549805
2002-09-18,8172.450195
2002-09-19,7942.390137
2002-09-20,7986.020020
2002-09-23,7872.149902
2002-09-24,7683.129883
2002-09-25,7841.819824
2002-09-26,7997.120117
2002-09-27,7701.450195
2002-09-30,7591.930176
2002-10-01,7938.790039
2002-10-02,7755.609863
2002-10-03,7717.189941
2002-10-04,7528.399902
2002-10-07,7422.839844
2002-10-08,7501.490234
2002-10-09,7286.270020
2002-10-10,7533.950195
2002-10-11,7850.290039
2002-10-14,7877.399902
2002-10-15,8255.679688
2002-10-16,8036.029785
2002-10-17,8275.040039
2002-10-18,8322.400391
2002-10-21,8538.240234
2002-10-22,8450.160156
2002-10-23,8494.269531
2002-10-24,8317.339844
2002-10-25,8443.990234
2002-10-28,8368.040039
2002-10-29,8368.940430
2002-10-30,8427.410156
2002-10-31,8397.030273
2002-11-01,8517.639648
2002-11-04,8571.599609
2002-11-05,8678.269531
2002-11-06,8771.009766
2002-11-07,8586.240234
2002-11-08,8537.129883
2002-11-11,8358.950195
2002-11-12,8386.000000
2002-11-13,8398.490234
2002-11-14,8542.129883
2002-11-15,8579.089844
2002-11-18,8486.570313
2002-11-19,8474.780273
2002-11-20,8623.009766
2002-11-21,8845.150391
2002-11-22,8804.839844
2002-11-25,8849.400391
2002-11-26,8676.419922
2002-11-27,8931.679688
2002-11-29,8896.089844
2002-12-02,8862.570313
2002-12-03,8742.929688
2002-12-04,8737.849609
2002-12-05,8623.280273
2002-12-06,8645.769531
2002-12-09,8473.410156
2002-12-10,8574.259766
2002-12-11,8589.139648
2002-12-12,8538.400391
2002-12-13,8433.709961
2002-12-16,8627.400391
2002-12-17,8535.389648
2002-12-18,8447.349609
2002-12-19,8364.799805
2002-12-20,8511.320313
2002-12-23,8493.290039
2002-12-24,8448.110352
2002-12-26,8432.610352
2002-12-27,8303.780273
2002-12-30,8332.849609
2002-12-31,8341.629883
2003-01-02,8607.519531
2003-01-03,8601.690430
2003-01-06,8773.570313
2003-01-07,8740.589844
2003-01-08,8595.309570
2003-01-09,8776.179688
2003-01-10,8784.889648
2003-01-13,8785.980469
2003-01-14,8842.620117
2003-01-15,8723.179688
2003-01-16,8697.870117
2003-01-17,8586.740234
2003-01-21,8442.900391
2003-01-22,8318.730469
2003-01-23,8369.469727
2003-01-24,8131.009766
2003-01-27,7989.560059
2003-01-28,8088.839844
2003-01-29,8110.709961
2003-01-30,7945.129883
2003-01-31,8053.810059
2003-02-03,8109.819824
2003-02-04,8013.290039
2003-02-05,7985.180176
2003-02-06,7929.299805
2003-02-07,7864.229980
2003-02-10,7920.109863
2003-02-11,7843.109863
2003-02-12,7758.169922
2003-02-13,7749.870117
2003-02-14,7908.799805
2003-02-18,8041.149902
2003-02-19,8000.600098
2003-02-20,7914.959961
2003-02-21,8018.109863
2003-02-24,7858.240234
2003-02-25,7909.500000
2003-02-26,7806.979980
2003-02-27,7884.990234
2003-02-28,7891.080078
2003-03-03,7837.859863
2003-03-04,7704.870117
2003-03-05,7775.600098
2003-03-06,7673.990234
2003-03-07,7740.029785
2003-03-10,7568.180176
2003-03-11,7524.060059
2003-03-12,7552.069824
2003-03-13,7821.750000
2003-03-14,7859.709961
2003-03-17,8141.919922
2003-03-18,8194.230469
2003-03-19,8265.450195
2003-03-20,8286.599609
2003-03-21,8521.969727
2003-03-24,8214.679688
2003-03-25,8280.230469
2003-03-26,8229.879883
2003-03-27,8201.450195
2003-03-28,8145.770020
2003-03-31,7992.129883
2003-04-01,8069.859863
2003-04-02,8285.059570
2003-04-03,8240.379883
2003-04-04,8277.150391
2003-04-07,8300.410156
2003-04-08,8298.919922
2003-04-09,8197.940430
2003-04-10,8221.330078
2003-04-11,8203.410156
2003-04-14,8351.099609
2003-04-15,8402.360352
2003-04-16,8257.610352
2003-04-17,8337.650391
2003-04-21,8328.900391
2003-04-22,8484.990234
2003-04-23,8515.660156
2003-04-24,8440.040039
2003-04-25,8306.349609
2003-04-28,8471.610352
2003-04-29,8502.990234
2003-04-30,8480.089844
2003-05-01,8454.250000
2003-05-02,8582.679688
2003-05-05,8531.570313
2003-05-06,8588.360352
2003-05-07,8560.629883
2003-05-08,8491.219727
2003-05-09,8604.599609
2003-05-12,8726.730469
2003-05-13,8679.250000
2003-05-14,8647.820313
2003-05-15,8713.139648
2003-05-16,8678.969727
2003-05-19,8493.389648
2003-05-20,8491.360352
2003-05-21,8516.429688
2003-05-22,8594.019531
2003-05-23,8601.379883
2003-05-27,8781.349609
2003-05-28,8793.120117
2003-05-29,8711.179688
2003-05-30,8850.259766
2003-06-02,8897.809570
2003-06-03,8922.950195
2003-06-04,9038.980469
2003-06-05,9041.299805
2003-06-06,9062.790039
2003-06-09,8980.000000
2003-06-10,9054.889648
2003-06-11,9183.219727
2003-06-12,9196.549805
2003-06-13,9117.120117
2003-06-16,9318.959961
2003-06-17,9323.019531
2003-06-18,9293.799805
2003-06-19,9179.530273
2003-06-20,9200.750000
2003-06-23,9072.950195
2003-06-24,9109.849609
2003-06-25,9011.530273
2003-06-26,9079.040039
2003-06-27,8989.049805
2003-06-30,8985.440430
2003-07-01,9040.950195
2003-07-02,9142.839844
2003-07-03,9070.209961
2003-07-07,9216.790039
2003-07-08,9223.089844
2003-07-09,9156.209961
2003-07-10,9036.040039
2003-07-11,9119.589844
2003-07-14,9177.150391
2003-07-15,9128.969727
2003-07-16,9094.589844
2003-07-17,9050.820313
2003-07-18,9188.150391
2003-07-21,9096.690430
2003-07-22,9158.450195
2003-07-23,9194.240234
2003-07-24,9112.509766
2003-07-25,9284.570313
2003-07-28,9266.509766
2003-07-29,9204.459961
2003-07-30,9200.049805
2003-07-31,9233.799805
2003-08-01,9153.969727
2003-08-04,9186.040039
2003-08-05,9036.320313
2003-08-06,9061.740234
2003-08-07,9126.450195
2003-08-08,9191.089844
2003-08-11,9217.349609
2003-08-12,9310.059570
2003-08-13,9271.759766
2003-08-14,9310.559570
2003-08-15,9321.690430
2003-08-18,9412.450195
2003-08-19,9428.900391
2003-08-20,9397.509766
2003-08-21,9423.679688
2003-08-22,9348.870117
2003-08-25,9317.639648
2003-08-26,9340.450195
2003-08-27,9333.790039
2003-08-28,9374.209961
2003-08-29,9415.820313
2003-09-02,9523.269531
2003-09-03,9568.459961
2003-09-04,9587.900391
2003-09-05,9503.339844
2003-09-08,9586.290039
2003-09-09,9507.200195
2003-09-10,9420.459961
2003-09-11,9459.759766
2003-09-12,9471.549805
2003-09-15,9448.809570
2003-09-16,9567.339844
2003-09-17,9545.650391
2003-09-18,9659.129883
2003-09-19,9644.820313
2003-09-22,9535.410156
2003-09-23,9576.040039
2003-09-24,9425.509766
2003-09-25,9343.959961
2003-09-26,9313.080078
2003-09-29,9380.240234
2003-09-30,9275.059570
2003-10-01,9469.200195
2003-10-02,9487.799805
2003-10-03,9572.309570
2003-10-06,9594.980469
2003-10-07,9654.610352
2003-10-08,9630.900391
2003-10-09,9680.009766
2003-10-10,9674.679688
2003-10-13,9764.379883
2003-10-14,9812.980469
2003-10-15,9803.049805
2003-10-16,9791.719727
2003-10-17,9721.790039
2003-10-20,9777.940430
2003-10-21,9747.639648
2003-10-22,9598.240234
2003-10-23,9613.129883
2003-10-24,9582.459961
2003-10-27,9608.160156
2003-10-28,9748.309570
2003-10-29,9774.530273
2003-10-30,9786.610352
2003-10-31,9801.120117
2003-11-03,9858.459961
2003-11-04,9838.830078
2003-11-05,9820.830078
2003-11-06,9856.969727
2003-11-07,9809.790039
2003-11-10,9756.530273
2003-11-11,9737.790039
2003-11-12,9848.830078
2003-11-13,9837.940430
2003-11-14,9768.679688
2003-11-17,9710.830078
2003-11-18,9624.160156
2003-11-19,9690.459961
2003-11-20,9619.419922
2003-11-21,9628.530273
2003-11-24,9747.790039
2003-11-25,9763.940430
2003-11-26,9779.570313
2003-11-28,9782.459961
2003-12-01,9899.049805
2003-12-02,9853.639648
2003-12-03,9873.419922
2003-12-04,9930.820313
2003-12-05,9862.679688
2003-12-08,9965.269531
2003-12-09,9923.419922
2003-12-10,9921.860352
2003-12-11,10008.160156
2003-12-12,10042.160156
2003-12-15,10022.820313
2003-12-16,10129.559570
2003-12-17,10145.259766
2003-12-18,10248.080078
2003-12-19,10278.219727
2003-12-22,10338.000000
2003-12-23,10341.259766
2003-12-24,10305.190430
2003-12-26,10324.669922
2003-12-29,10450.000000
2003-12-30,10425.040039
2003-12-31,10453.919922
2004-01-02,10409.849609
2004-01-05,10544.070313
2004-01-06,10538.660156
2004-01-07,10529.030273
2004-01-08,10592.440430
2004-01-09,10458.889648
2004-01-12,10485.179688
2004-01-13,10427.179688
2004-01-14,10538.370117
2004-01-15,10553.849609
2004-01-16,10600.509766
2004-01-20,10528.660156
2004-01-21,10623.620117
2004-01-22,10623.179688
2004-01-23,10568.290039
2004-01-26,10702.509766
2004-01-27,10609.919922
2004-01-28,10468.370117
2004-01-29,10510.290039
2004-01-30,10488.070313
2004-02-02,10499.179688
2004-02-03,10505.179688
2004-02-04,10470.740234
2004-02-05,10495.549805
2004-02-06,10593.030273
2004-02-09,10579.030273
2004-02-10,10613.849609
2004-02-11,10737.700195
2004-02-12,10694.070313
2004-02-13,10627.849609
2004-02-17,10714.879883
2004-02-18,10671.990234
2004-02-19,10664.730469
2004-02-20,10619.030273
2004-02-23,10609.620117
2004-02-24,10566.370117
2004-02-25,10601.620117
2004-02-26,10580.139648
2004-02-27,10583.919922
2004-03-01,10678.139648
2004-03-02,10591.480469
2004-03-03,10593.110352
2004-03-04,10588.000000
2004-03-05,10595.549805
2004-03-08,10529.480469
2004-03-09,10456.959961
2004-03-10,10296.889648
2004-03-11,10128.379883
2004-03-12,10240.080078
2004-03-15,10102.889648
2004-03-16,10184.669922
2004-03-17,10300.299805
2004-03-18,10295.780273
2004-03-19,10186.599609
2004-03-22,10064.750000
2004-03-23,10063.639648
2004-03-24,10048.230469
2004-03-25,10218.820313
2004-03-26,10212.969727
2004-03-29,10329.629883
2004-03-30,10381.700195
2004-03-31,10357.700195
2004-04-01,10373.330078
2004-04-02,10470.589844
2004-04-05,10558.370117
2004-04-06,10570.809570
2004-04-07,10480.150391
2004-04-08,10442.030273
2004-04-12,10515.559570
2004-04-13,10381.280273
2004-04-14,10377.950195
2004-04-15,10397.459961
2004-04-16,10451.969727
2004-04-19,10437.849609
2004-04-20,10314.500000
2004-04-21,10317.269531
2004-04-22,10461.200195
2004-04-23,10472.839844
2004-04-26,10444.730469
2004-04-27,10478.160156
2004-04-28,10342.599609
2004-04-29,10272.269531
2004-04-30,10225.570313
2004-05-03,10314.000000
2004-05-04,10317.200195
2004-05-05,10310.950195
2004-05-06,10241.259766
2004-05-07,10117.339844
2004-05-10,9990.019531
2004-05-11,10019.469727
2004-05-12,10045.160156
2004-05-13,10010.740234
2004-05-14,10012.870117
2004-05-17,9906.910156
2004-05-18,9968.509766
2004-05-19,9937.709961
2004-05-20,9937.639648
2004-05-21,9966.740234
2004-05-24,9958.429688
2004-05-25,10117.620117
2004-05-26,10109.889648
2004-05-27,10205.200195
2004-05-28,10188.450195
2004-06-01,10202.650391
2004-06-02,10262.969727
2004-06-03,10195.910156
2004-06-04,10242.820313
2004-06-07,10391.080078
2004-06-08,10432.519531
2004-06-09,10368.440430
2004-06-10,10410.099609
2004-06-14,10334.730469
2004-06-15,10380.429688
2004-06-16,10379.580078
2004-06-17,10377.519531
2004-06-18,10416.410156
2004-06-21,10371.469727
2004-06-22,10395.070313
2004-06-23,10479.570313
2004-06-24,10443.809570
2004-06-25,10371.839844
2004-06-28,10357.089844
2004-06-29,10413.429688
2004-06-30,10435.480469
2004-07-01,10334.160156
2004-07-02,10282.830078
2004-07-06,10219.339844
2004-07-07,10240.290039
2004-07-08,10171.559570
2004-07-09,10213.219727
2004-07-12,10238.219727
2004-07-13,10247.589844
2004-07-14,10208.799805
2004-07-15,10163.160156
2004-07-16,10139.780273
2004-07-19,10094.059570
2004-07-20,10149.070313
2004-07-21,10046.129883
2004-07-22,10050.330078
2004-07-23,9962.219727
2004-07-26,9961.919922
2004-07-27,10085.139648
2004-07-28,10117.070313
2004-07-29,10129.240234
2004-07-30,10139.709961
2004-08-02,10179.160156
2004-08-03,10120.240234
2004-08-04,10126.509766
2004-08-05,9963.030273
2004-08-06,9815.330078
2004-08-09,9814.660156
2004-08-10,9944.669922
2004-08-11,9938.320313
2004-08-12,9814.589844
2004-08-13,9825.349609
2004-08-16,9954.549805
2004-08-17,9972.830078
2004-08-18,10083.150391
2004-08-19,10040.820313
2004-08-20,10110.139648
2004-08-23,10073.049805
2004-08-24,10098.629883
2004-08-25,10181.740234
2004-08-26,10173.410156
2004-08-27,10195.009766
2004-08-30,10122.519531
2004-08-31,10173.919922
2004-09-01,10168.459961
2004-09-02,10290.280273
2004-09-03,10260.200195
2004-09-07,10342.790039
2004-09-08,10313.360352
2004-09-09,10289.099609
2004-09-10,10313.070313
2004-09-13,10314.759766
2004-09-14,10318.160156
2004-09-15,10231.360352
2004-09-16,10244.490234
2004-09-17,10284.459961
2004-09-20,10204.889648
2004-09-21,10244.929688
2004-09-22,10109.179688
2004-09-23,10038.900391
2004-09-24,10047.240234
2004-09-27,9988.540039
2004-09-28,10077.400391
2004-09-29,10136.240234
2004-09-30,10080.269531
2004-10-01,10192.650391
2004-10-04,10216.540039
2004-10-05,10177.679688
2004-10-06,10239.919922
2004-10-07,10125.400391
2004-10-08,10055.200195
2004-10-11,10081.969727
2004-10-12,10077.179688
2004-10-13,10002.330078
2004-10-14,9894.450195
2004-10-15,9933.379883
2004-10-18,9956.320313
2004-10-19,9897.620117
2004-10-20,9886.929688
2004-10-21,9865.759766
2004-10-22,9757.809570
2004-10-25,9749.990234
2004-10-26,9888.480469
2004-10-27,10002.030273
2004-10-28,10004.540039
2004-10-29,10027.469727
2004-11-01,10054.389648
2004-11-02,10035.730469
2004-11-03,10137.049805
2004-11-04,10314.759766
2004-11-05,10387.540039
2004-11-08,10391.309570
2004-11-09,10386.370117
2004-11-10,10385.480469
2004-11-11,10469.839844
2004-11-12,10539.009766
2004-11-15,10550.240234
2004-11-16,10487.650391
2004-11-17,10549.570313
2004-11-18,10572.549805
2004-11-19,10456.910156
2004-11-22,10489.419922
2004-11-23,10492.599609
2004-11-24,10520.309570
2004-11-26,10522.230469
2004-11-29,10475.900391
2004-11-30,10428.019531
2004-12-01,10590.219727
2004-12-02,10585.120117
2004-12-03,10592.209961
2004-12-06,10547.059570
2004-12-07,10440.580078
2004-12-08,10494.230469
2004-12-09,10552.820313
2004-12-10,10543.219727
2004-12-13,10638.320313
2004-12-14,10676.450195
2004-12-15,10691.450195
2004-12-16,10705.639648
2004-12-17,10649.919922
2004-12-20,10661.599609
2004-12-21,10759.429688
2004-12-22,10815.889648
2004-12-23,10827.120117
2004-12-27,10776.129883
2004-12-28,10854.540039
2004-12-29,10829.190430
2004-12-30,10800.299805
2004-12-31,10783.009766
2005-01-03,10729.429688
2005-01-04,10630.780273
2005-01-05,10597.830078
2005-01-06,10622.879883
2005-01-07,10603.959961
2005-01-10,10621.030273
2005-01-11,10556.219727
2005-01-12,10617.780273
2005-01-13,10505.830078
2005-01-14,10558.000000
2005-01-18,10628.790039
2005-01-19,10539.969727
2005-01-20,10471.469727
2005-01-21,10392.990234
2005-01-24,10368.610352
2005-01-25,10461.559570
2005-01-26,10498.589844
2005-01-27,10467.400391
2005-01-28,10427.200195
2005-01-31,10489.940430
2005-02-01,10551.940430
2005-02-02,10596.790039
2005-02-03,10593.099609
2005-02-04,10716.129883
2005-02-07,10715.759766
2005-02-08,10724.629883
2005-02-09,10664.110352
2005-02-10,10749.610352
2005-02-11,10796.009766
2005-02-14,10791.129883
2005-02-15,10837.320313
2005-02-16,10834.879883
2005-02-17,10754.259766
2005-02-18,10785.219727
2005-02-22,10611.200195
2005-02-23,10673.790039
2005-02-24,10748.790039
2005-02-25,10841.599609
2005-02-28,10766.230469
2005-03-01,10830.000000
2005-03-02,10811.969727
2005-03-03,10833.030273
2005-03-04,10940.549805
2005-03-07,10936.860352
2005-03-08,10912.620117
2005-03-09,10805.620117
2005-03-10,10851.509766
2005-03-11,10774.360352
2005-03-14,10804.509766
2005-03-15,10745.099609
2005-03-16,10633.070313
2005-03-17,10626.349609
2005-03-18,10629.669922
2005-03-21,10565.389648
2005-03-22,10470.509766
2005-03-23,10456.019531
2005-03-24,10442.870117
2005-03-28,10485.650391
2005-03-29,10405.700195
2005-03-30,10540.929688
2005-03-31,10503.759766
2005-04-01,10404.299805
2005-04-04,10421.139648
2005-04-05,10458.459961
2005-04-06,10486.019531
2005-04-07,10546.320313
2005-04-08,10461.339844
2005-04-11,10448.559570
2005-04-12,10507.969727
2005-04-13,10403.929688
2005-04-14,10278.750000
2005-04-15,10087.509766
2005-04-18,10071.250000
2005-04-19,10127.410156
2005-04-20,10012.360352
2005-04-21,10218.599609
2005-04-22,10157.709961
2005-04-25,10242.469727
2005-04-26,10151.129883
2005-04-27,10198.799805
2005-04-28,10070.370117
2005-04-29,10192.509766
2005-05-02,10251.700195
2005-05-03,10256.950195
2005-05-04,10384.639648
2005-05-05,10340.379883
2005-05-06,10345.400391
2005-05-09,10384.339844
2005-05-10,10281.110352
2005-05-11,10300.250000
2005-05-12,10189.480469
2005-05-13,10140.120117
2005-05-16,10252.290039
2005-05-17,10331.879883
2005-05-18,10464.450195
2005-05-19,10493.190430
2005-05-20,10471.910156
2005-05-23,10523.559570
2005-05-24,10503.679688
2005-05-25,10457.799805
2005-05-26,10537.599609
2005-05-27,10542.549805
2005-05-31,10467.480469
2005-06-01,10549.870117
2005-06-02,10553.490234
2005-06-03,10460.969727
2005-06-06,10467.030273
2005-06-07,10483.070313
2005-06-08,10476.860352
2005-06-09,10503.019531
2005-06-10,10512.629883
2005-06-13,10522.559570
2005-06-14,10547.570313
2005-06-15,10566.370117
2005-06-16,10578.650391
2005-06-17,10623.070313
2005-06-20,10609.110352
2005-06-21,10599.669922
2005-06-22,10587.929688
2005-06-23,10421.440430
2005-06-24,10297.839844
2005-06-27,10290.780273
2005-06-28,10405.629883
2005-06-29,10374.480469
2005-06-30,10274.969727
2005-07-01,10303.440430
2005-07-05,10371.799805
2005-07-06,10270.679688
2005-07-07,10302.290039
2005-07-08,10449.139648
2005-07-11,10519.719727
2005-07-12,10513.889648
2005-07-13,10557.389648
2005-07-14,10628.889648
2005-07-15,10640.830078
2005-07-18,10574.990234
2005-07-19,10646.559570
2005-07-20,10689.150391
2005-07-21,10627.769531
2005-07-22,10651.179688
2005-07-25,10596.480469
2005-07-26,10579.769531
2005-07-27,10637.089844
2005-07-28,10705.549805
2005-07-29,10640.910156
2005-08-01,10623.150391
2005-08-02,10683.740234
2005-08-03,10697.589844
2005-08-04,10610.099609
2005-08-05,10558.030273
2005-08-08,10536.929688
2005-08-09,10615.669922
2005-08-10,10594.410156
2005-08-11,10685.889648
2005-08-12,10600.309570
2005-08-15,10634.379883
2005-08-16,10513.450195
2005-08-17,10550.709961
2005-08-18,10554.929688
2005-08-19,10559.230469
2005-08-22,10569.889648
2005-08-23,10519.580078
2005-08-24,10434.870117
2005-08-25,10450.629883
2005-08-26,10397.290039
2005-08-29,10463.049805
2005-08-30,10412.820313
2005-08-31,10481.599609
2005-09-01,10459.629883
2005-09-02,10447.370117
2005-09-06,10589.240234
2005-09-07,10633.500000
2005-09-08,10595.929688
2005-09-09,10678.559570
2005-09-12,10682.940430
2005-09-13,10597.440430
2005-09-14,10544.900391
2005-09-15,10558.750000
2005-09-16,10641.940430
2005-09-19,10557.629883
2005-09-20,10481.519531
2005-09-21,10378.030273
2005-09-22,10422.049805
2005-09-23,10419.589844
2005-09-26,10443.629883
2005-09-27,10456.209961
2005-09-28,10473.089844
2005-09-29,10552.780273
2005-09-30,10568.700195
2005-10-03,10535.480469
2005-10-04,10441.110352
2005-10-05,10317.360352
2005-10-06,10287.099609
2005-10-07,10292.309570
2005-10-10,10238.759766
2005-10-11,10253.169922
2005-10-12,10216.910156
2005-10-13,10216.589844
2005-10-14,10287.339844
2005-10-17,10348.099609
2005-10-18,10285.259766
2005-10-19,10414.129883
2005-10-20,10281.099609
2005-10-21,10215.219727
2005-10-24,10385.000000
2005-10-25,10377.870117
2005-10-26,10344.980469
2005-10-27,10229.950195
2005-10-28,10402.769531
2005-10-31,10440.070313
2005-11-01,10406.769531
2005-11-02,10472.730469
2005-11-03,10522.589844
2005-11-04,10530.759766
2005-11-07,10586.230469
2005-11-08,10539.719727
2005-11-09,10546.209961
2005-11-10,10640.099609
2005-11-11,10686.040039
2005-11-14,10697.169922
2005-11-15,10686.440430
2005-11-16,10674.759766
2005-11-17,10720.219727
2005-11-18,10766.330078
2005-11-21,10820.280273
2005-11-22,10871.429688
2005-11-23,10916.089844
2005-11-25,10931.620117
2005-11-28,10890.719727
2005-11-29,10888.160156
2005-11-30,10805.870117
2005-12-01,10912.570313
2005-12-02,10877.509766
2005-12-05,10835.009766
2005-12-06,10856.860352
2005-12-07,10810.910156
2005-12-08,10755.120117
2005-12-09,10778.580078
2005-12-12,10767.769531
2005-12-13,10823.719727
2005-12-14,10883.509766
2005-12-15,10881.669922
2005-12-16,10875.589844
2005-12-19,10836.530273
2005-12-20,10805.549805
2005-12-21,10833.730469
2005-12-22,10889.440430
2005-12-23,10883.269531
2005-12-27,10777.769531
2005-12-28,10796.259766
2005-12-29,10784.820313
2005-12-30,10717.500000
2006-01-03,10847.410156
2006-01-04,10880.150391
2006-01-05,10882.150391
2006-01-06,10959.309570
2006-01-09,11011.900391
2006-01-10,11011.580078
2006-01-11,11043.440430
2006-01-12,10962.360352
2006-01-13,10959.870117
2006-01-17,10896.320313
2006-01-18,10854.860352
2006-01-19,10880.709961
2006-01-20,10667.389648
2006-01-23,10688.769531
2006-01-24,10712.219727
2006-01-25,10709.740234
2006-01-26,10809.469727
2006-01-27,10907.209961
2006-01-30,10899.919922
2006-01-31,10864.860352
2006-02-01,10953.950195
2006-02-02,10851.980469
2006-02-03,10793.620117
2006-02-06,10798.269531
2006-02-07,10749.759766
2006-02-08,10858.620117
2006-02-09,10883.349609
2006-02-10,10919.049805
2006-02-13,10892.320313
2006-02-14,11028.389648
2006-02-15,11058.969727
2006-02-16,11120.679688
2006-02-17,11115.320313
2006-02-21,11069.059570
2006-02-22,11137.169922
2006-02-23,11069.219727
2006-02-24,11061.849609
2006-02-27,11097.549805
2006-02-28,10993.410156
2006-03-01,11053.530273
2006-03-02,11025.509766
2006-03-03,11021.589844
2006-03-06,10958.589844
2006-03-07,10980.690430
2006-03-08,11005.740234
2006-03-09,10972.280273
2006-03-10,11076.339844
2006-03-13,11076.019531
2006-03-14,11151.339844
2006-03-15,11209.769531
2006-03-16,11253.240234
2006-03-17,11279.650391
2006-03-20,11274.530273
2006-03-21,11235.469727
2006-03-22,11317.429688
2006-03-23,11270.290039
2006-03-24,11279.969727
2006-03-27,11250.110352
2006-03-28,11154.540039
2006-03-29,11215.700195
2006-03-30,11150.700195
2006-03-31,11109.320313
2006-04-03,11144.940430
2006-04-04,11203.849609
2006-04-05,11239.549805
2006-04-06,11216.500000
2006-04-07,11120.040039
2006-04-10,11141.330078
2006-04-11,11089.629883
2006-04-12,11129.969727
2006-04-13,11137.650391
2006-04-17,11073.780273
2006-04-18,11268.769531
2006-04-19,11278.769531
2006-04-20,11342.889648
2006-04-21,11347.450195
2006-04-24,11336.320313
2006-04-25,11283.250000
2006-04-26,11354.490234
2006-04-27,11382.509766
2006-04-28,11367.139648
2006-05-01,11343.290039
2006-05-02,11416.450195
2006-05-03,11400.280273
2006-05-04,11438.860352
2006-05-05,11577.740234
2006-05-08,11584.540039
2006-05-09,11639.769531
2006-05-10,11642.650391
2006-05-11,11500.730469
2006-05-12,11380.990234
2006-05-15,11428.769531
2006-05-16,11419.889648
2006-05-17,11205.610352
2006-05-18,11128.290039
2006-05-19,11144.059570
2006-05-22,11125.330078
2006-05-23,11098.349609
2006-05-24,11117.320313
2006-05-25,11211.049805
2006-05-26,11278.610352
2006-05-30,11094.429688
2006-05-31,11168.309570
2006-06-01,11260.280273
2006-06-02,11247.870117
2006-06-05,11048.719727
2006-06-06,11002.139648
2006-06-07,10930.900391
2006-06-08,10938.820313
2006-06-09,10891.919922
2006-06-12,10792.580078
2006-06-13,10706.139648
2006-06-14,10816.919922
2006-06-15,11015.190430
2006-06-16,11014.549805
2006-06-19,10942.110352
2006-06-20,10974.839844
2006-06-21,11079.459961
2006-06-22,11019.110352
2006-06-23,10989.089844
2006-06-26,11045.280273
2006-06-27,10924.740234
2006-06-28,10973.559570
2006-06-29,11190.799805
2006-06-30,11150.219727
2006-07-03,11228.019531
2006-07-05,11151.820313
2006-07-06,11225.299805
2006-07-07,11090.669922
2006-07-10,11103.549805
2006-07-11,11134.769531
2006-07-12,11013.179688
2006-07-13,10846.290039
2006-07-14,10739.349609
2006-07-17,10747.360352
2006-07-18,10799.230469
2006-07-19,11011.419922
2006-07-20,10928.099609
2006-07-21,10868.379883
2006-07-24,11051.049805
2006-07-25,11103.709961
2006-07-26,11102.509766
2006-07-27,11100.429688
2006-07-28,11219.700195
2006-07-31,11185.679688
2006-08-01,11125.730469
2006-08-02,11199.929688
2006-08-03,11242.589844
2006-08-04,11240.349609
2006-08-07,11219.379883
2006-08-08,11173.589844
2006-08-09,11076.179688
2006-08-10,11124.370117
2006-08-11,11088.030273
2006-08-14,11097.870117
2006-08-15,11230.259766
2006-08-16,11327.120117
2006-08-17,11334.959961
2006-08-18,11381.469727
2006-08-21,11345.049805
2006-08-22,11339.839844
2006-08-23,11297.900391
2006-08-24,11304.459961
2006-08-25,11284.049805
2006-08-28,11352.009766
2006-08-29,11369.940430
2006-08-30,11382.910156
2006-08-31,11381.150391
2006-09-01,11464.150391
2006-09-05,11469.280273
2006-09-06,11406.200195
2006-09-07,11331.440430
2006-09-08,11392.110352
2006-09-11,11396.839844
2006-09-12,11498.089844
2006-09-13,11543.320313
2006-09-14,11527.389648
2006-09-15,11560.769531
2006-09-18,11555.000000
2006-09-19,11540.910156
2006-09-20,11613.190430
2006-09-21,11533.230469
2006-09-22,11508.099609
2006-09-25,11575.809570
2006-09-26,11669.389648
2006-09-27,11689.240234
2006-09-28,11718.450195
2006-09-29,11679.070313
2006-10-02,11670.349609
2006-10-03,11727.339844
2006-10-04,11850.610352
2006-10-05,11866.690430
2006-10-06,11850.209961
2006-10-09,11857.809570
2006-10-10,11867.169922
2006-10-11,11852.129883
2006-10-12,11947.700195
2006-10-13,11960.509766
2006-10-16,11980.599609
2006-10-17,11950.019531
2006-10-18,11992.679688
2006-10-19,12011.730469
2006-10-20,12002.370117
2006-10-23,12116.910156
2006-10-24,12127.879883
2006-10-25,12134.679688
2006-10-26,12163.660156
2006-10-27,12090.259766
2006-10-30,12086.500000
2006-10-31,12080.730469
2006-11-01,12031.019531
2006-11-02,12018.540039
2006-11-03,11986.040039
2006-11-06,12105.549805
2006-11-07,12156.769531
2006-11-08,12176.540039
2006-11-09,12103.299805
2006-11-10,12108.429688
2006-11-13,12131.879883
2006-11-14,12218.009766
2006-11-15,12251.709961
2006-11-16,12305.820313
2006-11-17,12342.559570
2006-11-20,12316.540039
2006-11-21,12321.589844
2006-11-22,12326.950195
2006-11-24,12280.169922
2006-11-27,12121.709961
2006-11-28,12136.450195
2006-11-29,12226.730469
2006-11-30,12221.929688
2006-12-01,12194.129883
2006-12-04,12283.849609
2006-12-05,12331.599609
2006-12-06,12309.250000
2006-12-07,12278.410156
2006-12-08,12307.490234
2006-12-11,12328.480469
2006-12-12,12315.580078
2006-12-13,12317.500000
2006-12-14,12416.759766
2006-12-15,12445.519531
2006-12-18,12441.269531
2006-12-19,12471.320313
2006-12-20,12463.870117
2006-12-21,12421.250000
2006-12-22,12343.219727
2006-12-26,12407.629883
2006-12-27,12510.570313
2006-12-28,12501.519531
2006-12-29,12463.150391
2007-01-03,12474.519531
2007-01-04,12480.690430
2007-01-05,12398.009766
2007-01-08,12423.490234
2007-01-09,12416.599609
2007-01-10,12442.160156
2007-01-11,12514.980469
2007-01-12,12556.080078
2007-01-16,12582.589844
2007-01-17,12577.150391
2007-01-18,12567.929688
2007-01-19,12565.530273
2007-01-22,12477.160156
2007-01-23,12533.799805
2007-01-24,12621.769531
2007-01-25,12502.559570
2007-01-26,12487.019531
2007-01-29,12490.780273
2007-01-30,12523.309570
2007-01-31,12621.690430
2007-02-01,12673.679688
2007-02-02,12653.490234
2007-02-05,12661.740234
2007-02-06,12666.309570
2007-02-07,12666.870117
2007-02-08,12637.629883
2007-02-09,12580.830078
2007-02-12,12552.549805
2007-02-13,12654.849609
2007-02-14,12741.860352
2007-02-15,12765.009766
2007-02-16,12767.570313
2007-02-20,12786.639648
2007-02-21,12738.410156
2007-02-22,12686.019531
2007-02-23,12647.480469
2007-02-26,12632.259766
2007-02-27,12216.240234
2007-02-28,12268.629883
2007-03-01,12234.339844
2007-03-02,12114.099609
2007-03-05,12050.410156
2007-03-06,12207.589844
2007-03-07,12192.450195
2007-03-08,12260.700195
2007-03-09,12276.320313
2007-03-12,12318.620117
2007-03-13,12075.959961
2007-03-14,12133.400391
2007-03-15,12159.679688
2007-03-16,12110.410156
2007-03-19,12226.169922
2007-03-20,12288.099609
2007-03-21,12447.519531
2007-03-22,12461.139648
2007-03-23,12481.009766
2007-03-26,12469.070313
2007-03-27,12397.290039
2007-03-28,12300.360352
2007-03-29,12348.750000
2007-03-30,12354.349609
2007-04-02,12382.299805
2007-04-03,12510.299805
2007-04-04,12530.049805
2007-04-05,12560.200195
2007-04-09,12569.139648
2007-04-10,12573.849609
2007-04-11,12484.620117
2007-04-12,12552.959961
2007-04-13,12612.129883
2007-04-16,12720.459961
2007-04-17,12773.040039
2007-04-18,12803.839844
2007-04-19,12808.629883
2007-04-20,12961.980469
2007-04-23,12919.400391
2007-04-24,12953.940430
2007-04-25,13089.889648
2007-04-26,13105.500000
2007-04-27,13120.940430
2007-04-30,13062.910156
2007-05-01,13136.139648
2007-05-02,13211.879883
2007-05-03,13241.379883
2007-05-04,13264.620117
2007-05-07,13312.969727
2007-05-08,13309.070313
2007-05-09,13362.870117
2007-05-10,13215.129883
2007-05-11,13326.219727
2007-05-14,13346.780273
2007-05-15,13383.839844
2007-05-16,13487.530273
2007-05-17,13476.719727
2007-05-18,13556.530273
2007-05-21,13542.879883
2007-05-22,13539.950195
2007-05-23,13525.650391
2007-05-24,13441.129883
2007-05-25,13507.280273
2007-05-29,13521.339844
2007-05-30,13633.080078
2007-05-31,13627.639648
2007-06-01,13668.110352
2007-06-04,13676.320313
2007-06-05,13595.459961
2007-06-06,13465.669922
2007-06-07,13266.730469
2007-06-08,13424.389648
2007-06-11,13424.959961
2007-06-12,13295.009766
2007-06-13,13482.349609
2007-06-14,13553.730469
2007-06-15,13639.480469
2007-06-18,13612.980469
2007-06-19,13635.419922
2007-06-20,13489.419922
2007-06-21,13545.839844
2007-06-22,13360.259766
2007-06-25,13352.049805
2007-06-26,13337.660156
2007-06-27,13427.730469
2007-06-28,13422.280273
2007-06-29,13408.620117
2007-07-02,13535.429688
2007-07-03,13577.299805
2007-07-05,13565.839844
2007-07-06,13611.679688
2007-07-09,13649.969727
2007-07-10,13501.700195
2007-07-11,13577.870117
2007-07-12,13861.730469
2007-07-13,13907.250000
2007-07-16,13950.980469
2007-07-17,13971.549805
2007-07-18,13918.219727
2007-07-19,14000.410156
2007-07-20,13851.080078
2007-07-23,13943.419922
2007-07-24,13716.950195
2007-07-25,13785.070313
2007-07-26,13473.570313
2007-07-27,13265.469727
2007-07-30,13358.309570
2007-07-31,13211.990234
2007-08-01,13362.370117
2007-08-02,13463.330078
2007-08-03,13181.910156
2007-08-06,13468.780273
2007-08-07,13504.299805
2007-08-08,13657.860352
2007-08-09,13270.679688
2007-08-10,13239.540039
2007-08-13,13236.530273
2007-08-14,13028.919922
2007-08-15,12861.469727
2007-08-16,12845.780273
2007-08-17,13079.080078
2007-08-20,13121.349609
2007-08-21,13090.860352
2007-08-22,13236.129883
2007-08-23,13235.879883
2007-08-24,13378.870117
2007-08-27,13322.129883
2007-08-28,13041.849609
2007-08-29,13289.290039
2007-08-30,13238.730469
2007-08-31,13357.740234
2007-09-04,13448.860352
2007-09-05,13305.469727
2007-09-06,13363.349609
2007-09-07,13113.379883
2007-09-10,13127.849609
2007-09-11,13308.389648
2007-09-12,13291.650391
2007-09-13,13424.879883
2007-09-14,13442.519531
2007-09-17,13403.419922
2007-09-18,13739.389648
2007-09-19,13815.559570
2007-09-20,13766.700195
2007-09-21,13820.190430
2007-09-24,13759.059570
2007-09-25,13778.650391
2007-09-26,13878.150391
2007-09-27,13912.940430
2007-09-28,13895.629883
2007-10-01,14087.549805
2007-10-02,14047.309570
2007-10-03,13968.049805
2007-10-04,13974.309570
2007-10-05,14066.009766
2007-10-08,14043.730469
2007-10-09,14164.530273
2007-10-10,14078.690430
2007-10-11,14015.120117
2007-10-12,14093.080078
2007-10-15,13984.799805
2007-10-16,13912.940430
2007-10-17,13892.540039
2007-10-18,13888.959961
2007-10-19,13522.019531
2007-10-22,13566.969727
2007-10-23,13676.230469
2007-10-24,13675.250000
2007-10-25,13671.919922
2007-10-26,13806.700195
2007-10-29,13870.259766
2007-10-30,13792.469727
2007-10-31,13930.009766
2007-11-01,13567.870117
2007-11-02,13595.099609
2007-11-05,13543.400391
2007-11-06,13660.940430
2007-11-07,13300.019531
2007-11-08,13266.290039
2007-11-09,13042.740234
2007-11-12,12987.549805
2007-11-13,13307.089844
2007-11-14,13231.009766
2007-11-15,13110.049805
2007-11-16,13176.790039
2007-11-19,12958.440430
2007-11-20,13010.139648
2007-11-21,12799.040039
2007-11-23,12980.879883
2007-11-26,12743.440430
2007-11-27,12958.440430
2007-11-28,13289.450195
2007-11-29,13311.730469
2007-11-30,13371.719727
2007-12-03,13314.570313
2007-12-04,13248.730469
2007-12-05,13444.959961
2007-12-06,13619.889648
2007-12-07,13625.580078
2007-12-10,13727.030273
2007-12-11,13432.769531
2007-12-12,13473.900391
2007-12-13,13517.959961
2007-12-14,13339.849609
2007-12-17,13167.200195
2007-12-18,13232.469727
2007-12-19,13207.269531
2007-12-20,13245.639648
2007-12-21,13450.650391
2007-12-24,13550.040039
2007-12-26,13551.690430
2007-12-27,13359.610352
2007-12-28,13365.870117
2007-12-31,13264.820313
2008-01-02,13043.959961
2008-01-03,13056.719727
2008-01-04,12800.179688
2008-01-07,12827.490234
2008-01-08,12589.070313
2008-01-09,12735.309570
2008-01-10,12853.089844
2008-01-11,12606.299805
2008-01-14,12778.150391
2008-01-15,12501.110352
2008-01-16,12466.160156
2008-01-17,12159.209961
2008-01-18,12099.299805
2008-01-22,11971.190430
2008-01-23,12270.169922
2008-01-24,12378.610352
2008-01-25,12207.169922
2008-01-28,12383.889648
2008-01-29,12480.299805
2008-01-30,12442.830078
2008-01-31,12650.360352
2008-02-01,12743.190430
2008-02-04,12635.160156
2008-02-05,12265.129883
2008-02-06,12200.099609
2008-02-07,12247.000000
2008-02-08,12182.129883
2008-02-11,12240.009766
2008-02-12,12373.410156
2008-02-13,12552.240234
2008-02-14,12376.980469
2008-02-15,12348.209961
2008-02-19,12337.219727
2008-02-20,12427.259766
2008-02-21,12284.299805
2008-02-22,12381.019531
2008-02-25,12570.219727
2008-02-26,12684.919922
2008-02-27,12694.280273
2008-02-28,12582.179688
2008-02-29,12266.389648
2008-03-03,12258.900391
2008-03-04,12213.799805
2008-03-05,12254.990234
2008-03-06,12040.389648
2008-03-07,11893.690430
2008-03-10,11740.150391
2008-03-11,12156.809570
2008-03-12,12110.240234
2008-03-13,12145.740234
2008-03-14,11951.089844
2008-03-17,11972.250000
2008-03-18,12392.660156
2008-03-19,12099.660156
2008-03-20,12361.320313
2008-03-24,12548.639648
2008-03-25,12532.599609
2008-03-26,12422.860352
2008-03-27,12302.459961
2008-03-28,12216.400391
2008-03-31,12262.889648
2008-04-01,12654.360352
2008-04-02,12608.919922
2008-04-03,12626.030273
2008-04-04,12609.419922
2008-04-07,12612.429688
2008-04-08,12576.440430
2008-04-09,12527.259766
2008-04-10,12581.980469
2008-04-11,12325.419922
2008-04-14,12302.059570
2008-04-15,12362.469727
2008-04-16,12619.269531
2008-04-17,12620.490234
2008-04-18,12849.360352
2008-04-21,12825.019531
2008-04-22,12720.230469
2008-04-23,12763.219727
2008-04-24,12848.950195
2008-04-25,12891.860352
2008-04-28,12871.750000
2008-04-29,12831.940430
2008-04-30,12820.129883
2008-05-01,13010.000000
2008-05-02,13058.200195
2008-05-05,12969.540039
2008-05-06,13020.830078
2008-05-07,12814.349609
2008-05-08,12866.780273
2008-05-09,12745.879883
2008-05-12,12876.309570
2008-05-13,12832.179688
2008-05-14,12898.379883
2008-05-15,12992.660156
2008-05-16,12986.799805
2008-05-19,13028.160156
2008-05-20,12828.679688
2008-05-21,12601.190430
2008-05-22,12625.620117
2008-05-23,12479.629883
2008-05-27,12548.349609
2008-05-28,12594.030273
2008-05-29,12646.219727
2008-05-30,12638.320313
2008-06-02,12503.820313
2008-06-03,12402.849609
2008-06-04,12390.480469
2008-06-05,12604.450195
2008-06-06,12209.809570
2008-06-09,12280.320313
2008-06-10,12289.759766
2008-06-11,12083.769531
2008-06-12,12141.580078
2008-06-13,12307.349609
2008-06-16,12269.080078
2008-06-17,12160.299805
2008-06-18,12029.059570
2008-06-19,12063.089844
2008-06-20,11842.690430
2008-06-23,11842.360352
2008-06-24,11807.429688
2008-06-25,11811.830078
2008-06-26,11453.419922
2008-06-27,11346.509766
2008-06-30,11350.009766
2008-07-01,11382.259766
2008-07-02,11215.509766
2008-07-03,11288.540039
2008-07-07,11231.959961
2008-07-08,11384.209961
2008-07-09,11147.440430
2008-07-10,11229.019531
2008-07-11,11100.540039
2008-07-14,11055.190430
2008-07-15,10962.540039
2008-07-16,11239.280273
2008-07-17,11446.660156
2008-07-18,11496.570313
2008-07-21,11467.339844
2008-07-22,11602.500000
2008-07-23,11632.379883
2008-07-24,11349.280273
2008-07-25,11370.690430
2008-07-28,11131.080078
2008-07-29,11397.559570
2008-07-30,11583.690430
2008-07-31,11378.019531
2008-08-01,11326.320313
2008-08-04,11284.150391
2008-08-05,11615.769531
2008-08-06,11656.070313
2008-08-07,11431.429688
2008-08-08,11734.320313
2008-08-11,11782.349609
2008-08-12,11642.469727
2008-08-13,11532.959961
2008-08-14,11615.929688
2008-08-15,11659.900391
2008-08-18,11479.389648
2008-08-19,11348.549805
2008-08-20,11417.429688
2008-08-21,11430.209961
2008-08-22,11628.059570
2008-08-25,11386.250000
2008-08-26,11412.870117
2008-08-27,11502.509766
2008-08-28,11715.179688
2008-08-29,11543.959961
2008-09-02,11516.919922
2008-09-03,11532.879883
2008-09-04,11188.230469
2008-09-05,11220.959961
2008-09-08,11510.740234
2008-09-09,11230.730469
2008-09-10,11268.919922
2008-09-11,11433.709961
2008-09-12,11421.990234
2008-09-15,10917.509766
2008-09-16,11059.019531
2008-09-17,10609.660156
2008-09-18,11019.690430
2008-09-19,11388.440430
2008-09-22,11015.690430
2008-09-23,10854.169922
2008-09-24,10825.169922
2008-09-25,11022.059570
2008-09-26,11143.129883
2008-09-29,10365.450195
2008-09-30,10850.660156
2008-10-01,10831.070313
2008-10-02,10482.849609
2008-10-03,10325.379883
2008-10-06,9955.500000
2008-10-07,9447.110352
2008-10-08,9258.099609
2008-10-09,8579.190430
2008-10-10,8451.190430
2008-10-13,9387.610352
2008-10-14,9310.990234
2008-10-15,8577.910156
2008-10-16,8979.259766
2008-10-17,8852.219727
2008-10-20,9265.429688
2008-10-21,9033.660156
2008-10-22,8519.209961
2008-10-23,8691.250000
2008-10-24,8378.950195
2008-10-27,8175.770020
2008-10-28,9065.120117
2008-10-29,8990.959961
2008-10-30,9180.690430
2008-10-31,9325.009766
2008-11-03,9319.830078
2008-11-04,9625.280273
2008-11-05,9139.269531
2008-11-06,8695.790039
2008-11-07,8943.809570
2008-11-10,8870.540039
2008-11-11,8693.959961
2008-11-12,8282.660156
2008-11-13,8835.250000
2008-11-14,8497.309570
2008-11-17,8273.580078
2008-11-18,8424.750000
2008-11-19,7997.279785
2008-11-20,7552.290039
2008-11-21,8046.419922
2008-11-24,8443.389648
2008-11-25,8479.469727
2008-11-26,8726.610352
2008-11-28,8829.040039
2008-12-01,8149.089844
2008-12-02,8419.089844
2008-12-03,8591.690430
2008-12-04,8376.240234
2008-12-05,8635.419922
2008-12-08,8934.179688
2008-12-09,8691.330078
2008-12-10,8761.419922
2008-12-11,8565.089844
2008-12-12,8629.679688
2008-12-15,8564.530273
2008-12-16,8924.139648
2008-12-17,8824.339844
2008-12-18,8604.990234
2008-12-19,8579.110352
2008-12-22,8519.690430
2008-12-23,8419.490234
2008-12-24,8468.480469
2008-12-26,8515.549805
2008-12-29,8483.929688
2008-12-30,8668.389648
2008-12-31,8776.389648
2009-01-02,9034.690430
2009-01-05,8952.889648
2009-01-06,9015.099609
2009-01-07,8769.700195
2009-01-08,8742.459961
2009-01-09,8599.179688
2009-01-12,8473.969727
2009-01-13,8448.559570
2009-01-14,8200.139648
2009-01-15,8212.490234
2009-01-16,8281.219727
2009-01-20,7949.089844
2009-01-21,8228.099609
2009-01-22,8122.799805
2009-01-23,8077.560059
2009-01-26,8116.029785
2009-01-27,8174.729980
2009-01-28,8375.450195
2009-01-29,8149.009766
2009-01-30,8000.859863
2009-02-02,7936.750000
2009-02-03,8078.359863
2009-02-04,7956.660156
2009-02-05,8063.069824
2009-02-06,8280.589844
2009-02-09,8270.870117
2009-02-10,7888.879883
2009-02-11,7939.529785
2009-02-12,7932.759766
2009-02-13,7850.410156
2009-02-17,7552.600098
2009-02-18,7555.629883
2009-02-19,7465.950195
2009-02-20,7365.669922
2009-02-23,7114.779785
2009-02-24,7350.939941
2009-02-25,7270.890137
2009-02-26,7182.080078
2009-02-27,7062.930176
2009-03-02,6763.290039
2009-03-03,6726.020020
2009-03-04,6875.839844
2009-03-05,6594.439941
2009-03-06,6626.939941
2009-03-09,6547.049805
2009-03-10,6926.490234
2009-03-11,6930.399902
2009-03-12,7170.060059
2009-03-13,7223.979980
2009-03-16,7216.970215
2009-03-17,7395.700195
2009-03-18,7486.580078
2009-03-19,7400.799805
2009-03-20,7278.379883
2009-03-23,7775.859863
2009-03-24,7659.970215
2009-03-25,7749.810059
2009-03-26,7924.560059
2009-03-27,7776.180176
2009-03-30,7522.020020
2009-03-31,7608.919922
2009-04-01,7761.600098
2009-04-02,7978.080078
2009-04-03,8017.589844
2009-04-06,7975.850098
2009-04-07,7789.560059
2009-04-08,7837.109863
2009-04-09,8083.379883
2009-04-13,8057.810059
2009-04-14,7920.180176
2009-04-15,8029.620117
2009-04-16,8125.430176
2009-04-17,8131.330078
2009-04-20,7841.729980
2009-04-21,7969.560059
2009-04-22,7886.569824
2009-04-23,7957.060059
2009-04-24,8076.290039
2009-04-27,8025.000000
2009-04-28,8016.950195
2009-04-29,8185.729980
2009-04-30,8168.120117
2009-05-01,8212.410156
2009-05-04,8426.740234
2009-05-05,8410.650391
2009-05-06,8512.280273
2009-05-07,8409.849609
2009-05-08,8574.650391
2009-05-11,8418.769531
2009-05-12,8469.110352
2009-05-13,8284.889648
2009-05-14,8331.320313
2009-05-15,8268.639648
2009-05-18,8504.080078
2009-05-19,8474.849609
2009-05-20,8422.040039
2009-05-21,8292.129883
2009-05-22,8277.320313
2009-05-26,8473.490234
2009-05-27,8300.019531
2009-05-28,8403.799805
2009-05-29,8500.330078
2009-06-01,8721.440430
2009-06-02,8740.870117
2009-06-03,8675.240234
2009-06-04,8750.240234
2009-06-05,8763.129883
2009-06-08,8764.490234
2009-06-09,8763.059570
2009-06-10,8739.019531
2009-06-11,8770.919922
2009-06-12,8799.259766
2009-06-15,8612.129883
2009-06-16,8504.669922
2009-06-17,8497.179688
2009-06-18,8555.599609
2009-06-19,8539.730469
2009-06-22,8339.009766
2009-06-23,8322.910156
2009-06-24,8299.860352
2009-06-25,8472.400391
2009-06-26,8438.389648
2009-06-29,8529.379883
2009-06-30,8447.000000
2009-07-01,8504.059570
2009-07-02,8280.740234
2009-07-06,8324.870117
2009-07-07,8163.600098
2009-07-08,8178.410156
2009-07-09,8183.169922
2009-07-10,8146.520020
2009-07-13,8331.679688
2009-07-14,8359.490234
2009-07-15,8616.209961
2009-07-16,8711.820313
2009-07-17,8743.940430
2009-07-20,8848.150391
2009-07-21,8915.940430
2009-07-22,8881.259766
2009-07-23,9069.290039
2009-07-24,9093.240234
2009-07-27,9108.509766
2009-07-28,9096.719727
2009-07-29,9070.719727
2009-07-30,9154.459961
2009-07-31,9171.610352
2009-08-03,9286.559570
2009-08-04,9320.190430
2009-08-05,9280.969727
2009-08-06,9256.259766
2009-08-07,9370.070313
2009-08-10,9337.950195
2009-08-11,9241.450195
2009-08-12,9361.610352
2009-08-13,9398.190430
2009-08-14,9321.400391
2009-08-17,9135.339844
2009-08-18,9217.940430
2009-08-19,9279.160156
2009-08-20,9350.049805
2009-08-21,9505.959961
2009-08-24,9509.280273
2009-08-25,9539.290039
2009-08-26,9543.519531
2009-08-27,9580.629883
2009-08-28,9544.200195
2009-08-31,9496.280273
2009-09-01,9310.599609
2009-09-02,9280.669922
2009-09-03,9344.610352
2009-09-04,9441.269531
2009-09-08,9497.339844
2009-09-09,9547.219727
2009-09-10,9627.480469
2009-09-11,9605.410156
2009-09-14,9626.799805
2009-09-15,9683.410156
2009-09-16,9791.709961
2009-09-17,9783.919922
2009-09-18,9820.200195
2009-09-21,9778.860352
2009-09-22,9829.870117
2009-09-23,9748.549805
2009-09-24,9707.440430
2009-09-25,9665.190430
2009-09-28,9789.360352
2009-09-29,9742.200195
2009-09-30,9712.280273
2009-10-01,9509.280273
2009-10-02,9487.669922
2009-10-05,9599.750000
2009-10-06,9731.250000
2009-10-07,9725.580078
2009-10-08,9786.870117
2009-10-09,9864.940430
2009-10-12,9885.799805
2009-10-13,9871.059570
2009-10-14,10015.860352
2009-10-15,10062.940430
2009-10-16,9995.910156
2009-10-19,10092.190430
2009-10-20,10041.480469
2009-10-21,9949.360352
2009-10-22,10081.309570
2009-10-23,9972.179688
2009-10-26,9867.959961
2009-10-27,9882.169922
2009-10-28,9762.690430
2009-10-29,9962.580078
2009-10-30,9712.730469
2009-11-02,9789.440430
2009-11-03,9771.910156
2009-11-04,9802.139648
2009-11-05,10005.959961
2009-11-06,10023.419922
2009-11-09,10226.940430
2009-11-10,10246.969727
2009-11-11,10291.259766
2009-11-12,10197.469727
2009-11-13,10270.469727
2009-11-16,10406.959961
2009-11-17,10437.419922
2009-11-18,10426.309570
2009-11-19,10332.440430
2009-11-20,10318.160156
2009-11-23,10450.950195
2009-11-24,10433.709961
2009-11-25,10464.400391
2009-11-27,10309.919922
2009-11-30,10344.839844
2009-12-01,10471.580078
2009-12-02,10452.679688
2009-12-03,10366.150391
2009-12-04,10388.900391
2009-12-07,10390.110352
2009-12-08,10285.969727
2009-12-09,10337.049805
2009-12-10,10405.830078
2009-12-11,10471.500000
2009-12-14,10501.049805
2009-12-15,10452.000000
2009-12-16,10441.120117
2009-12-17,10308.259766
2009-12-18,10328.889648
2009-12-21,10414.139648
2009-12-22,10464.929688
2009-12-23,10466.440430
2009-12-24,10520.089844
2009-12-28,10547.080078
2009-12-29,10545.410156
2009-12-30,10548.509766
2009-12-31,10428.049805
2010-01-04,10583.959961
2010-01-05,10572.019531
2010-01-06,10573.679688
2010-01-07,10606.860352
2010-01-08,10618.190430
2010-01-11,10663.990234
2010-01-12,10627.259766
2010-01-13,10680.769531
2010-01-14,10710.549805
2010-01-15,10609.650391
2010-01-19,10725.429688
2010-01-20,10603.150391
2010-01-21,10389.879883
2010-01-22,10172.980469
2010-01-25,10196.860352
2010-01-26,10194.290039
2010-01-27,10236.160156
2010-01-28,10120.459961
2010-01-29,10067.330078
2010-02-01,10185.530273
2010-02-02,10296.849609
2010-02-03,10270.549805
2010-02-04,10002.179688
2010-02-05,10012.230469
2010-02-08,9908.389648
2010-02-09,10058.639648
2010-02-10,10038.379883
2010-02-11,10144.190430
2010-02-12,10099.139648
2010-02-16,10268.809570
2010-02-17,10309.240234
2010-02-18,10392.900391
2010-02-19,10402.349609
2010-02-22,10383.379883
2010-02-23,10282.410156
2010-02-24,10374.160156
2010-02-25,10321.030273
2010-02-26,10325.259766
2010-03-01,10403.790039
2010-03-02,10405.980469
2010-03-03,10396.759766
2010-03-04,10444.139648
2010-03-05,10566.200195
2010-03-08,10552.519531
2010-03-09,10564.379883
2010-03-10,10567.330078
2010-03-11,10611.839844
2010-03-12,10624.690430
2010-03-15,10642.150391
2010-03-16,10685.980469
2010-03-17,10733.669922
2010-03-18,10779.169922
2010-03-19,10741.980469
2010-03-22,10785.889648
2010-03-23,10888.830078
2010-03-24,10836.150391
2010-03-25,10841.209961
2010-03-26,10850.360352
2010-03-29,10895.860352
2010-03-30,10907.419922
2010-03-31,10856.629883
2010-04-01,10927.070313
2010-04-05,10973.549805
2010-04-06,10969.990234
2010-04-07,10897.519531
2010-04-08,10927.070313
2010-04-09,10997.349609
2010-04-12,11005.969727
2010-04-13,11019.419922
2010-04-14,11123.110352
2010-04-15,11144.570313
2010-04-16,11018.660156
2010-04-19,11092.049805
2010-04-20,11117.059570
2010-04-21,11124.919922
2010-04-22,11134.290039
2010-04-23,11204.280273
2010-04-26,11205.030273
2010-04-27,10991.990234
2010-04-28,11045.269531
2010-04-29,11167.320313
2010-04-30,11008.610352
2010-05-03,11151.830078
2010-05-04,10926.769531
2010-05-05,10866.830078
2010-05-06,10520.320313
2010-05-07,10380.429688
2010-05-10,10785.139648
2010-05-11,10748.259766
2010-05-12,10896.910156
2010-05-13,10782.950195
2010-05-14,10620.160156
2010-05-17,10625.830078
2010-05-18,10510.950195
2010-05-19,10444.370117
2010-05-20,10068.009766
2010-05-21,10193.389648
2010-05-24,10066.570313
2010-05-25,10043.750000
2010-05-26,9974.450195
2010-05-27,10258.990234
2010-05-28,10136.629883
2010-06-01,10024.019531
2010-06-02,10249.540039
2010-06-03,10255.280273
2010-06-04,9931.969727
2010-06-07,9816.490234
2010-06-08,9939.980469
2010-06-09,9899.250000
2010-06-10,10172.530273
2010-06-11,10211.070313
2010-06-14,10190.889648
2010-06-15,10404.769531
2010-06-16,10409.459961
2010-06-17,10434.169922
2010-06-18,10450.639648
2010-06-21,10442.410156
2010-06-22,10293.519531
2010-06-23,10298.440430
2010-06-24,10152.799805
2010-06-25,10143.809570
2010-06-28,10138.519531
2010-06-29,9870.299805
2010-06-30,9774.019531
2010-07-01,9732.530273
2010-07-02,9686.480469
2010-07-06,9743.620117
2010-07-07,10018.280273
2010-07-08,10138.990234
2010-07-09,10198.030273
2010-07-12,10216.269531
2010-07-13,10363.019531
2010-07-14,10366.719727
2010-07-15,10359.309570
2010-07-16,10097.900391
2010-07-19,10154.429688
2010-07-20,10229.959961
2010-07-21,10120.530273
2010-07-22,10322.299805
2010-07-23,10424.620117
2010-07-26,10525.429688
2010-07-27,10537.690430
2010-07-28,10497.879883
2010-07-29,10467.160156
2010-07-30,10465.940430
2010-08-02,10674.379883
2010-08-03,10636.379883
2010-08-04,10680.429688
2010-08-05,10674.980469
2010-08-06,10653.559570
2010-08-09,10698.750000
2010-08-10,10644.250000
2010-08-11,10378.830078
2010-08-12,10319.950195
2010-08-13,10303.150391
2010-08-16,10302.009766
2010-08-17,10405.849609
2010-08-18,10415.540039
2010-08-19,10271.209961
2010-08-20,10213.620117
2010-08-23,10174.410156
2010-08-24,10040.450195
2010-08-25,10060.059570
2010-08-26,9985.809570
2010-08-27,10150.650391
2010-08-30,10009.730469
2010-08-31,10014.719727
2010-09-01,10269.469727
2010-09-02,10320.099609
2010-09-03,10447.929688
2010-09-07,10340.690430
2010-09-08,10387.009766
2010-09-09,10415.240234
2010-09-10,10462.769531
2010-09-13,10544.129883
2010-09-14,10526.490234
2010-09-15,10572.730469
2010-09-16,10594.830078
2010-09-17,10607.849609
2010-09-20,10753.620117
2010-09-21,10761.030273
2010-09-22,10739.309570
2010-09-23,10662.419922
2010-09-24,10860.259766
2010-09-27,10812.040039
2010-09-28,10858.139648
2010-09-29,10835.280273
2010-09-30,10788.049805
2010-10-01,10829.679688
2010-10-04,10751.269531
2010-10-05,10944.719727
2010-10-06,10967.650391
2010-10-07,10948.580078
2010-10-08,11006.480469
2010-10-11,11010.339844
2010-10-12,11020.400391
2010-10-13,11096.080078
2010-10-14,11094.570313
2010-10-15,11062.780273
2010-10-18,11143.690430
2010-10-19,10978.620117
2010-10-20,11107.969727
2010-10-21,11146.570313
2010-10-22,11132.559570
2010-10-25,11164.049805
2010-10-26,11169.459961
2010-10-27,11126.280273
2010-10-28,11113.950195
2010-10-29,11118.490234
2010-11-01,11124.620117
2010-11-02,11188.719727
2010-11-03,11215.129883
2010-11-04,11434.839844
2010-11-05,11444.080078
2010-11-08,11406.839844
2010-11-09,11346.750000
2010-11-10,11357.040039
2010-11-11,11283.099609
2010-11-12,11192.580078
2010-11-15,11201.969727
2010-11-16,11023.500000
2010-11-17,11007.879883
2010-11-18,11181.230469
2010-11-19,11203.549805
2010-11-22,11178.580078
2010-11-23,11036.370117
2010-11-24,11187.280273
2010-11-26,11091.870117
2010-11-29,11052.490234
2010-11-30,11006.019531
2010-12-01,11255.780273
2010-12-02,11362.410156
2010-12-03,11382.089844
2010-12-06,11362.190430
2010-12-07,11359.160156
2010-12-08,11372.480469
2010-12-09,11370.059570
2010-12-10,11410.320313
2010-12-13,11428.559570
2010-12-14,11476.540039
2010-12-15,11457.469727
2010-12-16,11499.250000
2010-12-17,11491.910156
2010-12-20,11478.129883
2010-12-21,11533.160156
2010-12-22,11559.490234
2010-12-23,11573.490234
2010-12-27,11555.030273
2010-12-28,11575.540039
2010-12-29,11585.379883
2010-12-30,11569.709961
2010-12-31,11577.509766
2011-01-03,11670.750000
2011-01-04,11691.179688
2011-01-05,11722.889648
2011-01-06,11697.309570
2011-01-07,11674.759766
2011-01-10,11637.450195
2011-01-11,11671.879883
2011-01-12,11755.440430
2011-01-13,11731.900391
2011-01-14,11787.379883
2011-01-18,11837.929688
2011-01-19,11825.290039
2011-01-20,11822.799805
2011-01-21,11871.839844
2011-01-24,11980.519531
2011-01-25,11977.190430
2011-01-26,11985.440430
2011-01-27,11989.830078
2011-01-28,11823.700195
2011-01-31,11891.929688
2011-02-01,12040.160156
2011-02-02,12041.969727
2011-02-03,12062.259766
2011-02-04,12092.150391
2011-02-07,12161.629883
2011-02-08,12233.150391
2011-02-09,12239.889648
2011-02-10,12229.290039
2011-02-11,12273.259766
2011-02-14,12268.190430
2011-02-15,12226.639648
2011-02-16,12288.169922
2011-02-17,12318.139648
2011-02-18,12391.250000
2011-02-22,12212.790039
2011-02-23,12105.780273
2011-02-24,12068.500000
2011-02-25,12130.450195
2011-02-28,12226.339844
2011-03-01,12058.019531
2011-03-02,12066.799805
2011-03-03,12258.200195
2011-03-04,12169.879883
2011-03-07,12090.030273
2011-03-08,12214.379883
2011-03-09,12213.089844
2011-03-10,11984.610352
2011-03-11,12044.400391
2011-03-14,11993.160156
2011-03-15,11855.419922
2011-03-16,11613.299805
2011-03-17,11774.589844
2011-03-18,11858.519531
2011-03-21,12036.530273
2011-03-22,12018.629883
2011-03-23,12086.019531
2011-03-24,12170.559570
2011-03-25,12220.589844
2011-03-28,12197.879883
2011-03-29,12279.009766
2011-03-30,12350.610352
2011-03-31,12319.730469
2011-04-01,12376.719727
2011-04-04,12400.030273
2011-04-05,12393.900391
2011-04-06,12426.750000
2011-04-07,12409.490234
2011-04-08,12380.049805
2011-04-11,12381.110352
2011-04-12,12263.580078
2011-04-13,12270.990234
2011-04-14,12285.150391
2011-04-15,12341.830078
2011-04-18,12201.589844
2011-04-19,12266.750000
2011-04-20,12453.540039
2011-04-21,12505.990234
2011-04-25,12479.879883
2011-04-26,12595.370117
2011-04-27,12690.959961
2011-04-28,12763.309570
2011-04-29,12810.540039
2011-05-02,12807.360352
2011-05-03,12807.509766
2011-05-04,12723.580078
2011-05-05,12584.169922
2011-05-06,12638.740234
2011-05-09,12684.679688
2011-05-10,12760.360352
2011-05-11,12630.030273
2011-05-12,12695.919922
2011-05-13,12595.750000
2011-05-16,12548.370117
2011-05-17,12479.580078
2011-05-18,12560.179688
2011-05-19,12605.320313
2011-05-20,12512.040039
2011-05-23,12381.259766
2011-05-24,12356.209961
2011-05-25,12394.660156
2011-05-26,12402.759766
2011-05-27,12441.580078
2011-05-31,12569.790039
2011-06-01,12290.139648
2011-06-02,12248.549805
2011-06-03,12151.259766
2011-06-06,12089.959961
2011-06-07,12070.809570
2011-06-08,12048.940430
2011-06-09,12124.360352
2011-06-10,11951.910156
2011-06-13,11952.969727
2011-06-14,12076.110352
2011-06-15,11897.269531
2011-06-16,11961.519531
2011-06-17,12004.360352
2011-06-20,12080.379883
2011-06-21,12190.009766
2011-06-22,12109.669922
2011-06-23,12050.000000
2011-06-24,11934.580078
2011-06-27,12043.559570
2011-06-28,12188.690430
2011-06-29,12261.419922
2011-06-30,12414.339844
2011-07-01,12582.769531
2011-07-05,12569.870117
2011-07-06,12626.019531
2011-07-07,12719.490234
2011-07-08,12657.200195
2011-07-11,12505.759766
2011-07-12,12446.879883
2011-07-13,12491.610352
2011-07-14,12437.120117
2011-07-15,12479.730469
2011-07-18,12385.160156
2011-07-19,12587.419922
2011-07-20,12571.910156
2011-07-21,12724.410156
2011-07-22,12681.160156
2011-07-25,12592.799805
2011-07-26,12501.299805
2011-07-27,12302.549805
2011-07-28,12240.110352
2011-07-29,12143.240234
2011-08-01,12132.490234
2011-08-02,11866.620117
2011-08-03,11896.440430
2011-08-04,11383.679688
2011-08-05,11444.610352
2011-08-08,10809.849609
2011-08-09,11239.769531
2011-08-10,10719.940430
2011-08-11,11143.309570
2011-08-12,11269.019531
2011-08-15,11482.900391
2011-08-16,11405.929688
2011-08-17,11410.209961
2011-08-18,10990.580078
2011-08-19,10817.650391
2011-08-22,10854.650391
2011-08-23,11176.759766
2011-08-24,11320.709961
2011-08-25,11149.820313
2011-08-26,11284.540039
2011-08-29,11539.250000
2011-08-30,11559.950195
2011-08-31,11613.530273
2011-09-01,11493.570313
2011-09-02,11240.259766
2011-09-06,11139.299805
2011-09-07,11414.860352
2011-09-08,11295.809570
2011-09-09,10992.129883
2011-09-12,11061.120117
2011-09-13,11105.849609
2011-09-14,11246.730469
2011-09-15,11433.179688
2011-09-16,11509.089844
2011-09-19,11401.009766
2011-09-20,11408.660156
2011-09-21,11124.839844
2011-09-22,10733.830078
2011-09-23,10771.480469
2011-09-26,11043.860352
2011-09-27,11190.690430
2011-09-28,11010.900391
2011-09-29,11153.980469
2011-09-30,10913.379883
2011-10-03,10655.299805
2011-10-04,10808.709961
2011-10-05,10939.950195
2011-10-06,11123.330078
2011-10-07,11103.120117
2011-10-10,11433.179688
2011-10-11,11416.299805
2011-10-12,11518.849609
2011-10-13,11478.129883
2011-10-14,11644.490234
2011-10-17,11397.000000
2011-10-18,11577.049805
2011-10-19,11504.620117
2011-10-20,11541.780273
2011-10-21,11808.790039
2011-10-24,11913.620117
2011-10-25,11706.620117
2011-10-26,11869.040039
2011-10-27,12208.549805
2011-10-28,12231.110352
2011-10-31,11955.009766
2011-11-01,11657.959961
2011-11-02,11836.040039
2011-11-03,12044.469727
2011-11-04,11983.240234
2011-11-07,12068.389648
2011-11-08,12170.179688
2011-11-09,11780.940430
2011-11-10,11893.860352
2011-11-11,12153.679688
2011-11-14,12078.980469
2011-11-15,12096.160156
2011-11-16,11905.589844
2011-11-17,11770.730469
2011-11-18,11796.160156
2011-11-21,11547.309570
2011-11-22,11493.719727
2011-11-23,11257.549805
2011-11-25,11231.650391
2011-11-28,11523.009766
2011-11-29,11555.629883
2011-11-30,12045.679688
2011-12-01,12020.030273
2011-12-02,12019.419922
2011-12-05,12097.830078
2011-12-06,12150.129883
2011-12-07,12196.370117
2011-12-08,11997.700195
2011-12-09,12184.259766
2011-12-12,12021.389648
2011-12-13,11954.940430
2011-12-14,11823.480469
2011-12-15,11868.809570
2011-12-16,11866.389648
2011-12-19,11766.259766
2011-12-20,12103.580078
2011-12-21,12107.740234
2011-12-22,12169.650391
2011-12-23,12294.000000
2011-12-27,12291.349609
2011-12-28,12151.410156
2011-12-29,12287.040039
2011-12-30,12217.559570
2012-01-03,12397.379883
2012-01-04,12418.419922
2012-01-05,12415.700195
2012-01-06,12359.919922
2012-01-09,12392.690430
2012-01-10,12462.469727
2012-01-11,12449.450195
2012-01-12,12471.019531
2012-01-13,12422.059570
2012-01-17,12482.070313
2012-01-18,12578.950195
2012-01-19,12623.980469
2012-01-20,12720.480469
2012-01-23,12708.820313
2012-01-24,12675.750000
2012-01-25,12758.849609
2012-01-26,12734.629883
2012-01-27,12660.459961
2012-01-30,12653.719727
2012-01-31,12632.910156
2012-02-01,12716.459961
2012-02-02,12705.410156
2012-02-03,12862.230469
2012-02-06,12845.129883
2012-02-07,12878.200195
2012-02-08,12883.950195
2012-02-09,12890.459961
2012-02-10,12801.230469
2012-02-13,12874.040039
2012-02-14,12878.280273
2012-02-15,12780.950195
2012-02-16,12904.080078
2012-02-17,12949.870117
2012-02-21,12965.690430
2012-02-22,12938.669922
2012-02-23,12984.690430
2012-02-24,12982.950195
2012-02-27,12981.509766
2012-02-28,13005.120117
2012-02-29,12952.070313
2012-03-01,12980.299805
2012-03-02,12977.570313
2012-03-05,12962.809570
2012-03-06,12759.150391
2012-03-07,12837.330078
2012-03-08,12907.940430
2012-03-09,12922.019531
2012-03-12,12959.709961
2012-03-13,13177.679688
2012-03-14,13194.099609
2012-03-15,13252.759766
2012-03-16,13232.620117
2012-03-19,13239.129883
2012-03-20,13170.190430
2012-03-21,13124.620117
2012-03-22,13046.139648
2012-03-23,13080.730469
2012-03-26,13241.629883
2012-03-27,13197.730469
2012-03-28,13126.209961
2012-03-29,13145.820313
2012-03-30,13212.040039
2012-04-02,13264.490234
2012-04-03,13199.549805
2012-04-04,13074.750000
2012-04-05,13060.139648
2012-04-09,12929.589844
2012-04-10,12715.929688
2012-04-11,12805.389648
2012-04-12,12986.580078
2012-04-13,12849.589844
2012-04-16,12921.410156
2012-04-17,13115.540039
2012-04-18,13032.750000
2012-04-19,12964.099609
2012-04-20,13029.259766
2012-04-23,12927.169922
2012-04-24,13001.559570
2012-04-25,13090.719727
2012-04-26,13204.620117
2012-04-27,13228.309570
2012-04-30,13213.629883
2012-05-01,13279.320313
2012-05-02,13268.570313
2012-05-03,13206.589844
2012-05-04,13038.269531
2012-05-07,13008.530273
2012-05-08,12932.089844
2012-05-09,12835.059570
2012-05-10,12855.040039
2012-05-11,12820.599609
2012-05-14,12695.349609
2012-05-15,12632.000000
2012-05-16,12598.549805
2012-05-17,12442.490234
2012-05-18,12369.379883
2012-05-21,12504.480469
2012-05-22,12502.809570
2012-05-23,12496.150391
2012-05-24,12529.750000
2012-05-25,12454.830078
2012-05-29,12580.690430
2012-05-30,12419.860352
2012-05-31,12393.450195
2012-06-01,12118.570313
2012-06-04,12101.459961
2012-06-05,12127.950195
2012-06-06,12414.790039
2012-06-07,12460.959961
2012-06-08,12554.200195
2012-06-11,12411.230469
2012-06-12,12573.799805
2012-06-13,12496.379883
2012-06-14,12651.910156
2012-06-15,12767.169922
2012-06-18,12741.820313
2012-06-19,12837.330078
2012-06-20,12824.389648
2012-06-21,12573.570313
2012-06-22,12640.780273
2012-06-25,12502.660156
2012-06-26,12534.669922
2012-06-27,12627.009766
2012-06-28,12602.259766
2012-06-29,12880.089844
2012-07-02,12871.389648
2012-07-03,12943.660156
2012-07-05,12896.669922
2012-07-06,12772.469727
2012-07-09,12736.290039
2012-07-10,12653.120117
2012-07-11,12604.530273
2012-07-12,12573.269531
2012-07-13,12777.089844
2012-07-16,12727.209961
2012-07-17,12805.540039
2012-07-18,12908.700195
2012-07-19,12943.360352
2012-07-20,12822.570313
2012-07-23,12721.459961
2012-07-24,12617.320313
2012-07-25,12676.049805
2012-07-26,12887.929688
2012-07-27,13075.660156
2012-07-30,13073.009766
2012-07-31,13008.679688
2012-08-01,12976.129883
2012-08-02,12878.879883
2012-08-03,13096.169922
2012-08-06,13117.509766
2012-08-07,13168.599609
2012-08-08,13175.639648
2012-08-09,13165.190430
2012-08-10,13207.950195
2012-08-13,13169.429688
2012-08-14,13172.139648
2012-08-15,13164.780273
2012-08-16,13250.110352
2012-08-17,13275.200195
2012-08-20,13271.639648
2012-08-21,13203.580078
2012-08-22,13172.759766
2012-08-23,13057.459961
2012-08-24,13157.969727
2012-08-27,13124.669922
2012-08-28,13102.990234
2012-08-29,13107.480469
2012-08-30,13000.709961
2012-08-31,13090.839844
2012-09-04,13035.940430
2012-09-05,13047.480469
2012-09-06,13292.000000
2012-09-07,13306.639648
2012-09-10,13254.290039
2012-09-11,13323.360352
2012-09-12,13333.349609
2012-09-13,13539.860352
2012-09-14,13593.370117
2012-09-17,13553.099609
2012-09-18,13564.639648
2012-09-19,13577.959961
2012-09-20,13596.929688
2012-09-21,13579.469727
2012-09-24,13558.919922
2012-09-25,13457.549805
2012-09-26,13413.509766
2012-09-27,13485.969727
2012-09-28,13437.129883
2012-10-01,13515.110352
2012-10-02,13482.360352
2012-10-03,13494.610352
2012-10-04,13575.360352
2012-10-05,13610.150391
2012-10-08,13583.650391
2012-10-09,13473.530273
2012-10-10,13344.969727
2012-10-11,13326.389648
2012-10-12,13328.849609
2012-10-15,13424.230469
2012-10-16,13551.780273
2012-10-17,13557.000000
2012-10-18,13548.940430
2012-10-19,13343.509766
2012-10-22,13345.889648
2012-10-23,13102.530273
2012-10-24,13077.339844
2012-10-25,13103.679688
2012-10-26,13107.209961
2012-10-31,13096.459961
2012-11-01,13232.620117
2012-11-02,13093.160156
2012-11-05,13112.440430
2012-11-06,13245.679688
2012-11-07,12932.730469
2012-11-08,12811.320313
2012-11-09,12815.389648
2012-11-12,12815.080078
2012-11-13,12756.179688
2012-11-14,12570.950195
2012-11-15,12542.379883
2012-11-16,12588.309570
2012-11-19,12795.959961
2012-11-20,12788.509766
2012-11-21,12836.889648
2012-11-23,13009.530273
2012-11-26,12967.370117
2012-11-27,12878.129883
2012-11-28,12985.110352
2012-11-29,13021.820313
2012-11-30,13025.580078
2012-12-03,12965.599609
2012-12-04,12951.780273
2012-12-05,13034.490234
2012-12-06,13074.040039
2012-12-07,13155.129883
2012-12-10,13169.879883
2012-12-11,13248.440430
2012-12-12,13245.450195
2012-12-13,13170.719727
2012-12-14,13135.009766
2012-12-17,13235.389648
2012-12-18,13350.959961
2012-12-19,13251.969727
2012-12-20,13311.719727
2012-12-21,13190.839844
2012-12-24,13138.929688
2012-12-26,13114.589844
2012-12-27,13096.309570
2012-12-28,12938.110352
2012-12-31,13104.139648
2013-01-02,13412.549805
2013-01-03,13391.360352
2013-01-04,13435.209961
2013-01-07,13384.290039
2013-01-08,13328.849609
2013-01-09,13390.509766
2013-01-10,13471.219727
2013-01-11,13488.429688
2013-01-14,13507.320313
2013-01-15,13534.889648
2013-01-16,13511.230469
2013-01-17,13596.019531
2013-01-18,13649.700195
2013-01-22,13712.209961
2013-01-23,13779.330078
2013-01-24,13825.330078
2013-01-25,13895.980469
2013-01-28,13881.929688
2013-01-29,13954.419922
2013-01-30,13910.419922
2013-01-31,13860.580078
2013-02-01,14009.790039
2013-02-04,13880.080078
2013-02-05,13979.299805
2013-02-06,13986.519531
2013-02-07,13944.049805
2013-02-08,13992.969727
2013-02-11,13971.240234
2013-02-12,14018.700195
2013-02-13,13982.910156
2013-02-14,13973.389648
2013-02-15,13981.759766
2013-02-19,14035.669922
2013-02-20,13927.540039
2013-02-21,13880.620117
2013-02-22,14000.570313
2013-02-25,13784.169922
2013-02-26,13900.129883
2013-02-27,14075.370117
2013-02-28,14054.490234
2013-03-01,14089.660156
2013-03-04,14127.820313
2013-03-05,14253.769531
2013-03-06,14296.240234
2013-03-07,14329.490234
2013-03-08,14397.070313
2013-03-11,14447.290039
2013-03-12,14450.059570
2013-03-13,14455.280273
2013-03-14,14539.139648
2013-03-15,14514.110352
2013-03-18,14452.059570
2013-03-19,14455.820313
2013-03-20,14511.730469
2013-03-21,14421.490234
2013-03-22,14512.030273
2013-03-25,14447.750000
2013-03-26,14559.650391
2013-03-27,14526.160156
2013-03-28,14578.540039
2013-04-01,14572.849609
2013-04-02,14662.009766
2013-04-03,14550.349609
2013-04-04,14606.110352
2013-04-05,14565.250000
2013-04-08,14613.480469
2013-04-09,14673.459961
2013-04-10,14802.240234
2013-04-11,14865.139648
2013-04-12,14865.059570
2013-04-15,14599.200195
2013-04-16,14756.780273
2013-04-17,14618.589844
2013-04-18,14537.139648
2013-04-19,14547.509766
2013-04-22,14567.169922
2013-04-23,14719.459961
2013-04-24,14676.299805
2013-04-25,14700.799805
2013-04-26,14712.549805
2013-04-29,14818.750000
2013-04-30,14839.799805
2013-05-01,14700.950195
2013-05-02,14831.580078
2013-05-03,14973.959961
2013-05-06,14968.889648
2013-05-07,15056.200195
2013-05-08,15105.120117
2013-05-09,15082.620117
2013-05-10,15118.490234
2013-05-13,15091.679688
2013-05-14,15215.250000
2013-05-15,15275.690430
2013-05-16,15233.219727
2013-05-17,15354.400391
2013-05-20,15335.280273
2013-05-21,15387.580078
2013-05-22,15307.169922
2013-05-23,15294.500000
2013-05-24,15303.099609
2013-05-28,15409.389648
2013-05-29,15302.799805
2013-05-30,15324.530273
2013-05-31,15115.570313
2013-06-03,15254.030273
2013-06-04,15177.540039
2013-06-05,14960.589844
2013-06-06,15040.620117
2013-06-07,15248.120117
2013-06-10,15238.589844
2013-06-11,15122.019531
2013-06-12,14995.230469
2013-06-13,15176.080078
2013-06-14,15070.179688
2013-06-17,15179.849609
2013-06-18,15318.230469
2013-06-19,15112.190430
2013-06-20,14758.320313
2013-06-21,14799.400391
2013-06-24,14659.559570
2013-06-25,14760.309570
2013-06-26,14910.139648
2013-06-27,15024.490234
2013-06-28,14909.599609
2013-07-01,14974.959961
2013-07-02,14932.410156
2013-07-03,14988.370117
2013-07-05,15135.839844
2013-07-08,15224.690430
2013-07-09,15300.339844
2013-07-10,15291.660156
2013-07-11,15460.919922
2013-07-12,15464.299805
2013-07-15,15484.259766
2013-07-16,15451.849609
2013-07-17,15470.519531
2013-07-18,15548.540039
2013-07-19,15543.740234
2013-07-22,15545.549805
2013-07-23,15567.740234
2013-07-24,15542.240234
2013-07-25,15555.610352
2013-07-26,15558.830078
2013-07-29,15521.969727
2013-07-30,15520.589844
2013-07-31,15499.540039
2013-08-01,15628.019531
2013-08-02,15658.360352
2013-08-05,15612.129883
2013-08-06,15518.740234
2013-08-07,15470.669922
2013-08-08,15498.320313
2013-08-09,15425.509766
2013-08-12,15419.679688
2013-08-13,15451.009766
2013-08-14,15337.660156
2013-08-15,15112.190430
2013-08-16,15081.469727
2013-08-19,15010.740234
2013-08-20,15002.990234
2013-08-21,14897.549805
2013-08-22,14963.740234
2013-08-23,15010.509766
2013-08-26,14946.459961
2013-08-27,14776.129883
2013-08-28,14824.509766
2013-08-29,14840.950195
2013-08-30,14810.309570
2013-09-03,14833.959961
2013-09-04,14930.870117
2013-09-05,14937.480469
2013-09-06,14922.500000
2013-09-09,15063.120117
2013-09-10,15191.059570
2013-09-11,15326.599609
2013-09-12,15300.639648
2013-09-13,15376.059570
2013-09-16,15494.780273
2013-09-17,15529.730469
2013-09-18,15676.940430
2013-09-19,15636.549805
2013-09-20,15451.089844
2013-09-23,15401.379883
2013-09-24,15334.589844
2013-09-25,15273.259766
2013-09-26,15328.299805
2013-09-27,15258.240234
2013-09-30,15129.669922
2013-10-01,15191.700195
2013-10-02,15133.139648
2013-10-03,14996.480469
2013-10-04,15072.580078
2013-10-07,14936.240234
2013-10-08,14776.530273
2013-10-09,14802.980469
2013-10-10,15126.070313
2013-10-11,15237.110352
2013-10-14,15301.259766
2013-10-15,15168.009766
2013-10-16,15373.830078
2013-10-17,15371.650391
2013-10-18,15399.650391
2013-10-21,15392.200195
2013-10-22,15467.660156
2013-10-23,15413.330078
2013-10-24,15509.209961
2013-10-25,15570.280273
2013-10-28,15568.929688
2013-10-29,15680.349609
2013-10-30,15618.759766
2013-10-31,15545.750000
2013-11-01,15615.549805
2013-11-04,15639.120117
2013-11-05,15618.219727
2013-11-06,15746.879883
2013-11-07,15593.980469
2013-11-08,15761.780273
2013-11-11,15783.099609
2013-11-12,15750.669922
2013-11-13,15821.629883
2013-11-14,15876.219727
2013-11-15,15961.700195
2013-11-18,15976.019531
2013-11-19,15967.030273
2013-11-20,15900.820313
2013-11-21,16009.990234
2013-11-22,16064.769531
2013-11-25,16072.540039
2013-11-26,16072.799805
2013-11-27,16097.330078
2013-11-29,16086.410156
2013-12-02,16008.769531
2013-12-03,15914.620117
2013-12-04,15889.769531
2013-12-05,15821.509766
2013-12-06,16020.200195
2013-12-09,16025.530273
2013-12-10,15973.129883
2013-12-11,15843.530273
2013-12-12,15739.429688
2013-12-13,15755.360352
2013-12-16,15884.570313
2013-12-17,15875.259766
2013-12-18,16167.969727
2013-12-19,16179.080078
2013-12-20,16221.139648
2013-12-23,16294.610352
2013-12-24,16357.549805
2013-12-26,16479.880859
2013-12-27,16478.410156
2013-12-30,16504.289063
2013-12-31,16576.660156
2014-01-02,16441.349609
2014-01-03,16469.990234
2014-01-06,16425.099609
2014-01-07,16530.939453
2014-01-08,16462.740234
2014-01-09,16444.759766
2014-01-10,16437.050781
2014-01-13,16257.940430
2014-01-14,16373.860352
2014-01-15,16481.939453
2014-01-16,16417.009766
2014-01-17,16458.560547
2014-01-21,16414.439453
2014-01-22,16373.339844
2014-01-23,16197.349609
2014-01-24,15879.110352
2014-01-27,15837.879883
2014-01-28,15928.559570
2014-01-29,15738.790039
2014-01-30,15848.610352
2014-01-31,15698.849609
2014-02-03,15372.799805
2014-02-04,15445.240234
2014-02-05,15440.230469
2014-02-06,15628.530273
2014-02-07,15794.080078
2014-02-10,15801.790039
2014-02-11,15994.769531
2014-02-12,15963.940430
2014-02-13,16027.589844
2014-02-14,16154.389648
2014-02-18,16130.400391
2014-02-19,16040.559570
2014-02-20,16133.230469
2014-02-21,16103.299805
2014-02-24,16207.139648
2014-02-25,16179.660156
2014-02-26,16198.410156
2014-02-27,16272.650391
2014-02-28,16321.709961
2014-03-03,16168.030273
2014-03-04,16395.880859
2014-03-05,16360.179688
2014-03-06,16421.890625
2014-03-07,16452.720703
2014-03-10,16418.679688
2014-03-11,16351.250000
2014-03-12,16340.080078
2014-03-13,16108.889648
2014-03-14,16065.669922
2014-03-17,16247.219727
2014-03-18,16336.190430
2014-03-19,16222.169922
2014-03-20,16331.049805
2014-03-21,16302.769531
2014-03-24,16276.690430
2014-03-25,16367.879883
2014-03-26,16268.990234
2014-03-27,16264.230469
2014-03-28,16323.059570
2014-03-31,16457.660156
2014-04-01,16532.609375
2014-04-02,16573.000000
2014-04-03,16572.550781
2014-04-04,16412.710938
2014-04-07,16245.870117
2014-04-08,16256.139648
2014-04-09,16437.179688
2014-04-10,16170.219727
2014-04-11,16026.750000
2014-04-14,16173.240234
2014-04-15,16262.559570
2014-04-16,16424.849609
2014-04-17,16408.539063
2014-04-21,16449.250000
2014-04-22,16514.369141
2014-04-23,16501.650391
2014-04-24,16501.650391
2014-04-25,16361.459961
2014-04-28,16448.740234
2014-04-29,16535.369141
2014-04-30,16580.839844
2014-05-01,16558.869141
2014-05-02,16512.890625
2014-05-05,16530.550781
2014-05-06,16401.019531
2014-05-07,16518.539063
2014-05-08,16550.970703
2014-05-09,16583.339844
2014-05-12,16695.470703
2014-05-13,16715.439453
2014-05-14,16613.970703
2014-05-15,16446.810547
2014-05-16,16491.310547
2014-05-19,16511.859375
2014-05-20,16374.309570
2014-05-21,16533.060547
2014-05-22,16543.080078
2014-05-23,16606.269531
2014-05-27,16675.500000
2014-05-28,16633.179688
2014-05-29,16698.740234
2014-05-30,16717.169922
2014-06-02,16743.630859
2014-06-03,16722.339844
2014-06-04,16737.529297
2014-06-05,16836.109375
2014-06-06,16924.279297
2014-06-09,16943.099609
2014-06-10,16945.919922
2014-06-11,16843.880859
2014-06-12,16734.189453
2014-06-13,16775.740234
2014-06-16,16781.009766
2014-06-17,16808.490234
2014-06-18,16906.619141
2014-06-19,16921.460938
2014-06-20,16947.080078
2014-06-23,16937.259766
2014-06-24,16818.130859
2014-06-25,16867.509766
2014-06-26,16846.130859
2014-06-27,16851.839844
2014-06-30,16826.599609
2014-07-01,16956.070313
2014-07-02,16976.240234
2014-07-03,17068.259766
2014-07-07,17024.210938
2014-07-08,16906.619141
2014-07-09,16985.609375
2014-07-10,16915.070313
2014-07-11,16943.810547
2014-07-14,17055.419922
2014-07-15,17060.679688
2014-07-16,17138.199219
2014-07-17,16976.810547
2014-07-18,17100.179688
2014-07-21,17051.730469
2014-07-22,17113.539063
2014-07-23,17086.630859
2014-07-24,17083.800781
2014-07-25,16960.570313
2014-07-28,16982.589844
2014-07-29,16912.109375
2014-07-30,16880.359375
2014-07-31,16563.300781
2014-08-01,16493.369141
2014-08-04,16569.279297
2014-08-05,16429.470703
2014-08-06,16443.339844
2014-08-07,16368.269531
2014-08-08,16553.929688
2014-08-11,16569.980469
2014-08-12,16560.539063
2014-08-13,16651.800781
2014-08-14,16713.580078
2014-08-15,16662.910156
2014-08-18,16838.740234
2014-08-19,16919.589844
2014-08-20,16979.130859
2014-08-21,17039.490234
2014-08-22,17001.220703
2014-08-25,17076.869141
2014-08-26,17106.699219
2014-08-27,17122.009766
2014-08-28,17079.570313
2014-08-29,17098.449219
2014-09-02,17067.560547
2014-09-03,17078.279297
2014-09-04,17069.580078
2014-09-05,17137.359375
2014-09-08,17111.419922
2014-09-09,17013.869141
2014-09-10,17068.710938
2014-09-11,17049.000000
2014-09-12,16987.509766
2014-09-15,17031.140625
2014-09-16,17131.970703
2014-09-17,17156.849609
2014-09-18,17265.990234
2014-09-19,17279.740234
2014-09-22,17172.679688
2014-09-23,17055.869141
2014-09-24,17210.060547
2014-09-25,16945.800781
2014-09-26,17113.150391
2014-09-29,17071.220703
2014-09-30,17042.900391
2014-10-01,16804.710938
2014-10-02,16801.050781
2014-10-03,17009.689453
2014-10-06,16991.910156
2014-10-07,16719.390625
2014-10-08,16994.220703
2014-10-09,16659.250000
2014-10-10,16544.099609
2014-10-13,16321.070313
2014-10-14,16315.190430
2014-10-15,16141.740234
2014-10-16,16117.240234
2014-10-17,16380.410156
2014-10-20,16399.669922
2014-10-21,16614.810547
2014-10-22,16461.320313
2014-10-23,16677.900391
2014-10-24,16805.410156
2014-10-27,16817.939453
2014-10-28,17005.750000
2014-10-29,16974.310547
2014-10-30,17195.419922
2014-10-31,17390.519531
2014-11-03,17366.240234
2014-11-04,17383.839844
2014-11-05,17484.529297
2014-11-06,17554.470703
2014-11-07,17573.929688
2014-11-10,17613.740234
2014-11-11,17614.900391
2014-11-12,17612.199219
2014-11-13,17652.789063
2014-11-14,17634.740234
2014-11-17,17647.750000
2014-11-18,17687.820313
2014-11-19,17685.730469
2014-11-20,17719.000000
2014-11-21,17810.060547
2014-11-24,17817.900391
2014-11-25,17814.939453
2014-11-26,17827.750000
2014-11-28,17828.240234
2014-12-01,17776.800781
2014-12-02,17879.550781
2014-12-03,17912.619141
2014-12-04,17900.099609
2014-12-05,17958.789063
2014-12-08,17852.480469
2014-12-09,17801.199219
2014-12-10,17533.150391
2014-12-11,17596.339844
2014-12-12,17280.830078
2014-12-15,17180.839844
2014-12-16,17068.869141
2014-12-17,17356.869141
2014-12-18,17778.150391
2014-12-19,17804.800781
2014-12-22,17959.439453
2014-12-23,18024.169922
2014-12-24,18030.210938
2014-12-26,18053.710938
2014-12-29,18038.230469
2014-12-30,17983.070313
2014-12-31,17823.070313
2015-01-02,17832.990234
2015-01-05,17501.650391
2015-01-06,17371.640625
2015-01-07,17584.519531
2015-01-08,17907.869141
2015-01-09,17737.369141
2015-01-12,17640.839844
2015-01-13,17613.679688
2015-01-14,17427.089844
2015-01-15,17320.710938
2015-01-16,17511.570313
2015-01-20,17515.230469
2015-01-21,17554.279297
2015-01-22,17813.980469
2015-01-23,17672.599609
2015-01-26,17678.699219
2015-01-27,17387.210938
2015-01-28,17191.369141
2015-01-29,17416.849609
2015-01-30,17164.949219
2015-02-02,17361.039063
2015-02-03,17666.400391
2015-02-04,17673.019531
2015-02-05,17884.880859
2015-02-06,17824.289063
2015-02-09,17729.210938
2015-02-10,17868.759766
2015-02-11,17862.140625
2015-02-12,17972.380859
2015-02-13,18019.349609
2015-02-17,18047.580078
2015-02-18,18029.849609
2015-02-19,17985.769531
2015-02-20,18140.439453
2015-02-23,18116.839844
2015-02-24,18209.189453
2015-02-25,18224.570313
2015-02-26,18214.419922
2015-02-27,18132.699219
2015-03-02,18288.630859
2015-03-03,18203.369141
2015-03-04,18096.900391
2015-03-05,18135.720703
2015-03-06,17856.779297
2015-03-09,17995.720703
2015-03-10,17662.939453
2015-03-11,17635.390625
2015-03-12,17895.220703
2015-03-13,17749.310547
2015-03-16,17977.419922
2015-03-17,17849.080078
2015-03-18,18076.189453
2015-03-19,17959.029297
2015-03-20,18127.650391
2015-03-23,18116.039063
2015-03-24,18011.140625
2015-03-25,17718.539063
2015-03-26,17678.230469
2015-03-27,17712.660156
2015-03-30,17976.310547
2015-03-31,17776.119141
2015-04-01,17698.179688
2015-04-02,17763.240234
2015-04-06,17880.849609
2015-04-07,17875.419922
2015-04-08,17902.509766
2015-04-09,17958.730469
2015-04-10,18057.650391
2015-04-13,17977.039063
2015-04-14,18036.699219
2015-04-15,18112.609375
2015-04-16,18105.769531
2015-04-17,17826.300781
2015-04-20,18034.929688
2015-04-21,17949.589844
2015-04-22,18038.269531
2015-04-23,18058.689453
2015-04-24,18080.140625
2015-04-27,18037.970703
2015-04-28,18110.140625
2015-04-29,18035.529297
2015-04-30,17840.519531
2015-05-01,18024.060547
2015-05-04,18070.400391
2015-05-05,17928.199219
2015-05-06,17841.980469
2015-05-07,17924.060547
2015-05-08,18191.109375
2015-05-11,18105.169922
2015-05-12,18068.230469
2015-05-13,18060.490234
2015-05-14,18252.240234
2015-05-15,18272.560547
2015-05-18,18298.880859
2015-05-19,18312.390625
2015-05-20,18285.400391
2015-05-21,18285.740234
2015-05-22,18232.019531
2015-05-26,18041.539063
2015-05-27,18162.990234
2015-05-28,18126.119141
2015-05-29,18010.679688
2015-06-01,18040.369141
2015-06-02,18011.939453
2015-06-03,18076.269531
2015-06-04,17905.580078
2015-06-05,17849.460938
2015-06-08,17766.550781
2015-06-09,17764.039063
2015-06-10,18000.400391
2015-06-11,18039.369141
2015-06-12,17898.839844
2015-06-15,17791.169922
2015-06-16,17904.480469
2015-06-17,17935.740234
2015-06-18,18115.839844
2015-06-19,18015.949219
2015-06-22,18119.779297
2015-06-23,18144.070313
2015-06-24,17966.070313
2015-06-25,17890.359375
2015-06-26,17946.679688
2015-06-29,17596.349609
2015-06-30,17619.509766
2015-07-01,17757.910156
2015-07-02,17730.109375
2015-07-06,17683.580078
2015-07-07,17776.910156
2015-07-08,17515.419922
2015-07-09,17548.619141
2015-07-10,17760.410156
2015-07-13,17977.679688
2015-07-14,18053.580078
2015-07-15,18050.169922
2015-07-16,18120.250000
2015-07-17,18086.449219
2015-07-20,18100.410156
2015-07-21,17919.289063
2015-07-22,17851.039063
2015-07-23,17731.919922
2015-07-24,17568.529297
2015-07-27,17440.589844
2015-07-28,17630.269531
2015-07-29,17751.390625
2015-07-30,17745.980469
2015-07-31,17689.859375
2015-08-03,17598.199219
2015-08-04,17550.689453
2015-08-05,17540.470703
2015-08-06,17419.750000
2015-08-07,17373.380859
2015-08-10,17615.169922
2015-08-11,17402.839844
2015-08-12,17402.509766
2015-08-13,17408.250000
2015-08-14,17477.400391
2015-08-17,17545.179688
2015-08-18,17511.339844
2015-08-19,17348.730469
2015-08-20,16990.689453
2015-08-21,16459.750000
2015-08-24,15871.349609
2015-08-25,15666.440430
2015-08-26,16285.509766
2015-08-27,16654.769531
2015-08-28,16643.009766
2015-08-31,16528.029297
2015-09-01,16058.349609
2015-09-02,16351.379883
2015-09-03,16374.759766
2015-09-04,16102.379883
2015-09-08,16492.679688
2015-09-09,16253.570313
2015-09-10,16330.400391
2015-09-11,16433.089844
2015-09-14,16370.959961
2015-09-15,16599.849609
2015-09-16,16739.949219
2015-09-17,16674.740234
2015-09-18,16384.580078
2015-09-21,16510.189453
2015-09-22,16330.469727
2015-09-23,16279.889648
2015-09-24,16201.320313
2015-09-25,16314.669922
2015-09-28,16001.889648
2015-09-29,16049.129883
2015-09-30,16284.700195
2015-10-01,16272.009766
2015-10-02,16472.369141
2015-10-05,16776.429688
2015-10-06,16790.189453
2015-10-07,16912.289063
2015-10-08,17050.750000
2015-10-09,17084.490234
2015-10-12,17131.859375
2015-10-13,17081.890625
2015-10-14,16924.750000
2015-10-15,17141.750000
2015-10-16,17215.970703
2015-10-19,17230.539063
2015-10-20,17217.109375
2015-10-21,17168.609375
2015-10-22,17489.160156
2015-10-23,17646.699219
2015-10-26,17623.050781
2015-10-27,17581.429688
2015-10-28,17779.519531
2015-10-29,17755.800781
2015-10-30,17663.539063
2015-11-02,17828.759766
2015-11-03,17918.150391
2015-11-04,17867.580078
2015-11-05,17863.429688
2015-11-06,17910.330078
2015-11-09,17730.480469
2015-11-10,17758.210938
2015-11-11,17702.220703
2015-11-12,17448.070313
2015-11-13,17245.240234
2015-11-16,17483.009766
2015-11-17,17489.500000
2015-11-18,17737.160156
2015-11-19,17732.750000
2015-11-20,17823.810547
2015-11-23,17792.679688
2015-11-24,17812.189453
2015-11-25,17813.390625
2015-11-27,17813.390625
2015-11-30,17719.919922
2015-12-01,17888.349609
2015-12-02,17729.679688
2015-12-03,17477.669922
2015-12-04,17847.630859
2015-12-07,17730.509766
2015-12-08,17568.000000
2015-12-09,17492.300781
2015-12-10,17574.750000
2015-12-11,17265.210938
2015-12-14,17368.500000
2015-12-15,17524.910156
2015-12-16,17749.089844
2015-12-17,17495.839844
2015-12-18,17128.550781
2015-12-21,17251.619141
2015-12-22,17417.269531
2015-12-23,17602.609375
2015-12-24,17552.169922
2015-12-28,17528.269531
2015-12-29,17720.980469
2015-12-30,17603.869141
2015-12-31,17425.029297
2016-01-04,17148.939453
2016-01-05,17158.660156
2016-01-06,16906.509766
2016-01-07,16514.099609
2016-01-08,16346.450195
2016-01-11,16398.570313
2016-01-12,16516.220703
2016-01-13,16151.410156
2016-01-14,16379.049805
2016-01-15,15988.080078
2016-01-19,16016.019531
2016-01-20,15766.740234
2016-01-21,15882.679688
2016-01-22,16093.509766
2016-01-25,15885.219727
2016-01-26,16167.230469
2016-01-27,15944.459961
2016-01-28,16069.639648
2016-01-29,16466.300781
2016-02-01,16449.179688
2016-02-02,16153.540039
2016-02-03,16336.660156
2016-02-04,16416.580078
2016-02-05,16204.969727
2016-02-08,16027.049805
2016-02-09,16014.379883
2016-02-10,15914.740234
2016-02-11,15660.179688
2016-02-12,15973.839844
2016-02-16,16196.410156
2016-02-17,16453.830078
2016-02-18,16413.429688
2016-02-19,16391.990234
2016-02-22,16620.660156
2016-02-23,16431.779297
2016-02-24,16484.990234
2016-02-25,16697.289063
2016-02-26,16639.970703
2016-02-29,16516.500000
2016-03-01,16865.080078
2016-03-02,16899.320313
2016-03-03,16943.900391
2016-03-04,17006.769531
2016-03-07,17073.949219
2016-03-08,16964.099609
2016-03-09,17000.359375
2016-03-10,16995.130859
2016-03-11,17213.310547
2016-03-14,17229.130859
2016-03-15,17251.529297
2016-03-16,17325.759766
2016-03-17,17481.490234
2016-03-18,17602.300781
2016-03-21,17623.869141
2016-03-22,17582.570313
2016-03-23,17502.589844
2016-03-24,17515.730469
2016-03-28,17535.390625
2016-03-29,17633.109375
2016-03-30,17716.660156
2016-03-31,17685.089844
2016-04-01,17792.750000
2016-04-04,17737.000000
2016-04-05,17603.320313
2016-04-06,17716.050781
2016-04-07,17541.960938
2016-04-08,17576.960938
2016-04-11,17556.410156
2016-04-12,17721.250000
2016-04-13,17908.279297
2016-04-14,17926.429688
2016-04-15,17897.460938
2016-04-18,18004.160156
2016-04-19,18053.599609
2016-04-20,18096.269531
2016-04-21,17982.519531
2016-04-22,18003.750000
2016-04-25,17977.240234
2016-04-26,17990.320313
2016-04-27,18041.550781
2016-04-28,17830.759766
2016-04-29,17773.640625
2016-05-02,17891.160156
2016-05-03,17750.910156
2016-05-04,17651.259766
2016-05-05,17660.710938
2016-05-06,17740.630859
2016-05-09,17705.910156
2016-05-10,17928.349609
2016-05-11,17711.119141
2016-05-12,17720.500000
2016-05-13,17535.320313
2016-05-16,17710.710938
2016-05-17,17529.980469
2016-05-18,17526.619141
2016-05-19,17435.400391
2016-05-20,17500.939453
2016-05-23,17492.929688
2016-05-24,17706.050781
2016-05-25,17851.509766
2016-05-26,17828.289063
2016-05-27,17873.220703
2016-05-31,17787.199219
2016-06-01,17789.669922
2016-06-02,17838.560547
2016-06-03,17807.060547
2016-06-06,17920.330078
2016-06-07,17938.279297
2016-06-08,18005.050781
2016-06-09,17985.189453
2016-06-10,17865.339844
2016-06-13,17732.480469
2016-06-14,17674.820313
2016-06-15,17640.169922
2016-06-16,17733.099609
2016-06-17,17675.160156
2016-06-20,17804.869141
2016-06-21,17829.730469
2016-06-22,17780.830078
2016-06-23,18011.070313
2016-06-24,17400.750000
2016-06-27,17140.240234
2016-06-28,17409.720703
2016-06-29,17694.679688
2016-06-30,17929.990234
2016-07-01,17949.369141
2016-07-05,17840.619141
2016-07-06,17918.619141
2016-07-07,17895.880859
2016-07-08,18146.740234
2016-07-11,18226.929688
2016-07-12,18347.669922
2016-07-13,18372.119141
2016-07-14,18506.410156
2016-07-15,18516.550781
2016-07-18,18533.050781
2016-07-19,18559.009766
2016-07-20,18595.029297
2016-07-21,18517.230469
2016-07-22,18570.849609
2016-07-25,18493.060547
2016-07-26,18473.750000
2016-07-27,18472.169922
2016-07-28,18456.349609
2016-07-29,18432.240234
2016-08-01,18404.509766
2016-08-02,18313.769531
2016-08-03,18355.000000
2016-08-04,18352.050781
2016-08-05,18543.529297
2016-08-08,18529.289063
2016-08-09,18533.050781
2016-08-10,18495.660156
2016-08-11,18613.519531
2016-08-12,18576.470703
2016-08-15,18636.050781
2016-08-16,18552.019531
2016-08-17,18573.939453
2016-08-18,18597.699219
2016-08-19,18552.570313
2016-08-22,18529.419922
2016-08-23,18547.300781
2016-08-24,18481.480469
2016-08-25,18448.410156
2016-08-26,18395.400391
2016-08-29,18502.990234
2016-08-30,18454.300781
2016-08-31,18400.880859
2016-09-01,18419.300781
2016-09-02,18491.960938
2016-09-06,18538.119141
2016-09-07,18526.140625
2016-09-08,18479.910156
2016-09-09,18085.449219
2016-09-12,18325.070313
2016-09-13,18066.750000
2016-09-14,18034.769531
2016-09-15,18212.480469
2016-09-16,18123.800781
2016-09-19,18120.169922
2016-09-20,18129.960938
2016-09-21,18293.699219
2016-09-22,18392.460938
2016-09-23,18261.449219
2016-09-26,18094.830078
2016-09-27,18228.300781
2016-09-28,18339.240234
2016-09-29,18143.449219
2016-09-30,18308.150391
2016-10-03,18253.849609
2016-10-04,18168.449219
2016-10-05,18281.029297
2016-10-06,18268.500000
2016-10-07,18240.490234
2016-10-10,18329.039063
2016-10-11,18128.660156
2016-10-12,18144.199219
2016-10-13,18098.939453
2016-10-14,18138.380859
2016-10-17,18086.400391
2016-10-18,18161.939453
2016-10-19,18202.619141
2016-10-20,18162.349609
2016-10-21,18145.710938
2016-10-24,18223.029297
2016-10-25,18169.269531
2016-10-26,18199.330078
2016-10-27,18169.679688
2016-10-28,18161.189453
2016-10-31,18142.419922
2016-11-01,18037.099609
2016-11-02,17959.640625
2016-11-03,17930.669922
2016-11-04,17888.279297
2016-11-07,18259.599609
2016-11-08,18332.740234
2016-11-09,18589.689453
2016-11-10,18807.880859
2016-11-11,18847.660156
2016-11-14,18868.689453
2016-11-15,18923.060547
2016-11-16,18868.140625
2016-11-17,18903.820313
2016-11-18,18867.929688
2016-11-21,18956.689453
2016-11-22,19023.869141
2016-11-23,19083.179688
2016-11-25,19152.140625
2016-11-28,19097.900391
2016-11-29,19121.599609
2016-11-30,19123.580078
2016-12-01,19191.929688
2016-12-02,19170.419922
2016-12-05,19216.240234
2016-12-06,19251.779297
2016-12-07,19549.619141
2016-12-08,19614.810547
2016-12-09,19756.849609
2016-12-12,19796.429688
2016-12-13,19911.210938
2016-12-14,19792.529297
2016-12-15,19852.240234
2016-12-16,19843.410156
2016-12-19,19883.060547
2016-12-20,19974.619141
2016-12-21,19941.960938
2016-12-22,19918.880859
2016-12-23,19933.810547
2016-12-27,19945.039063
2016-12-28,19833.679688
2016-12-29,19819.779297
2016-12-30,19762.599609
2017-01-03,19881.759766
2017-01-04,19942.160156
2017-01-05,19899.289063
2017-01-06,19963.800781
2017-01-09,19887.380859
2017-01-10,19855.529297
2017-01-11,19954.279297
2017-01-12,19891.000000
2017-01-13,19885.730469
2017-01-17,19826.769531
2017-01-18,19804.720703
2017-01-19,19732.400391
2017-01-20,19827.250000
2017-01-23,19799.849609
2017-01-24,19912.710938
2017-01-25,20068.509766
2017-01-26,20100.910156
2017-01-27,20093.779297
2017-01-30,19971.130859
2017-01-31,19864.089844
2017-02-01,19890.939453
2017-02-02,19884.910156
2017-02-03,20071.460938
2017-02-06,20052.419922
2017-02-07,20090.289063
2017-02-08,20054.339844
2017-02-09,20172.400391
2017-02-10,20269.369141
2017-02-13,20412.160156
2017-02-14,20504.410156
2017-02-15,20611.859375
2017-02-16,20619.769531
2017-02-17,20624.050781
2017-02-21,20743.000000
2017-02-22,20775.599609
2017-02-23,20810.320313
2017-02-24,20821.759766
2017-02-27,20837.439453
2017-02-28,20812.240234
2017-03-01,21115.550781
2017-03-02,21002.970703
2017-03-03,21005.710938
2017-03-06,20954.339844
2017-03-07,20924.759766
2017-03-08,20855.730469
2017-03-09,20858.189453
2017-03-10,20902.980469
2017-03-13,20881.480469
2017-03-14,20837.369141
2017-03-15,20950.099609
2017-03-16,20934.550781
2017-03-17,20914.619141
2017-03-20,20905.859375
2017-03-21,20668.009766
2017-03-22,20661.300781
2017-03-23,20656.580078
2017-03-24,20596.720703
2017-03-27,20550.980469
2017-03-28,20701.500000
2017-03-29,20659.320313
2017-03-30,20728.490234
2017-03-31,20663.220703
2017-04-03,20650.210938
2017-04-04,20689.240234
2017-04-05,20648.150391
2017-04-06,20662.949219
2017-04-07,20656.099609
2017-04-10,20658.019531
2017-04-11,20651.300781
2017-04-12,20591.859375
2017-04-13,20453.250000
2017-04-17,20636.919922
2017-04-18,20523.279297
2017-04-19,20404.490234
2017-04-20,20578.710938
2017-04-21,20547.759766
2017-04-24,20763.890625
2017-04-25,20996.119141
2017-04-26,20975.089844
2017-04-27,20981.330078
2017-04-28,20940.509766
2017-05-01,20913.460938
2017-05-02,20949.890625
2017-05-03,20957.900391
2017-05-04,20951.470703
2017-05-05,21006.939453
2017-05-08,21012.279297
2017-05-09,20975.779297
2017-05-10,20943.109375
2017-05-11,20919.419922
2017-05-12,20896.609375
2017-05-15,20981.939453
2017-05-16,20979.750000
2017-05-17,20606.929688
2017-05-18,20663.019531
2017-05-19,20804.839844
2017-05-22,20894.830078
2017-05-23,20937.910156
2017-05-24,21012.419922
2017-05-25,21082.949219
2017-05-26,21080.279297
2017-05-30,21029.470703
2017-05-31,21008.650391
2017-06-01,21144.179688
2017-06-02,21206.289063
2017-06-05,21184.039063
2017-06-06,21136.230469
2017-06-07,21173.689453
2017-06-08,21182.529297
2017-06-09,21271.970703
2017-06-12,21235.669922
2017-06-13,21328.470703
2017-06-14,21374.560547
2017-06-15,21359.900391
2017-06-16,21384.279297
2017-06-19,21528.990234
2017-06-20,21467.140625
2017-06-21,21410.029297
2017-06-22,21397.289063
2017-06-23,21394.759766
2017-06-26,21409.550781
2017-06-27,21310.660156
2017-06-28,21454.609375
2017-06-29,21287.029297
2017-06-30,21349.630859
2017-07-03,21479.269531
2017-07-05,21478.169922
2017-07-06,21320.039063
2017-07-07,21414.339844
2017-07-10,21408.519531
2017-07-11,21409.070313
2017-07-12,21532.140625
2017-07-13,21553.089844
2017-07-14,21637.740234
2017-07-17,21629.720703
2017-07-18,21574.730469
2017-07-19,21640.750000
2017-07-20,21611.779297
2017-07-21,21580.070313
2017-07-24,21513.169922
2017-07-25,21613.429688
2017-07-26,21711.009766
2017-07-27,21796.550781
2017-07-28,21830.310547
2017-07-31,21891.119141
2017-08-01,21963.919922
2017-08-02,22016.240234
2017-08-03,22026.099609
2017-08-04,22092.810547
2017-08-07,22118.419922
2017-08-08,22085.339844
2017-08-09,22048.699219
2017-08-10,21844.009766
2017-08-11,21858.320313
2017-08-14,21993.710938
2017-08-15,21998.990234
2017-08-16,22024.869141
2017-08-17,21750.730469
2017-08-18,21674.509766
2017-08-21,21703.750000
2017-08-22,21899.890625
2017-08-23,21812.089844
2017-08-24,21783.400391
2017-08-25,21813.669922
2017-08-28,21808.400391
2017-08-29,21865.369141
2017-08-30,21892.429688
2017-08-31,21948.099609
2017-09-01,21987.560547
2017-09-05,21753.310547
2017-09-06,21807.640625
2017-09-07,21784.779297
2017-09-08,21797.789063
2017-09-11,22057.369141
2017-09-12,22118.859375
2017-09-13,22158.179688
2017-09-14,22203.480469
2017-09-15,22268.339844
2017-09-18,22331.349609
2017-09-19,22370.800781
2017-09-20,22412.589844
2017-09-21,22359.230469
2017-09-22,22349.589844
2017-09-25,22296.089844
2017-09-26,22284.320313
2017-09-27,22340.710938
2017-09-28,22381.199219
2017-09-29,22405.089844
2017-10-02,22557.599609
2017-10-03,22641.669922
2017-10-04,22661.640625
2017-10-05,22775.390625
2017-10-06,22773.669922
2017-10-09,22761.070313
2017-10-10,22830.679688
2017-10-11,22872.890625
2017-10-12,22841.009766
2017-10-13,22871.720703
2017-10-16,22956.960938
2017-10-17,22997.439453
2017-10-18,23157.599609
2017-10-19,23163.039063
2017-10-20,23328.630859
2017-10-23,23273.960938
2017-10-24,23441.759766
2017-10-25,23329.460938
2017-10-26,23400.859375
2017-10-27,23434.189453
2017-10-30,23348.740234
2017-10-31,23377.240234
2017-11-01,23435.009766
2017-11-02,23516.259766
2017-11-03,23539.189453
2017-11-06,23548.419922
2017-11-07,23557.230469
2017-11-08,23563.359375
2017-11-09,23461.939453
2017-11-10,23422.210938
2017-11-13,23439.699219
2017-11-14,23409.470703
2017-11-15,23271.279297
2017-11-16,23458.359375
2017-11-17,23358.240234
2017-11-20,23430.330078
2017-11-21,23590.830078
2017-11-22,23526.179688
2017-11-24,23557.990234
2017-11-27,23580.779297
2017-11-28,23836.710938
2017-11-29,23940.679688
2017-11-30,24272.349609
2017-12-01,24231.589844
2017-12-04,24290.050781
2017-12-05,24180.640625
2017-12-06,24140.910156
2017-12-07,24211.480469
2017-12-08,24329.160156
2017-12-11,24386.029297
2017-12-12,24504.800781
2017-12-13,24585.429688
2017-12-14,24508.660156
2017-12-15,24651.740234
2017-12-18,24792.199219
2017-12-19,24754.750000
2017-12-20,24726.650391
2017-12-21,24782.289063
2017-12-22,24754.060547
2017-12-26,24746.210938
2017-12-27,24774.300781
2017-12-28,24837.509766
2017-12-29,24719.220703
2018-01-02,24824.009766
2018-01-03,24922.679688
2018-01-04,25075.130859
2018-01-05,25295.869141
2018-01-08,25283.000000
2018-01-09,25385.800781
2018-01-10,25369.130859
2018-01-11,25574.730469
2018-01-12,25803.189453
2018-01-16,25792.859375
2018-01-17,26115.650391
2018-01-18,26017.810547
2018-01-19,26071.720703
2018-01-22,26214.599609
2018-01-23,26210.810547
2018-01-24,26252.119141
2018-01-25,26392.789063
2018-01-26,26616.710938
2018-01-29,26439.480469
2018-01-30,26076.890625
2018-01-31,26149.390625
2018-02-01,26186.710938
2018-02-02,25520.960938
2018-02-05,24345.750000
2018-02-06,24912.769531
2018-02-07,24893.349609
2018-02-08,23860.460938
2018-02-09,24190.900391
2018-02-12,24601.269531
2018-02-13,24640.449219
2018-02-14,24893.490234
2018-02-15,25200.369141
2018-02-16,25219.380859
2018-02-20,24964.750000
2018-02-21,24797.779297
2018-02-22,24962.480469
2018-02-23,25309.990234
2018-02-26,25709.269531
2018-02-27,25410.029297
2018-02-28,25029.199219
2018-03-01,24608.980469
2018-03-02,24538.060547
2018-03-05,24874.759766
2018-03-06,24884.119141
2018-03-07,24801.359375
2018-03-08,24895.210938
2018-03-09,25335.740234
2018-03-12,25178.609375
2018-03-13,25007.029297
2018-03-14,24758.119141
2018-03-15,24873.660156
2018-03-16,24946.509766
2018-03-19,24610.910156
2018-03-20,24727.269531
2018-03-21,24682.310547
2018-03-22,23957.890625
2018-03-23,23533.199219
2018-03-26,24202.599609
2018-03-27,23857.710938
2018-03-28,23848.419922
2018-03-29,24103.109375
2018-04-02,23644.189453
2018-04-03,24033.359375
2018-04-04,24264.300781
2018-04-05,24505.220703
2018-04-06,23932.759766
2018-04-09,23979.099609
2018-04-10,24408.000000
2018-04-11,24189.449219
2018-04-12,24483.050781
2018-04-13,24360.140625
2018-04-16,24573.039063
2018-04-17,24786.630859
2018-04-18,24748.070313
2018-04-19,24664.890625
2018-04-20,24462.939453
2018-04-23,24448.689453
2018-04-24,24024.130859
2018-04-25,24083.830078
2018-04-26,24322.339844
2018-04-27,24311.189453
2018-04-30,24163.150391
2018-05-01,24099.050781
2018-05-02,23924.980469
2018-05-03,23930.150391
2018-05-04,24262.509766
2018-05-07,24357.320313
2018-05-08,24360.210938
2018-05-09,24542.539063
2018-05-10,24739.529297
2018-05-11,24831.169922
2018-05-14,24899.410156
2018-05-15,24706.410156
2018-05-16,24768.929688
2018-05-17,24713.980469
2018-05-18,24715.089844
2018-05-21,25013.289063
2018-05-22,24834.410156
2018-05-23,24886.810547
2018-05-24,24811.759766
2018-05-25,24753.089844
2018-05-29,24361.449219
2018-05-30,24667.779297
2018-05-31,24415.839844
2018-06-01,24635.210938
2018-06-04,24813.689453
2018-06-05,24799.980469
2018-06-06,25146.390625
2018-06-07,25241.410156
2018-06-08,25316.529297
2018-06-11,25322.310547
2018-06-12,25320.730469
2018-06-13,25201.199219
2018-06-14,25175.310547
2018-06-15,25090.480469
2018-06-18,24987.470703
2018-06-19,24700.210938
2018-06-20,24657.800781
2018-06-21,24461.699219
2018-06-22,24580.890625
2018-06-25,24252.800781
2018-06-26,24283.109375
2018-06-27,24117.589844
2018-06-28,24216.050781
2018-06-29,24271.410156
2018-07-02,24307.179688
2018-07-03,24174.820313
2018-07-05,24356.740234
2018-07-06,24456.480469
2018-07-09,24776.589844
2018-07-10,24919.660156
2018-07-11,24700.449219
2018-07-12,24924.890625
2018-07-13,25019.410156
2018-07-16,25064.359375
2018-07-17,25119.890625
2018-07-18,25199.289063
2018-07-19,25064.500000
2018-07-20,25058.119141
2018-07-23,25044.289063
2018-07-24,25241.939453
2018-07-25,25414.099609
2018-07-26,25527.070313
2018-07-27,25451.060547
2018-07-30,25306.830078
2018-07-31,25415.189453
2018-08-01,25333.820313
2018-08-02,25326.160156
2018-08-03,25462.580078
2018-08-06,25502.179688
2018-08-07,25628.910156
2018-08-08,25583.750000
2018-08-09,25509.230469
2018-08-10,25313.140625
2018-08-13,25187.699219
2018-08-14,25299.919922
2018-08-15,25162.410156
2018-08-16,25558.730469
2018-08-17,25669.320313
2018-08-20,25758.689453
2018-08-21,25822.289063
2018-08-22,25733.599609
2018-08-23,25656.980469
2018-08-24,25790.349609
2018-08-27,26049.640625
2018-08-28,26064.019531
2018-08-29,26124.570313
2018-08-30,25986.919922
2018-08-31,25964.820313
2018-09-04,25952.480469
2018-09-05,25974.990234
2018-09-06,25995.869141
2018-09-07,25916.539063
2018-09-10,25857.070313
2018-09-11,25971.060547
2018-09-12,25998.919922
2018-09-13,26145.990234
2018-09-14,26154.669922
2018-09-17,26062.119141
2018-09-18,26246.960938
2018-09-19,26405.759766
2018-09-20,26656.980469
2018-09-21,26743.500000
2018-09-24,26562.050781
2018-09-25,26492.210938
2018-09-26,26385.279297
2018-09-27,26439.929688
2018-09-28,26458.310547
2018-10-01,26651.210938
2018-10-02,26773.939453
2018-10-03,26828.390625
2018-10-04,26627.480469
2018-10-05,26447.050781
2018-10-08,26486.779297
2018-10-09,26430.570313
2018-10-10,25598.740234
2018-10-11,25052.830078
2018-10-12,25339.990234
2018-10-15,25250.550781
2018-10-16,25798.419922
2018-10-17,25706.679688
2018-10-18,25379.449219
2018-10-19,25444.339844
2018-10-22,25317.410156
2018-10-23,25191.429688
2018-10-24,24583.419922
2018-10-25,24984.550781
2018-10-26,24688.310547
2018-10-29,24442.919922
2018-10-30,24874.640625
2018-10-31,25115.759766
2018-11-01,25380.740234
2018-11-02,25270.830078
2018-11-05,25461.699219
2018-11-06,25635.009766
2018-11-07,26180.300781
2018-11-08,26191.220703
2018-11-09,25989.300781
2018-11-12,25387.179688
2018-11-13,25286.490234
2018-11-14,25080.500000
2018-11-15,25289.269531
2018-11-16,25413.220703
2018-11-19,25017.439453
2018-11-20,24465.640625
2018-11-21,24464.689453
2018-11-23,24285.949219
2018-11-26,24640.240234
2018-11-27,24748.730469
2018-11-28,25366.429688
2018-11-29,25338.839844
2018-11-30,25538.460938
2018-12-03,25826.429688
2018-12-04,25027.070313
2018-12-06,24947.669922
2018-12-07,24388.949219
2018-12-10,24423.259766
2018-12-11,24370.240234
2018-12-12,24527.269531
2018-12-13,24597.380859
2018-12-14,24100.509766
2018-12-17,23592.980469
2018-12-18,23675.640625
2018-12-19,23323.660156
2018-12-20,22859.599609
2018-12-21,22445.369141
2018-12-24,21792.199219
2018-12-26,22878.449219
2018-12-27,23138.820313
2018-12-28,23062.400391
2018-12-31,23327.460938
2019-01-02,23346.240234
2019-01-03,22686.220703
2019-01-04,23433.160156
2019-01-07,23531.349609
2019-01-08,23787.449219
2019-01-09,23879.119141
2019-01-10,24001.919922
2019-01-11,23995.949219
2019-01-14,23909.839844
2019-01-15,24065.589844
2019-01-16,24207.160156
2019-01-17,24370.099609
2019-01-18,24706.349609
2019-01-22,24404.480469
2019-01-23,24575.619141
2019-01-24,24553.240234
2019-01-25,24737.199219
2019-01-28,24528.220703
2019-01-29,24579.960938
2019-01-30,25014.859375
2019-01-31,24999.669922
2019-02-01,25063.890625
2019-02-04,25239.369141
2019-02-05,25411.519531
2019-02-06,25390.300781
2019-02-07,25169.529297
2019-02-08,25106.330078
2019-02-11,25053.109375
2019-02-12,25425.759766
2019-02-13,25543.269531
2019-02-14,25439.390625
2019-02-15,25883.250000
2019-02-19,25891.320313
2019-02-20,25954.439453
2019-02-21,25850.630859
2019-02-22,26031.810547
2019-02-25,26091.949219
2019-02-26,26057.980469
2019-02-27,25985.160156
2019-02-28,25916.000000
2019-03-01,26026.320313
2019-03-04,25819.650391
2019-03-05,25806.630859
2019-03-06,25673.460938
2019-03-07,25473.230469
2019-03-08,25450.240234
2019-03-11,25650.880859
2019-03-12,25554.660156
2019-03-13,25702.890625
2019-03-14,25709.939453
2019-03-15,25848.869141
2019-03-18,25914.099609
2019-03-19,25887.380859
2019-03-20,25745.669922
2019-03-21,25962.509766
2019-03-22,25502.320313
2019-03-25,25516.830078
2019-03-26,25657.730469
2019-03-27,25625.589844
2019-03-28,25717.460938
2019-03-29,25928.679688
2019-04-01,26258.419922
2019-04-02,26179.130859
2019-04-03,26218.130859
2019-04-04,26384.630859
2019-04-05,26424.990234
2019-04-08,26341.019531
2019-04-09,26150.580078
2019-04-10,26157.160156
2019-04-11,26143.050781
2019-04-12,26412.300781
2019-04-15,26384.769531
2019-04-16,26452.660156
2019-04-17,26449.539063
2019-04-18,26559.539063
2019-04-22,26511.050781
2019-04-23,26656.390625
2019-04-24,26597.050781
2019-04-25,26462.080078
2019-04-26,26543.330078
2019-04-29,26554.390625
2019-04-30,26592.910156
2019-05-01,26430.140625
2019-05-02,26307.789063
2019-05-03,26504.949219
2019-05-06,26438.480469
2019-05-07,25965.089844
2019-05-08,25967.330078
2019-05-09,25828.359375
2019-05-10,25942.369141
2019-05-13,25324.990234
2019-05-14,25532.050781
2019-05-15,25648.019531
2019-05-16,25862.679688
2019-05-17,25764.000000
2019-05-20,25679.900391
2019-05-21,25877.330078
2019-05-22,25776.609375
2019-05-23,25490.470703
2019-05-24,25585.689453
2019-05-28,25347.769531
2019-05-29,25126.410156
2019-05-30,25169.880859
2019-05-31,24815.039063
2019-06-03,24819.779297
2019-06-04,25332.179688
2019-06-05,25539.570313
2019-06-06,25720.660156
2019-06-07,25983.939453
2019-06-10,26062.679688
2019-06-11,26048.509766
2019-06-12,26004.830078
2019-06-13,26106.769531
2019-06-14,26089.609375
2019-06-17,26112.529297
2019-06-18,26465.539063
2019-06-19,26504.000000
2019-06-20,26753.169922
2019-06-21,26719.130859
2019-06-24,26727.539063
2019-06-25,26548.220703
2019-06-26,26536.820313
2019-06-27,26526.580078
2019-06-28,26599.960938
2019-07-01,26717.429688
2019-07-02,26786.679688
2019-07-03,26966.000000
2019-07-05,26922.119141
2019-07-08,26806.140625
2019-07-09,26783.490234
2019-07-10,26860.199219
2019-07-11,27088.080078
2019-07-12,27332.029297
2019-07-15,27359.160156
2019-07-16,27335.630859
2019-07-17,27219.849609
2019-07-18,27222.970703
2019-07-19,27154.199219
2019-07-22,27171.900391
2019-07-23,27349.189453
2019-07-24,27269.970703
2019-07-25,27140.980469
2019-07-26,27192.449219
2019-07-29,27221.349609
2019-07-30,27198.019531
2019-07-31,26864.269531
2019-08-01,26583.419922
2019-08-02,26485.009766
2019-08-05,25717.740234
2019-08-06,26029.519531
2019-08-07,26007.070313
2019-08-08,26378.189453
2019-08-09,26287.439453
2019-08-12,25896.439453
2019-08-13,26279.910156
2019-08-14,25479.419922
2019-08-15,25579.390625
2019-08-16,25886.009766
2019-08-19,26135.789063
2019-08-20,25962.439453
2019-08-21,26202.730469
2019-08-22,26252.240234
2019-08-23,25628.900391
2019-08-26,25898.830078
2019-08-27,25777.900391
2019-08-28,26036.099609
2019-08-29,26362.250000
2019-08-30,26403.279297
2019-09-03,26118.019531
2019-09-04,26355.470703
2019-09-05,26728.150391
2019-09-06,26797.460938
2019-09-09,26835.509766
2019-09-10,26909.429688
2019-09-11,27137.039063
2019-09-12,27182.449219
2019-09-13,27219.519531
2019-09-16,27076.820313
2019-09-17,27110.800781
2019-09-18,27147.080078
2019-09-19,27094.789063
2019-09-20,26935.070313
2019-09-23,26949.990234
2019-09-24,26807.769531
2019-09-25,26970.710938
2019-09-26,26891.119141
2019-09-27,26820.250000
2019-09-30,26916.830078
2019-10-01,26573.039063
2019-10-02,26078.619141
2019-10-03,26201.039063
2019-10-04,26573.720703
2019-10-07,26478.019531
2019-10-08,26164.039063
2019-10-09,26346.009766
2019-10-10,26496.669922
2019-10-11,26816.589844
2019-10-14,26787.359375
2019-10-15,27024.800781
2019-10-16,27001.980469
2019-10-17,27025.880859
2019-10-18,26770.199219
2019-10-21,26827.640625
2019-10-22,26788.099609
2019-10-23,26833.949219
2019-10-24,26805.529297
2019-10-25,26958.060547
2019-10-28,27090.720703
2019-10-29,27071.460938
2019-10-30,27186.689453
2019-10-31,27046.230469
2019-11-01,27347.359375
2019-11-04,27462.109375
2019-11-05,27492.630859
2019-11-06,27492.560547
2019-11-07,27674.800781
2019-11-08,27681.240234
2019-11-11,27691.490234
2019-11-12,27691.490234
2019-11-13,27783.589844
2019-11-14,27781.960938
2019-11-15,28004.890625
2019-11-18,28036.220703
2019-11-19,27934.019531
2019-11-20,27821.089844
2019-11-21,27766.289063
2019-11-22,27875.619141
2019-11-25,28066.470703
2019-11-26,28121.679688
2019-11-27,28164.000000
2019-11-29,28051.410156
2019-12-02,27783.039063
2019-12-03,27502.810547
2019-12-04,27649.779297
2019-12-05,27677.789063
2019-12-06,28015.060547
2019-12-09,27909.599609
2019-12-10,27881.720703
2019-12-11,27911.300781
2019-12-12,28132.050781
2019-12-13,28135.380859
2019-12-16,28235.890625
2019-12-17,28267.160156
2019-12-18,28239.279297
2019-12-19,28376.960938
2019-12-20,28455.089844
2019-12-23,28551.529297
2019-12-24,28515.449219
2019-12-26,28621.390625
2019-12-27,28645.259766
2019-12-30,28462.140625
2019-12-31,28538.439453
2020-01-02,28868.800781
2020-01-03,28634.880859
2020-01-06,28703.380859
2020-01-07,28583.679688
2020-01-08,28745.089844
2020-01-09,28956.900391
2020-01-10,28823.769531
2020-01-13,28907.050781
2020-01-14,28939.669922
2020-01-15,29030.220703
2020-01-16,29297.640625
2020-01-17,29348.099609
2020-01-21,29196.039063
2020-01-22,29186.269531
2020-01-23,29160.089844
2020-01-24,28989.730469
2020-01-27,28535.800781
2020-01-28,28722.849609
2020-01-29,28734.449219
2020-01-30,28859.439453
2020-01-31,28256.029297
2020-02-03,28399.810547
2020-02-04,28807.630859
2020-02-05,29290.849609
2020-02-06,29379.769531
2020-02-07,29102.509766
2020-02-10,29276.820313
2020-02-11,29276.339844
2020-02-12,29551.419922
2020-02-13,29423.310547
2020-02-14,29398.080078
2020-02-18,29232.189453
2020-02-19,29348.029297
2020-02-20,29219.980469
2020-02-21,28992.410156
2020-02-24,27960.800781
2020-02-25,27081.359375
2020-02-26,26957.589844
2020-02-27,25766.640625
2020-02-28,25409.359375
2020-03-02,26703.320313
2020-03-03,25917.410156
2020-03-04,27090.859375
2020-03-05,26121.279297
2020-03-06,25864.779297
2020-03-09,23851.019531
2020-03-10,25018.160156
2020-03-11,23553.220703
2020-03-12,21200.619141
2020-03-13,23185.619141
2020-03-16,20188.519531
2020-03-17,21237.380859
2020-03-18,19898.919922
2020-03-19,20087.189453
2020-03-20,19173.980469
2020-03-23,18591.929688
2020-03-24,20704.910156
2020-03-25,21200.550781
2020-03-26,22552.169922
2020-03-27,21636.779297
2020-03-30,22327.480469
2020-03-31,21917.160156
2020-04-01,20943.509766
2020-04-02,21413.439453
2020-04-03,21052.529297
2020-04-06,22679.990234
2020-04-07,22653.859375
2020-04-08,23433.570313
2020-04-09,23719.369141
2020-04-13,23390.769531
2020-04-14,23949.759766
2020-04-15,23504.349609
2020-04-16,23537.679688
2020-04-17,24242.490234
2020-04-20,23650.439453
2020-04-21,23018.880859
2020-04-22,23475.820313
2020-04-23,23515.259766
2020-04-24,23775.269531
2020-04-27,24133.779297
2020-04-28,24101.550781
2020-04-29,24633.859375
2020-04-30,24345.720703
2020-05-01,23723.689453
2020-05-04,23749.759766
2020-05-05,23883.089844
2020-05-06,23664.640625
2020-05-07,23875.890625
2020-05-08,24331.320313
2020-05-11,24221.990234
2020-05-12,23764.779297
2020-05-13,23247.970703
2020-05-14,23625.339844
2020-05-15,23685.419922
2020-05-18,24597.369141
2020-05-19,24206.859375
2020-05-20,24575.900391
2020-05-21,24474.119141
2020-05-22,24465.160156
2020-05-26,24995.109375
2020-05-27,25548.269531
2020-05-28,25400.640625
2020-05-29,25383.109375
2020-06-01,25475.019531
2020-06-02,25742.650391
2020-06-03,26269.890625
2020-06-04,26281.820313
2020-06-05,27110.980469
2020-06-08,27572.439453
2020-06-09,27272.300781
2020-06-10,26989.990234
2020-06-11,25128.169922
2020-06-12,25605.539063
2020-06-15,25763.160156
2020-06-16,26289.980469
2020-06-17,26119.609375
2020-06-18,26080.099609
2020-06-19,25871.460938
2020-06-22,26024.960938
2020-06-23,26156.099609
2020-06-24,25445.939453
2020-06-25,25745.599609
2020-06-26,25015.550781
2020-06-29,25595.800781
2020-06-30,25812.880859
2020-07-01,25734.970703
2020-07-02,25827.359375
2020-07-06,26287.029297
2020-07-07,25890.179688
2020-07-08,26067.279297
2020-07-09,25706.089844
2020-07-10,26075.300781
2020-07-13,26085.800781
2020-07-14,26642.589844
2020-07-15,26870.099609
2020-07-16,26734.710938
2020-07-17,26671.949219
2020-07-20,26680.869141
2020-07-21,26840.400391
2020-07-22,27005.839844
2020-07-23,26652.330078
2020-07-24,26469.890625
2020-07-27,26584.769531
2020-07-28,26379.279297
2020-07-29,26539.570313
2020-07-30,26313.650391
2020-07-31,26428.320313
2020-08-03,26664.400391
2020-08-04,26828.470703
2020-08-05,27201.519531
2020-08-06,27386.980469
2020-08-07,27433.480469
2020-08-10,27791.439453
2020-08-11,27686.910156
2020-08-12,27976.839844
2020-08-13,27896.720703
2020-08-14,27931.019531
2020-08-17,27844.910156
2020-08-18,27778.070313
2020-08-19,27692.880859
2020-08-20,27739.730469
2020-08-21,27930.330078
2020-08-24,28308.460938
2020-08-25,28248.439453
2020-08-26,28331.919922
2020-08-27,28492.269531
2020-08-28,28653.869141
2020-08-31,28430.050781
2020-09-01,28645.660156
2020-09-02,29100.500000
2020-09-03,28292.730469
2020-09-04,28133.310547
2020-09-08,27500.890625
2020-09-09,27940.470703
2020-09-10,27534.580078
2020-09-11,27665.640625
2020-09-14,27993.330078
2020-09-15,27995.599609
2020-09-16,28032.380859
2020-09-17,27901.980469
2020-09-18,27657.419922
2020-09-21,27147.699219
2020-09-22,27288.179688
2020-09-23,26763.130859
2020-09-24,26815.439453
2020-09-25,27173.960938
2020-09-28,27584.060547
2020-09-29,27452.660156
2020-09-30,27781.699219
2020-10-01,27816.900391
2020-10-02,27682.810547
2020-10-05,28148.640625
2020-10-06,27772.759766
2020-10-07,28303.460938
2020-10-08,28425.509766
2020-10-09,28586.900391
2020-10-12,28837.519531
2020-10-13,28679.810547
2020-10-14,28514.000000
2020-10-15,28494.199219
2020-10-16,28606.310547
2020-10-19,28195.419922
2020-10-20,28308.789063
2020-10-21,28210.820313
2020-10-22,28363.660156
2020-10-23,28335.570313
2020-10-26,27685.380859
2020-10-27,27463.189453
2020-10-28,26519.949219
2020-10-29,26659.109375
2020-10-30,26501.599609
2020-11-02,26925.050781
2020-11-03,27480.029297
2020-11-04,27847.660156
2020-11-05,28390.179688
2020-11-06,28323.400391
2020-11-09,29157.970703
2020-11-10,29420.919922
2020-11-11,29397.630859
2020-11-12,29080.169922
2020-11-13,29479.810547
2020-11-16,29950.439453
2020-11-17,29783.349609
2020-11-18,29438.419922
2020-11-19,29483.230469
2020-11-20,29263.480469
2020-11-23,29591.269531
2020-11-24,30046.240234
2020-11-25,29872.470703
2020-11-27,29910.369141
2020-11-30,29638.640625
2020-12-01,29823.919922
2020-12-02,29883.789063
2020-12-03,29969.519531
2020-12-04,30218.259766
2020-12-07,30069.789063
2020-12-08,30173.880859
2020-12-09,30068.810547
2020-12-10,29999.259766
2020-12-11,30046.369141
2020-12-14,29861.550781
2020-12-15,30199.310547
2020-12-16,30154.539063
2020-12-17,30303.369141
2020-12-18,30179.050781
2020-12-21,30216.449219
2020-12-22,30015.509766
2020-12-23,30129.830078
2020-12-24,30199.869141
2020-12-28,30403.970703
2020-12-29,30335.669922
2020-12-30,30409.560547
2020-12-31,30606.480469
2021-01-04,30223.890625
2021-01-05,30391.599609
2021-01-06,30829.400391
2021-01-07,31041.130859
2021-01-08,31097.970703
2021-01-11,31008.689453
2021-01-12,31068.689453
2021-01-13,31060.470703
2021-01-14,30991.519531
2021-01-15,30814.259766
2021-01-19,30930.519531
2021-01-20,31188.380859
2021-01-21,31176.009766
2021-01-22,30996.980469
2021-01-25,30960.000000
2021-01-26,30937.039063
2021-01-27,30303.169922
2021-01-28,30603.359375
2021-01-29,29982.619141
2021-02-01,30211.910156
2021-02-02,30687.480469
2021-02-03,30723.599609
2021-02-04,31055.859375
2021-02-05,31148.240234
2021-02-08,31385.759766
2021-02-09,31375.830078
2021-02-10,31437.800781
2021-02-11,31430.699219
2021-02-12,31458.400391
2021-02-16,31522.750000
2021-02-17,31613.019531
2021-02-18,31493.339844
2021-02-19,31494.320313
2021-02-22,31521.689453
2021-02-23,31537.349609
2021-02-24,31961.859375
2021-02-25,31402.009766
2021-02-26,30932.369141
2021-03-01,31535.509766
2021-03-02,31391.519531
2021-03-03,31270.089844
2021-03-04,30924.140625
2021-03-05,31496.300781
2021-03-08,31802.439453
2021-03-09,31832.740234
2021-03-10,32297.019531
2021-03-11,32485.589844
2021-03-12,32778.640625
2021-03-15,32953.460938
2021-03-16,32825.949219
2021-03-17,33015.371094
2021-03-18,32862.300781
2021-03-19,32627.970703
2021-03-22,32731.199219
2021-03-23,32423.150391
2021-03-24,32420.060547
2021-03-25,32619.480469
2021-03-26,33072.878906
2021-03-29,33171.371094
2021-03-30,33066.960938
2021-03-31,32981.550781
2021-04-01,33153.210938
2021-04-05,33527.191406
2021-04-06,33430.238281
2021-04-07,33446.261719
2021-04-08,33503.570313
2021-04-09,33800.601563
2021-04-12,33745.398438
2021-04-13,33677.269531
2021-04-14,33730.890625
2021-04-15,34035.988281
2021-04-16,34200.671875
2021-04-19,34077.628906
2021-04-20,33821.300781
2021-04-21,34137.308594
2021-04-22,33815.898438
2021-04-23,34043.488281
2021-04-26,33981.570313
2021-04-27,33984.929688
2021-04-28,33820.378906
2021-04-29,34060.359375
2021-04-30,33874.851563
2021-05-03,34113.230469
2021-05-04,34133.031250
2021-05-05,34230.339844
2021-05-06,34548.531250
2021-05-07,34777.761719
2021-05-10,34742.820313
2021-05-11,34269.160156
2021-05-12,33587.660156
2021-05-13,34021.449219
2021-05-14,34382.128906
2021-05-17,34327.789063
2021-05-18,34060.660156
2021-05-19,33896.039063
2021-05-20,34084.148438
2021-05-21,34207.839844
2021-05-24,34393.980469
2021-05-25,34312.460938
2021-05-26,34323.050781
2021-05-27,34464.640625
2021-05-28,34529.449219
2021-06-01,34575.308594
2021-06-02,34600.378906
2021-06-03,34577.039063
2021-06-04,34756.390625
2021-06-07,34630.238281
2021-06-08,34599.820313
2021-06-09,34447.140625
2021-06-10,34466.238281
2021-06-11,34479.601563
2021-06-14,34393.750000
2021-06-15,34299.328125
2021-06-16,34033.671875
2021-06-17,33823.449219
2021-06-18,33290.078125
2021-06-21,33876.968750
2021-06-22,33945.578125
2021-06-23,33874.238281
2021-06-24,34196.820313
2021-06-25,34433.839844
2021-06-28,34283.269531
2021-06-29,34292.289063
2021-06-30,34502.511719
2021-07-01,34633.531250
2021-07-02,34786.351563
2021-07-06,34577.371094
2021-07-07,34681.789063
2021-07-08,34421.929688
2021-07-09,34870.160156
2021-07-12,34996.179688
2021-07-13,34888.789063
2021-07-14,34933.230469
2021-07-15,34987.019531
2021-07-16,34687.851563
2021-07-19,33962.039063
2021-07-20,34511.988281
2021-07-21,34798.000000
2021-07-22,34823.351563
2021-07-23,35061.550781
2021-07-26,35144.308594
2021-07-27,35058.519531
2021-07-28,34930.929688
2021-07-29,35084.531250
2021-07-30,34935.468750
2021-08-02,34838.160156
2021-08-03,35116.398438
2021-08-04,34792.671875
2021-08-05,35064.250000
2021-08-06,35208.511719
2021-08-09,35101.851563
2021-08-10,35264.671875
2021-08-11,35484.968750
2021-08-12,35499.851563
2021-08-13,35515.378906
2021-08-16,35625.398438
2021-08-17,35343.281250
2021-08-18,34960.691406
2021-08-19,34894.121094
2021-08-20,35120.078125
2021-08-23,35335.710938
2021-08-24,35366.261719
2021-08-25,35405.500000
2021-08-26,35213.121094
2021-08-27,35455.800781
2021-08-30,35399.839844
2021-08-31,35360.730469
2021-09-01,35312.531250
2021-09-02,35443.820313
2021-09-03,35369.089844
2021-09-07,35100.000000
2021-09-08,35031.070313
2021-09-09,34879.378906
2021-09-10,34607.718750
2021-09-13,34869.628906
2021-09-14,34577.570313
2021-09-15,34814.390625
2021-09-16,34751.320313
2021-09-17,34584.878906
2021-09-20,33970.468750
2021-09-21,33919.839844
2021-09-22,34258.320313
2021-09-23,34764.820313
2021-09-24,34798.000000
2021-09-27,34869.371094
2021-09-28,34299.988281
2021-09-29,34390.718750
2021-09-30,33843.921875
2021-10-01,34326.460938
2021-10-04,34002.921875
2021-10-05,34314.671875
2021-10-06,34416.988281
2021-10-07,34754.941406
2021-10-08,34746.250000
2021-10-11,34496.058594
2021-10-12,34378.339844
2021-10-13,34377.808594
2021-10-14,34912.558594
2021-10-15,35294.761719
2021-10-18,35258.609375
2021-10-19,35457.308594
2021-10-20,35609.339844
2021-10-21,35603.078125
2021-10-22,35677.019531
2021-10-25,35741.148438
2021-10-26,35756.878906
2021-10-27,35490.691406
2021-10-28,35730.480469
2021-10-29,35819.558594
2021-11-01,35913.839844
2021-11-02,36052.628906
2021-11-03,36157.578125
2021-11-04,36124.230469
2021-11-05,36327.949219
2021-11-08,36432.218750
2021-11-09,36319.980469
2021-11-10,36079.941406
2021-11-11,35921.230469
2021-11-12,36100.308594
2021-11-15,36087.449219
2021-11-16,36142.218750
2021-11-17,35931.050781
2021-11-18,35870.949219
2021-11-19,35601.980469
2021-11-22,35619.250000
2021-11-23,35813.800781
2021-11-24,35804.378906
2021-11-26,34899.339844
2021-11-29,35135.941406
2021-11-30,34483.718750
2021-12-01,34022.039063
2021-12-02,34639.789063
2021-12-03,34580.078125
2021-12-06,35227.031250
2021-12-07,35719.429688
2021-12-08,35754.750000
2021-12-09,35754.691406
2021-12-10,35970.988281
2021-12-13,35650.949219
2021-12-14,35544.179688
2021-12-15,35927.429688
2021-12-16,35897.640625
2021-12-17,35365.441406
2021-12-20,34932.160156
2021-12-21,35492.699219
2021-12-22,35753.890625
2021-12-23,35950.558594
2021-12-27,36302.378906
2021-12-28,36398.210938
2021-12-29,36488.628906
2021-12-30,36398.078125
2021-12-31,36338.300781
2022-01-03,36585.058594
2022-01-04,36799.648438
2022-01-05,36407.109375
2022-01-06,36236.468750
2022-01-07,36231.660156
2022-01-10,36068.871094
2022-01-11,36252.019531
2022-01-12,36290.320313
2022-01-13,36113.621094
2022-01-14,35911.808594
2022-01-18,35368.468750
2022-01-19,35028.648438
2022-01-20,34715.390625
2022-01-21,34265.371094
2022-01-24,34364.500000
2022-01-25,34297.730469
2022-01-26,34168.089844
2022-01-27,34160.781250
2022-01-28,34725.468750
2022-01-31,35131.859375
2022-02-01,35405.238281
2022-02-02,35629.328125
2022-02-03,35111.160156
2022-02-04,35089.738281
2022-02-07,35091.128906
2022-02-08,35462.781250
2022-02-09,35768.058594
2022-02-10,35241.589844
2022-02-11,34738.058594
2022-02-14,34566.171875
2022-02-15,34988.839844
2022-02-16,34934.269531
2022-02-17,34312.031250
2022-02-18,34079.179688
2022-02-22,33596.609375
2022-02-23,33131.761719
2022-02-24,33223.828125
2022-02-25,34058.750000
2022-02-28,33892.601563
2022-03-01,33294.949219
2022-03-02,33891.351563
2022-03-03,33794.660156
2022-03-04,33614.800781
2022-03-07,32817.378906
2022-03-08,32632.640625
2022-03-09,33286.250000
2022-03-10,33174.070313
2022-03-11,32944.191406
2022-03-14,32945.238281
2022-03-15,33544.339844
2022-03-16,34063.101563
2022-03-17,34480.761719
2022-03-18,34754.929688
2022-03-21,34552.988281
2022-03-22,34807.460938
2022-03-23,34358.500000
2022-03-24,34707.941406
2022-03-25,34861.238281
2022-03-28,34955.890625
2022-03-29,35294.191406
2022-03-30,35228.808594
2022-03-31,34678.351563
2022-04-01,34818.269531
2022-04-04,34921.878906
2022-04-05,34641.179688
2022-04-06,34496.511719
2022-04-07,34583.570313
2022-04-08,34721.121094
2022-04-11,34308.078125
2022-04-12,34220.359375
2022-04-13,34564.589844
2022-04-14,34451.230469
2022-04-18,34411.691406
2022-04-19,34911.199219
2022-04-20,35160.789063
2022-04-21,34792.761719
2022-04-22,33811.398438
2022-04-25,34049.460938
2022-04-26,33240.179688
2022-04-27,33301.929688
2022-04-28,33916.390625
2022-04-29,32977.210938
2022-05-02,33061.500000
2022-05-03,33128.789063
2022-05-04,34061.058594
2022-05-05,32997.968750
2022-05-06,32899.371094
2022-05-09,32245.699219
2022-05-10,32160.740234
2022-05-11,31834.109375
2022-05-12,31730.300781
2022-05-13,32196.660156
2022-05-16,32223.419922
2022-05-17,32654.589844
2022-05-18,31490.070313
2022-05-19,31253.130859
2022-05-20,31261.900391
2022-05-23,31880.240234
2022-05-24,31928.619141
2022-05-25,32120.279297
2022-05-26,32637.189453
2022-05-27,33212.960938
2022-05-31,32990.121094
2022-06-01,32813.230469
2022-06-02,33248.281250
2022-06-03,32899.699219
2022-06-06,32915.781250
2022-06-07,33180.140625
2022-06-08,32910.898438
2022-06-09,32272.789063
2022-06-10,31392.789063
2022-06-13,30516.740234
2022-06-14,30364.830078
2022-06-15,30668.529297
2022-06-16,29927.070313
2022-06-17,29888.779297
2022-06-21,30530.250000
2022-06-22,30483.130859
2022-06-23,30677.359375
2022-06-24,31500.679688
2022-06-27,31438.259766
2022-06-28,30946.990234
2022-06-29,31029.310547
2022-06-30,30775.429688
2022-07-01,31097.259766
2022-07-05,30967.820313
2022-07-06,31037.679688
2022-07-07,31384.550781
2022-07-08,31338.150391
2022-07-11,31173.839844
2022-07-12,30981.330078
2022-07-13,30772.789063
2022-07-14,30630.169922
2022-07-15,31288.259766
2022-07-18,31072.609375
2022-07-19,31827.050781
2022-07-20,31874.839844
2022-07-21,32036.900391
2022-07-22,31899.289063
2022-07-25,31990.039063
2022-07-26,31761.539063
2022-07-27,32197.589844
2022-07-28,32529.630859
2022-07-29,32845.128906
2022-08-01,32798.398438
2022-08-02,32396.169922
2022-08-03,32812.500000
2022-08-04,32726.820313
2022-08-05,32803.468750
2022-08-08,32832.539063
2022-08-09,32774.410156
2022-08-10,33309.511719
2022-08-11,33336.671875
2022-08-12,33761.050781
2022-08-15,33912.441406
2022-08-16,34152.011719
2022-08-17,33980.320313
2022-08-18,33999.039063
2022-08-19,33706.738281
2022-08-22,33063.609375
2022-08-23,32909.589844
2022-08-24,32969.230469
2022-08-25,33291.781250
2022-08-26,32283.400391
2022-08-29,32098.990234
2022-08-30,31790.869141
2022-08-31,31510.429688
2022-09-01,31656.419922
2022-09-02,31318.439453
2022-09-06,31145.300781
2022-09-07,31581.279297
2022-09-08,31774.519531
2022-09-09,32151.710938
2022-09-12,32381.339844
2022-09-13,31104.970703
2022-09-14,31135.089844
2022-09-15,30961.820313
2022-09-16,30822.419922
2022-09-19,31019.679688
2022-09-20,30706.230469
2022-09-21,30183.779297
2022-09-22,30076.679688
2022-09-23,29590.410156
2022-09-26,29260.810547
2022-09-27,29134.990234
2022-09-28,29683.740234
2022-09-29,29225.609375
2022-09-30,28725.509766
2022-10-03,29490.890625
2022-10-04,30316.320313
2022-10-05,30273.869141
2022-10-06,29926.939453
2022-10-07,29296.789063
2022-10-10,29202.880859
2022-10-11,29239.189453
2022-10-12,29210.849609
2022-10-13,30038.720703
2022-10-14,29634.830078
2022-10-17,30185.820313
2022-10-18,30523.800781
2022-10-19,30423.810547
2022-10-20,30333.589844
2022-10-21,31082.560547
2022-10-24,31499.619141
2022-10-25,31836.740234
2022-10-26,31839.109375
2022-10-27,32033.279297
2022-10-28,32861.800781
2022-10-31,32732.949219
2022-11-01,32653.199219
2022-11-02,32147.759766
2022-11-03,32001.250000
2022-11-04,32403.220703
2022-11-07,32827.000000
2022-11-08,33160.828125
2022-11-09,32513.939453
2022-11-10,33715.371094
2022-11-11,33747.859375
2022-11-14,33536.699219
2022-11-15,33592.921875
2022-11-16,33553.828125
2022-11-17,33546.320313
2022-11-18,33745.691406
2022-11-21,33700.281250
2022-11-22,34098.101563
2022-11-23,34194.058594
2022-11-25,34347.031250
2022-11-28,33849.460938
2022-11-29,33852.531250
2022-11-30,34589.769531
2022-12-01,34395.011719
2022-12-02,34429.878906
2022-12-05,33947.101563
2022-12-06,33596.339844
2022-12-07,33597.921875
2022-12-08,33781.480469
2022-12-09,33476.460938
2022-12-12,34005.039063
2022-12-13,34108.640625
2022-12-14,33966.351563
2022-12-15,33202.218750
2022-12-16,32920.460938
2022-12-19,32757.539063
2022-12-20,32849.738281
2022-12-21,33376.480469
2022-12-22,33027.488281
2022-12-23,33203.929688
2022-12-27,33241.558594
2022-12-28,32875.710938
2022-12-29,33220.800781
2022-12-30,33147.250000
2023-01-03,33136.371094
2023-01-04,33269.769531
2023-01-05,32930.078125
2023-01-06,33630.609375
2023-01-09,33517.648438
2023-01-10,33704.101563
2023-01-11,33973.011719
2023-01-12,34189.968750
2023-01-13,34302.609375
2023-01-17,33910.851563
2023-01-18,33296.960938
2023-01-19,33044.558594
2023-01-20,33375.488281
2023-01-23,33629.558594
2023-01-24,33733.960938
2023-01-25,33743.839844
2023-01-26,33949.410156
2023-01-27,33978.078125
2023-01-30,33717.089844
2023-01-31,34086.039063
2023-02-01,34092.960938
2023-02-02,34053.941406
2023-02-03,33926.011719
2023-02-06,33891.019531
2023-02-07,34156.691406
2023-02-08,33949.011719
2023-02-09,33699.878906
2023-02-10,33869.269531
2023-02-13,34245.929688
2023-02-14,34089.269531
2023-02-15,34128.050781
2023-02-16,33696.851563
2023-02-17,33826.691406
2023-02-21,33129.589844
2023-02-22,33045.089844
2023-02-23,33153.910156
2023-02-24,32816.921875
2023-02-27,32889.089844
2023-02-28,32656.699219
2023-03-01,32661.839844
2023-03-02,33003.570313
2023-03-03,33390.968750
2023-03-06,33431.441406
2023-03-07,32856.460938
2023-03-08,32798.398438
2023-03-09,32254.859375
2023-03-10,31909.640625
2023-03-13,31819.140625
2023-03-14,32155.400391
2023-03-15,31874.570313
2023-03-16,32246.550781
2023-03-17,31861.980469
2023-03-20,32244.580078
2023-03-21,32560.599609
2023-03-22,32030.109375
2023-03-23,32105.250000
2023-03-24,32237.529297
2023-03-27,32432.080078
2023-03-28,32394.250000
2023-03-29,32717.599609
2023-03-30,32859.031250
2023-03-31,33274.148438
2023-04-03,33601.148438
2023-04-04,33402.378906
2023-04-05,33482.718750
2023-04-06,33485.289063
2023-04-10,33586.519531
2023-04-11,33684.789063
2023-04-12,33646.500000
2023-04-13,34029.691406
2023-04-14,33886.468750
2023-04-17,33987.179688
2023-04-18,33976.628906
2023-04-19,33897.011719
2023-04-20,33786.621094
2023-04-21,33808.960938
2023-04-24,33875.398438
2023-04-25,33530.828125
2023-04-26,33301.871094
2023-04-27,33826.160156
2023-04-28,34098.160156
2023-05-01,34051.699219
2023-05-02,33684.531250
2023-05-03,33414.238281
2023-05-04,33127.738281
2023-05-05,33674.378906
2023-05-08,33618.691406
2023-05-09,33561.808594
2023-05-10,33531.328125
2023-05-11,33309.511719
2023-05-12,33300.621094
2023-05-15,33348.601563
2023-05-16,33012.140625
2023-05-17,33420.769531
2023-05-18,33535.910156
2023-05-19,33426.628906
2023-05-22,33286.578125
2023-05-23,33055.511719
2023-05-24,32799.921875
2023-05-25,32764.650391
2023-05-26,33093.339844
2023-05-30,33042.781250
2023-05-31,32908.269531
2023-06-01,33061.570313
2023-06-02,33762.761719
2023-06-05,33562.859375
2023-06-06,33573.281250
2023-06-07,33665.019531
2023-06-08,33833.609375
2023-06-09,33876.781250
2023-06-12,34066.328125
2023-06-13,34212.121094
2023-06-14,33979.328125
2023-06-15,34408.058594
2023-06-16,34299.121094
2023-06-20,34053.871094
2023-06-21,33951.519531
2023-06-22,33946.710938
2023-06-23,33727.429688
2023-06-26,33714.710938
2023-06-27,33926.738281
2023-06-28,33852.660156
2023-06-29,34122.421875
2023-06-30,34407.601563
2023-07-03,34418.468750
2023-07-05,34288.640625
2023-07-06,33922.261719
2023-07-07,33734.878906
2023-07-10,33944.398438
2023-07-11,34261.421875
2023-07-12,34347.429688
2023-07-13,34395.140625
2023-07-14,34509.031250
2023-07-17,34585.351563
2023-07-18,34951.929688
2023-07-19,35061.210938
2023-07-20,35225.179688
2023-07-21,35227.691406
2023-07-24,35411.238281
2023-07-25,35438.070313
2023-07-26,35520.121094
2023-07-27,35282.718750
2023-07-28,35459.289063
2023-07-31,35559.531250
2023-08-01,35630.679688
2023-08-02,35282.519531
2023-08-03,35215.890625
2023-08-04,35065.621094
2023-08-07,35473.128906
2023-08-08,35314.488281
2023-08-09,35123.359375
2023-08-10,35176.148438
2023-08-11,35281.398438
2023-08-14,35307.628906
2023-08-15,34946.390625
2023-08-16,34765.738281
2023-08-17,34474.828125
2023-08-18,34500.660156
2023-08-21,34463.691406
2023-08-22,34288.828125
2023-08-23,34472.980469
2023-08-24,34099.421875
2023-08-25,34346.898438
2023-08-28,34559.980469
2023-08-29,34852.671875
2023-08-30,34890.238281
2023-08-31,34721.910156
2023-09-01,34837.710938
2023-09-05,34641.968750
2023-09-06,34443.191406
2023-09-07,34500.730469
2023-09-08,34576.589844
2023-09-11,34663.718750
2023-09-12,34645.988281
2023-09-13,34575.531250
2023-09-14,34907.109375
2023-09-15,34618.238281
2023-09-18,34624.300781
2023-09-19,34517.730469
2023-09-20,34440.878906
2023-09-21,34070.421875
2023-09-22,33963.839844
2023-09-25,34006.878906
2023-09-26,33618.878906
2023-09-27,33550.269531
2023-09-28,33666.339844
2023-09-29,33507.500000
2023-10-02,33433.351563
2023-10-03,33002.378906
2023-10-04,33129.550781
2023-10-05,33119.570313
2023-10-06,33407.578125
2023-10-09,33604.648438
2023-10-10,33739.300781
2023-10-11,33804.871094
2023-10-12,33631.140625
2023-10-13,33670.289063
2023-10-16,33984.539063
2023-10-17,33997.648438
2023-10-18,33665.078125
2023-10-19,33414.171875
2023-10-20,33127.281250
2023-10-23,32936.410156
2023-10-24,33141.378906
2023-10-25,33035.929688
2023-10-26,32784.300781
2023-10-27,32417.589844
2023-10-30,32928.960938
2023-10-31,33052.871094
2023-11-01,33274.578125
2023-11-02,33839.078125
2023-11-03,34061.320313
2023-11-06,34095.859375
2023-11-07,34152.601563
2023-11-08,34112.269531
2023-11-09,33891.941406
2023-11-10,34283.101563
2023-11-13,34337.871094
2023-11-14,34827.699219
2023-11-15,34991.210938
2023-11-16,34945.468750
2023-11-17,34947.281250
2023-11-20,35151.039063
2023-11-21,35088.289063
