date,value
1999-01-04,1.61422
1999-01-05,1.61049
1999-01-06,1.61182
1999-01-07,1.61800
1999-01-08,1.61410
1999-01-11,1.61050
1999-01-12,1.60393
1999-01-13,1.58926
1999-01-14,1.59182
1999-01-15,1.59789
1999-01-19,1.59666
1999-01-20,1.60921
1999-01-21,1.60396
1999-01-22,1.60169
1999-01-25,1.59877
1999-01-26,1.60570
1999-01-27,1.60873
1999-01-28,1.61406
1999-01-29,1.61110
1999-02-01,1.60868
1999-02-02,1.59844
1999-02-03,1.60279
1999-02-04,1.60204
1999-02-05,1.59912
1999-02-08,1.60115
1999-02-09,1.60260
1999-02-10,1.59581
1999-02-11,1.59986
1999-02-12,1.59713
1999-02-16,1.59897
1999-02-17,1.59989
1999-02-18,1.59933
1999-02-19,1.60173
1999-02-22,1.59857
1999-02-23,1.59338
1999-02-24,1.59315
1999-02-25,1.58771
1999-02-26,1.59373
1999-03-01,1.59225
1999-03-02,1.59401
1999-03-03,1.59081
1999-03-04,1.59108
1999-03-05,1.59232
1999-03-08,1.59259
1999-03-09,1.59563
1999-03-10,1.59662
1999-03-11,1.60544
1999-03-12,1.59755
1999-03-15,1.60236
1999-03-16,1.60063
1999-03-17,1.59522
1999-03-18,1.59732
1999-03-19,1.59694
1999-03-22,1.59790
1999-03-23,1.59253
1999-03-24,1.59168
1999-03-25,1.59593
1999-03-26,1.59486
1999-03-29,1.59419
1999-03-30,1.59798
1999-03-31,1.59695
1999-04-01,1.59677
1999-04-02,1.59677
1999-04-05,1.59640
1999-04-06,1.59586
1999-04-07,1.59679
1999-04-08,1.59541
1999-04-09,1.59983
1999-04-12,1.60414
1999-04-13,1.60630
1999-04-14,1.60386
1999-04-15,1.60465
1999-04-16,1.60250
1999-04-19,1.60146
1999-04-20,1.60147
1999-04-21,1.60034
1999-04-22,1.59972
1999-04-23,1.60262
1999-04-26,1.60246
1999-04-27,1.60633
1999-04-28,1.60690
1999-04-29,1.60877
1999-04-30,1.61177
1999-05-03,1.61226
1999-05-04,1.60699
1999-05-05,1.60590
1999-05-06,1.60828
1999-05-07,1.60737
1999-05-10,1.60680
1999-05-11,1.60785
1999-05-12,1.60250
1999-05-13,1.60238
1999-05-14,1.60362
1999-05-17,1.60224
1999-05-18,1.60406
1999-05-19,1.60140
1999-05-20,1.60338
1999-05-21,1.60514
1999-05-24,1.60117
1999-05-25,1.59327
1999-05-26,1.59372
1999-05-27,1.59359
1999-05-28,1.59250
1999-06-01,1.59143
1999-06-02,1.59140
1999-06-03,1.59211
1999-06-04,1.58887
1999-06-07,1.58808
1999-06-08,1.59186
1999-06-09,1.59369
1999-06-10,1.59665
1999-06-11,1.59796
1999-06-14,1.59358
1999-06-15,1.59581
1999-06-16,1.59530
1999-06-17,1.59643
1999-06-18,1.59793
1999-06-21,1.59575
1999-06-22,1.59544
1999-06-23,1.59666
1999-06-24,1.59683
1999-06-25,1.59753
1999-06-28,1.59917
1999-06-29,1.60172
1999-06-30,1.60377
1999-07-01,1.60610
1999-07-02,1.60602
1999-07-06,1.60398
1999-07-07,1.60413
1999-07-08,1.60422
1999-07-09,1.60691
1999-07-12,1.60479
1999-07-13,1.60547
1999-07-14,1.60541
1999-07-15,1.60552
1999-07-16,1.60647
1999-07-19,1.60575
1999-07-20,1.60519
1999-07-21,1.60705
1999-07-22,1.60624
1999-07-23,1.60533
1999-07-26,1.60496
1999-07-27,1.60096
1999-07-28,1.59872
1999-07-29,1.59717
1999-07-30,1.59609
1999-08-02,1.59861
1999-08-03,1.59938
1999-08-04,1.59996
1999-08-05,1.59795
1999-08-06,1.60075
1999-08-09,1.60111
1999-08-10,1.60144
1999-08-11,1.60154
1999-08-12,1.60179
1999-08-13,1.60171
1999-08-16,1.60188
1999-08-17,1.60141
1999-08-18,1.59996
1999-08-19,1.59908
1999-08-20,1.59685
1999-08-23,1.59825
1999-08-24,1.60139
1999-08-25,1.60216
1999-08-26,1.60148
1999-08-27,1.60073
1999-08-30,1.60142
1999-08-31,1.60089
1999-09-01,1.60159
1999-09-02,1.59679
1999-09-03,1.59841
1999-09-07,1.59856
1999-09-08,1.59939
1999-09-09,1.59958
1999-09-10,1.60599
1999-09-13,1.60426
1999-09-14,1.60366
1999-09-15,1.60505
1999-09-16,1.60267
1999-09-17,1.60576
1999-09-20,1.60647
1999-09-21,1.60335
1999-09-22,1.60300
1999-09-23,1.60310
1999-09-24,1.60126
1999-09-27,1.60227
1999-09-28,1.60151
1999-09-29,1.59998
1999-09-30,1.59877
1999-10-01,1.59346
1999-10-04,1.59242
1999-10-05,1.59260
1999-10-06,1.59227
1999-10-07,1.59322
1999-10-08,1.59456
1999-10-12,1.59244
1999-10-13,1.59118
1999-10-14,1.59125
1999-10-15,1.58868
1999-10-18,1.58809
1999-10-19,1.59040
1999-10-20,1.59221
1999-10-21,1.59209
1999-10-22,1.59904
1999-10-25,1.59898
1999-10-26,1.60091
1999-10-27,1.60084
1999-10-28,1.60282
1999-10-29,1.60318
1999-11-01,1.60468
1999-11-02,1.60801
1999-11-03,1.60889
1999-11-04,1.61144
1999-11-05,1.61342
1999-11-08,1.60984
1999-11-09,1.60859
1999-11-10,1.60697
1999-11-12,1.60650
1999-11-15,1.60495
1999-11-16,1.60276
1999-11-17,1.60314
1999-11-18,1.60255
1999-11-19,1.60303
1999-11-22,1.60178
1999-11-23,1.59963
1999-11-24,1.59978
1999-11-26,1.60112
1999-11-29,1.60368
1999-11-30,1.60147
1999-12-01,1.60145
1999-12-02,1.59868
1999-12-03,1.59505
1999-12-06,1.60016
1999-12-07,1.59920
1999-12-08,1.60099
1999-12-09,1.59937
1999-12-10,1.59945
1999-12-13,1.60247
1999-12-14,1.60022
1999-12-15,1.60087
1999-12-16,1.60240
1999-12-17,1.60274
1999-12-20,1.60056
1999-12-21,1.59941
1999-12-22,1.59893
1999-12-23,1.60248
1999-12-24,1.60573
1999-12-27,1.60501
1999-12-28,1.60491
1999-12-29,1.60492
1999-12-30,1.60535
1999-12-31,1.60423
2000-01-03,1.60536
2000-01-04,1.60464
2000-01-05,1.60459
2000-01-06,1.60438
2000-01-07,1.60830
2000-01-10,1.61001
2000-01-11,1.61076
2000-01-12,1.60995
2000-01-13,1.61313
2000-01-14,1.61485
2000-01-18,1.61356
2000-01-19,1.61491
2000-01-20,1.61263
2000-01-21,1.61327
2000-01-24,1.61206
2000-01-25,1.61512
2000-01-26,1.61197
2000-01-27,1.61379
2000-01-28,1.60971
2000-01-31,1.60943
2000-02-01,1.60958
2000-02-02,1.61184
2000-02-03,1.60718
2000-02-04,1.60746
2000-02-07,1.60693
2000-02-08,1.60759
2000-02-09,1.60920
2000-02-10,1.60600
2000-02-11,1.60561
2000-02-14,1.60781
2000-02-15,1.60586
2000-02-16,1.60437
2000-02-17,1.60509
2000-02-18,1.60382
2000-02-22,1.60795
2000-02-23,1.61094
2000-02-24,1.60890
2000-02-25,1.60842
2000-02-28,1.60656
2000-02-29,1.60704
2000-03-01,1.60714
2000-03-02,1.60773
2000-03-03,1.60739
2000-03-06,1.60857
2000-03-07,1.60707
2000-03-08,1.60586
2000-03-09,1.60711
2000-03-10,1.60929
2000-03-13,1.61138
2000-03-14,1.61202
2000-03-15,1.61121
2000-03-16,1.61113
2000-03-17,1.61109
2000-03-20,1.61229
2000-03-21,1.61217
2000-03-22,1.60934
2000-03-23,1.60112
2000-03-24,1.58820
2000-03-27,1.58835
2000-03-28,1.59129
2000-03-29,1.59286
2000-03-30,1.59311
2000-03-31,1.59215
2000-04-03,1.58576
2000-04-04,1.58198
2000-04-05,1.57534
2000-04-06,1.57022
2000-04-07,1.57106
2000-04-10,1.57574
2000-04-11,1.57443
2000-04-12,1.57498
2000-04-13,1.57333
2000-04-14,1.56924
2000-04-17,1.57005
2000-04-18,1.57345
2000-04-19,1.56985
2000-04-20,1.57247
2000-04-21,1.57194
2000-04-24,1.57023
2000-04-25,1.57371
2000-04-26,1.57465
2000-04-27,1.57221
2000-04-28,1.56790
2000-05-01,1.56270
2000-05-02,1.55831
2000-05-03,1.54432
2000-05-04,1.54565
2000-05-05,1.55099
2000-05-08,1.54882
2000-05-09,1.55364
2000-05-10,1.56008
2000-05-11,1.55634
2000-05-12,1.55180
2000-05-15,1.55652
2000-05-16,1.55278
2000-05-17,1.55201
2000-05-18,1.55555
2000-05-19,1.55189
2000-05-22,1.55281
2000-05-23,1.56205
2000-05-24,1.56522
2000-05-25,1.56128
2000-05-26,1.56671
2000-05-30,1.57260
2000-05-31,1.57491
2000-06-01,1.57078
2000-06-02,1.57329
2000-06-05,1.57496
2000-06-06,1.57240
2000-06-07,1.57099
2000-06-08,1.56689
2000-06-09,1.56630
2000-06-12,1.56098
2000-06-13,1.56358
2000-06-14,1.56483
2000-06-15,1.56161
2000-06-16,1.56083
2000-06-19,1.56163
2000-06-20,1.55581
2000-06-21,1.54974
2000-06-22,1.54638
2000-06-23,1.55016
2000-06-26,1.54893
2000-06-27,1.54679
2000-06-28,1.55067
2000-06-29,1.55804
2000-06-30,1.55741
2000-07-03,1.55487
2000-07-05,1.54874
2000-07-06,1.54821
2000-07-07,1.54382
2000-07-10,1.54956
2000-07-11,1.55128
2000-07-12,1.55213
2000-07-13,1.55099
2000-07-14,1.54968
2000-07-17,1.54993
2000-07-18,1.54824
2000-07-19,1.55006
2000-07-20,1.54990
2000-07-21,1.55452
2000-07-24,1.55537
2000-07-25,1.55222
2000-07-26,1.55243
2000-07-27,1.54941
2000-07-28,1.54905
2000-07-31,1.54642
2000-08-01,1.54637
2000-08-02,1.54290
2000-08-03,1.54494
2000-08-04,1.54760
2000-08-07,1.54830
2000-08-08,1.54645
2000-08-09,1.54532
2000-08-10,1.54897
2000-08-11,1.55414
2000-08-14,1.55558
2000-08-15,1.56162
2000-08-16,1.56286
2000-08-17,1.56356
2000-08-18,1.56284
2000-08-21,1.55940
2000-08-22,1.56043
2000-08-23,1.54968
2000-08-24,1.54527
2000-08-25,1.54259
2000-08-28,1.54199
2000-08-29,1.54559
2000-08-30,1.54917
2000-08-31,1.54696
2000-09-01,1.54946
2000-09-05,1.55228
2000-09-06,1.54716
2000-09-07,1.54868
2000-09-08,1.54817
2000-09-11,1.52768
2000-09-12,1.52239
2000-09-13,1.52367
2000-09-14,1.52831
2000-09-15,1.52623
2000-09-18,1.52305
2000-09-19,1.51256
2000-09-20,1.50998
2000-09-21,1.51605
2000-09-22,1.52071
2000-09-25,1.51957
2000-09-26,1.52318
2000-09-27,1.52549
2000-09-28,1.52586
2000-09-29,1.52572
2000-10-02,1.52536
2000-10-03,1.51792
2000-10-04,1.51789
2000-10-05,1.51911
2000-10-06,1.52027
2000-10-10,1.52066
2000-10-11,1.51020
2000-10-12,1.50532
2000-10-13,1.50758
2000-10-16,1.51019
2000-10-17,1.51195
2000-10-18,1.49983
2000-10-19,1.50261
2000-10-20,1.50231
2000-10-23,1.50427
2000-10-24,1.50594
2000-10-25,1.50223
2000-10-26,1.50951
2000-10-27,1.51858
2000-10-30,1.52344
2000-10-31,1.52563
2000-11-01,1.52489
2000-11-02,1.52965
2000-11-03,1.52184
2000-11-06,1.52146
2000-11-07,1.52159
2000-11-08,1.52131
2000-11-09,1.52096
2000-11-10,1.52294
2000-11-13,1.51808
2000-11-14,1.51933
2000-11-15,1.52669
2000-11-16,1.52572
2000-11-17,1.52559
2000-11-20,1.52749
2000-11-21,1.52203
2000-11-22,1.52038
2000-11-24,1.51593
2000-11-27,1.51322
2000-11-28,1.50709
2000-11-29,1.50913
2000-11-30,1.50974
2000-12-01,1.51503
2000-12-04,1.51402
2000-12-05,1.51021
2000-12-06,1.51602
2000-12-07,1.51285
2000-12-08,1.50800
2000-12-11,1.50425
2000-12-12,1.50439
2000-12-13,1.50368
2000-12-14,1.50500
2000-12-15,1.50831
2000-12-18,1.50415
2000-12-19,1.50806
2000-12-20,1.51857
2000-12-21,1.52364
2000-12-22,1.52160
2000-12-26,1.51849
2000-12-27,1.52912
2000-12-28,1.52273
2000-12-29,1.52103
2001-01-02,1.52153
2001-01-03,1.51809
2001-01-04,1.52258
2001-01-05,1.52794
2001-01-08,1.52495
2001-01-09,1.52321
2001-01-10,1.52586
2001-01-11,1.53494
2001-01-12,1.53975
2001-01-16,1.53637
2001-01-17,1.53732
2001-01-18,1.52985
2001-01-19,1.52940
2001-01-22,1.53450
2001-01-23,1.53319
2001-01-24,1.53199
2001-01-25,1.52651
2001-01-26,1.52773
2001-01-29,1.52038
2001-01-30,1.52446
2001-01-31,1.52890
2001-02-01,1.53247
2001-02-02,1.53691
2001-02-05,1.53655
2001-02-06,1.53870
2001-02-07,1.53728
2001-02-08,1.53430
2001-02-09,1.53461
2001-02-12,1.53761
2001-02-13,1.53548
2001-02-14,1.53499
2001-02-15,1.53247
2001-02-16,1.53578
2001-02-20,1.53447
2001-02-21,1.53372
2001-02-22,1.53287
2001-02-23,1.53570
2001-02-26,1.53633
2001-02-27,1.53692
2001-02-28,1.54178
2001-03-01,1.53833
2001-03-02,1.53778
2001-03-05,1.53627
2001-03-06,1.53874
2001-03-07,1.53779
2001-03-08,1.53995
2001-03-09,1.54122
2001-03-12,1.53957
2001-03-13,1.54039
2001-03-14,1.53804
2001-03-15,1.53795
2001-03-16,1.53228
2001-03-19,1.53351
2001-03-20,1.53526
2001-03-21,1.53256
2001-03-22,1.53046
2001-03-23,1.53129
2001-03-26,1.53622
2001-03-27,1.53239
2001-03-28,1.53166
2001-03-29,1.52558
2001-03-30,1.52669
2001-04-02,1.52802
2001-04-03,1.52884
2001-04-04,1.52781
2001-04-05,1.52769
2001-04-06,1.53029
2001-04-09,1.52830
2001-04-10,1.52496
2001-04-11,1.51975
2001-04-12,1.52231
2001-04-13,1.52226
2001-04-16,1.52251
2001-04-17,1.52565
2001-04-18,1.53178
2001-04-19,1.52962
2001-04-20,1.52872
2001-04-23,1.53096
2001-04-24,1.53113
2001-04-25,1.53194
2001-04-26,1.53721
2001-04-27,1.53775
2001-04-30,1.53918
2001-05-01,1.54214
2001-05-02,1.54472
2001-05-03,1.54308
2001-05-04,1.54597
2001-05-07,1.54289
2001-05-08,1.54132
2001-05-09,1.54157
2001-05-10,1.53728
2001-05-11,1.53473
2001-05-14,1.53232
2001-05-15,1.53194
2001-05-16,1.53218
2001-05-17,1.53540
2001-05-18,1.53426
2001-05-21,1.53202
2001-05-22,1.52939
2001-05-23,1.52652
2001-05-24,1.52481
2001-05-25,1.52586
2001-05-29,1.52479
2001-05-30,1.52444
2001-05-31,1.51940
2001-06-01,1.52062
2001-06-04,1.51808
2001-06-05,1.51416
2001-06-06,1.52028
2001-06-07,1.52458
2001-06-08,1.52466
2001-06-11,1.52043
2001-06-12,1.52281
2001-06-13,1.52813
2001-06-14,1.52635
2001-06-15,1.52942
2001-06-18,1.53005
2001-06-19,1.52854
2001-06-20,1.52467
2001-06-21,1.52059
2001-06-22,1.51941
2001-06-25,1.52028
2001-06-26,1.52238
2001-06-27,1.52138
2001-06-28,1.52321
2001-06-29,1.52258
2001-07-02,1.52219
2001-07-03,1.52327
2001-07-05,1.52214
2001-07-06,1.51909
2001-07-09,1.52224
2001-07-10,1.52276
2001-07-11,1.51675
2001-07-12,1.51198
2001-07-13,1.51258
2001-07-16,1.51235
2001-07-17,1.51389
2001-07-18,1.50613
2001-07-19,1.50578
2001-07-20,1.50344
2001-07-23,1.50555
2001-07-24,1.50656
2001-07-25,1.50818
2001-07-26,1.51074
2001-07-27,1.50919
2001-07-30,1.51081
2001-07-31,1.51278
2001-08-01,1.50866
2001-08-02,1.50903
2001-08-03,1.50814
2001-08-06,1.50823
2001-08-07,1.50623
2001-08-08,1.50342
2001-08-09,1.50595
2001-08-10,1.51243
2001-08-13,1.51680
2001-08-14,1.51697
2001-08-15,1.51914
2001-08-16,1.51768
2001-08-17,1.51984
2001-08-20,1.51821
2001-08-21,1.51746
2001-08-22,1.52174
2001-08-23,1.51971
2001-08-24,1.51869
2001-08-27,1.51915
2001-08-28,1.51634
2001-08-29,1.51824
2001-08-30,1.51730
2001-08-31,1.51786
2001-09-04,1.51428
2001-09-05,1.51210
2001-09-06,1.51207
2001-09-07,1.51678
2001-09-10,1.51627
2001-09-12,1.50476
2001-09-13,1.50209
2001-09-14,1.49443
2001-09-17,1.48482
2001-09-18,1.48066
2001-09-19,1.47640
2001-09-20,1.47339
2001-09-21,1.44477
2001-09-24,1.46533
2001-09-25,1.46754
2001-09-26,1.47605
2001-09-27,1.48164
2001-09-28,1.47298
2001-10-01,1.48342
2001-10-02,1.48463
2001-10-03,1.48338
2001-10-04,1.48519
2001-10-05,1.48552
2001-10-09,1.48165
2001-10-10,1.48427
2001-10-11,1.48410
2001-10-12,1.48194
2001-10-15,1.47844
2001-10-16,1.48218
2001-10-17,1.48264
2001-10-18,1.47897
2001-10-19,1.47632
2001-10-22,1.48014
2001-10-23,1.47995
2001-10-24,1.48090
2001-10-25,1.47839
2001-10-26,1.47502
2001-10-29,1.47479
2001-10-30,1.47173
2001-10-31,1.47005
2001-11-01,1.47373
2001-11-02,1.47434
2001-11-05,1.47199
2001-11-06,1.47191
2001-11-07,1.46940
2001-11-08,1.46619
2001-11-09,1.46533
2001-11-13,1.46868
2001-11-14,1.46927
2001-11-15,1.46682
2001-11-16,1.46465
2001-11-19,1.46075
2001-11-20,1.45654
2001-11-21,1.45548
2001-11-23,1.46277
2001-11-26,1.46577
2001-11-27,1.46281
2001-11-28,1.46105
2001-11-29,1.46906
2001-11-30,1.46959
2001-12-03,1.47242
2001-12-04,1.47224
2001-12-05,1.47352
2001-12-06,1.47584
2001-12-07,1.47729
2001-12-10,1.48125
2001-12-11,1.47672
2001-12-12,1.47553
2001-12-13,1.47410
2001-12-14,1.47481
2001-12-17,1.47622
2001-12-18,1.47367
2001-12-19,1.47449
2001-12-20,1.46770
2001-12-21,1.46605
2001-12-24,1.48434
2001-12-26,1.48499
2001-12-27,1.48391
2001-12-28,1.48125
2001-12-31,1.47735
2002-01-02,1.48325
2002-01-03,1.48323
2002-01-04,1.47674
2002-01-07,1.47450
2002-01-08,1.47742
2002-01-09,1.47571
2002-01-10,1.48367
2002-01-11,1.47836
2002-01-14,1.48043
2002-01-15,1.47968
2002-01-16,1.46979
2002-01-17,1.46823
2002-01-18,1.47121
2002-01-22,1.46964
2002-01-23,1.47159
2002-01-24,1.47159
2002-01-25,1.47352
2002-01-28,1.47061
2002-01-29,1.47260
2002-01-30,1.47410
2002-01-31,1.47731
2002-02-01,1.47967
2002-02-04,1.47829
2002-02-05,1.47169
2002-02-06,1.47323
2002-02-07,1.47284
2002-02-08,1.47482
2002-02-11,1.47779
2002-02-12,1.47786
2002-02-13,1.48145
2002-02-14,1.48166
2002-02-15,1.48232
2002-02-19,1.48072
2002-02-20,1.47972
2002-02-21,1.47996
2002-02-22,1.47911
2002-02-25,1.47669
2002-02-26,1.47552
2002-02-27,1.47654
2002-02-28,1.47403
2002-03-01,1.47603
2002-03-04,1.47719
2002-03-05,1.47677
2002-03-06,1.47535
2002-03-07,1.47142
2002-03-08,1.47121
2002-03-11,1.47085
2002-03-12,1.46860
2002-03-13,1.46795
2002-03-14,1.46302
2002-03-15,1.46427
2002-03-18,1.46381
2002-03-19,1.46359
2002-03-20,1.46399
2002-03-21,1.46284
2002-03-22,1.46136
2002-03-25,1.46076
2002-03-26,1.46326
2002-03-27,1.46475
2002-03-28,1.46777
2002-03-29,1.46618
2002-04-01,1.46240
2002-04-02,1.46263
2002-04-03,1.46214
2002-04-04,1.46203
2002-04-05,1.46491
2002-04-08,1.46470
2002-04-09,1.46628
2002-04-10,1.46882
2002-04-11,1.46601
2002-04-12,1.46633
2002-04-15,1.46695
2002-04-16,1.46914
2002-04-17,1.47046
2002-04-18,1.46690
2002-04-19,1.46803
2002-04-22,1.46853
2002-04-23,1.46708
2002-04-24,1.46608
2002-04-25,1.46418
2002-04-26,1.46309
2002-04-29,1.46384
2002-04-30,1.45972
2002-05-01,1.45084
2002-05-02,1.45394
2002-05-03,1.45401
2002-05-06,1.45655
2002-05-07,1.45732
2002-05-08,1.45561
2002-05-09,1.45447
2002-05-10,1.45360
2002-05-13,1.45551
2002-05-14,1.45751
2002-05-15,1.45681
2002-05-16,1.45616
2002-05-17,1.45553
2002-05-20,1.45430
2002-05-21,1.45202
2002-05-22,1.45335
2002-05-23,1.45462
2002-05-24,1.45925
2002-05-28,1.46175
2002-05-29,1.46741
2002-05-30,1.46415
2002-05-31,1.46554
2002-06-03,1.46836
2002-06-04,1.46942
2002-06-05,1.47183
2002-06-06,1.47437
2002-06-07,1.46934
2002-06-10,1.47223
2002-06-11,1.47526
2002-06-12,1.47736
2002-06-13,1.47626
2002-06-14,1.47638
2002-06-17,1.47597
2002-06-18,1.47634
2002-06-19,1.47185
2002-06-20,1.46957
2002-06-21,1.46778
2002-06-24,1.46834
2002-06-25,1.46734
2002-06-26,1.46787
2002-06-27,1.47143
2002-06-28,1.47053
2002-07-01,1.46864
2002-07-02,1.46610
2002-07-03,1.46334
2002-07-05,1.46560
2002-07-08,1.46975
2002-07-09,1.47287
2002-07-10,1.47246
2002-07-11,1.46843
2002-07-12,1.46895
2002-07-15,1.46863
2002-07-16,1.46742
2002-07-17,1.46528
2002-07-18,1.46381
2002-07-19,1.46120
2002-07-22,1.45491
2002-07-23,1.45475
2002-07-24,1.44814
2002-07-25,1.44937
2002-07-26,1.45093
2002-07-29,1.45639
2002-07-30,1.45712
2002-07-31,1.45308
2002-08-01,1.44715
2002-08-02,1.45350
2002-08-05,1.45431
2002-08-06,1.45859
2002-08-07,1.45779
2002-08-08,1.46211
2002-08-09,1.46007
2002-08-12,1.46328
2002-08-13,1.46330
2002-08-14,1.46157
2002-08-15,1.46334
2002-08-16,1.46700
2002-08-19,1.46774
2002-08-20,1.46949
2002-08-21,1.46934
2002-08-22,1.47285
2002-08-23,1.47131
2002-08-26,1.47188
2002-08-27,1.46899
2002-08-28,1.46990
2002-08-29,1.46855
2002-08-30,1.47156
2002-09-03,1.46699
2002-09-04,1.46368
2002-09-05,1.46016
2002-09-06,1.45915
2002-09-09,1.45769
2002-09-10,1.45894
2002-09-11,1.46509
2002-09-12,1.46823
2002-09-13,1.46337
2002-09-16,1.46816
2002-09-17,1.47235
2002-09-18,1.46652
2002-09-19,1.46476
2002-09-20,1.46399
2002-09-23,1.46449
2002-09-24,1.46427
2002-09-25,1.46302
2002-09-26,1.46610
2002-09-27,1.46663
2002-09-30,1.45801
2002-10-01,1.45844
2002-10-02,1.46009
2002-10-03,1.46027
2002-10-04,1.46268
2002-10-07,1.46265
2002-10-08,1.46542
2002-10-09,1.46408
2002-10-10,1.46347
2002-10-11,1.46433
2002-10-15,1.46733
2002-10-16,1.46616
2002-10-17,1.46929
2002-10-18,1.46976
2002-10-21,1.47056
2002-10-22,1.46875
2002-10-23,1.46624
2002-10-24,1.46732
2002-10-25,1.46635
2002-10-28,1.46476
2002-10-29,1.46488
2002-10-30,1.46469
2002-10-31,1.46294
2002-11-01,1.46306
2002-11-04,1.46312
2002-11-05,1.46262
2002-11-06,1.46250
2002-11-07,1.46392
2002-11-08,1.46345
2002-11-12,1.46170
2002-11-13,1.46650
2002-11-14,1.46649
2002-11-15,1.46608
2002-11-18,1.46753
2002-11-19,1.46826
2002-11-20,1.46842
2002-11-21,1.46905
2002-11-22,1.47180
2002-11-25,1.47461
2002-11-26,1.47482
2002-11-27,1.47388
2002-11-29,1.47596
2002-12-02,1.47360
2002-12-03,1.47199
2002-12-04,1.47275
2002-12-05,1.47148
2002-12-06,1.47198
2002-12-09,1.47231
2002-12-10,1.47341
2002-12-11,1.47419
2002-12-12,1.47631
2002-12-13,1.47469
2002-12-16,1.47519
2002-12-17,1.47053
2002-12-18,1.46596
2002-12-19,1.46199
2002-12-20,1.46319
2002-12-23,1.45586
2002-12-24,1.45270
2002-12-26,1.45422
2002-12-27,1.45279
2002-12-30,1.45628
2002-12-31,1.45046
2003-01-02,1.45203
2003-01-03,1.45588
2003-01-06,1.45812
2003-01-07,1.45687
2003-01-08,1.45873
2003-01-09,1.45939
2003-01-10,1.46018
2003-01-13,1.46102
2003-01-14,1.46300
2003-01-15,1.46261
2003-01-16,1.46142
2003-01-17,1.45805
2003-01-21,1.46135
2003-01-22,1.46218
2003-01-23,1.46210
2003-01-24,1.46439
2003-01-27,1.46895
2003-01-28,1.46896
2003-01-29,1.46758
2003-01-30,1.46864
2003-01-31,1.46939
2003-02-03,1.46680
2003-02-04,1.46743
2003-02-05,1.46807
2003-02-06,1.46627
2003-02-07,1.46727
2003-02-10,1.46708
2003-02-11,1.46728
2003-02-12,1.46807
2003-02-13,1.46901
2003-02-14,1.47063
2003-02-18,1.47178
2003-02-19,1.47153
2003-02-20,1.46737
2003-02-21,1.46904
2003-02-24,1.46560
2003-02-25,1.45962
2003-02-26,1.46297
2003-02-27,1.46357
2003-02-28,1.46136
2003-03-03,1.45931
2003-03-04,1.45827
2003-03-05,1.45854
2003-03-06,1.46420
2003-03-07,1.46910
2003-03-10,1.46538
2003-03-11,1.46846
2003-03-12,1.46770
2003-03-13,1.46630
2003-03-14,1.46825
2003-03-17,1.46834
2003-03-18,1.47063
2003-03-19,1.47231
2003-03-20,1.47209
2003-03-21,1.47633
2003-03-24,1.47387
2003-03-25,1.47348
2003-03-26,1.47630
2003-03-27,1.47842
2003-03-28,1.47697
2003-03-31,1.47569
2003-04-01,1.47607
2003-04-02,1.48498
2003-04-03,1.48261
2003-04-04,1.48618
2003-04-07,1.48646
2003-04-08,1.48558
2003-04-09,1.48579
2003-04-10,1.49573
2003-04-11,1.49801
2003-04-14,1.49698
2003-04-15,1.50270
2003-04-16,1.49870
2003-04-17,1.50196
2003-04-18,1.50288
2003-04-21,1.50917
2003-04-22,1.50324
2003-04-23,1.50651
2003-04-24,1.50017
2003-04-25,1.50276
2003-04-28,1.50627
2003-04-29,1.50699
2003-04-30,1.51425
2003-05-01,1.50820
2003-05-02,1.50969
2003-05-05,1.51488
2003-05-06,1.51368
2003-05-07,1.50420
2003-05-08,1.50865
2003-05-09,1.50788
2003-05-12,1.51473
2003-05-13,1.51426
2003-05-14,1.51282
2003-05-15,1.50676
2003-05-16,1.51223
2003-05-19,1.51280
2003-05-20,1.51204
2003-05-21,1.51054
2003-05-22,1.51398
2003-05-23,1.52387
2003-05-27,1.52317
2003-05-28,1.52536
2003-05-29,1.52639
2003-05-30,1.53218
2003-06-02,1.52355
2003-06-03,1.53604
2003-06-04,1.53717
2003-06-05,1.53982
2003-06-06,1.54754
2003-06-09,1.54192
2003-06-10,1.54166
2003-06-11,1.53629
2003-06-12,1.54201
2003-06-13,1.54348
2003-06-16,1.54062
2003-06-17,1.54158
2003-06-18,1.54625
2003-06-19,1.54689
2003-06-20,1.54373
2003-06-23,1.53210
2003-06-24,1.53041
2003-06-25,1.53669
2003-06-26,1.54046
2003-06-27,1.54307
2003-06-30,1.55498
2003-07-01,1.55303
2003-07-02,1.55266
2003-07-03,1.54895
2003-07-07,1.55149
2003-07-08,1.55064
2003-07-09,1.54564
2003-07-10,1.55000
2003-07-11,1.55144
2003-07-14,1.55033
2003-07-15,1.55224
2003-07-16,1.54243
2003-07-17,1.53757
2003-07-18,1.53664
2003-07-21,1.53744
2003-07-22,1.54281
2003-07-23,1.54571
2003-07-24,1.54657
2003-07-25,1.54617
2003-07-28,1.54702
2003-07-29,1.54764
2003-07-30,1.55076
2003-07-31,1.54268
2003-08-01,1.53798
2003-08-04,1.53101
2003-08-05,1.53445
2003-08-06,1.53220
2003-08-07,1.53474
2003-08-08,1.53662
2003-08-11,1.54239
2003-08-12,1.54420
2003-08-13,1.54595
2003-08-14,1.54297
2003-08-15,1.54463
2003-08-18,1.55135
2003-08-19,1.54775
2003-08-20,1.54386
2003-08-21,1.54297
2003-08-22,1.54158
2003-08-25,1.54025
2003-08-26,1.53486
2003-08-27,1.53768
2003-08-28,1.53901
2003-08-29,1.53867
2003-09-02,1.53566
2003-09-03,1.53270
2003-09-04,1.53951
2003-09-05,1.53804
2003-09-08,1.53971
2003-09-09,1.54694
2003-09-10,1.55323
2003-09-11,1.55089
2003-09-12,1.55631
2003-09-15,1.55777
2003-09-16,1.55661
2003-09-17,1.55394
2003-09-18,1.55592
2003-09-19,1.55548
2003-09-22,1.55367
2003-09-23,1.55451
2003-09-24,1.55409
2003-09-25,1.54605
2003-09-26,1.54323
2003-09-29,1.54128
2003-09-30,1.53868
2003-10-01,1.53940
2003-10-02,1.53954
2003-10-03,1.54835
2003-10-06,1.54688
2003-10-07,1.54843
2003-10-08,1.54964
2003-10-09,1.54824
2003-10-10,1.54878
2003-10-14,1.54748
2003-10-15,1.54801
2003-10-16,1.54882
2003-10-17,1.55234
2003-10-20,1.55264
2003-10-21,1.55236
2003-10-22,1.55141
2003-10-23,1.54801
2003-10-24,1.54621
2003-10-27,1.54775
2003-10-28,1.55313
2003-10-29,1.55165
2003-10-30,1.54953
2003-10-31,1.55352
2003-11-03,1.55847
2003-11-04,1.56277
2003-11-05,1.56643
2003-11-06,1.56833
2003-11-07,1.56868
2003-11-10,1.57324
2003-11-12,1.56918
2003-11-13,1.57220
2003-11-14,1.56564
2003-11-17,1.55549
2003-11-18,1.55269
2003-11-19,1.55198
2003-11-20,1.54871
2003-11-21,1.54694
2003-11-24,1.55307
2003-11-25,1.55239
2003-11-26,1.54809
2003-11-28,1.54936
2003-12-01,1.55464
2003-12-02,1.55589
2003-12-03,1.55859
2003-12-04,1.55870
2003-12-05,1.55057
2003-12-08,1.54710
2003-12-09,1.54873
2003-12-10,1.54599
2003-12-11,1.55188
2003-12-12,1.55116
2003-12-15,1.55278
2003-12-16,1.55264
2003-12-17,1.55417
2003-12-18,1.55384
2003-12-19,1.55546
2003-12-22,1.55680
2003-12-23,1.56097
2003-12-24,1.55378
2003-12-26,1.55797
2003-12-29,1.55968
2003-12-30,1.55903
2003-12-31,1.55959
2004-01-02,1.56006
2004-01-05,1.56232
2004-01-06,1.56751
2004-01-07,1.56852
2004-01-08,1.56488
2004-01-09,1.56684
2004-01-12,1.56510
2004-01-13,1.56164
2004-01-14,1.56121
2004-01-15,1.56370
2004-01-16,1.56904
2004-01-20,1.56889
2004-01-21,1.56775
2004-01-22,1.56912
2004-01-23,1.56747
2004-01-26,1.56696
2004-01-27,1.56625
2004-01-28,1.56865
2004-01-29,1.56355
2004-01-30,1.56805
2004-02-02,1.56909
2004-02-03,1.56739
2004-02-04,1.56860
2004-02-05,1.56851
2004-02-06,1.56677
2004-02-09,1.56799
2004-02-10,1.56943
2004-02-11,1.57542
2004-02-12,1.57595
2004-02-13,1.57746
2004-02-17,1.57638
2004-02-18,1.57578
2004-02-19,1.57630
2004-02-20,1.57940
2004-02-23,1.57805
2004-02-24,1.57393
2004-02-25,1.57377
2004-02-26,1.57566
2004-02-27,1.57751
2004-03-01,1.57919
2004-03-02,1.58298
2004-03-03,1.57597
2004-03-04,1.57726
2004-03-05,1.57812
2004-03-08,1.58209
2004-03-09,1.57929
2004-03-10,1.57721
2004-03-11,1.56840
2004-03-12,1.56833
2004-03-15,1.56525
2004-03-16,1.57055
2004-03-17,1.56556
2004-03-18,1.55787
2004-03-19,1.55932
2004-03-22,1.55349
2004-03-23,1.55152
2004-03-24,1.54861
2004-03-25,1.55166
2004-03-26,1.55719
2004-03-29,1.56270
2004-03-30,1.56071
2004-03-31,1.55833
2004-04-01,1.56043
2004-04-02,1.56600
2004-04-05,1.56688
2004-04-06,1.56286
2004-04-07,1.55416
2004-04-08,1.55071
2004-04-09,1.55137
2004-04-12,1.54960
2004-04-13,1.55300
2004-04-14,1.55128
2004-04-15,1.55320
2004-04-16,1.55267
2004-04-19,1.55144
2004-04-20,1.55788
2004-04-21,1.55506
2004-04-22,1.55806
2004-04-23,1.55813
2004-04-26,1.55380
2004-04-27,1.54676
2004-04-28,1.54915
2004-04-29,1.54694
2004-04-30,1.55478
2004-05-03,1.55306
2004-05-04,1.54933
2004-05-05,1.55049
2004-05-06,1.55157
2004-05-07,1.54742
2004-05-10,1.54201
2004-05-11,1.54160
2004-05-12,1.53525
2004-05-13,1.54307
2004-05-14,1.54417
2004-05-17,1.53597
2004-05-18,1.53507
2004-05-19,1.53526
2004-05-20,1.53608
2004-05-21,1.53681
2004-05-24,1.53563
2004-05-25,1.53632
2004-05-26,1.53988
2004-05-27,1.52940
2004-05-28,1.53122
2004-06-01,1.52747
2004-06-02,1.52628
2004-06-03,1.52813
2004-06-04,1.52488
2004-06-07,1.52409
2004-06-08,1.51853
2004-06-09,1.51518
2004-06-10,1.50666
2004-06-11,1.51297
2004-06-14,1.51757
2004-06-15,1.51784
2004-06-16,1.52215
2004-06-17,1.51276
2004-06-18,1.50788
2004-06-21,1.50993
2004-06-22,1.51270
2004-06-23,1.51566
2004-06-24,1.51211
2004-06-25,1.51858
2004-06-28,1.52201
2004-06-29,1.52946
2004-06-30,1.52478
2004-07-01,1.52085
2004-07-02,1.51828
2004-07-06,1.51714
2004-07-07,1.51876
2004-07-08,1.51741
2004-07-09,1.51858
2004-07-12,1.51917
2004-07-13,1.52430
2004-07-14,1.52192
2004-07-15,1.52685
2004-07-16,1.52556
2004-07-19,1.52673
2004-07-20,1.53230
2004-07-21,1.53392
2004-07-22,1.52933
2004-07-23,1.53134
2004-07-26,1.53307
2004-07-27,1.53707
2004-07-28,1.53710
2004-07-29,1.53941
2004-07-30,1.53965
2004-08-02,1.53839
2004-08-03,1.54121
2004-08-04,1.53701
2004-08-05,1.53802
2004-08-06,1.53577
2004-08-09,1.53862
2004-08-10,1.54172
2004-08-11,1.54058
2004-08-12,1.53856
2004-08-13,1.53243
2004-08-16,1.53404
2004-08-17,1.53754
2004-08-18,1.53683
2004-08-19,1.53618
2004-08-20,1.53919
2004-08-23,1.54287
2004-08-24,1.53962
2004-08-25,1.53960
2004-08-26,1.54030
2004-08-27,1.54281
2004-08-30,1.54115
2004-08-31,1.54008
2004-09-01,1.53635
2004-09-02,1.53448
2004-09-03,1.53224
2004-09-07,1.53598
2004-09-08,1.53558
2004-09-09,1.54071
2004-09-10,1.54262
2004-09-13,1.54269
2004-09-14,1.54349
2004-09-15,1.54268
2004-09-16,1.54509
2004-09-17,1.54687
2004-09-20,1.54929
2004-09-21,1.54464
2004-09-22,1.54586
2004-09-23,1.54766
2004-09-24,1.54896
2004-09-27,1.54942
2004-09-28,1.55218
2004-09-29,1.55323
2004-09-30,1.54862
2004-10-01,1.54941
2004-10-04,1.55431
2004-10-05,1.55419
2004-10-06,1.55430
2004-10-07,1.55363
2004-10-08,1.55073
2004-10-12,1.54786
2004-10-13,1.54620
2004-10-14,1.54319
2004-10-15,1.53818
2004-10-18,1.53950
2004-10-19,1.53917
2004-10-20,1.53801
2004-10-21,1.53578
2004-10-22,1.53729
2004-10-25,1.53164
2004-10-26,1.53292
2004-10-27,1.53366
2004-10-28,1.52615
2004-10-29,1.52791
2004-11-01,1.53242
2004-11-02,1.53392
2004-11-03,1.53043
2004-11-04,1.52770
2004-11-05,1.52749
2004-11-08,1.52626
2004-11-09,1.52676
2004-11-10,1.52410
2004-11-12,1.52154
2004-11-15,1.52563
2004-11-16,1.52408
2004-11-17,1.51811
2004-11-18,1.51772
2004-11-19,1.51280
2004-11-22,1.51670
2004-11-23,1.51604
2004-11-24,1.51290
2004-11-26,1.51329
2004-11-29,1.51468
2004-11-30,1.51432
2004-12-01,1.52249
2004-12-02,1.52740
2004-12-03,1.52531
2004-12-06,1.52868
2004-12-07,1.52983
2004-12-08,1.53525
2004-12-09,1.53239
2004-12-10,1.53570
2004-12-13,1.53500
2004-12-14,1.53599
2004-12-15,1.52988
2004-12-16,1.53534
2004-12-17,1.53829
2004-12-20,1.53811
2004-12-21,1.54173
2004-12-22,1.54325
2004-12-23,1.54398
2004-12-24,1.54616
2004-12-27,1.54667
2004-12-28,1.54427
2004-12-29,1.54274
2004-12-30,1.54502
2004-12-31,1.54488
2005-01-03,1.54507
2005-01-04,1.55198
2005-01-05,1.55164
2005-01-06,1.54728
2005-01-07,1.54898
2005-01-10,1.54588
2005-01-11,1.54751
2005-01-12,1.54701
2005-01-13,1.54860
2005-01-14,1.54928
2005-01-18,1.54415
2005-01-19,1.54256
2005-01-20,1.54257
2005-01-21,1.54678
2005-01-24,1.54617
2005-01-25,1.54922
2005-01-26,1.54716
2005-01-27,1.54555
2005-01-28,1.54776
2005-01-31,1.54992
2005-02-01,1.55389
2005-02-02,1.55525
2005-02-03,1.55877
2005-02-04,1.55882
2005-02-07,1.56112
2005-02-08,1.55989
2005-02-09,1.55746
2005-02-10,1.55700
2005-02-11,1.55583
2005-02-14,1.55439
2005-02-15,1.55019
2005-02-16,1.54769
2005-02-17,1.54696
2005-02-18,1.54576
2005-02-22,1.53684
2005-02-23,1.53718
2005-02-24,1.54377
2005-02-25,1.54189
2005-02-28,1.53770
2005-03-01,1.53706
2005-03-02,1.54306
2005-03-03,1.54766
2005-03-04,1.54681
2005-03-07,1.55228
2005-03-08,1.54863
2005-03-09,1.55353
2005-03-10,1.54814
2005-03-11,1.54854
2005-03-14,1.55091
2005-03-15,1.55140
2005-03-16,1.54658
2005-03-17,1.54627
2005-03-18,1.55051
2005-03-21,1.55147
2005-03-22,1.55310
2005-03-23,1.55456
2005-03-24,1.55351
2005-03-25,1.55415
2005-03-28,1.55292
2005-03-29,1.55398
2005-03-30,1.54854
2005-03-31,1.54999
2005-04-01,1.55300
2005-04-04,1.55450
2005-04-05,1.55130
2005-04-06,1.55205
2005-04-07,1.55034
2005-04-08,1.54745
2005-04-11,1.54819
2005-04-12,1.54956
2005-04-13,1.55019
2005-04-14,1.55557
2005-04-15,1.55281
2005-04-18,1.54589
2005-04-19,1.54367
2005-04-20,1.54310
2005-04-21,1.54334
2005-04-22,1.54482
2005-04-25,1.54311
2005-04-26,1.54187
2005-04-27,1.54224
2005-04-28,1.53940
2005-04-29,1.53701
2005-05-02,1.54024
2005-05-03,1.54298
2005-05-04,1.54295
2005-05-05,1.54838
2005-05-06,1.54729
2005-05-09,1.54795
2005-05-10,1.54648
2005-05-11,1.54487
2005-05-12,1.54409
2005-05-13,1.54616
2005-05-16,1.54370
2005-05-17,1.54318
2005-05-18,1.54311
2005-05-19,1.54502
2005-05-20,1.54846
2005-05-23,1.54816
2005-05-24,1.54746
2005-05-25,1.54556
2005-05-26,1.54700
2005-05-27,1.54882
2005-05-31,1.53705
2005-06-01,1.53260
2005-06-02,1.53502
2005-06-03,1.53381
2005-06-06,1.53220
2005-06-07,1.53026
2005-06-08,1.53456
2005-06-09,1.53335
2005-06-10,1.53869
2005-06-13,1.53785
2005-06-14,1.53798
2005-06-15,1.53874
2005-06-16,1.54038
2005-06-17,1.54602
2005-06-20,1.54449
2005-06-21,1.54132
2005-06-22,1.54185
2005-06-23,1.54002
2005-06-24,1.54104
2005-06-27,1.54259
2005-06-28,1.54481
2005-06-29,1.54719
2005-06-30,1.55178
2005-07-01,1.55028
2005-07-05,1.55357
2005-07-06,1.55417
2005-07-07,1.54795
2005-07-08,1.55388
2005-07-11,1.55478
2005-07-12,1.55594
2005-07-13,1.55967
2005-07-14,1.55936
2005-07-15,1.56018
2005-07-18,1.55990
2005-07-19,1.56426
2005-07-20,1.56239
2005-07-21,1.56093
2005-07-22,1.56432
2005-07-25,1.56280
2005-07-26,1.56184
2005-07-27,1.56458
2005-07-28,1.56121
2005-07-29,1.56095
2005-08-01,1.55854
2005-08-02,1.55695
2005-08-03,1.55638
2005-08-04,1.55820
2005-08-05,1.56102
2005-08-08,1.55834
2005-08-09,1.55797
2005-08-10,1.55654
2005-08-11,1.55272
2005-08-12,1.55232
2005-08-15,1.55186
2005-08-16,1.55184
2005-08-17,1.54824
2005-08-18,1.54713
2005-08-19,1.54956
2005-08-22,1.55292
2005-08-23,1.55374
2005-08-24,1.55232
2005-08-25,1.54573
2005-08-26,1.54560
2005-08-29,1.54832
2005-08-30,1.55028
2005-08-31,1.54698
2005-09-01,1.54344
2005-09-02,1.54050
2005-09-06,1.54363
2005-09-07,1.54236
2005-09-08,1.54272
2005-09-09,1.54333
2005-09-12,1.54461
2005-09-13,1.54813
2005-09-14,1.54495
2005-09-15,1.54813
2005-09-16,1.55246
2005-09-19,1.55092
2005-09-20,1.55346
2005-09-21,1.55170
2005-09-22,1.55408
2005-09-23,1.55640
2005-09-26,1.55693
2005-09-27,1.55741
2005-09-28,1.55744
2005-09-29,1.55836
2005-09-30,1.55432
2005-10-03,1.55153
2005-10-04,1.55142
2005-10-05,1.54878
2005-10-06,1.54659
2005-10-07,1.55028
2005-10-11,1.54752
2005-10-12,1.54707
2005-10-13,1.54996
2005-10-14,1.55040
2005-10-17,1.55430
2005-10-18,1.55444
2005-10-19,1.55167
2005-10-20,1.54745
2005-10-21,1.54442
2005-10-24,1.54253
2005-10-25,1.54410
2005-10-26,1.54766
2005-10-27,1.54653
2005-10-28,1.54340
2005-10-31,1.54732
2005-11-01,1.54805
2005-11-02,1.54217
2005-11-03,1.54333
2005-11-04,1.54406
2005-11-07,1.54293
2005-11-08,1.54250
2005-11-09,1.54077
2005-11-10,1.53792
2005-11-14,1.54031
2005-11-15,1.54333
2005-11-16,1.54704
2005-11-17,1.54747
2005-11-18,1.54843
2005-11-21,1.54776
2005-11-22,1.54871
2005-11-23,1.55091
2005-11-25,1.54713
2005-11-28,1.54745
2005-11-29,1.54779
2005-11-30,1.55011
2005-12-01,1.54575
2005-12-02,1.54399
2005-12-05,1.54208
2005-12-06,1.53971
2005-12-07,1.53956
2005-12-08,1.53756
2005-12-09,1.54003
2005-12-12,1.54159
2005-12-13,1.54466
2005-12-14,1.53980
2005-12-15,1.54212
2005-12-16,1.54919
2005-12-19,1.55134
2005-12-20,1.55332
2005-12-21,1.55418
2005-12-22,1.55710
2005-12-23,1.55798
2005-12-27,1.55803
2005-12-28,1.55908
2005-12-29,1.55686
2005-12-30,1.55690
2006-01-03,1.55002
2006-01-04,1.54770
2006-01-05,1.54526
2006-01-06,1.54215
2006-01-09,1.54349
2006-01-10,1.54463
2006-01-11,1.54520
2006-01-12,1.54760
2006-01-13,1.54914
2006-01-17,1.54932
2006-01-18,1.54942
2006-01-19,1.55268
2006-01-20,1.55203
2006-01-23,1.54739
2006-01-24,1.54749
2006-01-25,1.54815
2006-01-26,1.55118
2006-01-27,1.55240
2006-01-30,1.55531
2006-01-31,1.55429
2006-02-01,1.55272
2006-02-02,1.55433
2006-02-03,1.55596
2006-02-06,1.55746
2006-02-07,1.55454
2006-02-08,1.55532
2006-02-09,1.55641
2006-02-10,1.55549
2006-02-13,1.55643
2006-02-14,1.55787
2006-02-15,1.55758
2006-02-16,1.55977
2006-02-17,1.56245
2006-02-21,1.55831
2006-02-22,1.56119
2006-02-23,1.55991
2006-02-24,1.56345
2006-02-27,1.56558
2006-02-28,1.56344
2006-03-01,1.56652
2006-03-02,1.56536
2006-03-03,1.56242
2006-03-06,1.56049
2006-03-07,1.56039
2006-03-08,1.55939
2006-03-09,1.56586
2006-03-10,1.56912
2006-03-13,1.56926
2006-03-14,1.56421
2006-03-15,1.56577
2006-03-16,1.57120
2006-03-17,1.57251
2006-03-20,1.57106
2006-03-21,1.57483
2006-03-22,1.57523
2006-03-23,1.57706
2006-03-24,1.57629
2006-03-27,1.57299
2006-03-28,1.57065
2006-03-29,1.57476
2006-03-30,1.57576
2006-03-31,1.58109
2006-04-03,1.58147
2006-04-04,1.58102
2006-04-05,1.57774
2006-04-06,1.57745
2006-04-07,1.57774
2006-04-10,1.57696
2006-04-11,1.57597
2006-04-12,1.57324
2006-04-13,1.57131
2006-04-14,1.57264
2006-04-17,1.56722
2006-04-18,1.56610
2006-04-19,1.56852
2006-04-20,1.57476
2006-04-21,1.57342
2006-04-24,1.57152
2006-04-25,1.57466
2006-04-26,1.57983
2006-04-27,1.57953
2006-04-28,1.56685
2006-05-01,1.56152
2006-05-02,1.56088
2006-05-03,1.56105
2006-05-04,1.55974
2006-05-05,1.56061
2006-05-08,1.56143
2006-05-09,1.55806
2006-05-10,1.55971
2006-05-11,1.55624
2006-05-12,1.54917
2006-05-15,1.55021
2006-05-16,1.55319
2006-05-17,1.54936
2006-05-18,1.55105
2006-05-19,1.55323
2006-05-22,1.54832
2006-05-23,1.55189
2006-05-24,1.55360
2006-05-25,1.55666
2006-05-26,1.56242
2006-05-30,1.55836
2006-05-31,1.56045
2006-06-01,1.56412
2006-06-02,1.56010
2006-06-05,1.55790
2006-06-06,1.55933
2006-06-07,1.56252
2006-06-08,1.55958
2006-06-09,1.55699
2006-06-12,1.55381
2006-06-13,1.55363
2006-06-14,1.54996
2006-06-15,1.55400
2006-06-16,1.55592
2006-06-19,1.56119
2006-06-20,1.55863
2006-06-21,1.56142
2006-06-22,1.56278
2006-06-23,1.56136
2006-06-26,1.56352
2006-06-27,1.56414
2006-06-28,1.56378
2006-06-29,1.56556
2006-06-30,1.56511
2006-07-03,1.56748
2006-07-05,1.56987
2006-07-06,1.56895
2006-07-07,1.56725
2006-07-10,1.56751
2006-07-11,1.56689
2006-07-12,1.56849
2006-07-13,1.56203
2006-07-14,1.56213
2006-07-17,1.56321
2006-07-18,1.56612
2006-07-19,1.56958
2006-07-20,1.57166
2006-07-21,1.56938
2006-07-24,1.57413
2006-07-25,1.57621
2006-07-26,1.57697
2006-07-27,1.57296
2006-07-28,1.57228
2006-07-31,1.57128
2006-08-01,1.57386
2006-08-02,1.57320
2006-08-03,1.57597
2006-08-04,1.57414
2006-08-07,1.57270
2006-08-08,1.57414
2006-08-09,1.57598
2006-08-10,1.57940
2006-08-11,1.58030
2006-08-14,1.57960
2006-08-15,1.58210
2006-08-16,1.57860
2006-08-17,1.57992
2006-08-18,1.58071
2006-08-21,1.57877
2006-08-22,1.58015
2006-08-23,1.58099
2006-08-24,1.57981
2006-08-25,1.57985
2006-08-28,1.57990
2006-08-29,1.57763
2006-08-30,1.57663
2006-08-31,1.57810
2006-09-01,1.57957
2006-09-05,1.58173
2006-09-06,1.58286
2006-09-07,1.58247
2006-09-08,1.58155
2006-09-11,1.58108
2006-09-12,1.58441
2006-09-13,1.58737
2006-09-14,1.59182
2006-09-15,1.59120
2006-09-18,1.58908
2006-09-19,1.58681
2006-09-20,1.58745
2006-09-21,1.59376
2006-09-22,1.58017
2006-09-25,1.57871
2006-09-26,1.57777
2006-09-27,1.58108
2006-09-28,1.58380
2006-09-29,1.58640
2006-10-02,1.58354
2006-10-03,1.58496
2006-10-04,1.58805
2006-10-05,1.58957
2006-10-06,1.58838
2006-10-10,1.59155
2006-10-11,1.59373
2006-10-12,1.59328
2006-10-13,1.59420
2006-10-16,1.59176
2006-10-17,1.58877
2006-10-18,1.59212
2006-10-19,1.58955
2006-10-20,1.58766
2006-10-23,1.59057
2006-10-24,1.59040
2006-10-25,1.59255
2006-10-26,1.59217
2006-10-27,1.59002
2006-10-30,1.58820
2006-10-31,1.58692
2006-11-01,1.58787
2006-11-02,1.59016
2006-11-03,1.59433
2006-11-06,1.59771
2006-11-07,1.59559
2006-11-08,1.59607
2006-11-09,1.59428
2006-11-10,1.59331
2006-11-13,1.59377
2006-11-14,1.59500
2006-11-15,1.59734
2006-11-16,1.59670
2006-11-17,1.59567
2006-11-20,1.59288
2006-11-21,1.59259
2006-11-22,1.58707
2006-11-24,1.58457
2006-11-27,1.58528
2006-11-28,1.58752
2006-11-29,1.59038
2006-11-30,1.58679
2006-12-01,1.59081
2006-12-04,1.59208
2006-12-05,1.58729
2006-12-06,1.58789
2006-12-07,1.58928
2006-12-08,1.59099
2006-12-11,1.59143
2006-12-12,1.59190
2006-12-13,1.59416
2006-12-14,1.59742
2006-12-15,1.59840
2006-12-18,1.60060
2006-12-19,1.60193
2006-12-20,1.60414
2006-12-21,1.60277
2006-12-22,1.60281
2006-12-26,1.60210
2006-12-27,1.60822
2006-12-28,1.60618
2006-12-29,1.60948
2007-01-02,1.61087
2007-01-03,1.61483
2007-01-04,1.61241
2007-01-05,1.60827
2007-01-08,1.60919
2007-01-09,1.61365
2007-01-10,1.61219
2007-01-11,1.61058
2007-01-12,1.61388
2007-01-16,1.61219
2007-01-17,1.61284
2007-01-18,1.61719
2007-01-19,1.61834
2007-01-22,1.61752
2007-01-23,1.61552
2007-01-24,1.61797
2007-01-25,1.61462
2007-01-26,1.61792
2007-01-29,1.62217
2007-01-30,1.62306
2007-01-31,1.62095
2007-02-01,1.61810
2007-02-02,1.61690
2007-02-05,1.61420
2007-02-06,1.60991
2007-02-07,1.61432
2007-02-08,1.62552
2007-02-09,1.62362
2007-02-12,1.62437
2007-02-13,1.62660
2007-02-14,1.62759
2007-02-15,1.62444
2007-02-16,1.62126
2007-02-20,1.62451
2007-02-21,1.62680
2007-02-22,1.62635
2007-02-23,1.62349
2007-02-26,1.62219
2007-02-27,1.61677
2007-02-28,1.61251
2007-03-01,1.61059
2007-03-02,1.60467
2007-03-05,1.59984
2007-03-06,1.60454
2007-03-07,1.60505
2007-03-08,1.61310
2007-03-09,1.61774
2007-03-12,1.61524
2007-03-13,1.61272
2007-03-14,1.60569
2007-03-15,1.60864
2007-03-16,1.60732
2007-03-19,1.61258
2007-03-20,1.61310
2007-03-21,1.61668
2007-03-22,1.61835
2007-03-23,1.61865
2007-03-26,1.61942
2007-03-27,1.62014
2007-03-28,1.61938
2007-03-29,1.62235
2007-03-30,1.62177
2007-04-02,1.62351
2007-04-03,1.62929
2007-04-04,1.62956
2007-04-05,1.63064
2007-04-06,1.63433
2007-04-09,1.63748
2007-04-10,1.63442
2007-04-11,1.63832
2007-04-12,1.63929
2007-04-13,1.64288
2007-04-16,1.64390
2007-04-17,1.64071
2007-04-18,1.63649
2007-04-19,1.63864
2007-04-20,1.64323
2007-04-23,1.64150
2007-04-24,1.63888
2007-04-25,1.64165
2007-04-26,1.64338
2007-04-27,1.64614
2007-04-30,1.64786
2007-05-01,1.65252
2007-05-02,1.65053
2007-05-03,1.64849
2007-05-04,1.64606
2007-05-07,1.64706
2007-05-08,1.64844
2007-05-09,1.64815
2007-05-10,1.64734
2007-05-11,1.64770
2007-05-14,1.65163
2007-05-15,1.65080
2007-05-16,1.65247
2007-05-17,1.65538
2007-05-18,1.65748
2007-05-21,1.65604
2007-05-22,1.65612
2007-05-23,1.65377
2007-05-24,1.65087
2007-05-25,1.65200
2007-05-29,1.64851
2007-05-30,1.64506
2007-05-31,1.64833
2007-06-01,1.65309
2007-06-04,1.64972
2007-06-05,1.64845
2007-06-06,1.64274
2007-06-07,1.64734
2007-06-08,1.64908
2007-06-11,1.65456
2007-06-12,1.65543
2007-06-13,1.65475
2007-06-14,1.65739
2007-06-15,1.66105
2007-06-18,1.66296
2007-06-19,1.66380
2007-06-20,1.66139
2007-06-21,1.66207
2007-06-22,1.65493
2007-06-25,1.65501
2007-06-26,1.65441
2007-06-27,1.65113
2007-06-28,1.65446
2007-06-29,1.65495
2007-07-02,1.65059
2007-07-03,1.65446
2007-07-05,1.65529
2007-07-06,1.65976
2007-07-09,1.65781
2007-07-10,1.65579
2007-07-11,1.65690
2007-07-12,1.65767
2007-07-13,1.65711
2007-07-16,1.65674
2007-07-17,1.65794
2007-07-18,1.65659
2007-07-19,1.66041
2007-07-20,1.65947
2007-07-23,1.66561
2007-07-24,1.66575
2007-07-25,1.66461
2007-07-26,1.65701
2007-07-27,1.64752
2007-07-30,1.64386
2007-07-31,1.64829
2007-08-01,1.64359
2007-08-02,1.65138
2007-08-03,1.64502
2007-08-06,1.63720
2007-08-07,1.64339
2007-08-08,1.64954
2007-08-09,1.63954
2007-08-10,1.63802
2007-08-13,1.64264
2007-08-14,1.64267
2007-08-15,1.64187
2007-08-16,1.63160
2007-08-17,1.62480
2007-08-20,1.62505
2007-08-21,1.62235
2007-08-22,1.63265
2007-08-23,1.63539
2007-08-24,1.63938
2007-08-27,1.64170
2007-08-28,1.63592
2007-08-29,1.63900
2007-08-30,1.64215
2007-08-31,1.64657
2007-09-03,1.64657
2007-09-04,1.64748
2007-09-05,1.64366
2007-09-06,1.64471
2007-09-07,1.63641
2007-09-10,1.63586
2007-09-11,1.64162
2007-09-12,1.64683
2007-09-13,1.64815
2007-09-14,1.64991
2007-09-17,1.64574
2007-09-18,1.64924
2007-09-19,1.65402
2007-09-20,1.64839
2007-09-21,1.65189
2007-09-24,1.65361
2007-09-25,1.65032
2007-09-26,1.65419
2007-09-27,1.65913
2007-09-28,1.65960
2007-10-01,1.66235
2007-10-02,1.66407
2007-10-03,1.66657
2007-10-04,1.66036
2007-10-05,1.66454
2007-10-08,1.66454
2007-10-09,1.66826
2007-10-10,1.67157
2007-10-11,1.67914
2007-10-12,1.67923
2007-10-15,1.67742
2007-10-16,1.67578
2007-10-17,1.67889
2007-10-18,1.67172
2007-10-19,1.67137
2007-10-22,1.66506
2007-10-23,1.67075
2007-10-24,1.66942
2007-10-25,1.66895
2007-10-26,1.67319
2007-10-29,1.67877
2007-10-30,1.67532
2007-10-31,1.67665
2007-11-01,1.67307
2007-11-02,1.67145
2007-11-05,1.66922
2007-11-06,1.66710
2007-11-07,1.66251
2007-11-08,1.65491
2007-11-09,1.64716
2007-11-13,1.64321
2007-11-14,1.64618
2007-11-15,1.64310
2007-11-16,1.63663
2007-11-19,1.63632
2007-11-20,1.64114
2007-11-21,1.63657
2007-11-22,1.63657
2007-11-23,1.63469
2007-11-26,1.63546
2007-11-27,1.63787
2007-11-28,1.64985
2007-11-29,1.65047
2007-11-30,1.65790
2007-12-03,1.65484
2007-12-04,1.64876
2007-12-05,1.64990
2007-12-06,1.65047
2007-12-07,1.65655
2007-12-10,1.65921
2007-12-11,1.66569
2007-12-12,1.66936
2007-12-13,1.66793
2007-12-14,1.66489
2007-12-17,1.65570
2007-12-18,1.65933
2007-12-19,1.65849
2007-12-20,1.65968
2007-12-21,1.66107
2007-12-24,1.66671
2007-12-26,1.66797
2007-12-27,1.66579
2007-12-28,1.65955
2007-12-31,1.65435
2008-01-02,1.64687
2008-01-03,1.64073
2008-01-04,1.63596
2008-01-07,1.64112
2008-01-08,1.63915
2008-01-09,1.63504
2008-01-10,1.63163
2008-01-11,1.63034
2008-01-14,1.62571
2008-01-15,1.62021
2008-01-16,1.61195
2008-01-17,1.61496
2008-01-18,1.60918
2008-01-22,1.60497
2008-01-23,1.58817
2008-01-24,1.60168
2008-01-25,1.61203
2008-01-28,1.60870
2008-01-29,1.61548
2008-01-30,1.61523
2008-01-31,1.60953
2008-02-01,1.60692
2008-02-04,1.61554
2008-02-05,1.61080
2008-02-06,1.60788
2008-02-07,1.60154
2008-02-08,1.60110
2008-02-11,1.59893
2008-02-12,1.60601
2008-02-13,1.61334
2008-02-14,1.60749
2008-02-15,1.60132
2008-02-19,1.61138
2008-02-20,1.61334
2008-02-21,1.61695
2008-02-22,1.60949
2008-02-25,1.60901
2008-02-26,1.61540
2008-02-27,1.60947
2008-02-28,1.59809
2008-02-29,1.58466
2008-03-03,1.58502
2008-03-04,1.57475
2008-03-05,1.58374
2008-03-06,1.58031
2008-03-07,1.57160
2008-03-10,1.56631
2008-03-11,1.57756
2008-03-12,1.58305
2008-03-13,1.57644
2008-03-14,1.57154
2008-03-17,1.55447
2008-03-18,1.56234
2008-03-19,1.56515
2008-03-20,1.55828
2008-03-21,1.55777
2008-03-24,1.57482
2008-03-25,1.57330
2008-03-26,1.56895
2008-03-27,1.56904
2008-03-28,1.57280
2008-03-31,1.56804
2008-04-01,1.57839
2008-04-02,1.58488
2008-04-03,1.57904
2008-04-04,1.58175
2008-04-07,1.59397
2008-04-08,1.59259
2008-04-09,1.58328
2008-04-10,1.58234
2008-04-11,1.58206
2008-04-14,1.57882
2008-04-15,1.58303
2008-04-16,1.59434
2008-04-17,1.59634
2008-04-18,1.61414
2008-04-21,1.60727
2008-04-22,1.60167
2008-04-23,1.61304
2008-04-24,1.62034
2008-04-25,1.61585
2008-04-28,1.61774
2008-04-29,1.61164
2008-04-30,1.62261
2008-05-01,1.61972
2008-05-02,1.62994
2008-05-05,1.63269
2008-05-06,1.63013
2008-05-07,1.62665
2008-05-08,1.61941
2008-05-09,1.61137
2008-05-12,1.62234
2008-05-13,1.62686
2008-05-14,1.63310
2008-05-15,1.63145
2008-05-16,1.62894
2008-05-19,1.63615
2008-05-20,1.62557
2008-05-21,1.62413
2008-05-22,1.62123
2008-05-23,1.61537
2008-05-27,1.61774
2008-05-28,1.62244
2008-05-29,1.62733
2008-05-30,1.62222
2008-06-02,1.61390
2008-06-03,1.61289
2008-06-04,1.60841
2008-06-05,1.61786
2008-06-06,1.61035
2008-06-09,1.60909
2008-06-10,1.60978
2008-06-11,1.60722
2008-06-12,1.60977
2008-06-13,1.61134
2008-06-16,1.61458
2008-06-17,1.61825
2008-06-18,1.61417
2008-06-19,1.62099
2008-06-20,1.61641
2008-06-23,1.62262
2008-06-24,1.61896
2008-06-25,1.62292
2008-06-26,1.61693
2008-06-27,1.60709
2008-06-30,1.60661
2008-07-01,1.60666
2008-07-02,1.61076
2008-07-03,1.61373
2008-07-07,1.61602
2008-07-08,1.61590
2008-07-09,1.62169
2008-07-10,1.62151
2008-07-11,1.61828
2008-07-14,1.61712
2008-07-15,1.60653
2008-07-16,1.60824
2008-07-17,1.61729
2008-07-18,1.61836
2008-07-21,1.62067
2008-07-22,1.62577
2008-07-23,1.62928
2008-07-24,1.62674
2008-07-25,1.62918
2008-07-28,1.62709
2008-07-29,1.62962
2008-07-30,1.63124
2008-07-31,1.63507
2008-08-01,1.63138
2008-08-04,1.63350
2008-08-05,1.63155
2008-08-06,1.63359
2008-08-07,1.62887
2008-08-08,1.62519
2008-08-11,1.61975
2008-08-12,1.62170
2008-08-13,1.61677
2008-08-14,1.62101
2008-08-15,1.61058
2008-08-18,1.61423
2008-08-19,1.61118
2008-08-20,1.61835
2008-08-21,1.61565
2008-08-22,1.62350
2008-08-25,1.61747
2008-08-26,1.61325
2008-08-27,1.61659
2008-08-28,1.61439
2008-08-29,1.61640
2008-09-02,1.60761
2008-09-03,1.60171
2008-09-04,1.59305
2008-09-05,1.58578
2008-09-08,1.59712
2008-09-09,1.59439
2008-09-10,1.59260
2008-09-11,1.58837
2008-09-12,1.60643
2008-09-15,1.58668
2008-09-16,1.58514
2008-09-17,1.59318
2008-09-18,1.58033
2008-09-19,1.59767
2008-09-22,1.59230
2008-09-23,1.59343
2008-09-24,1.59569
2008-09-25,1.59364
2008-09-26,1.58955
2008-09-29,1.57665
2008-09-30,1.57547
2008-10-01,1.57585
2008-10-02,1.57093
2008-10-03,1.56051
2008-10-06,1.54748
2008-10-07,1.55575
2008-10-08,1.54200
2008-10-09,1.54353
2008-10-10,1.51165
2008-10-14,1.54971
2008-10-15,1.53928
2008-10-16,1.52026
2008-10-17,1.52652
2008-10-20,1.53255
2008-10-21,1.51743
2008-10-22,1.49609
2008-10-23,1.49710
2008-10-24,1.45677
2008-10-27,1.44132
2008-10-28,1.44878
2008-10-29,1.46138
2008-10-30,1.47134
2008-10-31,1.47990
2008-11-03,1.48575
2008-11-04,1.51393
2008-11-05,1.51337
2008-11-06,1.49828
2008-11-07,1.50262
2008-11-10,1.50364
2008-11-12,1.48060
2008-11-13,1.50257
2008-11-14,1.51114
2008-11-17,1.52125
2008-11-18,1.51980
2008-11-19,1.52431
2008-11-20,1.52768
2008-11-21,1.53346
2008-11-24,1.54267
2008-11-25,1.54567
2008-11-26,1.54766
2008-11-28,1.54417
2008-12-01,1.52571
2008-12-02,1.53480
2008-12-03,1.53833
2008-12-04,1.53711
2008-12-05,1.54853
2008-12-08,1.55765
2008-12-09,1.56041
2008-12-10,1.55626
2008-12-11,1.57830
2008-12-12,1.57469
2008-12-15,1.58355
2008-12-16,1.57520
2008-12-17,1.55808
2008-12-18,1.54061
2008-12-19,1.54086
2008-12-22,1.52770
2008-12-23,1.51620
2008-12-24,1.50649
2008-12-26,1.50471
2008-12-29,1.48221
2008-12-30,1.48831
2008-12-31,1.48566
2009-01-02,1.49003
2009-01-05,1.50380
2009-01-06,1.50739
2009-01-07,1.50082
2009-01-08,1.49822
2009-01-09,1.49744
2009-01-12,1.48679
2009-01-13,1.47974
2009-01-14,1.47266
2009-01-15,1.47073
2009-01-16,1.48020
2009-01-20,1.48006
2009-01-21,1.47658
2009-01-22,1.49475
2009-01-23,1.49415
2009-01-26,1.50092
2009-01-27,1.49862
2009-01-28,1.51530
2009-01-29,1.49461
2009-01-30,1.48681
2009-02-02,1.49078
2009-02-03,1.48569
2009-02-04,1.48869
2009-02-05,1.49621
2009-02-06,1.50541
2009-02-09,1.51091
2009-02-10,1.49572
2009-02-11,1.49549
2009-02-12,1.49173
2009-02-13,1.49144
2009-02-17,1.47630
2009-02-18,1.48218
2009-02-19,1.48821
2009-02-20,1.48236
2009-02-23,1.48286
2009-02-24,1.48700
2009-02-25,1.48262
2009-02-26,1.48653
2009-02-27,1.47784
2009-03-02,1.47478
2009-03-03,1.47509
2009-03-04,1.48285
2009-03-05,1.47343
2009-03-06,1.46071
2009-03-09,1.47005
2009-03-10,1.47156
2009-03-11,1.47994
2009-03-12,1.52221
2009-03-13,1.53152
2009-03-16,1.53613
2009-03-17,1.53405
2009-03-18,1.52950
2009-03-19,1.53563
2009-03-20,1.52530
2009-03-23,1.53189
2009-03-24,1.52624
2009-03-25,1.52166
2009-03-26,1.52841
2009-03-27,1.52162
2009-03-30,1.51597
2009-03-31,1.51107
2009-04-01,1.51593
2009-04-02,1.52725
2009-04-03,1.52225
2009-04-06,1.52185
2009-04-07,1.51986
2009-04-08,1.52259
2009-04-09,1.52308
2009-04-10,1.52122
2009-04-13,1.51656
2009-04-14,1.51182
2009-04-15,1.50975
2009-04-16,1.51392
2009-04-17,1.52104
2009-04-20,1.51135
2009-04-21,1.51252
2009-04-22,1.51386
2009-04-23,1.51109
2009-04-24,1.50929
2009-04-27,1.50690
2009-04-28,1.50431
2009-04-29,1.50686
2009-04-30,1.51000
2009-05-01,1.50776
2009-05-04,1.50882
2009-05-05,1.51090
2009-05-06,1.50619
2009-05-07,1.51240
2009-05-08,1.51154
2009-05-11,1.50735
2009-05-12,1.50736
2009-05-13,1.50572
2009-05-14,1.50497
2009-05-15,1.50718
2009-05-18,1.50972
2009-05-19,1.51327
2009-05-20,1.51714
2009-05-21,1.51988
2009-05-22,1.51919
2009-05-26,1.51574
2009-05-27,1.51225
2009-05-28,1.51179
2009-05-29,1.51038
2009-06-01,1.51689
2009-06-02,1.51598
2009-06-03,1.51654
2009-06-04,1.51497
2009-06-05,1.51819
2009-06-08,1.51728
2009-06-09,1.51654
2009-06-10,1.51230
2009-06-11,1.51085
2009-06-12,1.51004
2009-06-15,1.50820
2009-06-16,1.50611
2009-06-17,1.50554
2009-06-18,1.51342
2009-06-19,1.50798
2009-06-22,1.50582
2009-06-23,1.50274
2009-06-24,1.51955
2009-06-25,1.52923
2009-06-26,1.52601
2009-06-29,1.52524
2009-06-30,1.52348
2009-07-01,1.52078
2009-07-02,1.51892
2009-07-03,1.51994
2009-07-06,1.51596
2009-07-07,1.51627
2009-07-08,1.51309
2009-07-09,1.51094
2009-07-10,1.51177
2009-07-13,1.51488
2009-07-14,1.51579
2009-07-15,1.51694
2009-07-16,1.51800
2009-07-17,1.52019
2009-07-20,1.51883
2009-07-21,1.51576
2009-07-22,1.51578
2009-07-23,1.52168
2009-07-24,1.52089
2009-07-27,1.52487
2009-07-28,1.52154
2009-07-29,1.52708
2009-07-30,1.53242
2009-07-31,1.52335
2009-08-03,1.52487
2009-08-04,1.52722
2009-08-05,1.52972
2009-08-06,1.53022
2009-08-07,1.53517
2009-08-10,1.53514
2009-08-11,1.53068
2009-08-12,1.53021
2009-08-13,1.53050
2009-08-14,1.52388
2009-08-17,1.51972
2009-08-18,1.51935
2009-08-19,1.51597
2009-08-20,1.51730
2009-08-21,1.51809
2009-08-24,1.51883
2009-08-25,1.51743
2009-08-26,1.52227
2009-08-27,1.52233
2009-08-28,1.51615
2009-08-31,1.51701
2009-09-01,1.51644
2009-09-02,1.51396
2009-09-03,1.51314
2009-09-04,1.51528
2009-09-08,1.51682
2009-09-09,1.51603
2009-09-10,1.51457
2009-09-11,1.51298
2009-09-14,1.51381
2009-09-15,1.51644
2009-09-16,1.51793
2009-09-17,1.51613
2009-09-18,1.51345
2009-09-21,1.51587
2009-09-22,1.51457
2009-09-23,1.51335
2009-09-24,1.51051
2009-09-25,1.50888
2009-09-28,1.50908
2009-09-29,1.51142
2009-09-30,1.51792
2009-10-01,1.51490
2009-10-02,1.50934
2009-10-05,1.51194
2009-10-06,1.51106
2009-10-07,1.51644
2009-10-08,1.51766
2009-10-09,1.51795
2009-10-13,1.51803
2009-10-14,1.51549
2009-10-15,1.51487
2009-10-16,1.51697
2009-10-19,1.51420
2009-10-20,1.51200
2009-10-21,1.51043
2009-10-22,1.51073
2009-10-23,1.51338
2009-10-26,1.51442
2009-10-27,1.51445
2009-10-28,1.51048
2009-10-29,1.51067
2009-10-30,1.51070
2009-11-02,1.50905
2009-11-03,1.51070
2009-11-04,1.51083
2009-11-05,1.51092
2009-11-06,1.51046
2009-11-09,1.51147
2009-11-10,1.50987
2009-11-12,1.51093
2009-11-13,1.50953
2009-11-16,1.50891
2009-11-17,1.51149
2009-11-18,1.51102
2009-11-19,1.51274
2009-11-20,1.51331
2009-11-23,1.51130
2009-11-24,1.51098
2009-11-25,1.50913
2009-11-27,1.50576
2009-11-30,1.50697
2009-12-01,1.50747
2009-12-02,1.50670
2009-12-03,1.50731
2009-12-04,1.50878
2009-12-07,1.51141
2009-12-08,1.51017
2009-12-09,1.51112
2009-12-10,1.51141
2009-12-11,1.51205
2009-12-14,1.51157
2009-12-15,1.51248
2009-12-16,1.50948
2009-12-17,1.50193
2009-12-18,1.49272
2009-12-21,1.49499
2009-12-22,1.49352
2009-12-23,1.48860
2009-12-24,1.48980
2009-12-28,1.48834
2009-12-29,1.48794
2009-12-30,1.48762
2009-12-31,1.48459
2010-01-04,1.48435
2010-01-05,1.48668
2010-01-06,1.48092
2010-01-07,1.48025
2010-01-08,1.47825
2010-01-11,1.47609
2010-01-12,1.47546
2010-01-13,1.47739
2010-01-14,1.47763
2010-01-15,1.47556
2010-01-19,1.47546
2010-01-20,1.47329
2010-01-21,1.47073
2010-01-22,1.47205
2010-01-25,1.47164
2010-01-26,1.47180
2010-01-27,1.47161
2010-01-28,1.47173
2010-01-29,1.46422
2010-02-01,1.47191
2010-02-02,1.47321
2010-02-03,1.47267
2010-02-04,1.46602
2010-02-05,1.46673
2010-02-08,1.46521
2010-02-09,1.46793
2010-02-10,1.46570
2010-02-11,1.46597
2010-02-12,1.46709
2010-02-16,1.46778
2010-02-17,1.46683
2010-02-18,1.46562
2010-02-19,1.46528
2010-02-22,1.46412
2010-02-23,1.46446
2010-02-24,1.46335
2010-02-25,1.46315
2010-02-26,1.46305
2010-03-01,1.46331
2010-03-02,1.46365
2010-03-03,1.46258
2010-03-04,1.46289
2010-03-05,1.46292
2010-03-08,1.46256
2010-03-09,1.46244
2010-03-10,1.46162
2010-03-11,1.46164
2010-03-12,1.45771
2010-03-15,1.45188
2010-03-16,1.45239
2010-03-17,1.44951
2010-03-18,1.44606
2010-03-19,1.43621
2010-03-22,1.43166
2010-03-23,1.42948
2010-03-24,1.42712
2010-03-25,1.42741
2010-03-26,1.42846
2010-03-29,1.43180
2010-03-30,1.43081
2010-03-31,1.42405
2010-04-01,1.43270
2010-04-02,1.43385
2010-04-05,1.43210
2010-04-06,1.43197
2010-04-07,1.43205
2010-04-08,1.43260
2010-04-09,1.43731
2010-04-12,1.43995
2010-04-13,1.43713
2010-04-14,1.43665
2010-04-15,1.43447
2010-04-16,1.43277
2010-04-19,1.43319
2010-04-20,1.43512
2010-04-21,1.43308
2010-04-22,1.43324
2010-04-23,1.43527
2010-04-26,1.43392
2010-04-27,1.43366
2010-04-28,1.43251
2010-04-29,1.43345
2010-04-30,1.43216
2010-05-03,1.43264
2010-05-04,1.43246
2010-05-05,1.43310
2010-05-06,1.40744
2010-05-07,1.41013
2010-05-10,1.42367
2010-05-11,1.40610
2010-05-12,1.40341
2010-05-13,1.40078
2010-05-14,1.40057
2010-05-17,1.40106
2010-05-18,1.40163
2010-05-19,1.42431
2010-05-20,1.42256
2010-05-21,1.44429
2010-05-24,1.43419
2010-05-25,1.42350
2010-05-26,1.41816
2010-05-27,1.42256
2010-05-28,1.42659
2010-06-01,1.41641
2010-06-02,1.41279
2010-06-03,1.40715
2010-06-04,1.39340
2010-06-07,1.38878
2010-06-08,1.38059
2010-06-09,1.37979
2010-06-10,1.38283
2010-06-11,1.39143
2010-06-14,1.39693
2010-06-15,1.39423
2010-06-16,1.38842
2010-06-17,1.37715
2010-06-18,1.37276
2010-06-21,1.37231
2010-06-22,1.35913
2010-06-23,1.36070
2010-06-24,1.35758
2010-06-25,1.34875
2010-06-28,1.33744
2010-06-29,1.31749
2010-06-30,1.32424
2010-07-01,1.33055
2010-07-02,1.33757
2010-07-06,1.33877
2010-07-07,1.32809
2010-07-08,1.33190
2010-07-09,1.33683
2010-07-12,1.33530
2010-07-13,1.33859
2010-07-14,1.34643
2010-07-15,1.34360
2010-07-16,1.35926
2010-07-19,1.36427
2010-07-20,1.35256
2010-07-21,1.34837
2010-07-22,1.34232
2010-07-23,1.35543
2010-07-26,1.36069
2010-07-27,1.37912
2010-07-28,1.37502
2010-07-29,1.36016
2010-07-30,1.36043
2010-08-02,1.36728
2010-08-03,1.37482
2010-08-04,1.38342
2010-08-05,1.37811
2010-08-06,1.37668
2010-08-09,1.38467
2010-08-10,1.38471
2010-08-11,1.36515
2010-08-12,1.34907
2010-08-13,1.34380
2010-08-16,1.33239
2010-08-17,1.34493
2010-08-18,1.33917
2010-08-19,1.32349
2010-08-20,1.31591
2010-08-23,1.31582
2010-08-24,1.30634
2010-08-25,1.29972
2010-08-26,1.30396
2010-08-27,1.31070
2010-08-30,1.29951
2010-08-31,1.28938
2010-09-01,1.30032
2010-09-02,1.29751
2010-09-03,1.31091
2010-09-07,1.28677
2010-09-08,1.28624
2010-09-09,1.28974
2010-09-10,1.29535
2010-09-13,1.29918
2010-09-14,1.29334
2010-09-15,1.30489
2010-09-16,1.32658
2010-09-17,1.31663
2010-09-20,1.31390
2010-09-21,1.31853
2010-09-22,1.32044
2010-09-23,1.31345
2010-09-24,1.32435
2010-09-27,1.32475
2010-09-28,1.32518
2010-09-29,1.33006
2010-09-30,1.33406
2010-10-01,1.34246
2010-10-04,1.33082
2010-10-05,1.33670
2010-10-06,1.33723
2010-10-07,1.34582
2010-10-08,1.33793
2010-10-12,1.32830
2010-10-13,1.33892
2010-10-14,1.34055
2010-10-15,1.33847
2010-10-18,1.33604
2010-10-19,1.34154
2010-10-20,1.34119
2010-10-21,1.34721
2010-10-22,1.36151
2010-10-25,1.35818
2010-10-26,1.36293
2010-10-27,1.36399
2010-10-28,1.36983
2010-10-29,1.36863
2010-11-01,1.37986
2010-11-02,1.37195
2010-11-03,1.37234
2010-11-04,1.36970
2010-11-05,1.34437
2010-11-08,1.34290
2010-11-09,1.33749
2010-11-10,1.33704
2010-11-12,1.33690
2010-11-15,1.33928
2010-11-16,1.34144
2010-11-17,1.34133
2010-11-18,1.35762
2010-11-19,1.36251
2010-11-22,1.34999
2010-11-23,1.33231
2010-11-24,1.32759
2010-11-26,1.32645
2010-11-29,1.31081
2010-11-30,1.30166
2010-12-01,1.31453
2010-12-02,1.30966
2010-12-03,1.30517
2010-12-06,1.30731
2010-12-07,1.30935
2010-12-08,1.30813
2010-12-09,1.30032
2010-12-10,1.29714
2010-12-13,1.29442
2010-12-14,1.28734
2010-12-15,1.27997
2010-12-16,1.27575
2010-12-17,1.27690
2010-12-20,1.26483
2010-12-21,1.25853
2010-12-22,1.24385
2010-12-23,1.26032
2010-12-27,1.26541
2010-12-28,1.24866
2010-12-29,1.25178
2010-12-30,1.24323
2011-01-03,1.24736
2011-01-04,1.26121
2011-01-05,1.27028
2011-01-06,1.25456
2011-01-07,1.24903
2011-01-10,1.25385
2011-01-11,1.26606
2011-01-12,1.26970
2011-01-13,1.28612
2011-01-14,1.28709
2011-01-18,1.29077
2011-01-19,1.29352
2011-01-20,1.29802
2011-01-21,1.30246
2011-01-24,1.29547
2011-01-25,1.28953
2011-01-26,1.29154
2011-01-27,1.29537
2011-01-28,1.28303
2011-01-31,1.28954
2011-02-01,1.29490
2011-02-02,1.29613
2011-02-03,1.28823
2011-02-04,1.29815
2011-02-07,1.29732
2011-02-08,1.30988
2011-02-09,1.31549
2011-02-10,1.31720
2011-02-11,1.31896
2011-02-14,1.30800
2011-02-15,1.30576
2011-02-16,1.30263
2011-02-17,1.29431
2011-02-18,1.29655
2011-02-22,1.28320
2011-02-23,1.28233
2011-02-24,1.27614
2011-02-25,1.27693
2011-02-28,1.28345
2011-03-01,1.28232
2011-03-02,1.27878
2011-03-03,1.29791
2011-03-04,1.29516
2011-03-07,1.29364
2011-03-08,1.30022
2011-03-09,1.29301
2011-03-10,1.28836
2011-03-11,1.28601
2011-03-14,1.29304
2011-03-15,1.28328
2011-03-16,1.26966
2011-03-17,1.26164
2011-03-18,1.27616
2011-03-21,1.28468
2011-03-22,1.28496
2011-03-23,1.28023
2011-03-24,1.28671
2011-03-25,1.29321
2011-03-28,1.29323
2011-03-29,1.29703
2011-03-30,1.29852
2011-03-31,1.29868
2011-04-01,1.31386
2011-04-04,1.31172
2011-04-05,1.31521
2011-04-06,1.31461
2011-04-07,1.31133
2011-04-08,1.31442
2011-04-11,1.31045
2011-04-12,1.29806
2011-04-13,1.29401
2011-04-14,1.29071
2011-04-15,1.29044
2011-04-18,1.27696
2011-04-19,1.28723
2011-04-20,1.29376
2011-04-21,1.28661
2011-04-22,1.28945
2011-04-25,1.28349
2011-04-26,1.28736
2011-04-27,1.29097
2011-04-28,1.29154
2011-04-29,1.28442
2011-05-02,1.28476
2011-05-03,1.28053
2011-05-04,1.27519
2011-05-05,1.26848
2011-05-06,1.26569
2011-05-09,1.25168
2011-05-10,1.26418
2011-05-11,1.26227
2011-05-12,1.25811
2011-05-13,1.25947
2011-05-16,1.25380
2011-05-17,1.25237
2011-05-18,1.25457
2011-05-19,1.25998
2011-05-20,1.24376
2011-05-23,1.23770
2011-05-24,1.24136
2011-05-25,1.22973
2011-05-26,1.22091
2011-05-27,1.21732
2011-05-31,1.22556
2011-06-01,1.21227
2011-06-02,1.21725
2011-06-03,1.21980
2011-06-06,1.22222
2011-06-07,1.23100
2011-06-08,1.22086
2011-06-09,1.22267
2011-06-10,1.20945
2011-06-13,1.20244
2011-06-14,1.22217
2011-06-15,1.20990
2011-06-16,1.20410
2011-06-17,1.21232
2011-06-20,1.20521
2011-06-21,1.21425
2011-06-22,1.20351
2011-06-23,1.18700
2011-06-24,1.18800
2011-06-27,1.19494
2011-06-28,1.19224
2011-06-29,1.20459
2011-06-30,1.22175
2011-07-01,1.23009
2011-07-05,1.22298
2011-07-06,1.20261
2011-07-07,1.21108
2011-07-08,1.19367
2011-07-11,1.17191
2011-07-12,1.16802
2011-07-13,1.16348
2011-07-14,1.15828
2011-07-15,1.15487
2011-07-18,1.14829
2011-07-19,1.15600
2011-07-20,1.16402
2011-07-21,1.17448
2011-07-22,1.17311
2011-07-25,1.15750
2011-07-26,1.16350
2011-07-27,1.15323
2011-07-28,1.15003
2011-07-29,1.13396
2011-08-01,1.10964
2011-08-02,1.09764
2011-08-03,1.09695
2011-08-04,1.08651
2011-08-05,1.07603
2011-08-08,1.07562
2011-08-09,1.04159
2011-08-10,1.03548
2011-08-11,1.07571
2011-08-12,1.09796
2011-08-15,1.12762
2011-08-16,1.14306
2011-08-17,1.13917
2011-08-18,1.13189
2011-08-19,1.13183
2011-08-22,1.13306
2011-08-23,1.13867
2011-08-24,1.14504
2011-08-25,1.14452
2011-08-26,1.16503
2011-08-29,1.18804
2011-08-30,1.17971
2011-08-31,1.15788
2011-09-01,1.13569
2011-09-02,1.11660
2011-09-06,1.20300
2011-09-07,1.20891
2011-09-08,1.21534
2011-09-09,1.20815
2011-09-12,1.20453
2011-09-13,1.20315
2011-09-14,1.20263
2011-09-15,1.20635
2011-09-16,1.20648
2011-09-19,1.20521
2011-09-20,1.21613
2011-09-21,1.22574
2011-09-22,1.21998
2011-09-23,1.22128
2011-09-26,1.21935
2011-09-27,1.21891
2011-09-28,1.22036
2011-09-29,1.22027
2011-09-30,1.21695
2011-10-03,1.21527
2011-10-04,1.22614
2011-10-05,1.22991
2011-10-06,1.23612
2011-10-07,1.23645
2011-10-11,1.23805
2011-10-12,1.23468
2011-10-13,1.23575
2011-10-14,1.23843
2011-10-17,1.23644
2011-10-18,1.23638
2011-10-19,1.24270
2011-10-20,1.23079
2011-10-21,1.22808
2011-10-24,1.22653
2011-10-25,1.22326
2011-10-26,1.22350
2011-10-27,1.22010
2011-10-28,1.22167
2011-10-31,1.21423
2011-11-01,1.21731
2011-11-02,1.21573
2011-11-03,1.21413
2011-11-04,1.22196
2011-11-07,1.23859
2011-11-08,1.23601
2011-11-09,1.23182
2011-11-10,1.23188
2011-11-14,1.23614
2011-11-15,1.24114
2011-11-16,1.23822
2011-11-17,1.23962
2011-11-18,1.23837
2011-11-21,1.23857
2011-11-22,1.23464
2011-11-23,1.22824
2011-11-25,1.23017
2011-11-28,1.22867
2011-11-29,1.22668
2011-11-30,1.22508
2011-12-01,1.23196
2011-12-02,1.23414
2011-12-05,1.23573
2011-12-06,1.24156
2011-12-07,1.23842
2011-12-08,1.23584
2011-12-09,1.23553
2011-12-12,1.23434
2011-12-13,1.23321
2011-12-14,1.23622
2011-12-15,1.22342
2011-12-16,1.22063
2011-12-19,1.21895
2011-12-20,1.21718
2011-12-21,1.22285
2011-12-22,1.22202
2011-12-23,1.22298
2011-12-27,1.22094
2011-12-28,1.21898
2011-12-29,1.21901
2011-12-30,1.21614
2012-01-03,1.21722
2012-01-04,1.21761
2012-01-05,1.21795
2012-01-06,1.21565
2012-01-09,1.21336
2012-01-10,1.21242
2012-01-11,1.21198
2012-01-12,1.21046
2012-01-13,1.20913
2012-01-17,1.20933
2012-01-18,1.20905
2012-01-19,1.20763
2012-01-20,1.20769
2012-01-23,1.20803
2012-01-24,1.20806
2012-01-25,1.20831
2012-01-26,1.20663
2012-01-27,1.20607
2012-01-30,1.20446
2012-01-31,1.20350
2012-02-01,1.20467
2012-02-02,1.20395
2012-02-03,1.20682
2012-02-06,1.20641
2012-02-07,1.20898
2012-02-08,1.20954
2012-02-09,1.21051
2012-02-10,1.21008
2012-02-13,1.20875
2012-02-14,1.20776
2012-02-15,1.20704
2012-02-16,1.20726
2012-02-17,1.20710
2012-02-21,1.20811
2012-02-22,1.20670
2012-02-23,1.20562
2012-02-24,1.20477
2012-02-27,1.20518
2012-02-28,1.20541
2012-02-29,1.20532
2012-03-01,1.20551
2012-03-02,1.20581
2012-03-05,1.20566
2012-03-06,1.20472
2012-03-07,1.20565
2012-03-08,1.20520
2012-03-09,1.20592
2012-03-12,1.20591
2012-03-13,1.20582
2012-03-14,1.21295
2012-03-15,1.20716
2012-03-16,1.20653
2012-03-19,1.20617
2012-03-20,1.20614
2012-03-21,1.20588
2012-03-22,1.20544
2012-03-23,1.20491
2012-03-26,1.20498
2012-03-27,1.20523
2012-03-28,1.20548
2012-03-29,1.20493
2012-03-30,1.20347
2012-04-02,1.20413
2012-04-03,1.20352
2012-04-04,1.20347
2012-04-05,1.20183
2012-04-06,1.20105
2012-04-09,1.20141
2012-04-10,1.20165
2012-04-11,1.20102
2012-04-12,1.20192
2012-04-13,1.20212
2012-04-16,1.20201
2012-04-17,1.20157
2012-04-18,1.20220
2012-04-19,1.20223
2012-04-20,1.20161
2012-04-23,1.20152
2012-04-24,1.20153
2012-04-25,1.20172
2012-04-26,1.20167
2012-04-27,1.20111
2012-04-30,1.20135
2012-05-01,1.20183
2012-05-02,1.20166
2012-05-03,1.20142
2012-05-04,1.20120
2012-05-07,1.20125
2012-05-08,1.20109
2012-05-09,1.20104
2012-05-10,1.20111
2012-05-11,1.20091
2012-05-14,1.20105
2012-05-15,1.20100
2012-05-16,1.20115
2012-05-17,1.20107
2012-05-18,1.20112
2012-05-21,1.20112
2012-05-22,1.20110
2012-05-23,1.20098
2012-05-24,1.20272
2012-05-25,1.20080
2012-05-29,1.20092
2012-05-30,1.20109
2012-05-31,1.20091
2012-06-01,1.20107
2012-06-04,1.20080
2012-06-05,1.20085
2012-06-06,1.20068
2012-06-07,1.20121
2012-06-08,1.20070
2012-06-11,1.20095
2012-06-12,1.20075
2012-06-13,1.20078
2012-06-14,1.20098
2012-06-15,1.20086
2012-06-18,1.20088
2012-06-19,1.20079
2012-06-20,1.20084
2012-06-21,1.20101
2012-06-22,1.20085
2012-06-25,1.20067
2012-06-26,1.20090
2012-06-27,1.20105
2012-06-28,1.20117
2012-06-29,1.20155
2012-07-02,1.20096
2012-07-03,1.20103
2012-07-05,1.20099
2012-07-06,1.20096
2012-07-09,1.20084
2012-07-10,1.20074
2012-07-11,1.20093
2012-07-12,1.20081
2012-07-13,1.20086
2012-07-16,1.20105
2012-07-17,1.20113
2012-07-18,1.20096
2012-07-19,1.20088
2012-07-20,1.20090
2012-07-23,1.20092
2012-07-24,1.20109
2012-07-25,1.20090
2012-07-26,1.20103
2012-07-27,1.20101
2012-07-30,1.20103
2012-07-31,1.20111
2012-08-01,1.20121
2012-08-02,1.20107
2012-08-03,1.20146
2012-08-06,1.20112
2012-08-07,1.20149
2012-08-08,1.20104
2012-08-09,1.20086
2012-08-10,1.20084
2012-08-13,1.20101
2012-08-14,1.20108
2012-08-15,1.20103
2012-08-16,1.20091
2012-08-17,1.20099
2012-08-20,1.20094
2012-08-21,1.20105
2012-08-22,1.20080
2012-08-23,1.20070
2012-08-24,1.20078
2012-08-27,1.20098
2012-08-28,1.20090
2012-08-29,1.20085
2012-08-30,1.20070
2012-08-31,1.20075
2012-09-04,1.20106
2012-09-05,1.20328
2012-09-06,1.20442
2012-09-07,1.20947
2012-09-10,1.20752
2012-09-11,1.20702
2012-09-12,1.20887
2012-09-13,1.21304
2012-09-14,1.21567
2012-09-17,1.21617
2012-09-18,1.21222
2012-09-19,1.21061
2012-09-20,1.20886
2012-09-21,1.21161
2012-09-24,1.20963
2012-09-25,1.21010
2012-09-26,1.20820
2012-09-27,1.20855
2012-09-28,1.20854
2012-10-01,1.20949
2012-10-02,1.20995
2012-10-03,1.21105
2012-10-04,1.21113
2012-10-05,1.21233
2012-10-09,1.21040
2012-10-10,1.21047
2012-10-11,1.20918
2012-10-12,1.20844
2012-10-15,1.20824
2012-10-16,1.20884
2012-10-17,1.21053
2012-10-18,1.20904
2012-10-19,1.20927
2012-10-22,1.21006
2012-10-23,1.20986
2012-10-24,1.20948
2012-10-25,1.20980
2012-10-26,1.20947
2012-10-29,1.20883
2012-10-30,1.20818
2012-10-31,1.20656
2012-11-01,1.20647
2012-11-02,1.20725
2012-11-05,1.20655
2012-11-06,1.20790
2012-11-07,1.20618
2012-11-08,1.20550
2012-11-09,1.20572
2012-11-13,1.20422
2012-11-14,1.20398
2012-11-15,1.20389
2012-11-16,1.20432
2012-11-19,1.20425
2012-11-20,1.20489
2012-11-21,1.20390
2012-11-23,1.20461
2012-11-26,1.20384
2012-11-27,1.20471
2012-11-28,1.20354
2012-11-29,1.20376
2012-11-30,1.20531
2012-12-03,1.20868
2012-12-04,1.21282
2012-12-05,1.21119
2012-12-06,1.20996
2012-12-07,1.20784
2012-12-10,1.20636
2012-12-11,1.21255
2012-12-12,1.21069
2012-12-13,1.20871
2012-12-14,1.20778
2012-12-17,1.20806
2012-12-18,1.20735
2012-12-19,1.20873
2012-12-20,1.20735
2012-12-21,1.20764
2012-12-24,1.20730
2012-12-26,1.20741
2012-12-27,1.20873
2012-12-28,1.20703
2012-12-31,1.20715
2013-01-02,1.20939
2013-01-03,1.20897
2013-01-04,1.20835
2013-01-07,1.20867
2013-01-08,1.20883
2013-01-09,1.20900
2013-01-10,1.21126
2013-01-11,1.21779
2013-01-14,1.22647
2013-01-15,1.23749
2013-01-16,1.23909
2013-01-17,1.24629
2013-01-18,1.24332
2013-01-22,1.23427
2013-01-23,1.23702
2013-01-24,1.24254
2013-01-25,1.24489
2013-01-28,1.24791
2013-01-29,1.24272
2013-01-30,1.23766
2013-01-31,1.23513
2013-02-01,1.23631
2013-02-04,1.22914
2013-02-05,1.23256
2013-02-06,1.23106
2013-02-07,1.22789
2013-02-08,1.22735
2013-02-11,1.23219
2013-02-12,1.23362
2013-02-13,1.23480
2013-02-14,1.23093
2013-02-15,1.23276
2013-02-19,1.23427
2013-02-20,1.23361
2013-02-21,1.23029
2013-02-22,1.22633
2013-02-25,1.22682
2013-02-26,1.21749
2013-02-27,1.22002
2013-02-28,1.22103
2013-03-01,1.22717
2013-03-04,1.22456
2013-03-05,1.22810
2013-03-06,1.23019
2013-03-07,1.23536
2013-03-08,1.23879
2013-03-11,1.23581
2013-03-12,1.23349
2013-03-13,1.23242
2013-03-14,1.23404
2013-03-15,1.22856
2013-03-18,1.22428
2013-03-19,1.21923
2013-03-20,1.22235
2013-03-21,1.22224
2013-03-22,1.22183
2013-03-25,1.22028
2013-03-26,1.21949
2013-03-27,1.21856
2013-03-28,1.21587
2013-03-29,1.21620
2013-04-01,1.21625
2013-04-02,1.21743
2013-04-03,1.21416
2013-04-04,1.21568
2013-04-05,1.21470
2013-04-08,1.21566
2013-04-09,1.21982
2013-04-10,1.21888
2013-04-11,1.21969
2013-04-12,1.21645
2013-04-15,1.21703
2013-04-16,1.21629
2013-04-17,1.21441
2013-04-18,1.21647
2013-04-19,1.21835
2013-04-22,1.22002
2013-04-23,1.22668
2013-04-24,1.23265
2013-04-25,1.22952
2013-04-26,1.22610
2013-04-29,1.22660
2013-04-30,1.22439
2013-05-01,1.22269
2013-05-02,1.22148
2013-05-03,1.22460
2013-05-06,1.22736
2013-05-07,1.23031
2013-05-08,1.23191
2013-05-09,1.23260
2013-05-10,1.24291
2013-05-13,1.24299
2013-05-14,1.24523
2013-05-15,1.24454
2013-05-16,1.24055
2013-05-17,1.24724
2013-05-20,1.24469
2013-05-21,1.24968
2013-05-22,1.26241
2013-05-23,1.25136
2013-05-24,1.24302
2013-05-28,1.25277
2013-05-29,1.24424
2013-05-30,1.24648
2013-05-31,1.24471
2013-06-03,1.23667
2013-06-04,1.24019
2013-06-05,1.23308
2013-06-06,1.23211
2013-06-07,1.23702
2013-06-10,1.23835
2013-06-11,1.23105
2013-06-12,1.22610
2013-06-13,1.22940
2013-06-14,1.22927
2013-06-17,1.23453
2013-06-18,1.23153
2013-06-19,1.23217
2013-06-20,1.22833
2013-06-21,1.22659
2013-06-24,1.22333
2013-06-25,1.22799
2013-06-26,1.22669
2013-06-27,1.23181
2013-06-28,1.22951
2013-07-01,1.23443
2013-07-02,1.23562
2013-07-03,1.23228
2013-07-05,1.23480
2013-07-08,1.24055
2013-07-09,1.24374
2013-07-10,1.24367
2013-07-11,1.23888
2013-07-12,1.23539
2013-07-15,1.23980
2013-07-16,1.23659
2013-07-17,1.23452
2013-07-18,1.23829
2013-07-19,1.23551
2013-07-22,1.23443
2013-07-23,1.23768
2013-07-24,1.23730
2013-07-25,1.23557
2013-07-26,1.23262
2013-07-29,1.23448
2013-07-30,1.23348
2013-07-31,1.23310
2013-08-01,1.23619
2013-08-02,1.23298
2013-08-05,1.23320
2013-08-06,1.23202
2013-08-07,1.22927
2013-08-08,1.23128
2013-08-09,1.22996
2013-08-12,1.23110
2013-08-13,1.23725
2013-08-14,1.23993
2013-08-15,1.23793
2013-08-16,1.23471
2013-08-19,1.23425
2013-08-20,1.23228
2013-08-21,1.23125
2013-08-22,1.23410
2013-08-23,1.23303
2013-08-26,1.23382
2013-08-27,1.22972
2013-08-28,1.22881
2013-08-29,1.23228
2013-08-30,1.22895
2013-09-03,1.23262
2013-09-04,1.23609
2013-09-05,1.23813
2013-09-06,1.23568
2013-09-09,1.23511
2013-09-10,1.23909
2013-09-11,1.23889
2013-09-12,1.23648
2013-09-13,1.23725
2013-09-16,1.23588
2013-09-17,1.23761
2013-09-18,1.23632
2013-09-19,1.23252
2013-09-20,1.23110
2013-09-23,1.23039
2013-09-24,1.22946
2013-09-25,1.22929
2013-09-26,1.22775
2013-09-27,1.22513
2013-09-30,1.22374
2013-10-01,1.22669
2013-10-02,1.22564
2013-10-03,1.22401
2013-10-04,1.22939
2013-10-07,1.22795
2013-10-08,1.22776
2013-10-09,1.23027
2013-10-10,1.23227
2013-10-11,1.23431
2013-10-15,1.23492
2013-10-16,1.23607
2013-10-17,1.23350
2013-10-18,1.23415
2013-10-21,1.23311
2013-10-22,1.23271
2013-10-23,1.22939
2013-10-24,1.23132
2013-10-25,1.23297
2013-10-28,1.23435
2013-10-29,1.23685
2013-10-30,1.23437
2013-10-31,1.23110
2013-11-01,1.23064
2013-11-04,1.23071
2013-11-05,1.22926
2013-11-06,1.23244
2013-11-07,1.22978
2013-11-08,1.23147
2013-11-12,1.23217
2013-11-13,1.23184
2013-11-14,1.23259
2013-11-15,1.23376
2013-11-18,1.23323
2013-11-19,1.23295
2013-11-20,1.23191
2013-11-21,1.23195
2013-11-22,1.22894
2013-11-25,1.23211
2013-11-26,1.23085
2013-11-27,1.23301
2013-11-29,1.23088
2013-12-02,1.22998
2013-12-03,1.22840
2013-12-04,1.22706
2013-12-05,1.22640
2013-12-06,1.22368
2013-12-09,1.22361
2013-12-10,1.22175
2013-12-11,1.22202
2013-12-12,1.22415
2013-12-13,1.22190
2013-12-16,1.22108
2013-12-17,1.21941
2013-12-18,1.22137
2013-12-19,1.22509
2013-12-20,1.22395
2013-12-23,1.22510
2013-12-24,1.22552
2013-12-26,1.22697
2013-12-27,1.22426
2013-12-30,1.22492
2013-12-31,1.22695
2014-01-02,1.23008
2014-01-03,1.23048
2014-01-06,1.23207
2014-01-07,1.23737
2014-01-08,1.23652
2014-01-09,1.23471
2014-01-10,1.23405
2014-01-13,1.23171
2014-01-14,1.23259
2014-01-15,1.23575
2014-01-16,1.23269
2014-01-17,1.23340
2014-01-21,1.23281
2014-01-22,1.23490
2014-01-23,1.23146
2014-01-24,1.22421
2014-01-27,1.22517
2014-01-28,1.22732
2014-01-29,1.22257
2014-01-30,1.22504
2014-01-31,1.22209
2014-02-03,1.21893
2014-02-04,1.22231
2014-02-05,1.22239
2014-02-06,1.22323
2014-02-07,1.22423
2014-02-10,1.22350
2014-02-11,1.22460
2014-02-12,1.22414
2014-02-13,1.22253
2014-02-14,1.22218
2014-02-18,1.22152
2014-02-19,1.22048
2014-02-20,1.21999
2014-02-21,1.21954
2014-02-24,1.22114
2014-02-25,1.21958
2014-02-26,1.21952
2014-02-27,1.21751
2014-02-28,1.21635
2014-03-03,1.21250
2014-03-04,1.21777
2014-03-05,1.21851
2014-03-06,1.22005
2014-03-07,1.21828
2014-03-10,1.21874
2014-03-11,1.21800
2014-03-12,1.21566
2014-03-13,1.21532
2014-03-14,1.21303
2014-03-17,1.21532
2014-03-18,1.21633
2014-03-19,1.21672
2014-03-20,1.21751
2014-03-21,1.21792
2014-03-24,1.21847
2014-03-25,1.22100
2014-03-26,1.22057
2014-03-27,1.21823
2014-03-28,1.21978
2014-03-31,1.21797
2014-04-01,1.21825
2014-04-02,1.22059
2014-04-03,1.22289
2014-04-04,1.22215
2014-04-07,1.22007
2014-04-08,1.21960
2014-04-09,1.21802
2014-04-10,1.21673
2014-04-11,1.21584
2014-04-14,1.21427
2014-04-15,1.21566
2014-04-16,1.21794
2014-04-17,1.21881
2014-04-18,1.22023
2014-04-21,1.22049
2014-04-22,1.22184
2014-04-23,1.21951
2014-04-24,1.21916
2014-04-25,1.21907
2014-04-28,1.21930
2014-04-29,1.22135
2014-04-30,1.22053
2014-05-01,1.21994
2014-05-02,1.21849
2014-05-05,1.21810
2014-05-06,1.21749
2014-05-07,1.21893
2014-05-08,1.21780
2014-05-09,1.21938
2014-05-12,1.22141
2014-05-13,1.21953
2014-05-14,1.22003
2014-05-15,1.22007
2014-05-16,1.22138
2014-05-19,1.22288
2014-05-20,1.22170
2014-05-21,1.22248
2014-05-22,1.22157
2014-05-23,1.22077
2014-05-27,1.22252
2014-05-28,1.22121
2014-05-29,1.22057
2014-05-30,1.22002
2014-06-02,1.22177
2014-06-03,1.22125
2014-06-04,1.21966
2014-06-05,1.21803
2014-06-06,1.21904
2014-06-09,1.21946
2014-06-10,1.21831
2014-06-11,1.21759
2014-06-12,1.21757
2014-06-13,1.21812
2014-06-16,1.21779
2014-06-17,1.21858
2014-06-18,1.21775
2014-06-19,1.21656
2014-06-20,1.21723
2014-06-23,1.21626
2014-06-24,1.21688
2014-06-25,1.21631
2014-06-26,1.21570
2014-06-27,1.21579
2014-06-30,1.21396
2014-07-01,1.21371
2014-07-02,1.21344
2014-07-03,1.21584
2014-07-07,1.21534
2014-07-08,1.21498
2014-07-09,1.21548
2014-07-10,1.21393
2014-07-11,1.21376
2014-07-14,1.21466
2014-07-15,1.21512
2014-07-16,1.21553
2014-07-17,1.21404
2014-07-18,1.21489
2014-07-21,1.21450
2014-07-22,1.21525
2014-07-23,1.21486
2014-07-24,1.21535
2014-07-25,1.21491
2014-07-28,1.21465
2014-07-29,1.21604
2014-07-30,1.21686
2014-07-31,1.21666
2014-08-01,1.21564
2014-08-04,1.21636
2014-08-05,1.21652
2014-08-06,1.21461
2014-08-07,1.21406
2014-08-08,1.21379
2014-08-11,1.21309
2014-08-12,1.21304
2014-08-13,1.21361
2014-08-14,1.21134
2014-08-15,1.20879
2014-08-18,1.21106
2014-08-19,1.21058
2014-08-20,1.21095
2014-08-21,1.21041
2014-08-22,1.21006
2014-08-25,1.20761
2014-08-26,1.20905
2014-08-27,1.20686
2014-08-28,1.20585
2014-08-29,1.20631
2014-09-02,1.20682
2014-09-03,1.20662
2014-09-04,1.20566
2014-09-05,1.20575
2014-09-08,1.20640
2014-09-09,1.20666
2014-09-10,1.21105
2014-09-11,1.20944
2014-09-12,1.20961
2014-09-15,1.21021
2014-09-16,1.20851
2014-09-17,1.21109
2014-09-18,1.20661
2014-09-19,1.20703
2014-09-22,1.20718
2014-09-23,1.20689
2014-09-24,1.20793
2014-09-25,1.20691
2014-09-26,1.20677
2014-09-29,1.20655
2014-09-30,1.20647
2014-10-01,1.20707
2014-10-02,1.20765
2014-10-03,1.21041
2014-10-06,1.21204
2014-10-07,1.21288
2014-10-08,1.21294
2014-10-09,1.21053
2014-10-10,1.20900
2014-10-14,1.20724
2014-10-15,1.20675
2014-10-16,1.20756
2014-10-17,1.20765
2014-10-20,1.20644
2014-10-21,1.20651
2014-10-22,1.20633
2014-10-23,1.20696
2014-10-24,1.20583
2014-10-27,1.20554
2014-10-28,1.20625
2014-10-29,1.20623
2014-10-30,1.20560
2014-10-31,1.20574
2014-11-03,1.20567
2014-11-04,1.20462
2014-11-05,1.20380
2014-11-06,1.20447
2014-11-07,1.20298
2014-11-10,1.20253
2014-11-12,1.20204
2014-11-13,1.20200
2014-11-14,1.20140
2014-11-17,1.20152
2014-11-18,1.20118
2014-11-19,1.20115
2014-11-20,1.20205
2014-11-21,1.20178
2014-11-24,1.20244
2014-11-25,1.20292
2014-11-26,1.20205
2014-11-28,1.20124
2014-12-01,1.20297
2014-12-02,1.20431
2014-12-03,1.20327
2014-12-04,1.20264
2014-12-05,1.20241
2014-12-08,1.20197
2014-12-09,1.20174
2014-12-10,1.20278
2014-12-11,1.20109
2014-12-12,1.20100
2014-12-15,1.20115
2014-12-16,1.20095
2014-12-17,1.20072
2014-12-18,1.20379
2014-12-19,1.20299
2014-12-22,1.20314
2014-12-23,1.20244
2014-12-24,1.20232
2014-12-29,1.20302
2014-12-30,1.20282
2014-12-31,1.20208
2015-01-02,1.20197
2015-01-05,1.20117
2015-01-06,1.20100
2015-01-07,1.20095
2015-01-08,1.20102
2015-01-09,1.20088
2015-01-12,1.20090
2015-01-13,1.20082
2015-01-14,1.20094
2015-01-15,1.03572
2015-01-16,0.97754
2015-01-20,1.01156
2015-01-21,0.99571
2015-01-22,0.99053
2015-01-23,0.98804
2015-01-26,1.01479
2015-01-27,1.02808
2015-01-28,1.02699
2015-01-29,1.04331
2015-01-30,1.03986
2015-02-02,1.04999
2015-02-03,1.05846
2015-02-04,1.05481
2015-02-05,1.05728
2015-02-06,1.04555
2015-02-09,1.04764
2015-02-10,1.04821
2015-02-11,1.04949
2015-02-12,1.05922
2015-02-13,1.06183
2015-02-17,1.06495
2015-02-18,1.07134
2015-02-19,1.07906
2015-02-20,1.07107
2015-02-23,1.07715
2015-02-24,1.07598
2015-02-25,1.07909
2015-02-26,1.06963
2015-02-27,1.06517
2015-03-02,1.06893
2015-03-03,1.07523
2015-03-04,1.06720
2015-03-05,1.07154
2015-03-06,1.06882
2015-03-09,1.07082
2015-03-10,1.07024
2015-03-11,1.06547
2015-03-12,1.06507
2015-03-13,1.05736
2015-03-16,1.06536
2015-03-17,1.06469
2015-03-18,1.05917
2015-03-19,1.05374
2015-03-20,1.05396
2015-03-23,1.05650
2015-03-24,1.04559
2015-03-25,1.05186
2015-03-26,1.04979
2015-03-27,1.04400
2015-03-30,1.04695
2015-03-31,1.04318
2015-04-01,1.04135
2015-04-02,1.04154
2015-04-03,1.04451
2015-04-06,1.04844
2015-04-07,1.04589
2015-04-08,1.04219
2015-04-09,1.04087
2015-04-10,1.03932
2015-04-13,1.03492
2015-04-14,1.03650
2015-04-15,1.02999
2015-04-16,1.02954
2015-04-17,1.02717
2015-04-20,1.02712
2015-04-21,1.02507
2015-04-22,1.03658
2015-04-23,1.03165
2015-04-24,1.03676
2015-04-27,1.03845
2015-04-28,1.04721
2015-04-29,1.04570
2015-04-30,1.05034
2015-05-01,1.04556
2015-05-04,1.04280
2015-05-05,1.03498
2015-05-06,1.03812
2015-05-07,1.03757
2015-05-08,1.04249
2015-05-11,1.04111
2015-05-12,1.04147
2015-05-13,1.04185
2015-05-14,1.03967
2015-05-15,1.04846
2015-05-18,1.04803
2015-05-19,1.04449
2015-05-20,1.04088
2015-05-21,1.03983
2015-05-22,1.04016
2015-05-26,1.03350
2015-05-27,1.03528
2015-05-28,1.03219
2015-05-29,1.03386
2015-06-01,1.03318
2015-06-02,1.03984
2015-06-03,1.05361
2015-06-04,1.05298
2015-06-05,1.04810
2015-06-08,1.04819
2015-06-09,1.04886
2015-06-10,1.05066
2015-06-11,1.05213
2015-06-12,1.04432
2015-06-15,1.05352
2015-06-16,1.04799
2015-06-17,1.04250
2015-06-18,1.04869
2015-06-19,1.04353
2015-06-22,1.04540
2015-06-23,1.04465
2015-06-24,1.04628
2015-06-25,1.04960
2015-06-26,1.04317
2015-06-29,1.03745
2015-06-30,1.04250
2015-07-01,1.04810
2015-07-02,1.04647
2015-07-06,1.04463
2015-07-07,1.03844
2015-07-08,1.04717
2015-07-09,1.04686
2015-07-10,1.04928
2015-07-13,1.04607
2015-07-14,1.04185
2015-07-15,1.04397
2015-07-16,1.04207
2015-07-17,1.04231
2015-07-20,1.04481
2015-07-21,1.04786
2015-07-22,1.04626
2015-07-23,1.05159
2015-07-24,1.05587
2015-07-27,1.06645
2015-07-28,1.06544
2015-07-29,1.06186
2015-07-30,1.05817
2015-07-31,1.06264
2015-08-03,1.06139
2015-08-04,1.06594
2015-08-05,1.06619
2015-08-06,1.07121
2015-08-07,1.07648
2015-08-10,1.08267
2015-08-11,1.08977
2015-08-12,1.08522
2015-08-13,1.08771
2015-08-14,1.08655
2015-08-17,1.08231
2015-08-18,1.07675
2015-08-19,1.07311
2015-08-20,1.07750
2015-08-21,1.07745
2015-08-24,1.08233
2015-08-25,1.08261
2015-08-26,1.07882
2015-08-27,1.08238
2015-08-28,1.07496
2015-08-31,1.08373
2015-09-01,1.08368
2015-09-02,1.08938
2015-09-03,1.08417
2015-09-04,1.08438
2015-09-08,1.09359
2015-09-09,1.09043
2015-09-10,1.09641
2015-09-11,1.10374
2015-09-14,1.09532
2015-09-15,1.09841
2015-09-16,1.09518
2015-09-17,1.09842
2015-09-18,1.09200
2015-09-21,1.08706
2015-09-22,1.08361
2015-09-23,1.09140
2015-09-24,1.09486
2015-09-25,1.09233
2015-09-28,1.09382
2015-09-29,1.09199
2015-09-30,1.09086
2015-10-01,1.09128
2015-10-02,1.09202
2015-10-05,1.09150
2015-10-06,1.09036
2015-10-07,1.09291
2015-10-08,1.09138
2015-10-09,1.09261
2015-10-13,1.09196
2015-10-14,1.08840
2015-10-15,1.08347
2015-10-16,1.08327
2015-10-19,1.08218
2015-10-20,1.08360
2015-10-21,1.08577
2015-10-22,1.08165
2015-10-23,1.07612
2015-10-26,1.08465
2015-10-27,1.08842
2015-10-28,1.08974
2015-10-29,1.08693
2015-10-30,1.08856
2015-11-02,1.08645
2015-11-03,1.08603
2015-11-04,1.07885
2015-11-05,1.08304
2015-11-06,1.07973
2015-11-09,1.07849
2015-11-10,1.07673
2015-11-12,1.07828
2015-11-13,1.08159
2015-11-16,1.07924
2015-11-17,1.08135
2015-11-18,1.08489
2015-11-19,1.08962
2015-11-20,1.08549
2015-11-23,1.08196
2015-11-24,1.08234
2015-11-25,1.08493
2015-11-27,1.09186
2015-11-30,1.08597
2015-12-01,1.09346
2015-12-02,1.08628
2015-12-03,1.08972
2015-12-04,1.08685
2015-12-07,1.08683
2015-12-08,1.08102
2015-12-09,1.08370
2015-12-10,1.08255
2015-12-11,1.08131
2015-12-14,1.08302
2015-12-15,1.08249
2015-12-16,1.07755
2015-12-17,1.07898
2015-12-18,1.07821
2015-12-21,1.08233
2015-12-22,1.08310
2015-12-23,1.08080
2015-12-24,1.08151
2015-12-28,1.08490
2015-12-29,1.08329
2015-12-30,1.07922
2015-12-31,1.08774
2016-01-04,1.08480
2016-01-05,1.08466
2016-01-06,1.08523
2016-01-07,1.08797
2016-01-08,1.08545
2016-01-11,1.08778
2016-01-12,1.08691
2016-01-13,1.09320
2016-01-14,1.09407
2016-01-15,1.09462
2016-01-19,1.09412
2016-01-20,1.09424
2016-01-21,1.09544
2016-01-22,1.09744
2016-01-25,1.09922
2016-01-26,1.10510
2016-01-27,1.10585
2016-01-28,1.10985
2016-01-29,1.10767
2016-02-01,1.11084
2016-02-02,1.11049
2016-02-03,1.11283
2016-02-04,1.11166
2016-02-05,1.10619
2016-02-08,1.10410
2016-02-09,1.09831
2016-02-10,1.09741
2016-02-11,1.10283
2016-02-12,1.09740
2016-02-16,1.10104
2016-02-17,1.10571
2016-02-18,1.10248
2016-02-19,1.10081
2016-02-22,1.10026
2016-02-23,1.09275
2016-02-24,1.08662
2016-02-25,1.09097
2016-02-26,1.08965
2016-02-29,1.08249
2016-03-01,1.08407
2016-03-02,1.08242
2016-03-03,1.08605
2016-03-04,1.09281
2016-03-07,1.09694
2016-03-08,1.09605
2016-03-09,1.09743
2016-03-10,1.10023
2016-03-11,1.09704
2016-03-14,1.09519
2016-03-15,1.09479
2016-03-16,1.09414
2016-03-17,1.09539
2016-03-18,1.09327
2016-03-21,1.08974
2016-03-22,1.08971
2016-03-23,1.08738
2016-03-24,1.09020
2016-03-25,1.09188
2016-03-28,1.09091
2016-03-29,1.09176
2016-03-30,1.09177
2016-03-31,1.09146
2016-04-01,1.09165
2016-04-04,1.09268
2016-04-05,1.08872
2016-04-06,1.09007
2016-04-07,1.08756
2016-04-08,1.08772
2016-04-11,1.08844
2016-04-12,1.08774
2016-04-13,1.08879
2016-04-14,1.08875
2016-04-15,1.09229
2016-04-18,1.09103
2016-04-19,1.09191
2016-04-20,1.09574
2016-04-21,1.09866
2016-04-22,1.09845
2016-04-25,1.09831
2016-04-26,1.09938
2016-04-27,1.09941
2016-04-28,1.09706
2016-04-29,1.09817
2016-05-02,1.10041
2016-05-03,1.09793
2016-05-04,1.09970
2016-05-05,1.10457
2016-05-06,1.10747
2016-05-09,1.10582
2016-05-10,1.10964
2016-05-11,1.10998
2016-05-12,1.10311
2016-05-13,1.10187
2016-05-16,1.10693
2016-05-17,1.10656
2016-05-18,1.10758
2016-05-19,1.10957
2016-05-20,1.11173
2016-05-23,1.11013
2016-05-24,1.10665
2016-05-25,1.10519
2016-05-26,1.10704
2016-05-27,1.10460
2016-05-31,1.10611
2016-06-01,1.10439
2016-06-02,1.10476
2016-06-03,1.10820
2016-06-06,1.10367
2016-06-07,1.09670
2016-06-08,1.09371
2016-06-09,1.09199
2016-06-10,1.08664
2016-06-13,1.09003
2016-06-14,1.08023
2016-06-15,1.08418
2016-06-16,1.07811
2016-06-17,1.08172
2016-06-20,1.08840
2016-06-21,1.08075
2016-06-22,1.08159
2016-06-23,1.08791
2016-06-24,1.07944
2016-06-27,1.07893
2016-06-28,1.08468
2016-06-29,1.08883
2016-06-30,1.08020
2016-07-01,1.08436
2016-07-05,1.08233
2016-07-06,1.08307
2016-07-07,1.08221
2016-07-08,1.08642
2016-07-11,1.08571
2016-07-12,1.09291
2016-07-13,1.09279
2016-07-14,1.08931
2016-07-15,1.08759
2016-07-18,1.08783
2016-07-19,1.08492
2016-07-20,1.08663
2016-07-21,1.08713
2016-07-22,1.08457
2016-07-25,1.08367
2016-07-26,1.09007
2016-07-27,1.09175
2016-07-28,1.08786
2016-07-29,1.08220
2016-08-01,1.08080
2016-08-02,1.08239
2016-08-03,1.08522
2016-08-04,1.08429
2016-08-05,1.08543
2016-08-08,1.08984
2016-08-09,1.09166
2016-08-10,1.09015
2016-08-11,1.08577
2016-08-12,1.08792
2016-08-15,1.08792
2016-08-16,1.08502
2016-08-17,1.08571
2016-08-18,1.08535
2016-08-19,1.08665
2016-08-22,1.08892
2016-08-23,1.08809
2016-08-24,1.08881
2016-08-25,1.09177
2016-08-26,1.09203
2016-08-29,1.09359
2016-08-30,1.09511
2016-08-31,1.09563
2016-09-01,1.09616
2016-09-02,1.09395
2016-09-06,1.09203
2016-09-07,1.09036
2016-09-08,1.09478
2016-09-09,1.09566
2016-09-12,1.09332
2016-09-13,1.09500
2016-09-14,1.09423
2016-09-15,1.09244
2016-09-16,1.09296
2016-09-19,1.09536
2016-09-20,1.09273
2016-09-21,1.08943
2016-09-22,1.08668
2016-09-23,1.08889
2016-09-26,1.08960
2016-09-27,1.08922
2016-09-28,1.08904
2016-09-29,1.08556
2016-09-30,1.08946
2016-10-03,1.09181
2016-10-04,1.09654
2016-10-05,1.09382
2016-10-06,1.09328
2016-10-07,1.09393
2016-10-11,1.09270
2016-10-12,1.09065
2016-10-13,1.08940
2016-10-14,1.08777
2016-10-17,1.08679
2016-10-18,1.08721
2016-10-19,1.08499
2016-10-20,1.08419
2016-10-21,1.08128
2016-10-24,1.08014
2016-10-25,1.08243
2016-10-26,1.08362
2016-10-27,1.08385
2016-10-28,1.08594
2016-10-31,1.08419
2016-11-01,1.08105
2016-11-02,1.07861
2016-11-03,1.08121
2016-11-04,1.07673
2016-11-07,1.07704
2016-11-08,1.07658
2016-11-09,1.07458
2016-11-10,1.07498
2016-11-14,1.06991
2016-11-15,1.07423
2016-11-16,1.07189
2016-11-17,1.07076
2016-11-18,1.06996
2016-11-21,1.07153
2016-11-22,1.07241
2016-11-23,1.07244
2016-11-25,1.07396
2016-11-28,1.07435
2016-11-29,1.07661
2016-11-30,1.07753
2016-12-01,1.07678
2016-12-02,1.07828
2016-12-05,1.08332
2016-12-06,1.08166
2016-12-07,1.08284
2016-12-08,1.07884
2016-12-09,1.07347
2016-12-12,1.07721
2016-12-13,1.07604
2016-12-14,1.07619
2016-12-15,1.07210
2016-12-16,1.07256
2016-12-19,1.06799
2016-12-20,1.06826
2016-12-21,1.06985
2016-12-22,1.07086
2016-12-23,1.07294
2016-12-27,1.07551
2016-12-28,1.07137
2016-12-29,1.07266
2016-12-30,1.07207
2017-01-03,1.06926
2017-01-04,1.07144
2017-01-05,1.07111
2017-01-06,1.07181
2017-01-09,1.07329
2017-01-10,1.07390
2017-01-11,1.07141
2017-01-12,1.07359
2017-01-13,1.07289
2017-01-17,1.07251
2017-01-18,1.07114
2017-01-19,1.07303
2017-01-23,1.07292
2017-01-24,1.07471
2017-01-25,1.07391
2017-01-26,1.06818
2017-01-27,1.06809
2017-01-30,1.06558
2017-01-31,1.06736
2017-02-01,1.06832
2017-02-02,1.06870
2017-02-03,1.06950
2017-02-06,1.06599
2017-02-07,1.06574
2017-02-08,1.06371
2017-02-09,1.06714
2017-02-10,1.06794
2017-02-13,1.06606
2017-02-14,1.06537
2017-02-15,1.06623
2017-02-16,1.06513
2017-02-17,1.06368
2017-02-21,1.06383
2017-02-22,1.06703
2017-02-23,1.06521
2017-02-24,1.06380
2017-02-27,1.06778
2017-02-28,1.06413
2017-03-01,1.06402
2017-03-02,1.06403
2017-03-03,1.06764
2017-03-06,1.07072
2017-03-07,1.07196
2017-03-08,1.07014
2017-03-09,1.07252
2017-03-10,1.07776
2017-03-13,1.07426
2017-03-14,1.07281
2017-03-15,1.07154
2017-03-16,1.06872
2017-03-17,1.07187
2017-03-20,1.07173
2017-03-21,1.07405
2017-03-22,1.06923
2017-03-23,1.07055
2017-03-24,1.07089
2017-03-27,1.06976
2017-03-28,1.06891
2017-03-29,1.07196
2017-03-30,1.06929
2017-03-31,1.06953
2017-04-03,1.06862
2017-04-04,1.06879
2017-04-05,1.07143
2017-04-06,1.06998
2017-04-07,1.06858
2017-04-10,1.06872
2017-04-11,1.06899
2017-04-12,1.06685
2017-04-13,1.06803
2017-04-14,1.06651
2017-04-17,1.06833
2017-04-18,1.06819
2017-04-19,1.06916
2017-04-20,1.07154
2017-04-21,1.06801
2017-04-24,1.08069
2017-04-25,1.08589
2017-04-26,1.08252
2017-04-27,1.08072
2017-04-28,1.08334
2017-05-01,1.08632
2017-05-02,1.08150
2017-05-03,1.08244
2017-05-04,1.08467
2017-05-05,1.08599
2017-05-08,1.09048
2017-05-09,1.09560
2017-05-10,1.09688
2017-05-11,1.09359
2017-05-12,1.09353
2017-05-15,1.09398
2017-05-16,1.09367
2017-05-17,1.09208
2017-05-18,1.08659
2017-05-19,1.09142
2017-05-22,1.09393
2017-05-23,1.09071
2017-05-24,1.09163
2017-05-25,1.09042
2017-05-26,1.08936
2017-05-30,1.08969
2017-05-31,1.08809
2017-06-01,1.08916
2017-06-02,1.08667
2017-06-05,1.08640
2017-06-06,1.08472
2017-06-07,1.08506
2017-06-08,1.08525
2017-06-09,1.08538
2017-06-12,1.08549
2017-06-13,1.08497
2017-06-14,1.08954
2017-06-15,1.08721
2017-06-16,1.09023
2017-06-19,1.08749
2017-06-20,1.08554
2017-06-21,1.08580
2017-06-22,1.08450
2017-06-23,1.08509
2017-06-26,1.08665
2017-06-27,1.08904
2017-06-28,1.09182
2017-06-29,1.09273
2017-06-30,1.09392
2017-07-03,1.09492
2017-07-05,1.09421
2017-07-06,1.09914
2017-07-07,1.09903
2017-07-10,1.10063
2017-07-11,1.10550
2017-07-12,1.10099
2017-07-13,1.10270
2017-07-14,1.10559
2017-07-17,1.10427
2017-07-18,1.10293
2017-07-19,1.09975
2017-07-20,1.10611
2017-07-21,1.10350
2017-07-24,1.10081
2017-07-25,1.10689
2017-07-26,1.11434
2017-07-27,1.12554
2017-07-28,1.13834
2017-07-31,1.14120
2017-08-01,1.13923
2017-08-02,1.14862
2017-08-03,1.15110
2017-08-04,1.14257
2017-08-07,1.14676
2017-08-08,1.14490
2017-08-09,1.13358
2017-08-10,1.13361
2017-08-11,1.13618
2017-08-14,1.14484
2017-08-15,1.14048
2017-08-16,1.14032
2017-08-17,1.13050
2017-08-18,1.13275
2017-08-21,1.13751
2017-08-22,1.13714
2017-08-23,1.14092
2017-08-24,1.13831
2017-08-25,1.13678
2017-08-28,1.14392
2017-08-29,1.13997
2017-08-30,1.14301
2017-08-31,1.14296
2017-09-01,1.14337
2017-09-05,1.14066
2017-09-06,1.13902
2017-09-07,1.14241
2017-09-08,1.13859
2017-09-11,1.14058
2017-09-12,1.14840
2017-09-13,1.14682
2017-09-14,1.14822
2017-09-15,1.14733
2017-09-18,1.14958
2017-09-19,1.15347
2017-09-20,1.15381
2017-09-21,1.15781
2017-09-22,1.16026
2017-09-25,1.14756
2017-09-26,1.14255
2017-09-27,1.14472
2017-09-28,1.14343
2017-09-29,1.14448
2017-10-02,1.14365
2017-10-03,1.14464
2017-10-04,1.14736
2017-10-05,1.14620
2017-10-06,1.14700
2017-10-10,1.15014
2017-10-11,1.15294
2017-10-12,1.15558
2017-10-13,1.15353
2017-10-16,1.14976
2017-10-17,1.15233
2017-10-18,1.15589
2017-10-19,1.15465
2017-10-20,1.15866
2017-10-23,1.15996
2017-10-24,1.16367
2017-10-25,1.16700
2017-10-26,1.16415
2017-10-27,1.15679
2017-10-30,1.15905
2017-10-31,1.16109
2017-11-01,1.16347
2017-11-02,1.16445
2017-11-03,1.16181
2017-11-06,1.15880
2017-11-07,1.15721
2017-11-08,1.15880
2017-11-09,1.15993
2017-11-13,1.16272
2017-11-14,1.16622
2017-11-15,1.16783
2017-11-16,1.16845
2017-11-17,1.16602
2017-11-20,1.16508
2017-11-21,1.16426
2017-11-22,1.15987
2017-11-24,1.16830
2017-11-27,1.16770
2017-11-28,1.16772
2017-11-29,1.16649
2017-11-30,1.17049
2017-12-01,1.16270
2017-12-04,1.16801
2017-12-05,1.16643
2017-12-06,1.16751
2017-12-07,1.16965
2017-12-08,1.16759
2017-12-11,1.16842
2017-12-12,1.16379
2017-12-13,1.16373
2017-12-14,1.16608
2017-12-15,1.16643
2017-12-18,1.16336
2017-12-19,1.16527
2017-12-20,1.17132
2017-12-21,1.17417
2017-12-22,1.17178
2017-12-26,1.17373
2017-12-27,1.17472
2017-12-28,1.16816
2017-12-29,1.17071
2018-01-02,1.17098
2018-01-03,1.17431
2018-01-04,1.17662
2018-01-05,1.17409
2018-01-08,1.16882
2018-01-09,1.17215
2018-01-10,1.16944
2018-01-11,1.17319
2018-01-12,1.17819
2018-01-16,1.17767
2018-01-17,1.17598
2018-01-18,1.17317
2018-01-19,1.17636
2018-01-22,1.17843
2018-01-23,1.17839
2018-01-24,1.17111
2018-01-25,1.16846
2018-01-26,1.16050
2018-01-29,1.15860
2018-01-30,1.15909
2018-01-31,1.15846
2018-02-01,1.15926
2018-02-02,1.15993
2018-02-05,1.16304
2018-02-06,1.15984
2018-02-07,1.15903
2018-02-08,1.14870
2018-02-09,1.14843
2018-02-12,1.15211
2018-02-13,1.15404
2018-02-14,1.15520
2018-02-15,1.15227
2018-02-16,1.15192
2018-02-20,1.15510
2018-02-21,1.15441
2018-02-22,1.15186
2018-02-23,1.15066
2018-02-26,1.15431
2018-02-27,1.15017
2018-02-28,1.15154
2018-03-01,1.15575
2018-03-02,1.15478
2018-03-05,1.15869
2018-03-06,1.16511
2018-03-07,1.16861
2018-03-08,1.16968
2018-03-09,1.17010
2018-03-12,1.16888
2018-03-13,1.16997
2018-03-14,1.16961
2018-03-15,1.17077
2018-03-16,1.17058
2018-03-19,1.17236
2018-03-20,1.17180
2018-03-21,1.17041
2018-03-22,1.16841
2018-03-23,1.16982
2018-03-26,1.17452
2018-03-27,1.17573
2018-03-28,1.17797
2018-03-29,1.17560
2018-03-30,1.17433
2018-04-02,1.17449
2018-04-03,1.17582
2018-04-04,1.17947
2018-04-05,1.17806
2018-04-06,1.17859
2018-04-09,1.17950
2018-04-10,1.18125
2018-04-11,1.18613
2018-04-12,1.18578
2018-04-13,1.18667
2018-04-16,1.18733
2018-04-17,1.19333
2018-04-18,1.19708
2018-04-19,1.19837
2018-04-20,1.19676
2018-04-23,1.19423
2018-04-24,1.19868
2018-04-25,1.19679
2018-04-26,1.19671
2018-04-27,1.19676
2018-04-30,1.19669
2018-05-01,1.19453
2018-05-02,1.19375
2018-05-03,1.19440
2018-05-04,1.19520
2018-05-07,1.19549
2018-05-08,1.18814
2018-05-09,1.19023
2018-05-10,1.19391
2018-05-11,1.19455
2018-05-14,1.19473
2018-05-15,1.18614
2018-05-16,1.17930
2018-05-17,1.18145
2018-05-18,1.17391
2018-05-21,1.17416
2018-05-22,1.16932
2018-05-23,1.16370
2018-05-24,1.16303
2018-05-25,1.15632
2018-05-29,1.14636
2018-05-30,1.15362
2018-05-31,1.14879
2018-06-01,1.15242
2018-06-04,1.15602
2018-06-05,1.15079
2018-06-06,1.15948
2018-06-07,1.16044
2018-06-08,1.16082
2018-06-11,1.16228
2018-06-12,1.16050
2018-06-13,1.16003
2018-06-14,1.15672
2018-06-15,1.15716
2018-06-18,1.15506
2018-06-19,1.15200
2018-06-20,1.15405
2018-06-21,1.15079
2018-06-22,1.15166
2018-06-25,1.15472
2018-06-26,1.15598
2018-06-27,1.15435
2018-06-28,1.15578
2018-06-29,1.15857
2018-07-02,1.15410
2018-07-03,1.15628
2018-07-05,1.16084
2018-07-06,1.16223
2018-07-09,1.16500
2018-07-10,1.16407
2018-07-11,1.16422
2018-07-12,1.17023
2018-07-13,1.16999
2018-07-16,1.16792
2018-07-17,1.16552
2018-07-18,1.16385
2018-07-19,1.16222
2018-07-20,1.16427
2018-07-23,1.16160
2018-07-24,1.16182
2018-07-25,1.16091
2018-07-26,1.15814
2018-07-27,1.15905
2018-07-30,1.15831
2018-07-31,1.15826
2018-08-01,1.15761
2018-08-02,1.15455
2018-08-03,1.15111
2018-08-06,1.15206
2018-08-07,1.15319
2018-08-08,1.15321
2018-08-09,1.14573
2018-08-10,1.13462
2018-08-13,1.13208
2018-08-14,1.12713
2018-08-15,1.12657
2018-08-16,1.13449
2018-08-17,1.13510
2018-08-20,1.13725
2018-08-21,1.13910
2018-08-22,1.14054
2018-08-23,1.13916
2018-08-24,1.14206
2018-08-27,1.14442
2018-08-28,1.14299
2018-08-29,1.13851
2018-08-30,1.13066
2018-08-31,1.12454
2018-09-04,1.12804
2018-09-05,1.12898
2018-09-06,1.12542
2018-09-07,1.12057
2018-09-10,1.13019
2018-09-11,1.12867
2018-09-12,1.12824
2018-09-13,1.12979
2018-09-14,1.12659
2018-09-17,1.12423
2018-09-18,1.12488
2018-09-19,1.12994
2018-09-20,1.13024
2018-09-21,1.12607
2018-09-24,1.13256
2018-09-25,1.13536
2018-09-26,1.13827
2018-09-27,1.14086
2018-09-28,1.13412
2018-10-01,1.13823
2018-10-02,1.13790
2018-10-03,1.14026
2018-10-04,1.14212
2018-10-05,1.14125
2018-10-09,1.13997
2018-10-10,1.14345
2018-10-11,1.14722
2018-10-12,1.14623
2018-10-15,1.14412
2018-10-16,1.14700
2018-10-17,1.14540
2018-10-18,1.14253
2018-10-19,1.14759
2018-10-22,1.14241
2018-10-23,1.14143
2018-10-24,1.13690
2018-10-25,1.13842
2018-10-26,1.13654
2018-10-29,1.13964
2018-10-30,1.14159
2018-10-31,1.13960
2018-11-01,1.14336
2018-11-02,1.14188
2018-11-05,1.14561
2018-11-06,1.14595
2018-11-07,1.14564
2018-11-08,1.14532
2018-11-09,1.13952
2018-11-13,1.13816
2018-11-14,1.13880
2018-11-15,1.13894
2018-11-16,1.14162
2018-11-19,1.13772
2018-11-20,1.13270
2018-11-21,1.13387
2018-11-23,1.13042
2018-11-26,1.13184
2018-11-27,1.12793
2018-11-28,1.12786
2018-11-29,1.13430
2018-11-30,1.13077
2018-12-03,1.13275
2018-12-04,1.13172
2018-12-06,1.12898
2018-12-07,1.12916
2018-12-10,1.12493
2018-12-11,1.12354
2018-12-12,1.12714
2018-12-13,1.12881
2018-12-14,1.12655
2018-12-17,1.12643
2018-12-18,1.12841
2018-12-19,1.13284
2018-12-20,1.13387
2018-12-21,1.13044
2018-12-26,1.13028
2018-12-27,1.12998
2018-12-28,1.12602
2018-12-31,1.12636
2019-01-02,1.12254
2019-01-03,1.12721
2019-01-04,1.12494
2019-01-07,1.12500
2019-01-08,1.12268
2019-01-09,1.12549
2019-01-10,1.13060
2019-01-11,1.12821
2019-01-15,1.12611
2019-01-16,1.12925
2019-01-17,1.13219
2019-01-18,1.13101
2019-01-22,1.13267
2019-01-23,1.13280
2019-01-24,1.12828
2019-01-25,1.13266
2019-01-28,1.13348
2019-01-29,1.13662
2019-01-30,1.14044
2019-01-31,1.13824
2019-02-01,1.14056
2019-02-04,1.14080
2019-02-05,1.14121
2019-02-06,1.13907
2019-02-07,1.13685
2019-02-08,1.13263
2019-02-11,1.13216
2019-02-12,1.13930
2019-02-13,1.13704
2019-02-14,1.13564
2019-02-15,1.13386
2019-02-19,1.13480
2019-02-21,1.13492
2019-02-22,1.13395
2019-02-25,1.13524
2019-02-26,1.13763
2019-02-27,1.13735
2019-02-28,1.13496
2019-03-01,1.13618
2019-03-04,1.13208
2019-03-05,1.13503
2019-03-06,1.13629
2019-03-07,1.13334
2019-03-08,1.13267
2019-03-11,1.13493
2019-03-12,1.13645
2019-03-13,1.13617
2019-03-14,1.13543
2019-03-15,1.13558
2019-03-18,1.13411
2019-03-19,1.13467
2019-03-20,1.13225
2019-03-21,1.12747
2019-03-22,1.12139
2019-03-25,1.12309
2019-03-26,1.12126
2019-03-27,1.11891
2019-03-28,1.11820
2019-03-29,1.11857
2019-04-01,1.11961
2019-04-02,1.11700
2019-04-03,1.12085
2019-04-04,1.12180
2019-04-05,1.12204
2019-04-08,1.12558
2019-04-09,1.12766
2019-04-10,1.12877
2019-04-11,1.12929
2019-04-12,1.13238
2019-04-15,1.13486
2019-04-16,1.13676
2019-04-17,1.14087
2019-04-18,1.14141
2019-04-19,1.14080
2019-04-22,1.14319
2019-04-23,1.14577
2019-04-24,1.13979
2019-04-25,1.13613
2019-04-26,1.13664
2019-04-29,1.13901
2019-04-30,1.14247
2019-05-01,1.14001
2019-05-02,1.13858
2019-05-03,1.13848
2019-05-06,1.13974
2019-05-07,1.14185
2019-05-08,1.14086
2019-05-09,1.13777
2019-05-10,1.13635
2019-05-13,1.13041
2019-05-14,1.13056
2019-05-15,1.13091
2019-05-16,1.12911
2019-05-17,1.12863
2019-05-20,1.12610
2019-05-21,1.12743
2019-05-22,1.12561
2019-05-23,1.12166
2019-05-24,1.12205
2019-05-28,1.12731
2019-05-29,1.12094
2019-05-30,1.12220
2019-05-31,1.11874
2019-06-03,1.11990
2019-06-04,1.11685
2019-06-05,1.11512
2019-06-06,1.11656
2019-06-07,1.11845
2019-06-10,1.11956
2019-06-11,1.12312
2019-06-12,1.12463
2019-06-13,1.12143
2019-06-14,1.12058
2019-06-17,1.12145
2019-06-18,1.11890
2019-06-19,1.11697
2019-06-20,1.10821
2019-06-21,1.10886
2019-06-24,1.10744
2019-06-25,1.10737
2019-06-26,1.11162
2019-06-27,1.11053
2019-06-28,1.10987
2019-07-01,1.11533
2019-07-02,1.11425
2019-07-03,1.11219
2019-07-05,1.11294
2019-07-08,1.11388
2019-07-09,1.11288
2019-07-10,1.11384
2019-07-11,1.11329
2019-07-12,1.10792
2019-07-15,1.10877
2019-07-16,1.10887
2019-07-17,1.10862
2019-07-18,1.10734
2019-07-19,1.10210
2019-07-22,1.10071
2019-07-23,1.09862
2019-07-24,1.09782
2019-07-25,1.10431
2019-07-26,1.10465
2019-07-29,1.10485
2019-07-30,1.10457
2019-07-31,1.10206
2019-08-01,1.09934
2019-08-02,1.09123
2019-08-05,1.08846
2019-08-06,1.09516
2019-08-07,1.09079
2019-08-08,1.09304
2019-08-09,1.08966
2019-08-12,1.08712
2019-08-13,1.08957
2019-08-14,1.08503
2019-08-15,1.08418
2019-08-16,1.08696
2019-08-19,1.08833
2019-08-20,1.08607
2019-08-21,1.08934
2019-08-22,1.09049
2019-08-23,1.08673
2019-08-26,1.08701
2019-08-27,1.08886
2019-08-28,1.08701
2019-08-29,1.08969
2019-08-30,1.08780
2019-09-03,1.08281
2019-09-04,1.08236
2019-09-05,1.08918
2019-09-06,1.08944
2019-09-09,1.09563
2019-09-10,1.09408
2019-09-11,1.09274
2019-09-12,1.09535
2019-09-13,1.09612
2019-09-16,1.09168
2019-09-17,1.09802
2019-09-18,1.10054
2019-09-19,1.09654
2019-09-20,1.09265
2019-09-23,1.08749
2019-09-24,1.08579
2019-09-25,1.08497
2019-09-26,1.08598
2019-09-27,1.08535
2019-09-30,1.08811
2019-10-01,1.08626
2019-10-02,1.09231
2019-10-03,1.09628
2019-10-04,1.09284
2019-10-07,1.09260
2019-10-08,1.08836
2019-10-09,1.09233
2019-10-10,1.09674
2019-10-11,1.10023
2019-10-15,1.10164
2019-10-16,1.10300
2019-10-17,1.09838
2019-10-18,1.09939
2019-10-21,1.09941
2019-10-22,1.10147
2019-10-23,1.10151
2019-10-24,1.10121
2019-10-25,1.10206
2019-10-28,1.10495
2019-10-29,1.10461
2019-10-30,1.10222
2019-10-31,1.10073
2019-11-01,1.10075
2019-11-04,1.10008
2019-11-05,1.09952
2019-11-06,1.09868
2019-11-07,1.09940
2019-11-08,1.09873
2019-11-12,1.09386
2019-11-13,1.08847
2019-11-14,1.08813
2019-11-15,1.09389
2019-11-18,1.09450
2019-11-19,1.09780
2019-11-20,1.09758
2019-11-21,1.09783
2019-11-22,1.09926
2019-11-25,1.09699
2019-11-26,1.09878
2019-11-27,1.09979
2019-11-29,1.10204
2019-12-02,1.09868
2019-12-03,1.09359
2019-12-04,1.09569
2019-12-05,1.09616
2019-12-06,1.09516
2019-12-09,1.09329
2019-12-10,1.09260
2019-12-11,1.09317
2019-12-12,1.09592
2019-12-13,1.09481
2019-12-16,1.09602
2019-12-17,1.09376
2019-12-18,1.09124
2019-12-19,1.08803
2019-12-20,1.08805
2019-12-23,1.08917
2019-12-24,1.08701
2019-12-26,1.08893
2019-12-27,1.08850
2019-12-30,1.08547
2019-12-31,1.08645
2020-01-02,1.08542
2020-01-03,1.08413
2020-01-06,1.08379
2020-01-07,1.08220
2020-01-08,1.08116
2020-01-09,1.07996
2020-01-10,1.08172
2020-01-13,1.08098
2020-01-14,1.07702
2020-01-15,1.07510
2020-01-16,1.07413
2020-01-17,1.07410
2020-01-21,1.07423
2020-01-22,1.07483
2020-01-23,1.07077
2020-01-24,1.07090
2020-01-27,1.06832
2020-01-28,1.07199
2020-01-29,1.07251
2020-01-30,1.06917
2020-01-31,1.06882
2020-02-03,1.06803
2020-02-04,1.07034
2020-02-05,1.07077
2020-02-06,1.07049
2020-02-07,1.07063
2020-02-10,1.06735
2020-02-11,1.06561
2020-02-12,1.06394
2020-02-13,1.06184
2020-02-14,1.06417
2020-02-18,1.06143
2020-02-19,1.06207
2020-02-20,1.06143
2020-02-21,1.06177
2020-02-24,1.06134
2020-02-25,1.06130
2020-02-26,1.06249
2020-02-27,1.06674
2020-02-28,1.06392
2020-03-02,1.06922
2020-03-03,1.06861
2020-03-04,1.06333
2020-03-05,1.06273
2020-03-06,1.05999
2020-03-09,1.06155
2020-03-10,1.05818
2020-03-11,1.05821
2020-03-12,1.05718
2020-03-13,1.05577
2020-03-16,1.05458
2020-03-17,1.05837
2020-03-18,1.05373
2020-03-19,1.05349
2020-03-20,1.05383
2020-03-23,1.05703
2020-03-24,1.05926
2020-03-25,1.05981
2020-03-26,1.06340
2020-03-27,1.05707
2020-03-30,1.05840
2020-03-31,1.06048
2020-04-01,1.05784
2020-04-02,1.05659
2020-04-03,1.05560
2020-04-06,1.05577
2020-04-07,1.05672
2020-04-08,1.05486
2020-04-09,1.05597
2020-04-10,1.05650
2020-04-13,1.05508
2020-04-14,1.05387
2020-04-15,1.05236
2020-04-16,1.05095
2020-04-17,1.05147
2020-04-20,1.05154
2020-04-21,1.05188
2020-04-22,1.05166
2020-04-23,1.05246
2020-04-24,1.05280
2020-04-27,1.05653
2020-04-28,1.05581
2020-04-29,1.05796
2020-04-30,1.05718
2020-05-01,1.05565
2020-05-04,1.05259
2020-05-05,1.05411
2020-05-06,1.05306
2020-05-07,1.05408
2020-05-08,1.05275
2020-05-11,1.05171
2020-05-12,1.05160
2020-05-13,1.05158
2020-05-14,1.05055
2020-05-15,1.05191
2020-05-18,1.05757
2020-05-19,1.06366
2020-05-20,1.05951
2020-05-21,1.06276
2020-05-22,1.05916
2020-05-26,1.06055
2020-05-27,1.06351
2020-05-28,1.06730
2020-05-29,1.06831
2020-06-01,1.06930
2020-06-02,1.07448
2020-06-03,1.08108
2020-06-04,1.08299
2020-06-05,1.08699
2020-06-08,1.08041
2020-06-09,1.07660
2020-06-10,1.07301
2020-06-11,1.06747
2020-06-12,1.07067
2020-06-15,1.07100
2020-06-16,1.06890
2020-06-17,1.06721
2020-06-18,1.06662
2020-06-19,1.06512
2020-06-22,1.06688
2020-06-23,1.06861
2020-06-24,1.06752
2020-06-25,1.06430
2020-06-26,1.06314
2020-06-29,1.06799
2020-06-30,1.06383
2020-07-01,1.06451
2020-07-02,1.06248
2020-07-06,1.06468
2020-07-07,1.06328
2020-07-08,1.06288
2020-07-09,1.06169
2020-07-10,1.06338
2020-07-13,1.06932
2020-07-14,1.07049
2020-07-15,1.07665
2020-07-16,1.07831
2020-07-17,1.07377
2020-07-20,1.07426
2020-07-21,1.07369
2020-07-22,1.07625
2020-07-23,1.07508
2020-07-24,1.07295
2020-07-27,1.08142
2020-07-28,1.07579
2020-07-29,1.07592
2020-07-30,1.07534
2020-07-31,1.07731
2020-08-03,1.08025
2020-08-04,1.07707
2020-08-05,1.07710
2020-08-06,1.07896
2020-08-07,1.07631
2020-08-10,1.07618
2020-08-11,1.07787
2020-08-12,1.07455
2020-08-13,1.07504
2020-08-14,1.07573
2020-08-17,1.07513
2020-08-18,1.07693
2020-08-19,1.08435
2020-08-20,1.07734
2020-08-21,1.07512
2020-08-24,1.07519
2020-08-25,1.07410
2020-08-26,1.07336
2020-08-27,1.07331
2020-08-28,1.07593
2020-08-31,1.07696
2020-09-01,1.08400
2020-09-02,1.07826
2020-09-03,1.07714
2020-09-04,1.08121
2020-09-08,1.08064
2020-09-09,1.07842
2020-09-10,1.07828
2020-09-11,1.07572
2020-09-14,1.07706
2020-09-15,1.07617
2020-09-16,1.07456
2020-09-17,1.07567
2020-09-18,1.07849
2020-09-21,1.07547
2020-09-22,1.07665
2020-09-23,1.07812
2020-09-24,1.08073
2020-09-25,1.07947
2020-09-28,1.07824
2020-09-29,1.07967
2020-09-30,1.07714
2020-10-01,1.07874
2020-10-02,1.07737
2020-10-05,1.07860
2020-10-06,1.07809
2020-10-07,1.07872
2020-10-08,1.07851
2020-10-09,1.07588
2020-10-13,1.07359
2020-10-14,1.07288
2020-10-15,1.06986
2020-10-16,1.07241
2020-10-19,1.07179
2020-10-20,1.07260
2020-10-21,1.07323
2020-10-22,1.07296
2020-10-23,1.07249
2020-10-26,1.07208
2020-10-27,1.07290
2020-10-28,1.06898
2020-10-29,1.06913
2020-10-30,1.06744
2020-11-02,1.07039
2020-11-03,1.06987
2020-11-04,1.06827
2020-11-05,1.07026
2020-11-06,1.06811
2020-11-09,1.07795
2020-11-10,1.07901
2020-11-12,1.07927
2020-11-13,1.07993
2020-11-16,1.08030
2020-11-17,1.08055
2020-11-18,1.07964
2020-11-19,1.07994
2020-11-20,1.08110
2020-11-23,1.07982
2020-11-24,1.08300
2020-11-25,1.08240
2020-11-30,1.08244
2020-12-01,1.08416
2020-12-02,1.08369
2020-12-03,1.08227
2020-12-04,1.08159
2020-12-07,1.07926
2020-12-08,1.07618
2020-12-09,1.07526
2020-12-10,1.07586
2020-12-11,1.07825
2020-12-14,1.07748
2020-12-15,1.07708
2020-12-16,1.07877
2020-12-17,1.08372
2020-12-18,1.08283
2020-12-21,1.08340
2020-12-22,1.08191
2020-12-23,1.08304
2020-12-28,1.08671
2020-12-29,1.08282
2020-12-30,1.08461
2020-12-31,1.08120
2021-01-04,1.07965
2021-01-05,1.08004
2021-01-06,1.08271
2021-01-07,1.08439
2021-01-08,1.08344
2021-01-11,1.08262
2021-01-12,1.08202
2021-01-13,1.07904
2021-01-14,1.07829
2021-01-15,1.07610
2021-01-19,1.07773
2021-01-21,1.07711
2021-01-22,1.07819
2021-01-25,1.07804
2021-01-26,1.07872
2021-01-27,1.07575
2021-01-28,1.07734
2021-01-29,1.08057
2021-02-01,1.08208
2021-02-02,1.08030
2021-02-03,1.08141
2021-02-04,1.08143
2021-02-05,1.08268
2021-02-08,1.08239
2021-02-09,1.08111
2021-02-10,1.07861
2021-02-11,1.08016
2021-02-12,1.08051
2021-02-16,1.08027
2021-02-17,1.08201
2021-02-18,1.08309
2021-02-19,1.08592
2021-02-22,1.08885
2021-02-23,1.09543
2021-02-24,1.10188
2021-02-25,1.10468
2021-02-26,1.09953
2021-03-01,1.10149
2021-03-02,1.10412
2021-03-03,1.10829
2021-03-04,1.11503
2021-03-05,1.10866
2021-03-08,1.10841
2021-03-09,1.10435
2021-03-10,1.10877
2021-03-11,1.10720
2021-03-12,1.10924
2021-03-15,1.10630
2021-03-16,1.10158
2021-03-17,1.10429
2021-03-18,1.10686
2021-03-19,1.10766
2021-03-22,1.10166
2021-03-23,1.10733
2021-03-24,1.10684
2021-03-25,1.10623
2021-03-26,1.10878
2021-03-29,1.10495
2021-03-30,1.10516
2021-03-31,1.10592
2021-04-01,1.10759
2021-04-02,1.10799
2021-04-05,1.10535
2021-04-06,1.10525
2021-04-07,1.10273
2021-04-08,1.10094
2021-04-09,1.10042
2021-04-12,1.09883
2021-04-13,1.09993
2021-04-14,1.10502
2021-04-15,1.10397
2021-04-16,1.10171
2021-04-19,1.10115
2021-04-20,1.10154
2021-04-21,1.10301
2021-04-22,1.10294
2021-04-23,1.10451
2021-04-26,1.10500
2021-04-27,1.10327
2021-04-28,1.10380
2021-04-29,1.10184
2021-04-30,1.09792
2021-05-03,1.09924
2021-05-04,1.09755
2021-05-05,1.09591
2021-05-06,1.09604
2021-05-07,1.09599
2021-05-10,1.09359
2021-05-11,1.09759
2021-05-12,1.09732
2021-05-13,1.09451
2021-05-14,1.09518
2021-05-17,1.09590
2021-05-18,1.09652
2021-05-19,1.09980
2021-05-20,1.09841
2021-05-21,1.09437
2021-05-24,1.09560
2021-05-25,1.09737
2021-05-26,1.09507
2021-05-27,1.09462
2021-05-28,1.09682
2021-06-01,1.09609
2021-06-02,1.09673
2021-06-03,1.09722
2021-06-04,1.09434
2021-06-07,1.09418
2021-06-08,1.09172
2021-06-09,1.09151
2021-06-10,1.08959
2021-06-11,1.08821
2021-06-14,1.09021
2021-06-15,1.08896
2021-06-16,1.08895
2021-06-17,1.09254
2021-06-18,1.09403
2021-06-21,1.09372
2021-06-22,1.09576
2021-06-23,1.09572
2021-06-24,1.09590
2021-06-25,1.09552
2021-06-28,1.09634
2021-06-29,1.09536
2021-06-30,1.09633
2021-07-01,1.09711
2021-07-02,1.09289
2021-07-06,1.09240
2021-07-07,1.09207
2021-07-08,1.08371
2021-07-09,1.08540
2021-07-12,1.08550
2021-07-13,1.08258
2021-07-14,1.08254
2021-07-15,1.08453
2021-07-16,1.08563
2021-07-19,1.08345
2021-07-20,1.08549
2021-07-21,1.08307
2021-07-22,1.08240
2021-07-23,1.08326
2021-07-26,1.08149
2021-07-27,1.08081
2021-07-28,1.07865
2021-07-29,1.07714
2021-07-30,1.07498
2021-08-02,1.07469
2021-08-03,1.07294
2021-08-04,1.07294
2021-08-05,1.07375
2021-08-06,1.07515
2021-08-09,1.07990
2021-08-10,1.08147
2021-08-11,1.08157
2021-08-12,1.08321
2021-08-13,1.08081
2021-08-16,1.07431
2021-08-17,1.07110
2021-08-18,1.07407
2021-08-19,1.07261
2021-08-20,1.07271
2021-08-23,1.07191
2021-08-24,1.07235
2021-08-25,1.07431
2021-08-26,1.07891
2021-08-27,1.07583
2021-08-30,1.08186
2021-08-31,1.08094
2021-09-01,1.08366
2021-09-02,1.08609
2021-09-03,1.08568
2021-09-07,1.08756
2021-09-08,1.08946
2021-09-09,1.08492
2021-09-10,1.08511
2021-09-13,1.08798
2021-09-14,1.08703
2021-09-15,1.08610
2021-09-16,1.08822
2021-09-17,1.09223
2021-09-20,1.08808
2021-09-21,1.08265
2021-09-22,1.08264
2021-09-23,1.08460
2021-09-24,1.08318
2021-09-27,1.08308
2021-09-28,1.08422
2021-09-29,1.08395
2021-09-30,1.08115
2021-10-01,1.07829
2021-10-04,1.07485
2021-10-05,1.07627
2021-10-06,1.07135
2021-10-07,1.07283
2021-10-08,1.07290
2021-10-12,1.07351
2021-10-13,1.07114
2021-10-14,1.07013
2021-10-15,1.07142
2021-10-18,1.07174
2021-10-19,1.07328
2021-10-20,1.07079
2021-10-21,1.06799
2021-10-22,1.06595
2021-10-25,1.06722
2021-10-26,1.06676
2021-10-27,1.06519
2021-10-28,1.06602
2021-10-29,1.05868
2021-11-01,1.05541
2021-11-02,1.05906
2021-11-03,1.05653
2021-11-04,1.05380
2021-11-05,1.05523
2021-11-08,1.05841
2021-11-09,1.05667
2021-11-10,1.05540
2021-11-12,1.05401
2021-11-15,1.05265
2021-11-16,1.05372
2021-11-17,1.05140
2021-11-18,1.05179
2021-11-19,1.04833
2021-11-22,1.04718
2021-11-23,1.05047
2021-11-24,1.04725
2021-11-26,1.04363
2021-11-29,1.04167
2021-11-30,1.04029
2021-12-01,1.04110
2021-12-02,1.04070
2021-12-03,1.03867
2021-12-06,1.04422
2021-12-07,1.04195
2021-12-08,1.04430
2021-12-09,1.04503
2021-12-10,1.04129
2021-12-13,1.04079
2021-12-14,1.04068
2021-12-15,1.04257
2021-12-16,1.04207
2021-12-17,1.04037
2021-12-20,1.03943
2021-12-21,1.04170
2021-12-22,1.04190
2021-12-23,1.03985
2021-12-27,1.03942
2021-12-28,1.03711
2021-12-29,1.03718
2021-12-30,1.03520
2022-01-03,1.03737
2022-01-04,1.03400
2022-01-05,1.03843
2022-01-06,1.03980
2022-01-07,1.04396
2022-01-10,1.04803
2022-01-11,1.04966
2022-01-12,1.04412
2022-01-13,1.04345
2022-01-14,1.04246
2022-01-18,1.03934
2022-01-19,1.03869
2022-01-20,1.03809
2022-01-21,1.03472
2022-01-24,1.03438
2022-01-25,1.03735
2022-01-26,1.03914
2022-01-27,1.03810
2022-01-28,1.03761
2022-01-31,1.04305
2022-02-01,1.03742
2022-02-02,1.03797
2022-02-03,1.05255
2022-02-04,1.05934
2022-02-07,1.05683
2022-02-08,1.05525
2022-02-09,1.05580
2022-02-10,1.06031
2022-02-11,1.05542
2022-02-14,1.04748
2022-02-15,1.05205
2022-02-16,1.04916
2022-02-17,1.04568
2022-02-18,1.04327
2022-02-22,1.04389
2022-02-23,1.03870
2022-02-24,1.03358
2022-02-25,1.04437
2022-02-28,1.03031
2022-03-01,1.01987
2022-03-02,1.02320
2022-03-03,1.01735
2022-03-04,1.00207
2022-03-07,1.00641
2022-03-08,1.01219
2022-03-09,1.02546
2022-03-10,1.02300
2022-03-11,1.02002
2022-03-14,1.02745
2022-03-15,1.03325
2022-03-16,1.03519
2022-03-17,1.03866
2022-03-18,1.03114
2022-03-21,1.02784
2022-03-22,1.02777
2022-03-23,1.02508
2022-03-24,1.02443
2022-03-25,1.02252
2022-03-28,1.02569
2022-03-29,1.03298
2022-03-30,1.03070
2022-03-31,1.02174
2022-04-01,1.02208
2022-04-04,1.01737
2022-04-05,1.01474
2022-04-06,1.01768
2022-04-07,1.01722
2022-04-08,1.01490
2022-04-11,1.01229
2022-04-12,1.00944
2022-04-13,1.01512
2022-04-14,1.01760
2022-04-15,1.01968
2022-04-18,1.01823
2022-04-19,1.02298
2022-04-20,1.02801
2022-04-21,1.03328
2022-04-22,1.03442
2022-04-25,1.02590
2022-04-26,1.02452
2022-04-27,1.02268
2022-04-28,1.02100
2022-04-29,1.02455
2022-05-02,1.02788
2022-05-03,1.03054
2022-05-04,1.03583
2022-05-05,1.03751
2022-05-06,1.04218
2022-05-09,1.04815
2022-05-10,1.04770
2022-05-11,1.04394
2022-05-12,1.03797
2022-05-13,1.04247
2022-05-16,1.04491
2022-05-17,1.04592
2022-05-18,1.03914
2022-05-19,1.02996
2022-05-20,1.02935
2022-05-23,1.03094
2022-05-24,1.03105
2022-05-25,1.02707
2022-05-26,1.02906
2022-05-27,1.02538
2022-05-31,1.02693
2022-06-01,1.02672
2022-06-02,1.02952
2022-06-03,1.03195
2022-06-06,1.03670
2022-06-07,1.04097
2022-06-08,1.04715
2022-06-09,1.04199
2022-06-10,1.04008
2022-06-13,1.04008
2022-06-14,1.04322
2022-06-15,1.04103
2022-06-16,1.01759
2022-06-17,1.01770
2022-06-21,1.01899
2022-06-22,1.01757
2022-06-23,1.00893
2022-06-24,1.00843
2022-06-27,1.01251
2022-06-28,1.00737
2022-06-29,0.99958
2022-06-30,0.99979
2022-07-01,1.00167
2022-07-05,0.99364
2022-07-06,0.98820
2022-07-07,0.98893
2022-07-08,0.99491
2022-07-11,0.98800
2022-07-12,0.98802
2022-07-13,0.98629
2022-07-14,0.98566
2022-07-15,0.98628
2022-07-18,0.99197
2022-07-19,0.99130
2022-07-20,0.99315
2022-07-21,0.98838
2022-07-22,0.98292
2022-07-25,0.98550
2022-07-26,0.97461
2022-07-27,0.97544
2022-07-28,0.97236
2022-07-29,0.97052
2022-08-01,0.97422
2022-08-02,0.97278
2022-08-03,0.97707
2022-08-04,0.97762
2022-08-05,0.97986
2022-08-08,0.97428
2022-08-09,0.97403
2022-08-10,0.97271
2022-08-11,0.97085
2022-08-12,0.96728
2022-08-15,0.96251
2022-08-16,0.96714
2022-08-17,0.96931
2022-08-18,0.96551
2022-08-19,0.96275
2022-08-22,0.95906
2022-08-23,0.96089
2022-08-24,0.96322
2022-08-25,0.96086
2022-08-26,0.96331
2022-08-29,0.96880
2022-08-30,0.97636
2022-08-31,0.98118
2022-09-01,0.97891
2022-09-02,0.98305
2022-09-06,0.97541
2022-09-07,0.97514
2022-09-08,0.96834
2022-09-09,0.96484
2022-09-12,0.96414
2022-09-13,0.96051
2022-09-14,0.96053
2022-09-15,0.95984
2022-09-16,0.96596
2022-09-19,0.96659
2022-09-20,0.96222
2022-09-21,0.95366
2022-09-22,0.96497
2022-09-23,0.95403
2022-09-26,0.95497
2022-09-27,0.95163
2022-09-28,0.94443
2022-09-29,0.95768
2022-09-30,0.96312
2022-10-03,0.97391
2022-10-04,0.97835
2022-10-05,0.97060
2022-10-06,0.97068
2022-10-07,0.97006
2022-10-11,0.96985
2022-10-12,0.96724
2022-10-13,0.97672
2022-10-14,0.97867
2022-10-17,0.97963
2022-10-18,0.98042
2022-10-19,0.98181
2022-10-20,0.98261
2022-10-21,0.98364
2022-10-24,0.98805
2022-10-25,0.99203
2022-10-26,0.99325
2022-10-27,0.98842
2022-10-28,0.99026
2022-10-31,0.98913
2022-11-01,0.98658
2022-11-02,0.98627
2022-11-03,0.98868
2022-11-04,0.98763
2022-11-07,0.99030
2022-11-08,0.99294
2022-11-09,0.98725
2022-11-10,0.98423
2022-11-14,0.97447
2022-11-15,0.97957
2022-11-16,0.98181
2022-11-17,0.98656
2022-11-18,0.98541
2022-11-21,0.98137
2022-11-22,0.97945
2022-11-23,0.97751
2022-11-25,0.98388
2022-11-28,0.98286
2022-11-29,0.98447
2022-11-30,0.97925
2022-12-01,0.98436
2022-12-02,0.98569
2022-12-05,0.98867
2022-12-06,0.98730
2022-12-07,0.98760
2022-12-08,0.98744
2022-12-09,0.98323
2022-12-12,0.98661
2022-12-13,0.98522
2022-12-14,0.98434
2022-12-15,0.98809
2022-12-16,0.98928
2022-12-19,0.98831
2022-12-20,0.98469
2022-12-21,0.98325
2022-12-22,0.98571
2022-12-23,0.99150
2022-12-27,0.98924
2022-12-28,0.98523
2022-12-29,0.98496
2022-12-30,0.98855
2023-01-03,0.98912
2023-01-04,0.98460
2023-01-05,0.98527
2023-01-06,0.98683
2023-01-09,0.98763
2023-01-10,0.99044
2023-01-11,0.99871
2023-01-12,1.00519
2023-01-13,1.00368
2023-01-17,0.99460
2023-01-18,0.98961
2023-01-19,0.99038
2023-01-20,0.99870
2023-01-23,1.00293
2023-01-24,1.00359
2023-01-25,1.00283
2023-01-26,1.00076
2023-01-27,1.00076
2023-01-30,1.00315
2023-01-31,0.99739
2023-02-01,0.99858
2023-02-02,0.99574
2023-02-03,1.00130
2023-02-06,0.99475
2023-02-07,0.98908
2023-02-08,0.98733
2023-02-09,0.98913
2023-02-10,0.98656
2023-02-13,0.98682
2023-02-14,0.98896
2023-02-15,0.98686
2023-02-16,0.98771
2023-02-17,0.98943
2023-02-21,0.98753
2023-02-22,0.98757
2023-02-23,0.98878
2023-02-24,0.99125
2023-02-27,0.99332
2023-02-28,0.99406
2023-03-01,1.00192
2023-03-02,0.99809
2023-03-03,0.99586
2023-03-06,0.99540
2023-03-07,0.99524
2023-03-08,0.99103
2023-03-09,0.99037
2023-03-10,0.98199
2023-03-13,0.97864
2023-03-14,0.97963
2023-03-15,0.97377
2023-03-16,0.98778
2023-03-17,0.98850
2023-03-20,0.99357
2023-03-21,0.99483
2023-03-22,0.99687
2023-03-23,0.99586
2023-03-24,0.98805
2023-03-27,0.98856
2023-03-28,0.99740
2023-03-29,0.99545
2023-03-30,0.99619
2023-03-31,0.99250
2023-04-03,0.99434
2023-04-04,0.99332
2023-04-05,0.98810
2023-04-06,0.98776
2023-04-07,0.98756
2023-04-10,0.98775
2023-04-11,0.98593
2023-04-12,0.98528
2023-04-13,0.98099
2023-04-14,0.98331
2023-04-17,0.98166
2023-04-18,0.98400
2023-04-19,0.98401
2023-04-20,0.98113
2023-04-21,0.97948
2023-04-24,0.97993
2023-04-25,0.97894
2023-04-26,0.98375
2023-04-27,0.98678
2023-04-28,0.98377
2023-05-01,0.98300
2023-05-02,0.98218
2023-05-03,0.98011
2023-05-04,0.97556
2023-05-05,0.98280
2023-05-08,0.98016
2023-05-09,0.97656
2023-05-10,0.97719
2023-05-11,0.97730
2023-05-12,0.97394
2023-05-15,0.97314
2023-05-16,0.97414
2023-05-17,0.97379
2023-05-18,0.97478
2023-05-19,0.97252
2023-05-22,0.97158
2023-05-23,0.97092
2023-05-24,0.97450
2023-05-25,0.97169
2023-05-26,0.97064
2023-05-30,0.97009
2023-05-31,0.97262
2023-06-01,0.97592
2023-06-02,0.97319
2023-06-05,0.97116
2023-06-06,0.97070
2023-06-07,0.97271
2023-06-08,0.97057
2023-06-09,0.97022
2023-06-12,0.97786
2023-06-13,0.97701
2023-06-14,0.97426
2023-06-15,0.97595
2023-06-16,0.97706
2023-06-20,0.98027
2023-06-21,0.98007
2023-06-22,0.98215
2023-06-23,0.97757
2023-06-26,0.97600
2023-06-27,0.98005
2023-06-28,0.97863
2023-06-29,0.97758
2023-06-30,0.97696
2023-07-03,0.97794
2023-07-05,0.97598
2023-07-06,0.97477
2023-07-07,0.97434
2023-07-10,0.97483
2023-07-11,0.96780
2023-07-12,0.96507
2023-07-13,0.96216
2023-07-14,0.96820
2023-07-17,0.96652
2023-07-18,0.96319
2023-07-19,0.96250
2023-07-20,0.96548
2023-07-21,0.96275
2023-07-24,0.96021
2023-07-25,0.95514
2023-07-26,0.95547
2023-07-27,0.95524
2023-07-28,0.95894
2023-07-31,0.95746
2023-08-01,0.96138
2023-08-02,0.96029
2023-08-03,0.95698
2023-08-04,0.96159
2023-08-07,0.96161
2023-08-08,0.95894
2023-08-09,0.96247
2023-08-10,0.96233
2023-08-11,0.96034
2023-08-14,0.95839
2023-08-15,0.95826
2023-08-16,0.95802
2023-08-17,0.95607
2023-08-18,0.95889
2023-08-21,0.95808
2023-08-22,0.95445
2023-08-23,0.95427
2023-08-24,0.95540
2023-08-25,0.95577
2023-08-28,0.95471
2023-08-29,0.95464
2023-08-30,0.95848
2023-08-31,0.95784
2023-09-01,0.95545
2023-09-05,0.95344
2023-09-06,0.95607
2023-09-07,0.95558
2023-09-08,0.95599
2023-09-11,0.95724
2023-09-12,0.95602
2023-09-13,0.95823
2023-09-14,0.95395
2023-09-15,0.95635
2023-09-18,0.95872
2023-09-19,0.95929
2023-09-20,0.95928
2023-09-21,0.96331
2023-09-22,0.96621
2023-09-25,0.96590
2023-09-26,0.96680
2023-09-27,0.96668
2023-09-28,0.96784
2023-09-29,0.96751
2023-10-02,0.96346
2023-10-03,0.96436
2023-10-04,0.96340
2023-10-05,0.96231
2023-10-06,0.96228
2023-10-10,0.95976
2023-10-11,0.95847
2023-10-12,0.95652
2023-10-13,0.94707
2023-10-16,0.94991
2023-10-17,0.95286
2023-10-18,0.94629
2023-10-19,0.94662
2023-10-20,0.94460
2023-10-23,0.94954
2023-10-24,0.94670
2023-10-25,0.94730
2023-10-26,0.94734
2023-10-27,0.95551
2023-10-30,0.95763
2023-10-31,0.96164
2023-11-01,0.95932
2023-11-02,0.96209
2023-11-03,0.96426
2023-11-06,0.96389
2023-11-07,0.96238
2023-11-08,0.96218
2023-11-09,0.96348
2023-11-13,0.96448
2023-11-14,0.96720
2023-11-15,0.96288
2023-11-16,0.96376
2023-11-17,0.96497
2023-11-20,0.96760
2023-11-21,0.96461
2023-11-22,0.96239
2023-11-24,0.96414
2023-11-27,0.96369
2023-11-28,0.96456
2023-11-29,0.95996
2023-11-30,0.95168
2023-12-01,0.94702
2023-12-04,0.94491
2023-12-05,0.94498
2023-12-06,0.94314
2023-12-07,0.94538
2023-12-08,0.94670
2023-12-11,0.94519
2023-12-12,0.94486
2023-12-13,0.94560
2023-12-14,0.95007
2023-12-15,0.94754
2023-12-18,0.94802
2023-12-19,0.94501
2023-12-20,0.94390
2023-12-21,0.94263
2023-12-22,0.94276
2023-12-26,0.94372
2023-12-27,0.93543
2023-12-28,0.92969
2023-12-29,0.92976
2024-01-02,0.92944
2024-01-03,0.92975
2024-01-04,0.93163
2024-01-05,0.92977
2024-01-08,0.92921
2024-01-09,0.93111
2024-01-10,0.93314
2024-01-11,0.93631
2024-01-12,0.93403
2024-01-16,0.93634
2024-01-17,0.94104
2024-01-18,0.94341
2024-01-19,0.94654
2024-01-22,0.94629
2024-01-23,0.94412
2024-01-24,0.94091
2024-01-25,0.93997
2024-01-26,0.93828
2024-01-29,0.93375
2024-01-30,0.93516
2024-01-31,0.93215
2024-02-01,0.93209
2024-02-02,0.93592
2024-02-05,0.93526
2024-02-06,0.93560
2024-02-07,0.94023
2024-02-08,0.94118
2024-02-09,0.94340
2024-02-12,0.94365
2024-02-13,0.95015
2024-02-14,0.95030
2024-02-15,0.94781
2024-02-16,0.94906
2024-02-20,0.95242
2024-02-21,0.95186
2024-02-22,0.95349
2024-02-23,0.95333
2024-02-26,0.95538
2024-02-27,0.95451
2024-02-28,0.95262
2024-02-29,0.95461
2024-03-01,0.95797
2024-03-04,0.96035
2024-03-05,0.95981
2024-03-06,0.96169
2024-03-07,0.96072
2024-03-08,0.95908
2024-03-11,0.95979
2024-03-12,0.95884
2024-03-13,0.96093
2024-03-14,0.96189
2024-03-15,0.96222
2024-03-18,0.96473
2024-03-19,0.96449
2024-03-20,0.96743
2024-03-21,0.97676
2024-03-22,0.97166
2024-03-25,0.97345
2024-03-26,0.97758
2024-03-27,0.97998
2024-03-28,0.97278
2024-03-29,0.97281
2024-04-01,0.97188
2024-04-02,0.97685
2024-04-03,0.97856
2024-04-04,0.98316
2024-04-05,0.97626
2024-04-08,0.98231
2024-04-09,0.98057
2024-04-10,0.97992
2024-04-11,0.97641
2024-04-12,0.97104
2024-04-15,0.97254
2024-04-16,0.97013
2024-04-17,0.97084
2024-04-18,0.97164
2024-04-19,0.96878
2024-04-22,0.97166
2024-04-23,0.97508
2024-04-24,0.97692
2024-04-25,0.97931
2024-04-26,0.97692
2024-04-29,0.97610
2024-04-30,0.98013
2024-05-01,0.98206
2024-05-02,0.97623
2024-05-03,0.97437
2024-05-06,0.97575
2024-05-07,0.97674
2024-05-08,0.97612
2024-05-09,0.97717
2024-05-10,0.97641
2024-05-13,0.97970
2024-05-14,0.98085
2024-05-15,0.98186
2024-05-16,0.98358
2024-05-17,0.98685
2024-05-20,0.98805
2024-05-21,0.98871
2024-05-22,0.99046
2024-05-23,0.99004
2024-05-24,0.99219
2024-05-28,0.99064
2024-05-29,0.98757
2024-05-30,0.97919
2024-05-31,0.97983
2024-06-03,0.97506
2024-06-04,0.96856
2024-06-05,0.97132
2024-06-06,0.97040
2024-06-07,0.96833
2024-06-10,0.96420
2024-06-11,0.96458
2024-06-12,0.96693
2024-06-13,0.96106
2024-06-14,0.95293
2024-06-17,0.95582
2024-06-18,0.94953
2024-06-20,0.95428
2024-06-21,0.95583
2024-06-24,0.95891
2024-06-25,0.95750
2024-06-26,0.95845
2024-06-27,0.96156
2024-06-28,0.96315
2024-07-01,0.96975
2024-07-02,0.97123
2024-07-03,0.97268
2024-07-05,0.97195
2024-07-08,0.97204
2024-07-09,0.97080
2024-07-10,0.97316
2024-07-11,0.97163
2024-07-12,0.97482
2024-07-15,0.97654
2024-07-16,0.97453
2024-07-17,0.96709
2024-07-18,0.96671
2024-07-19,0.96733
2024-07-22,0.96834
2024-07-23,0.96776
2024-07-24,0.95919
2024-07-25,0.95601
2024-07-26,0.95841
2024-07-29,0.95856
2024-07-30,0.95677
2024-07-31,0.95206
2024-08-01,0.94336
2024-08-02,0.93910
2024-08-05,0.93437
2024-08-06,0.93236
2024-08-07,0.94526
2024-08-08,0.94467
2024-08-09,0.94384
2024-08-12,0.94777
2024-08-13,0.94797
2024-08-14,0.95227
2024-08-15,0.95715
2024-08-16,0.95503
2024-08-19,0.95528
2024-08-20,0.95247
2024-08-21,0.94885
2024-08-22,0.94665
2024-08-23,0.94904
2024-08-26,0.94663
2024-08-27,0.94175
2024-08-28,0.93691
2024-08-29,0.93858
2024-08-30,0.93928
2024-09-03,0.93894
2024-09-04,0.93994
2024-09-05,0.93797
2024-09-06,0.93437
2024-09-09,0.93640
2024-09-10,0.93264
2024-09-11,0.93657
2024-09-12,0.94148
2024-09-13,0.93992
2024-09-16,0.94027
2024-09-17,0.94174
2024-09-18,0.94031
2024-09-19,0.94505
2024-09-20,0.94811
2024-09-23,0.94324
2024-09-24,0.94314
2024-09-25,0.94662
2024-09-26,0.94654
2024-09-27,0.94007
2024-09-30,0.94105
2024-10-01,0.93603
2024-10-02,0.93867
2024-10-03,0.94063
2024-10-04,0.94147
2024-10-07,0.93897
2024-10-08,0.94076
2024-10-09,0.94120
2024-10-10,0.93663
2024-10-11,0.93818
2024-10-15,0.93962
2024-10-16,0.93965
2024-10-17,0.93780
2024-10-18,0.93987
2024-10-21,0.93681
2024-10-22,0.93506
2024-10-23,0.93403
2024-10-24,0.93668
2024-10-25,0.93685
2024-10-28,0.93682
2024-10-29,0.93770
2024-10-30,0.94123
2024-10-31,0.93878
2024-11-01,0.94424
2024-11-04,0.93949
2024-11-05,0.94289
2024-11-06,0.94022
2024-11-07,0.94151
2024-11-08,0.93767
2024-11-12,0.93546
2024-11-13,0.93522
2024-11-14,0.93768
2024-11-15,0.93679
2024-11-18,0.93690
2024-11-19,0.93336
2024-11-20,0.93161
2024-11-21,0.92867
2024-11-22,0.93032
2024-11-25,0.92980
2024-11-26,0.93030
2024-11-27,0.93126
2024-11-29,0.93049
2024-12-02,0.92954
2024-12-03,0.93101
2024-12-04,0.93010
2024-12-05,0.92960
2024-12-06,0.92701
2024-12-09,0.92739
2024-12-10,0.92747
2024-12-11,0.92781
2024-12-12,0.93355
2024-12-13,0.93733
2024-12-16,0.93914
2024-12-17,0.93822
2024-12-18,0.93562
2024-12-19,0.93154
2024-12-20,0.93116
2024-12-23,0.93588
2024-12-24,0.93590
2024-12-26,0.93809
2024-12-27,0.93996
2024-12-30,0.94163
2024-12-31,0.93862
2025-01-02,0.93618
2025-01-03,0.93619
2025-01-06,0.94022
2025-01-07,0.94110
2025-01-08,0.93925
2025-01-09,0.93955
2025-01-10,0.93898
2025-01-13,0.93844
2025-01-14,0.94061
2025-01-15,0.93862
2025-01-16,0.93859
2025-01-17,0.94106
2025-01-21,0.94528
2025-01-22,0.94509
2025-01-23,0.94530
2025-01-24,0.95100
2025-01-27,0.94492
2025-01-28,0.94380
2025-01-29,0.94542
2025-01-30,0.94665
2025-01-31,0.94519
2025-02-03,0.93926
2025-02-04,0.94011
2025-02-05,0.93863
2025-02-06,0.93883
2025-02-07,0.94009
2025-02-10,0.93947
2025-02-11,0.94486
2025-02-12,0.94877
2025-02-13,0.94348
2025-02-14,0.94300
2025-02-18,0.94353
2025-02-19,0.94214
2025-02-20,0.94197
2025-02-21,0.93988
2025-02-24,0.93944
2025-02-25,0.93722
2025-02-26,0.93902
2025-02-27,0.93533
2025-02-28,0.93811
2025-03-03,0.94174
2025-03-04,0.93753
2025-03-05,0.95833
2025-03-06,0.95640
2025-03-07,0.95276
2025-03-10,0.95503
2025-03-11,0.96154
2025-03-12,0.96438
2025-03-13,0.96091
2025-03-14,0.96271
2025-03-17,0.96243
2025-03-18,0.95859
2025-03-19,0.95715
2025-03-20,0.95747
2025-03-21,0.95461
2025-03-24,0.95445
2025-03-25,0.95279
2025-03-26,0.95289
2025-03-27,0.95237
2025-03-28,0.95366
2025-03-31,0.95466
2025-04-01,0.95334
2025-04-02,0.95848
2025-04-03,0.94938
2025-04-04,0.94140
2025-04-07,0.93813
2025-04-08,0.93409
2025-04-09,0.92879
2025-04-10,0.92703
2025-04-11,0.92333
2025-04-14,0.92447
2025-04-15,0.92684
2025-04-16,0.92670
2025-04-17,0.93216
2025-04-18,0.93098
2025-04-21,0.92854
2025-04-22,0.93453
2025-04-23,0.93871
2025-04-24,0.93989
2025-04-25,0.94287
2025-04-28,0.93988
2025-04-29,0.93915
2025-04-30,0.93372
2025-05-01,0.93853
2025-05-02,0.93610
2025-05-05,0.93222
2025-05-06,0.93510
2025-05-07,0.93225
2025-05-08,0.93262
2025-05-09,0.93520
2025-05-12,0.93592
2025-05-13,0.94010
2025-05-14,0.94095
2025-05-15,0.93533
2025-05-16,0.93538
2025-05-19,0.93730
2025-05-20,0.93642
2025-05-21,0.93591
2025-05-22,0.93536
2025-05-23,0.93224
2025-05-27,0.93759
2025-05-28,0.93398
2025-05-29,0.93542
2025-05-30,0.93373
2025-06-02,0.93438
2025-06-03,0.93734
2025-06-04,0.93477
2025-06-05,0.93925
2025-06-06,0.93686
2025-06-09,0.93739
2025-06-10,0.93889
2025-06-11,0.94163
2025-06-12,0.94072
2025-06-13,0.93794
2025-06-16,0.93978
2025-06-17,0.93909
2025-06-18,0.94171
2025-06-20,0.94171
2025-06-23,0.93839
2025-06-24,0.93430
2025-06-25,0.93621
2025-06-26,0.93615
2025-06-27,0.93658
2025-06-30,0.93432
2025-07-01,0.93370
2025-07-02,0.93386
2025-07-03,0.93486
2025-07-07,0.93500
2025-07-08,0.93315
2025-07-09,0.93151
2025-07-10,0.93163
2025-07-11,0.93123
2025-07-14,0.93102
2025-07-15,0.92994
2025-07-16,0.93197
2025-07-17,0.93274
2025-07-18,0.93176
2025-07-21,0.93328
2025-07-22,0.93127
2025-07-23,0.93233
2025-07-24,0.93612
2025-07-25,0.93431
2025-07-28,0.93162
2025-07-29,0.93091
2025-07-30,0.93037
2025-07-31,0.92856
2025-08-01,0.93229
2025-08-04,0.93499
2025-08-05,0.93458
2025-08-06,0.93781
2025-08-07,0.93993
2025-08-08,0.94135
2025-08-11,0.94324
2025-08-12,0.94327
2025-08-13,0.94224
2025-08-14,0.94061
2025-08-15,0.94380
2025-08-18,0.94131
2025-08-19,0.94100
2025-08-20,0.93709
2025-08-21,0.93826
2025-08-22,0.93886
2025-08-25,0.93757
2025-08-26,0.93612
2025-08-27,0.93312
2025-08-28,0.93569
2025-08-29,0.93510
2025-09-02,0.93614
2025-09-03,0.93777
2025-09-04,0.93873
2025-09-05,0.93579
2025-09-08,0.93243
2025-09-09,0.93329
2025-09-10,0.93464
2025-09-11,0.93395
2025-09-12,0.93417
2025-09-15,0.93443
2025-09-16,0.93329
2025-09-17,0.93236
2025-09-18,0.93380
2025-09-19,0.93430
2025-09-22,0.93419
2025-09-23,0.93475
2025-09-24,0.93365
2025-09-25,0.93452
2025-09-26,0.93359
2025-09-29,0.93490
2025-09-30,0.93476
2025-10-01,0.93599
2025-10-02,0.93497
2025-10-03,0.93375
2025-10-06,0.93116
2025-10-07,0.93042
2025-10-08,0.93083
2025-10-09,0.93157
2025-10-10,0.93079
2025-10-14,0.92977
2025-10-15,0.92773
2025-10-16,0.92815
2025-10-17,0.92447
2025-10-20,0.92295
2025-10-21,0.92345
2025-10-22,0.92406
2025-10-23,0.92383
2025-10-24,0.92524
2025-10-27,0.92681
2025-10-28,0.92422
2025-10-29,0.92826
2025-10-30,0.92738
2025-10-31,0.92637
2025-11-03,0.93093
2025-11-04,0.92979
2025-11-05,0.93109
2025-11-06,0.93111
2025-11-07,0.93088
2025-11-10,0.93073
2025-11-12,0.92408
2025-11-13,0.92230
2025-11-14,0.92158
2025-11-17,0.92276
2025-11-18,0.92589
2025-11-19,0.92846
2025-11-20,0.92895
2025-11-21,0.93050
2025-11-24,0.93112
2025-11-25,0.93473
2025-11-26,0.93289
2025-11-28,0.93214
2025-12-01,0.93387
2025-12-02,0.93298
2025-12-03,0.93330
2025-12-04,0.93529
2025-12-05,0.93659
2025-12-08,0.93919
2025-12-09,0.93820
2025-12-10,0.93511
2025-12-11,0.93252
2025-12-12,0.93383
2025-12-15,0.93616
2025-12-16,0.93562
2025-12-17,0.93374
2025-12-18,0.93150
2025-12-19,0.93179
2025-12-22,0.93115
2025-12-23,0.92993
2025-12-24,0.92908
2025-12-26,0.92952
2025-12-29,0.92864
2025-12-30,0.93024
2025-12-31,0.93135
2026-01-02,0.92945
2026-01-05,0.92830
2026-01-06,0.92975
2026-01-07,0.93138
2026-01-08,0.93159
2026-01-09,0.93217
2026-01-12,0.93044
2026-01-13,0.93222
2026-01-14,0.93089
2026-01-15,0.93188
2026-01-16,0.93098
2026-01-20,0.92628
2026-01-21,0.92813
2026-01-22,0.92793
2026-01-23,0.92749
2026-01-26,0.92155
2026-01-27,0.91841
2026-01-28,0.91869
2026-01-29,0.91652
2026-01-30,0.91633
2026-02-02,0.92054
2026-02-03,0.91585
2026-02-04,0.91678
2026-02-05,0.91727
2026-02-06,0.91637
2026-02-09,0.91362
2026-02-10,0.91231
2026-02-11,0.91503
2026-02-12,0.91312
2026-02-13,0.91217
2026-02-17,0.91316
2026-02-18,0.91213
2026-02-19,0.91249
2026-02-20,0.91376
2026-02-23,0.91289
2026-02-24,0.91181
2026-02-25,0.91218
2026-02-26,0.91250
2026-02-27,0.90862
2026-03-02,0.91150
2026-03-03,0.90833
2026-03-04,0.90748
2026-03-05,0.90582
2026-03-06,0.90274
2026-03-09,0.90263
2026-03-10,0.90309
2026-03-11,0.90285
2026-03-12,0.90379
2026-03-13,0.90387
2026-03-16,0.90603
2026-03-17,0.90550
2026-03-18,0.90859
2026-03-19,0.91248
2026-03-20,0.91077
2026-03-23,0.91286
2026-03-24,0.91629
2026-03-25,0.91612
2026-03-26,0.91586
2026-03-27,0.91810
2026-03-30,0.91639
2026-03-31,0.92456
2026-04-01,0.92137
2026-04-02,0.92195
2026-04-03,0.92176
2026-04-06,0.92115
2026-04-07,0.92536
2026-04-08,0.92310
2026-04-09,0.92345
2026-04-10,0.92532
2026-04-13,0.92225
2026-04-14,0.92088
2026-04-15,0.92212
2026-04-16,0.92294
2026-04-17,0.91987
2026-04-20,0.91715
2026-04-21,0.91668
2026-04-22,0.91777
2026-04-23,0.91795
2026-04-24,0.91962
2026-04-27,0.92034
2026-04-28,0.92409
2026-04-29,0.92410
2026-04-30,0.91766
2026-05-01,0.91642
2026-05-04,0.91659
2026-05-05,0.91571
2026-05-06,0.91596
2026-05-07,0.91483
2026-05-08,0.91512
2026-05-11,0.91566
2026-05-12,0.91717
2026-05-13,0.91638
2026-05-14,0.91440
2026-05-15,0.91478
2026-05-18,0.91519
2026-05-19,0.91623
2026-05-20,0.91518
2026-05-21,0.91471
2026-05-22,0.91170
2026-05-26,0.91332
2026-05-27,0.91545
2026-05-28,0.91391
2026-05-29,0.91229
