date,value
1971-01-04,10.33756
1971-01-05,10.32495
1971-01-06,10.33389
1971-01-07,10.32902
1971-01-08,10.33293
1971-01-11,10.34117
1971-01-12,10.34542
1971-01-13,10.35191
1971-01-14,10.37434
1971-01-15,10.36228
1971-01-18,10.34848
1971-01-19,10.35541
1971-01-20,10.35637
1971-01-21,10.36305
1971-01-22,10.36298
1971-01-25,10.38517
1971-01-26,10.38584
1971-01-27,10.38246
1971-01-28,10.38618
1971-01-29,10.38506
1971-02-01,10.39129
1971-02-02,10.39154
1971-02-03,10.39057
1971-02-04,10.38328
1971-02-05,10.37648
1971-02-08,10.39395
1971-02-09,10.37648
1971-02-10,10.38222
1971-02-11,10.38101
1971-02-16,10.39632
1971-02-17,10.39632
1971-02-18,10.39357
1971-02-19,10.39260
1971-02-22,10.39139
1971-02-23,10.39366
1971-02-24,10.40769
1971-02-25,10.41417
1971-02-26,10.40590
1971-03-01,10.40662
1971-03-02,10.41209
1971-03-03,10.41350
1971-03-04,10.41296
1971-03-05,10.41499
1971-03-08,10.40639
1971-03-09,10.40421
1971-03-10,10.41122
1971-03-11,10.40445
1971-03-12,10.40648
1971-03-15,10.40503
1971-03-16,10.39952
1971-03-17,10.40286
1971-03-18,10.39744
1971-03-19,10.39478
1971-03-22,10.39705
1971-03-23,10.39729
1971-03-24,10.39632
1971-03-25,10.39154
1971-03-26,10.39163
1971-03-29,10.39584
1971-03-30,10.38888
1971-03-31,10.38038
1971-04-01,10.37310
1971-04-02,10.36116
1971-04-05,10.38198
1971-04-06,10.39526
1971-04-07,10.38434
1971-04-08,10.37627
1971-04-09,10.37965
1971-04-12,10.38400
1971-04-13,10.39609
1971-04-14,10.40232
1971-04-15,10.39961
1971-04-16,10.40363
1971-04-19,10.41665
1971-04-20,10.41350
1971-04-21,10.40600
1971-04-22,10.40034
1971-04-23,10.40760
1971-04-26,10.40348
1971-04-27,10.39913
1971-04-28,10.39366
1971-04-29,10.39115
1971-04-30,10.39414
1971-05-03,10.39066
1971-05-04,10.38742
1971-05-05,10.12364
1971-05-06,10.07666
1971-05-07,10.00822
1971-05-10,9.92893
1971-05-11,9.95021
1971-05-12,9.93833
1971-05-13,9.90326
1971-05-14,9.90326
1971-05-17,9.89935
1971-05-18,9.88679
1971-05-19,9.88773
1971-05-20,9.88846
1971-05-21,9.85555
1971-05-24,9.86475
1971-05-25,9.88582
1971-05-26,9.89160
1971-05-27,9.91388
1971-05-28,9.92698
1971-06-01,9.92003
1971-06-02,9.90935
1971-06-03,9.89308
1971-06-04,9.90324
1971-06-07,9.88849
1971-06-08,9.89260
1971-06-09,9.89814
1971-06-10,9.88410
1971-06-11,9.89233
1971-06-14,9.89141
1971-06-15,9.90518
1971-06-16,9.89765
1971-06-17,9.90324
1971-06-18,9.90106
1971-06-21,9.90058
1971-06-22,9.90832
1971-06-23,9.90636
1971-06-24,9.90324
1971-06-25,9.90421
1971-06-28,9.91076
1971-06-29,9.92187
1971-06-30,9.91749
1971-07-01,9.90953
1971-07-02,9.91509
1971-07-06,9.92430
1971-07-07,9.92961
1971-07-08,9.92745
1971-07-09,9.93011
1971-07-12,9.92987
1971-07-13,9.92215
1971-07-14,9.91292
1971-07-15,9.90300
1971-07-16,9.90179
1971-07-19,9.89480
1971-07-20,9.89335
1971-07-21,9.89018
1971-07-22,9.88534
1971-07-23,9.88534
1971-07-26,9.87959
1971-07-27,9.87959
1971-07-28,9.88005
1971-07-29,9.88416
1971-07-30,9.88198
1971-08-02,9.88107
1971-08-03,9.88325
1971-08-04,9.82507
1971-08-05,9.82249
1971-08-06,9.84256
1971-08-09,9.80455
1971-08-10,9.81664
1971-08-11,9.82337
1971-08-12,9.80571
1971-08-13,9.83136
1971-08-23,9.72291
1971-08-24,9.72152
1971-08-25,9.77330
1971-08-26,9.80247
1971-08-27,9.81037
1971-08-30,9.84156
1971-08-31,9.79784
1971-09-01,9.82184
1971-09-02,9.82846
1971-09-03,9.78362
1971-09-07,9.83260
1971-09-08,9.82375
1971-09-09,9.82247
1971-09-10,9.82120
1971-09-13,9.83616
1971-09-14,9.84139
1971-09-15,9.84754
1971-09-16,9.84927
1971-09-17,9.85513
1971-09-20,9.82533
1971-09-21,9.83206
1971-09-22,9.82533
1971-09-23,9.81469
1971-09-24,9.85551
1971-09-27,9.84350
1971-09-28,9.83420
1971-09-29,9.83458
1971-09-30,9.82385
1971-10-01,9.85512
1971-10-04,9.85540
1971-10-05,9.85711
1971-10-06,9.85394
1971-10-07,9.85910
1971-10-08,9.83606
1971-10-12,9.88275
1971-10-13,9.90070
1971-10-14,9.87943
1971-10-15,9.91364
1971-10-18,9.88972
1971-10-19,9.89520
1971-10-20,9.90409
1971-10-21,9.91129
1971-10-22,9.91999
1971-10-26,9.95362
1971-10-27,9.96458
1971-10-28,9.94514
1971-10-29,9.94694
1971-11-01,9.96012
1971-11-03,9.95188
1971-11-04,9.94816
1971-11-05,9.95287
1971-11-08,9.95911
1971-11-09,9.95663
1971-11-10,9.96012
1971-11-11,9.96061
1971-11-12,9.96085
1971-11-15,9.95861
1971-11-16,9.95961
1971-11-17,9.96509
1971-11-18,9.96633
1971-11-19,9.93491
1971-11-22,9.91546
1971-11-23,9.88703
1971-11-24,9.85686
1971-11-26,9.86409
1971-11-29,9.86010
1971-11-30,9.86409
1971-12-01,9.84763
1971-12-02,9.80678
1971-12-03,9.78761
1971-12-06,9.72727
1971-12-07,9.75413
1971-12-08,9.77828
1971-12-09,9.81873
1971-12-10,9.82070
1971-12-13,9.83048
1971-12-14,9.78589
1971-12-15,9.76222
1971-12-16,9.78231
1971-12-17,9.80121
1971-12-21,9.91879
1971-12-22,9.92084
1971-12-23,9.94980
1971-12-24,9.95975
1971-12-27,9.98802
1971-12-28,9.98268
1971-12-29,9.98777
1971-12-30,10.00919
1971-12-31,9.99158
1972-01-03,9.99923
1972-01-04,9.99745
1972-01-05,10.00408
1972-01-06,9.99362
1972-01-07,9.99949
1972-01-10,9.99439
1972-01-11,9.99643
1972-01-12,9.98827
1972-01-13,9.96220
1972-01-14,9.98843
1972-01-17,9.99354
1972-01-18,10.00387
1972-01-19,9.99174
1972-01-20,10.00903
1972-01-21,10.01498
1972-01-24,10.02018
1972-01-25,10.01166
1972-01-26,10.01683
1972-01-27,10.02512
1972-01-28,10.03628
1972-01-31,10.05058
1972-02-01,10.05642
1972-02-02,10.02659
1972-02-03,10.04949
1972-02-04,10.07410
1972-02-07,10.08069
1972-02-08,10.07342
1972-02-09,10.05731
1972-02-10,10.06255
1972-02-11,10.05211
1972-02-14,10.02076
1972-02-15,10.02335
1972-02-16,10.01224
1972-02-17,10.02449
1972-02-18,10.02892
1972-02-22,10.05340
1972-02-23,10.05082
1972-02-24,10.05344
1972-02-25,10.08129
1972-02-28,10.09693
1972-02-29,10.08210
1972-03-01,10.08624
1972-03-02,10.07947
1972-03-03,10.09518
1972-03-06,10.08094
1972-03-07,10.11088
1972-03-08,10.08401
1972-03-09,10.09598
1972-03-10,10.08054
1972-03-13,10.50580
1972-03-14,10.08360
1972-03-15,10.06239
1972-03-16,10.06864
1972-03-17,10.07048
1972-03-20,10.08222
1972-03-21,10.08194
1972-03-22,10.10285
1972-03-23,10.08742
1972-03-24,10.08600
1972-03-27,10.07598
1972-03-28,10.07531
1972-03-29,10.06435
1972-03-30,10.03295
1972-03-31,10.03611
1972-04-03,10.03741
1972-04-04,10.05383
1972-04-05,10.05512
1972-04-06,10.05245
1972-04-07,10.04983
1972-04-10,9.67449
1972-04-11,10.05458
1972-04-12,10.05329
1972-04-13,10.05116
1972-04-14,10.05948
1972-04-17,10.06468
1972-04-18,10.09828
1972-04-19,10.11210
1972-04-20,10.09134
1972-04-21,10.09390
1972-04-24,10.08142
1972-04-25,10.08486
1972-04-26,10.08877
1972-04-27,10.08853
1972-04-28,10.09060
1972-05-01,10.08877
1972-05-02,10.08877
1972-05-03,10.08749
1972-05-04,10.08277
1972-05-05,10.08405
1972-05-08,10.08668
1972-05-09,10.08181
1972-05-10,10.08133
1972-05-11,10.08884
1972-05-12,10.09276
1972-05-15,10.10188
1972-05-16,10.10627
1972-05-17,10.10324
1972-05-18,10.10324
1972-05-19,10.09956
1972-05-22,10.10060
1972-05-23,10.07708
1972-05-24,10.07708
1972-05-25,10.07966
1972-05-26,10.07367
1972-05-30,10.04754
1972-05-31,10.04233
1972-06-01,10.01855
1972-06-02,10.02168
1972-06-05,10.03709
1972-06-06,10.03159
1972-06-07,10.01985
1972-06-08,10.00757
1972-06-09,10.00757
1972-06-12,9.97862
1972-06-13,9.95541
1972-06-14,9.96270
1972-06-15,9.92380
1972-06-16,9.86991
1972-06-19,9.85984
1972-06-20,9.81877
1972-06-21,9.77331
1972-06-22,9.71862
1972-06-23,9.35975
1972-06-26,9.41169
1972-06-27,9.37039
1972-06-28,9.29001
1972-06-29,9.23750
1972-06-30,9.13473
1972-07-03,9.07311
1972-07-05,9.22383
1972-07-06,9.15587
1972-07-07,9.15850
1972-07-10,9.17021
1972-07-11,9.16402
1972-07-12,9.17657
1972-07-13,9.20736
1972-07-14,9.18277
1972-07-17,9.17575
1972-07-18,9.21706
1972-07-19,9.23722
1972-07-20,9.22437
1972-07-21,9.25018
1972-07-24,9.24700
1972-07-25,9.24113
1972-07-26,9.23555
1972-07-27,9.25018
1972-07-28,9.24565
1972-07-31,9.24449
1972-08-01,9.23996
1972-08-02,9.25901
1972-08-03,9.25845
1972-08-04,9.25729
1972-08-07,9.25190
1972-08-08,9.26367
1972-08-09,9.27264
1972-08-10,9.26809
1972-08-11,9.26753
1972-08-14,9.26753
1972-08-15,9.27895
1972-08-16,9.28491
1972-08-17,9.29034
1972-08-18,9.28407
1972-08-21,9.28834
1972-08-22,9.25171
1972-08-23,9.24939
1972-08-24,9.24486
1972-08-25,9.26450
1972-08-28,9.24095
1972-08-29,9.26531
1972-08-30,9.26127
1972-08-31,9.26004
1972-09-01,9.25618
1972-09-05,9.26077
1972-09-06,9.26286
1972-09-07,9.24951
1972-09-08,9.24566
1972-09-11,9.24658
1972-09-12,9.24829
1972-09-13,9.24939
1972-09-14,9.25991
1972-09-15,9.26034
1972-09-18,9.27771
1972-09-19,9.26069
1972-09-20,9.26295
1972-09-21,9.26338
1972-09-22,9.22590
1972-09-25,9.22749
1972-09-26,9.22654
1972-09-27,9.21588
1972-09-28,9.21003
1972-09-29,9.19985
1972-10-02,9.22812
1972-10-03,9.21856
1972-10-04,9.20364
1972-10-05,9.17906
1972-10-06,9.17220
1972-10-10,9.17320
1972-10-11,9.18950
1972-10-12,9.18839
1972-10-13,9.18617
1972-10-16,9.13712
1972-10-17,9.14275
1972-10-18,9.14062
1972-10-19,9.07656
1972-10-20,9.08517
1972-10-24,9.03634
1972-10-25,8.97143
1972-10-26,8.90530
1972-10-27,8.91086
1972-10-30,8.84879
1972-10-31,8.89165
1972-11-01,8.94934
1972-11-02,8.93294
1972-11-03,8.90525
1972-11-06,8.95617
1972-11-08,8.93724
1972-11-09,8.91161
1972-11-10,8.92768
1972-11-13,8.93094
1972-11-14,8.93772
1972-11-15,8.94819
1972-11-16,8.96933
1972-11-17,8.93608
1972-11-20,8.93818
1972-11-21,8.93885
1972-11-22,8.93042
1972-11-24,8.91095
1972-11-27,8.87142
1972-11-28,8.90169
1972-11-29,8.88565
1972-11-30,8.88285
1972-12-01,8.83991
1972-12-04,8.85865
1972-12-05,8.84361
1972-12-06,8.84740
1972-12-07,8.83290
1972-12-08,8.84419
1972-12-11,8.82628
1972-12-12,8.83213
1972-12-13,8.83084
1972-12-14,8.83119
1972-12-15,8.85191
1972-12-18,8.86030
1972-12-19,8.84579
1972-12-20,8.84561
1972-12-21,8.81946
1972-12-22,8.82488
1972-12-26,8.82574
1972-12-27,8.83525
1972-12-28,8.84484
1972-12-29,8.85349
1973-01-02,8.85305
1973-01-03,8.83889
1973-01-04,8.85358
1973-01-05,8.85489
1973-01-08,8.86060
1973-01-09,8.84811
1973-01-10,8.84145
1973-01-11,8.84364
1973-01-12,8.84737
1973-01-15,8.84908
1973-01-16,8.84650
1973-01-17,8.84729
1973-01-18,8.84729
1973-01-19,8.84263
1973-01-22,8.75547
1973-01-23,8.78780
1973-01-24,8.71874
1973-01-25,8.68225
1973-01-26,8.66848
1973-01-29,8.58819
1973-01-30,8.60956
1973-01-31,8.62253
1973-02-01,8.60563
1973-02-02,8.54374
1973-02-05,8.57381
1973-02-06,8.53390
1973-02-07,8.54504
1973-02-08,8.48225
1973-02-09,8.49035
1973-02-13,8.44070
1973-02-14,8.36626
1973-02-15,8.22636
1973-02-16,8.19221
1973-02-20,8.20190
1973-02-21,8.16166
1973-02-22,8.00394
1973-02-23,8.09822
1973-02-26,8.02637
1973-02-27,7.89733
1973-02-28,7.79358
1973-03-01,7.82475
1973-03-02,7.82475
1973-03-05,7.85735
1973-03-06,7.86017
1973-03-07,7.86057
1973-03-08,7.84520
1973-03-09,7.86240
1973-03-12,7.97975
1973-03-13,8.06714
1973-03-14,7.99310
1973-03-15,7.89576
1973-03-16,7.95921
1973-03-19,8.00000
1973-03-20,7.99827
1973-03-21,8.03067
1973-03-22,8.03513
1973-03-23,8.01484
1973-03-26,7.99901
1973-03-27,8.00199
1973-03-28,8.00968
1973-03-29,8.02978
1973-03-30,8.02871
1973-04-02,8.08920
1973-04-03,8.07330
1973-04-04,8.02779
1973-04-05,8.02656
1973-04-06,8.04668
1973-04-09,8.04098
1973-04-10,8.05098
1973-04-11,8.03607
1973-04-12,8.02086
1973-04-13,8.02828
1973-04-16,8.03500
1973-04-17,8.02484
1973-04-18,8.03227
1973-04-19,8.05017
1973-04-20,8.05542
1973-04-23,8.05217
1973-04-24,8.06061
1973-04-25,8.07066
1973-04-26,8.07260
1973-04-27,8.06665
1973-04-30,8.06745
1973-05-01,8.06270
1973-05-02,8.08354
1973-05-03,8.07991
1973-05-04,8.08788
1973-05-07,8.10040
1973-05-08,8.09768
1973-05-09,8.11270
1973-05-10,8.12453
1973-05-11,8.12858
1973-05-14,8.07210
1973-05-15,8.06333
1973-05-16,8.03052
1973-05-17,8.05807
1973-05-18,8.02015
1973-05-21,7.95478
1973-05-22,7.94545
1973-05-23,7.91694
1973-05-24,7.91115
1973-05-25,7.93804
1973-05-29,7.95603
1973-05-30,7.93562
1973-05-31,7.91994
1973-06-01,7.90867
1973-06-04,7.82821
1973-06-05,7.86584
1973-06-06,7.89077
1973-06-07,7.94520
1973-06-08,7.92973
1973-06-11,7.94520
1973-06-12,7.91017
1973-06-13,7.96990
1973-06-14,7.93763
1973-06-15,7.90428
1973-06-18,7.85545
1973-06-19,7.85656
1973-06-20,7.88597
1973-06-21,7.82686
1973-06-22,7.82600
1973-06-25,7.85398
1973-06-26,7.84098
1973-06-27,7.82968
1973-06-28,7.80444
1973-06-29,7.55885
1973-07-02,7.45666
1973-07-03,7.30281
1973-07-05,7.18013
1973-07-06,6.90307
1973-07-09,7.07265
1973-07-10,7.31941
1973-07-11,7.34896
1973-07-12,7.29084
1973-07-13,7.29181
1973-07-16,7.25694
1973-07-17,7.16586
1973-07-18,7.09186
1973-07-19,7.21814
1973-07-20,7.16734
1973-07-23,7.12826
1973-07-24,7.07083
1973-07-25,7.02128
1973-07-26,6.94160
1973-07-27,7.02303
1973-07-30,7.10090
1973-07-31,7.09870
1973-08-01,7.15052
1973-08-02,7.17580
1973-08-03,7.14350
1973-08-06,7.18295
1973-08-07,7.15630
1973-08-08,7.15725
1973-08-09,7.17390
1973-08-10,7.30173
1973-08-13,7.31015
1973-08-14,7.44579
1973-08-15,7.45101
1973-08-16,7.49643
1973-08-17,7.48608
1973-08-20,7.30716
1973-08-21,7.52099
1973-08-22,7.48940
1973-08-23,7.52531
1973-08-24,7.46485
1973-08-27,7.49003
1973-08-28,7.49029
1973-08-29,7.44664
1973-08-30,7.44545
1973-08-31,7.46042
1973-09-04,7.39858
1973-09-05,7.30371
1973-09-06,7.32792
1973-09-07,7.25586
1973-09-10,7.26659
1973-09-11,7.29408
1973-09-12,7.26667
1973-09-13,7.32971
1973-09-14,7.31155
1973-09-17,7.24614
1973-09-18,7.26800
1973-09-19,7.29352
1973-09-20,7.24546
1973-09-21,7.30642
1973-09-24,7.28779
1973-09-25,7.28997
1973-09-26,7.30506
1973-09-27,7.31212
1973-09-28,7.31427
1973-10-01,7.30099
1973-10-02,7.27417
1973-10-03,7.28989
1973-10-04,7.28854
1973-10-05,7.28378
1973-10-09,7.28027
1973-10-10,7.27596
1973-10-11,7.27698
1973-10-12,7.29403
1973-10-15,7.33787
1973-10-16,7.34057
1973-10-17,7.36792
1973-10-18,7.35150
1973-10-19,7.37875
1973-10-23,7.36610
1973-10-24,7.37714
1973-10-25,7.38657
1973-10-26,7.43424
1973-10-29,7.51066
1973-10-30,7.53807
1973-10-31,7.55864
1973-11-01,7.54576
1973-11-02,7.49002
1973-11-05,7.52126
1973-11-07,7.54893
1973-11-08,7.54983
1973-11-09,7.52354
1973-11-12,7.60912
1973-11-13,7.62129
1973-11-14,7.56855
1973-11-15,7.61409
1973-11-16,7.56823
1973-11-19,7.57553
1973-11-20,7.59350
1973-11-21,7.61469
1973-11-23,7.57682
1973-11-26,7.51218
1973-11-27,7.53395
1973-11-28,7.46765
1973-11-29,7.51123
1973-11-30,7.50961
1973-12-03,7.49438
1973-12-04,7.49370
1973-12-05,7.46821
1973-12-06,7.41435
1973-12-07,7.38683
1973-12-10,7.38390
1973-12-11,7.37546
1973-12-12,7.37928
1973-12-13,7.39842
1973-12-14,7.38970
1973-12-17,7.37947
1973-12-18,7.38227
1973-12-19,7.38970
1973-12-20,7.36626
1973-12-21,7.32949
1973-12-24,7.35836
1973-12-26,7.36674
1973-12-27,7.47398
1973-12-28,7.52851
1973-12-31,7.54993
1974-01-02,7.67711
1974-01-03,7.59886
1974-01-04,7.58102
1974-01-07,7.63082
1974-01-08,7.61226
1974-01-09,7.58427
1974-01-10,7.50884
1974-01-11,7.57387
1974-01-14,7.55801
1974-01-15,7.44500
1974-01-16,7.35453
1974-01-17,7.38500
1974-01-18,7.36459
1974-01-21,7.38253
1974-01-22,7.38141
1974-01-23,7.42386
1974-01-24,7.42801
1974-01-25,7.44126
1974-01-28,7.41518
1974-01-29,7.37714
1974-01-30,7.42931
1974-01-31,7.44216
1974-02-01,7.43410
1974-02-04,7.28972
1974-02-05,7.29946
1974-02-06,7.26379
1974-02-07,7.26015
1974-02-08,7.23304
1974-02-11,7.19489
1974-02-13,7.24841
1974-02-14,7.25801
1974-02-15,7.26834
1974-02-19,7.18074
1974-02-20,7.15897
1974-02-21,7.11246
1974-02-22,7.09794
1974-02-25,7.15356
1974-02-26,7.15276
1974-02-27,7.22498
1974-02-28,7.21013
1974-03-01,7.20302
1974-03-04,7.19991
1974-03-05,7.29654
1974-03-06,7.30382
1974-03-07,7.28007
1974-03-08,7.23311
1974-03-11,7.14836
1974-03-12,7.18711
1974-03-13,7.24466
1974-03-14,7.30776
1974-03-15,7.25373
1974-03-18,7.20941
1974-03-19,7.18112
1974-03-20,7.17190
1974-03-21,7.15199
1974-03-22,7.15847
1974-03-25,7.08258
1974-03-26,7.12207
1974-03-27,7.18095
1974-03-28,7.17055
1974-03-29,7.21632
1974-04-01,7.28869
1974-04-02,7.26127
1974-04-03,7.35788
1974-04-04,7.35646
1974-04-05,7.31563
1974-04-08,7.33533
1974-04-09,7.33294
1974-04-10,7.24382
1974-04-11,7.22550
1974-04-12,7.24066
1974-04-15,7.24108
1974-04-16,7.20740
1974-04-17,7.20838
1974-04-18,7.17030
1974-04-19,7.21650
1974-04-22,7.20124
1974-04-23,7.16623
1974-04-24,7.14430
1974-04-25,7.16102
1974-04-26,7.15618
1974-04-29,7.11089
1974-04-30,7.10909
1974-05-01,7.10447
1974-05-02,7.13982
1974-05-03,7.15740
1974-05-06,7.10494
1974-05-07,7.09179
1974-05-08,7.03572
1974-05-09,7.01094
1974-05-10,6.98323
1974-05-13,6.86155
1974-05-14,6.79323
1974-05-15,7.02667
1974-05-16,6.97877
1974-05-17,6.97614
1974-05-20,7.08393
1974-05-21,7.02526
1974-05-22,6.99179
1974-05-23,6.97130
1974-05-24,7.02857
1974-05-28,7.06509
1974-05-29,7.17647
1974-05-30,7.15236
1974-05-31,7.13872
1974-06-03,7.10120
1974-06-04,7.13517
1974-06-05,7.11124
1974-06-06,7.04935
1974-06-07,7.07088
1974-06-10,7.11255
1974-06-11,7.14347
1974-06-12,7.20618
1974-06-13,7.17475
1974-06-14,7.16699
1974-06-17,7.14337
1974-06-18,7.15759
1974-06-19,7.17304
1974-06-20,7.17180
1974-06-21,7.17685
1974-06-24,7.17102
1974-06-25,7.14577
1974-06-26,7.17341
1974-06-27,7.16531
1974-06-28,7.17260
1974-07-01,7.18683
1974-07-02,7.15851
1974-07-03,7.11889
1974-07-05,7.11270
1974-07-08,7.12775
1974-07-09,7.14685
1974-07-10,7.16189
1974-07-11,7.15082
1974-07-12,7.11835
1974-07-15,7.09599
1974-07-16,7.09926
1974-07-17,7.03370
1974-07-18,7.06124
1974-07-19,7.06916
1974-07-22,7.03038
1974-07-23,6.98638
1974-07-24,6.90927
1974-07-25,7.02295
1974-07-26,7.04258
1974-07-29,7.03996
1974-07-30,7.08077
1974-07-31,7.07735
1974-08-01,7.04266
1974-08-02,7.04387
1974-08-05,7.02145
1974-08-06,7.03475
1974-08-07,7.04135
1974-08-08,7.03973
1974-08-09,7.01661
1974-08-12,7.04005
1974-08-13,7.05071
1974-08-14,7.00636
1974-08-15,6.99062
1974-08-16,6.98924
1974-08-19,6.99093
1974-08-20,6.94872
1974-08-21,6.98653
1974-08-22,6.96530
1974-08-23,6.97190
1974-08-26,6.95328
1974-08-27,6.97433
1974-08-28,6.95641
1974-08-29,6.96664
1974-08-30,6.97498
1974-09-03,6.95565
1974-09-04,6.96691
1974-09-05,6.99052
1974-09-06,6.97412
1974-09-09,6.97178
1974-09-10,6.94997
1974-09-11,6.98287
1974-09-12,6.95925
1974-09-13,6.95584
1974-09-16,6.95281
1974-09-17,6.93698
1974-09-18,6.92229
1974-09-19,6.93056
1974-09-20,6.93312
1974-09-23,6.91476
1974-09-24,6.91204
1974-09-25,6.90899
1974-09-26,6.91545
1974-09-27,6.92421
1974-09-30,6.88104
1974-10-01,6.87196
1974-10-02,6.88821
1974-10-03,6.84873
1974-10-04,6.82699
1974-10-07,6.83812
1974-10-08,6.84127
1974-10-09,6.80080
1974-10-10,6.78656
1974-10-11,6.82540
1974-10-15,6.79790
1974-10-16,6.76429
1974-10-17,6.75531
1974-10-18,6.73781
1974-10-21,6.73392
1974-10-22,6.69369
1974-10-23,6.64941
1974-10-24,6.64630
1974-10-25,6.64909
1974-10-28,6.64785
1974-10-29,6.65406
1974-10-30,6.70878
1974-10-31,6.70318
1974-11-01,6.68015
1974-11-04,6.64503
1974-11-06,6.61244
1974-11-07,6.54106
1974-11-08,6.53280
1974-11-12,6.51793
1974-11-13,6.46937
1974-11-14,6.31814
1974-11-15,6.27170
1974-11-18,6.08258
1974-11-19,6.15962
1974-11-20,6.40779
1974-11-21,6.53877
1974-11-22,6.35313
1974-11-25,6.24292
1974-11-26,6.19038
1974-11-27,6.24035
1974-11-29,6.30744
1974-12-02,6.37727
1974-12-03,6.32226
1974-12-04,6.23557
1974-12-05,6.17396
1974-12-06,6.21319
1974-12-09,6.16694
1974-12-10,6.11573
1974-12-11,6.08152
1974-12-12,5.99055
1974-12-13,6.04279
1974-12-16,6.04868
1974-12-17,5.93954
1974-12-18,6.00351
1974-12-19,6.07081
1974-12-20,5.96302
1974-12-23,5.98043
1974-12-24,5.91632
1974-12-26,5.89646
1974-12-27,5.88707
1974-12-30,5.91626
1974-12-31,5.97160
1975-01-02,6.00257
1975-01-03,5.92461
1975-01-06,5.96423
1975-01-07,5.96563
1975-01-08,6.04858
1975-01-09,6.01998
1975-01-10,6.02563
1975-01-13,6.02235
1975-01-14,6.04695
1975-01-15,6.04991
1975-01-16,6.03460
1975-01-17,6.02399
1975-01-20,5.94362
1975-01-21,5.92957
1975-01-22,6.00713
1975-01-23,5.95380
1975-01-24,5.89180
1975-01-27,5.78954
1975-01-28,5.89284
1975-01-29,5.94785
1975-01-30,5.92633
1975-01-31,5.94615
1975-02-03,5.98480
1975-02-04,6.03601
1975-02-05,6.01634
1975-02-06,5.99289
1975-02-07,5.98481
1975-02-10,5.97684
1975-02-11,5.97449
1975-02-13,5.90729
1975-02-14,5.89983
1975-02-18,5.90546
1975-02-19,5.94772
1975-02-20,5.88334
1975-02-21,5.88467
1975-02-24,5.88120
1975-02-25,5.85842
1975-02-26,5.84013
1975-02-27,5.82207
1975-02-28,5.84034
1975-03-03,5.84168
1975-03-04,5.93152
1975-03-05,5.92414
1975-03-06,5.93008
1975-03-07,5.96432
1975-03-10,5.94419
1975-03-11,5.97870
1975-03-12,5.98964
1975-03-13,6.01473
1975-03-14,6.01451
1975-03-17,6.02177
1975-03-18,5.98860
1975-03-19,5.97669
1975-03-20,6.00654
1975-03-21,6.03511
1975-03-24,6.06283
1975-03-25,6.05553
1975-03-26,6.08321
1975-03-27,6.11346
1975-03-28,6.11462
1975-03-31,6.10707
1975-04-01,6.06838
1975-04-02,6.10065
1975-04-03,6.09993
1975-04-04,6.12835
1975-04-07,6.07258
1975-04-08,6.06762
1975-04-09,6.07606
1975-04-10,6.08430
1975-04-11,6.07852
1975-04-14,6.07609
1975-04-15,6.07998
1975-04-16,6.07216
1975-04-17,6.08699
1975-04-18,6.10306
1975-04-21,6.07134
1975-04-22,6.03579
1975-04-23,6.03601
1975-04-24,6.01628
1975-04-25,6.04116
1975-04-28,6.02252
1975-04-29,6.02615
1975-04-30,6.01363
1975-05-01,6.00493
1975-05-02,5.98154
1975-05-05,5.96700
1975-05-06,5.95370
1975-05-07,5.91326
1975-05-08,5.86376
1975-05-09,5.81418
1975-05-12,5.77172
1975-05-13,5.71010
1975-05-14,5.71959
1975-05-15,5.79319
1975-05-16,5.80566
1975-05-19,5.79986
1975-05-20,5.78945
1975-05-21,5.77413
1975-05-22,5.77473
1975-05-23,5.77199
1975-05-27,5.76198
1975-05-28,5.75870
1975-05-29,5.77230
1975-05-30,5.79412
1975-06-02,5.79606
1975-06-03,5.77169
1975-06-04,5.78651
1975-06-05,5.79285
1975-06-06,5.80631
1975-06-09,5.80839
1975-06-10,5.79111
1975-06-11,5.68538
1975-06-12,5.66659
1975-06-13,5.68783
1975-06-16,5.64741
1975-06-17,5.63963
1975-06-18,5.66068
1975-06-19,5.66742
1975-06-20,5.66902
1975-06-23,5.67492
1975-06-24,5.63643
1975-06-25,5.63087
1975-06-26,5.58897
1975-06-27,5.56297
1975-06-30,5.48914
1975-07-01,5.54871
1975-07-02,5.57457
1975-07-03,5.56967
1975-07-07,5.59607
1975-07-08,5.59666
1975-07-09,5.63203
1975-07-10,5.64959
1975-07-11,5.66938
1975-07-14,5.65856
1975-07-15,5.65103
1975-07-16,5.68975
1975-07-17,5.71345
1975-07-18,5.74141
1975-07-21,5.75179
1975-07-22,5.77151
1975-07-23,5.83693
1975-07-24,5.82070
1975-07-25,5.79739
1975-07-28,5.83943
1975-07-29,5.85708
1975-07-30,5.84620
1975-07-31,5.80853
1975-08-01,5.79407
1975-08-04,5.75161
1975-08-05,5.70634
1975-08-06,5.70079
1975-08-07,5.66947
1975-08-08,5.65580
1975-08-11,5.65104
1975-08-12,5.65755
1975-08-13,5.65311
1975-08-14,5.60329
1975-08-15,5.62563
1975-08-18,5.61509
1975-08-19,5.63413
1975-08-20,5.66455
1975-08-21,5.64007
1975-08-22,5.63901
1975-08-25,5.65298
1975-08-26,5.65057
1975-08-27,5.64943
1975-08-28,5.65759
1975-08-29,5.66491
1975-09-02,5.65964
1975-09-03,5.64688
1975-09-04,5.65549
1975-09-05,5.65964
1975-09-08,5.66413
1975-09-09,5.66055
1975-09-10,5.67201
1975-09-11,5.68158
1975-09-12,5.68422
1975-09-15,5.68183
1975-09-16,5.67245
1975-09-17,5.66764
1975-09-18,5.66057
1975-09-19,5.65953
1975-09-22,5.65790
1975-09-23,5.58054
1975-09-24,5.57555
1975-09-25,5.58096
1975-09-26,5.61378
1975-09-29,5.60754
1975-09-30,5.60776
1975-10-01,5.53284
1975-10-02,5.51203
1975-10-03,5.54870
1975-10-06,5.53483
1975-10-07,5.50612
1975-10-08,5.51542
1975-10-09,5.50839
1975-10-10,5.47355
1975-10-14,5.49222
1975-10-15,5.47112
1975-10-16,5.43782
1975-10-17,5.45494
1975-10-20,5.45383
1975-10-21,5.43652
1975-10-22,5.45104
1975-10-23,5.44410
1975-10-24,5.44764
1975-10-27,5.45500
1975-10-28,5.46591
1975-10-29,5.45596
1975-10-30,5.44716
1975-10-31,5.45449
1975-11-03,5.44253
1975-11-05,5.45706
1975-11-06,5.44539
1975-11-07,5.44185
1975-11-10,5.44566
1975-11-12,5.44325
1975-11-13,5.43687
1975-11-14,5.44426
1975-11-17,5.44361
1975-11-18,5.42784
1975-11-19,5.42808
1975-11-20,5.42226
1975-11-21,5.44304
1975-11-24,5.43032
1975-11-25,5.42461
1975-11-26,5.42756
1975-11-28,5.40747
1975-12-01,5.38945
1975-12-02,5.37434
1975-12-03,5.36976
1975-12-04,5.36153
1975-12-05,5.34035
1975-12-08,5.30285
1975-12-09,5.32848
1975-12-10,5.32814
1975-12-11,5.33320
1975-12-12,5.32741
1975-12-15,5.32311
1975-12-16,5.31772
1975-12-17,5.31359
1975-12-18,5.30813
1975-12-19,5.30847
1975-12-22,5.30422
1975-12-23,5.29452
1975-12-24,5.31135
1975-12-26,5.31135
1975-12-29,5.30461
1975-12-30,5.30676
1975-12-31,5.30393
1976-01-02,5.30026
1976-01-05,5.26565
1976-01-06,5.27236
1976-01-07,5.28749
1976-01-08,5.29048
1976-01-09,5.29320
1976-01-12,5.29143
1976-01-13,5.27926
1976-01-14,5.27225
1976-01-15,5.27474
1976-01-16,5.27867
1976-01-19,5.28882
1976-01-20,5.28772
1976-01-21,5.28187
1976-01-22,5.26846
1976-01-23,5.26967
1976-01-26,5.27096
1976-01-27,5.27310
1976-01-28,5.28058
1976-01-29,5.28238
1976-01-30,5.28131
1976-02-02,5.20913
1976-02-03,5.25142
1976-02-04,5.26508
1976-02-05,5.25796
1976-02-06,5.25775
1976-02-09,5.22409
1976-02-10,5.21722
1976-02-11,5.18165
1976-02-13,5.16501
1976-02-17,5.20121
1976-02-18,5.18944
1976-02-19,5.17382
1976-02-20,5.19049
1976-02-23,5.18327
1976-02-24,5.17659
1976-02-25,5.19048
1976-02-26,5.19469
1976-02-27,5.20190
1976-03-01,5.24327
1976-03-02,5.23518
1976-03-03,5.22636
1976-03-04,5.21949
1976-03-05,5.12428
1976-03-08,5.00349
1976-03-09,5.00641
1976-03-10,4.92637
1976-03-11,5.00541
1976-03-12,4.97921
1976-03-15,4.96118
1976-03-16,4.93745
1976-03-17,4.88264
1976-03-18,4.87284
1976-03-19,4.87034
1976-03-22,4.88221
1976-03-23,4.93705
1976-03-24,4.92659
1976-03-25,4.90056
1976-03-26,4.89574
1976-03-29,4.89072
1976-03-30,4.86133
1976-03-31,4.86434
1976-04-01,4.75980
1976-04-02,4.75454
1976-04-05,4.73616
1976-04-06,4.71745
1976-04-07,4.74897
1976-04-08,4.63671
1976-04-09,4.65767
1976-04-12,4.68395
1976-04-13,4.69075
1976-04-14,4.68140
1976-04-15,4.67759
1976-04-16,4.70059
1976-04-19,4.68521
1976-04-20,4.66069
1976-04-21,4.65796
1976-04-22,4.62484
1976-04-23,4.59876
1976-04-26,4.59338
1976-04-27,4.60926
1976-04-28,4.62033
1976-04-29,4.62776
1976-04-30,4.62870
1976-05-03,4.57495
1976-05-04,4.56134
1976-05-05,4.54534
1976-05-06,4.49690
1976-05-07,4.51723
1976-05-10,4.54715
1976-05-11,4.54859
1976-05-12,4.58963
1976-05-13,4.55610
1976-05-14,4.54242
1976-05-17,4.55006
1976-05-18,4.56075
1976-05-19,4.51437
1976-05-20,4.48204
1976-05-21,4.44001
1976-05-24,4.43524
1976-05-25,4.41786
1976-05-26,4.36922
1976-05-27,4.36526
1976-05-28,4.32976
1976-06-01,4.25539
1976-06-02,4.11924
1976-06-03,4.11073
1976-06-04,4.21627
1976-06-07,4.31958
1976-06-08,4.42736
1976-06-09,4.42915
1976-06-10,4.40545
1976-06-11,4.40025
1976-06-14,4.41044
1976-06-15,4.40060
1976-06-16,4.38086
1976-06-17,4.41566
1976-06-18,4.41299
1976-06-21,4.41405
1976-06-22,4.41042
1976-06-23,4.41014
1976-06-24,4.37626
1976-06-25,4.38207
1976-06-28,4.37562
1976-06-29,4.40214
1976-06-30,4.40646
1976-07-01,4.42044
1976-07-02,4.42253
1976-07-06,4.45602
1976-07-07,4.46593
1976-07-08,4.41821
1976-07-09,4.40872
1976-07-12,4.44301
1976-07-13,4.43424
1976-07-14,4.40741
1976-07-15,4.41474
1976-07-16,4.40774
1976-07-19,4.40412
1976-07-20,4.43185
1976-07-21,4.44427
1976-07-22,4.47388
1976-07-23,4.47719
1976-07-26,4.46140
1976-07-27,4.46285
1976-07-28,4.42888
1976-07-29,4.43717
1976-07-30,4.43056
1976-08-02,4.42678
1976-08-03,4.44216
1976-08-04,4.44482
1976-08-05,4.43373
1976-08-06,4.44007
1976-08-09,4.47105
1976-08-10,4.48282
1976-08-11,4.45910
1976-08-12,4.45716
1976-08-13,4.43399
1976-08-16,4.42982
1976-08-17,4.41408
1976-08-18,4.40435
1976-08-19,4.40869
1976-08-20,4.40944
1976-08-23,4.41105
1976-08-24,4.39276
1976-08-25,4.38792
1976-08-26,4.38603
1976-08-27,4.38531
1976-08-30,4.39776
1976-08-31,4.40508
1976-09-01,4.38694
1976-09-02,4.39752
1976-09-03,4.40128
1976-09-07,4.39603
1976-09-08,4.39894
1976-09-09,4.33089
1976-09-10,4.34741
1976-09-13,4.33403
1976-09-14,4.31188
1976-09-15,4.28247
1976-09-16,4.30470
1976-09-17,4.28993
1976-09-20,4.26571
1976-09-21,4.24502
1976-09-22,4.24091
1976-09-23,4.23195
1976-09-24,4.21487
1976-09-27,4.14394
1976-09-28,4.03485
1976-09-29,4.09632
1976-09-30,4.05876
1976-10-01,4.08464
1976-10-04,4.11059
1976-10-05,4.08651
1976-10-06,4.04195
1976-10-07,4.07756
1976-10-08,4.07346
1976-10-12,4.05060
1976-10-13,4.04003
1976-10-14,4.00754
1976-10-15,4.04785
1976-10-18,4.06685
1976-10-19,4.03361
1976-10-20,4.02041
1976-10-21,4.03194
1976-10-22,4.03494
1976-10-25,3.88708
1976-10-26,3.91723
1976-10-27,3.85642
1976-10-28,3.80482
1976-10-29,3.86390
1976-11-01,3.87300
1976-11-03,3.91770
1976-11-04,3.97108
1976-11-05,3.97108
1976-11-08,3.94216
1976-11-09,3.97688
1976-11-10,3.98334
1976-11-12,3.97526
1976-11-15,4.00558
1976-11-16,4.01314
1976-11-17,4.07457
1976-11-18,4.07093
1976-11-19,4.10813
1976-11-22,3.99638
1976-11-23,4.00049
1976-11-24,4.02998
1976-11-26,4.01679
1976-11-29,4.02572
1976-11-30,4.03665
1976-12-01,4.07713
1976-12-02,4.08351
1976-12-03,4.08048
1976-12-06,4.05169
1976-12-07,4.10394
1976-12-08,4.09957
1976-12-09,4.09319
1976-12-10,4.09482
1976-12-13,4.12929
1976-12-14,4.11055
1976-12-15,4.09205
1976-12-16,4.07417
1976-12-17,4.09592
1976-12-20,4.11195
1976-12-21,4.09016
1976-12-22,4.11931
1976-12-23,4.12500
1976-12-24,4.13482
1976-12-27,4.14603
1976-12-28,4.15917
1976-12-29,4.17298
1976-12-30,4.15330
1976-12-31,4.16295
1977-01-03,4.16085
1977-01-04,4.17837
1977-01-05,4.19364
1977-01-06,4.18864
1977-01-07,4.20283
1977-01-10,4.24231
1977-01-11,4.23412
1977-01-12,4.22389
1977-01-13,4.25372
1977-01-14,4.26433
1977-01-17,4.27164
1977-01-18,4.30177
1977-01-19,4.30916
1977-01-20,4.29866
1977-01-21,4.29895
1977-01-24,4.33276
1977-01-25,4.34199
1977-01-26,4.33855
1977-01-27,4.36451
1977-01-28,4.33094
1977-01-31,4.29823
1977-02-01,4.31407
1977-02-02,4.31452
1977-02-03,4.31215
1977-02-04,4.32013
1977-02-07,4.30636
1977-02-08,4.32030
1977-02-09,4.31896
1977-02-10,4.31881
1977-02-11,4.30771
1977-02-14,4.24877
1977-02-15,4.28467
1977-02-16,4.29198
1977-02-17,4.28479
1977-02-18,4.27744
1977-02-22,4.30744
1977-02-23,4.31984
1977-02-24,4.34808
1977-02-25,4.34512
1977-02-28,4.37633
1977-03-01,4.37382
1977-03-02,4.37785
1977-03-03,4.37337
1977-03-04,4.36671
1977-03-07,4.38015
1977-03-08,4.39179
1977-03-09,4.40223
1977-03-10,4.38950
1977-03-11,4.39478
1977-03-14,4.39333
1977-03-15,4.39780
1977-03-16,4.39735
1977-03-17,4.38587
1977-03-18,4.37494
1977-03-21,4.37421
1977-03-22,4.34981
1977-03-23,4.36471
1977-03-24,4.38584
1977-03-25,4.37393
1977-03-28,4.36873
1977-03-29,4.37545
1977-03-30,4.37698
1977-03-31,4.37547
1977-04-01,4.37500
1977-04-04,4.36922
1977-04-05,4.37128
1977-04-06,4.36250
1977-04-07,4.35579
1977-04-08,4.35430
1977-04-11,4.35625
1977-04-12,4.33574
1977-04-13,4.32846
1977-04-14,4.33557
1977-04-15,4.31747
1977-04-18,4.31895
1977-04-19,4.33024
1977-04-20,4.34273
1977-04-21,4.33574
1977-04-22,4.33351
1977-04-25,4.33276
1977-04-26,4.35431
1977-04-27,4.33826
1977-04-28,4.32800
1977-04-29,4.32697
1977-05-02,4.33322
1977-05-03,4.34525
1977-05-04,4.33070
1977-05-05,4.32978
1977-05-06,4.33127
1977-05-09,4.34153
1977-05-10,4.33780
1977-05-11,4.34703
1977-05-12,4.33706
1977-05-13,4.34256
1977-05-16,4.34256
1977-05-17,4.33276
1977-05-18,4.33098
1977-05-19,4.32829
1977-05-20,4.32681
1977-05-23,4.32578
1977-05-24,4.31977
1977-05-25,4.32221
1977-05-26,4.30014
1977-05-27,4.30472
1977-05-31,4.30583
1977-06-01,4.29775
1977-06-02,4.28073
1977-06-03,4.27379
1977-06-06,4.26993
1977-06-07,4.28665
1977-06-08,4.28390
1977-06-09,4.27835
1977-06-10,4.28287
1977-06-13,4.28456
1977-06-14,4.28279
1977-06-15,4.28323
1977-06-16,4.27763
1977-06-17,4.27975
1977-06-20,4.29286
1977-06-21,4.30175
1977-06-22,4.29218
1977-06-23,4.28736
1977-06-24,4.28805
1977-06-27,4.27640
1977-06-28,4.27301
1977-06-29,4.23920
1977-06-30,4.24196
1977-07-01,4.23250
1977-07-05,4.18820
1977-07-06,4.18944
1977-07-07,4.17145
1977-07-08,4.16730
1977-07-11,4.14362
1977-07-12,4.16065
1977-07-13,4.14900
1977-07-15,4.15062
1977-07-18,4.13106
1977-07-19,4.12969
1977-07-20,4.12644
1977-07-21,4.13360
1977-07-22,4.12107
1977-07-25,4.09991
1977-07-26,4.09907
1977-07-27,4.14660
1977-07-28,4.17026
1977-07-29,4.18406
1977-08-01,4.18749
1977-08-02,4.17202
1977-08-03,4.17768
1977-08-04,4.19047
1977-08-05,4.17093
1977-08-08,4.19041
1977-08-09,4.18495
1977-08-10,4.20435
1977-08-11,4.19586
1977-08-12,4.21011
1977-08-15,4.21809
1977-08-16,4.25305
1977-08-17,4.23882
1977-08-18,4.22300
1977-08-19,4.21076
1977-08-22,4.19816
1977-08-23,4.17870
1977-08-24,4.13856
1977-08-25,4.16524
1977-08-26,4.13604
1977-08-29,4.18042
1977-08-30,4.16777
1977-08-31,4.17323
1977-09-01,4.17091
1977-09-02,4.16980
1977-09-06,4.16960
1977-09-07,4.15322
1977-09-08,4.15040
1977-09-09,4.15909
1977-09-12,4.16402
1977-09-13,4.16475
1977-09-14,4.16917
1977-09-15,4.16059
1977-09-16,4.15389
1977-09-19,4.14632
1977-09-20,4.12276
1977-09-21,4.12443
1977-09-22,4.11591
1977-09-23,4.11119
1977-09-26,4.09991
1977-09-27,4.12430
1977-09-28,4.10222
1977-09-29,4.08637
1977-09-30,4.10241
1977-10-03,4.10255
1977-10-04,4.10095
1977-10-05,4.10385
1977-10-06,4.08464
1977-10-07,4.06824
1977-10-11,4.06807
1977-10-12,4.06131
1977-10-13,4.05045
1977-10-14,4.03040
1977-10-17,4.01754
1977-10-18,4.00763
1977-10-19,4.00319
1977-10-20,4.00266
1977-10-21,3.99292
1977-10-24,3.96043
1977-10-25,3.97691
1977-10-26,3.97688
1977-10-27,3.98490
1977-10-28,3.98045
1977-10-31,4.10762
1977-11-01,4.08409
1977-11-02,4.07811
1977-11-03,4.00615
1977-11-04,4.01029
1977-11-07,4.01118
1977-11-09,4.02171
1977-11-10,4.02365
1977-11-14,4.00272
1977-11-15,4.00581
1977-11-16,3.99346
1977-11-17,4.01873
1977-11-18,4.01606
1977-11-21,3.99491
1977-11-22,3.98528
1977-11-23,3.98362
1977-11-25,3.92762
1977-11-28,3.90162
1977-11-29,3.91292
1977-11-30,3.92660
1977-12-01,3.89553
1977-12-02,3.89332
1977-12-05,3.88962
1977-12-06,3.87304
1977-12-07,3.87311
1977-12-08,3.88672
1977-12-09,3.91471
1977-12-12,3.88795
1977-12-13,3.87578
1977-12-14,3.83838
1977-12-15,3.82109
1977-12-16,3.81850
1977-12-19,3.79303
1977-12-20,3.81214
1977-12-21,3.79740
1977-12-22,3.79125
1977-12-23,3.82705
1977-12-27,3.86404
1977-12-28,3.85265
1977-12-29,3.84282
1977-12-30,3.82132
1978-01-03,3.77721
1978-01-04,3.77793
1978-01-05,3.85380
1978-01-06,3.86026
1978-01-09,3.87160
1978-01-10,3.85673
1978-01-11,3.84048
1978-01-12,3.83446
1978-01-13,3.81818
1978-01-16,3.79506
1978-01-17,3.83462
1978-01-18,3.87476
1978-01-19,3.86957
1978-01-20,3.87097
1978-01-23,3.85262
1978-01-24,3.83573
1978-01-25,3.82367
1978-01-26,3.85926
1978-01-27,3.87016
1978-01-30,3.86933
1978-01-31,3.87167
1978-02-01,3.86928
1978-02-02,3.85692
1978-02-03,3.81929
1978-02-06,3.80675
1978-02-07,3.78744
1978-02-08,3.79930
1978-02-09,3.78928
1978-02-10,3.77047
1978-02-14,3.71680
1978-02-15,3.71536
1978-02-16,3.68802
1978-02-17,3.66239
1978-02-21,3.57487
1978-02-22,3.55696
1978-02-23,3.50781
1978-02-24,3.56477
1978-02-27,3.64529
1978-02-28,3.53358
1978-03-01,3.56118
1978-03-02,3.56464
1978-03-03,3.60423
1978-03-06,3.63723
1978-03-07,3.63936
1978-03-08,3.65919
1978-03-09,3.79449
1978-03-10,3.72105
1978-03-13,3.72012
1978-03-14,3.72195
1978-03-15,3.68916
1978-03-16,3.59751
1978-03-17,3.62476
1978-03-20,3.65601
1978-03-21,3.67528
1978-03-22,3.63504
1978-03-23,3.58051
1978-03-24,3.56479
1978-03-27,3.54533
1978-03-28,3.56075
1978-03-29,3.53654
1978-03-30,3.50363
1978-03-31,3.40998
1978-04-03,3.44975
1978-04-04,3.51419
1978-04-05,3.50421
1978-04-06,3.49438
1978-04-07,3.50431
1978-04-10,3.48087
1978-04-11,3.49445
1978-04-12,3.49841
1978-04-13,3.49832
1978-04-14,3.50186
1978-04-17,3.50951
1978-04-18,3.52370
1978-04-19,3.55265
1978-04-20,3.61073
1978-04-21,3.56451
1978-04-24,3.56448
1978-04-25,3.55308
1978-04-26,3.56530
1978-04-27,3.53482
1978-04-28,3.54494
1978-05-01,3.55148
1978-05-02,3.59058
1978-05-03,3.58222
1978-05-04,3.55740
1978-05-05,3.56313
1978-05-08,3.59117
1978-05-09,3.57678
1978-05-10,3.58373
1978-05-11,3.58935
1978-05-12,3.62168
1978-05-15,3.62527
1978-05-16,3.61071
1978-05-17,3.60754
1978-05-18,3.58277
1978-05-19,3.57824
1978-05-22,3.58132
1978-05-23,3.57083
1978-05-24,3.56959
1978-05-25,3.54704
1978-05-26,3.53190
1978-05-29,3.52180
1978-05-31,3.46608
1978-06-01,3.45463
1978-06-02,3.43464
1978-06-05,3.52684
1978-06-06,3.49042
1978-06-07,3.48068
1978-06-08,3.46077
1978-06-09,3.46064
1978-06-12,3.47234
1978-06-13,3.47790
1978-06-14,3.46151
1978-06-15,3.48536
1978-06-16,3.46640
1978-06-19,3.47184
1978-06-20,3.45005
1978-06-21,3.44858
1978-06-22,3.45929
1978-06-23,3.44658
1978-06-26,3.44658
1978-06-27,3.45124
1978-06-28,3.44854
1978-06-29,3.46140
1978-06-30,3.44538
1978-07-03,3.41830
1978-07-05,3.39664
1978-07-06,3.42577
1978-07-07,3.41045
1978-07-10,3.41742
1978-07-11,3.41767
1978-07-12,3.43110
1978-07-13,3.42111
1978-07-14,3.41653
1978-07-17,3.44954
1978-07-18,3.44547
1978-07-19,3.43775
1978-07-20,3.43309
1978-07-21,3.42652
1978-07-24,3.42247
1978-07-25,3.42345
1978-07-26,3.41116
1978-07-27,3.41808
1978-07-28,3.38399
1978-07-31,3.35219
1978-08-01,3.33995
1978-08-02,3.30114
1978-08-03,3.29520
1978-08-04,3.32454
1978-08-07,3.29365
1978-08-08,3.27209
1978-08-09,3.28546
1978-08-10,3.27958
1978-08-11,3.23645
1978-08-14,3.14379
1978-08-15,3.17038
1978-08-16,3.14878
1978-08-17,3.20516
1978-08-18,3.19049
1978-08-21,3.21592
1978-08-22,3.21424
1978-08-23,3.21283
1978-08-24,3.20050
1978-08-25,3.23724
1978-08-28,3.25101
1978-08-29,3.19670
1978-08-30,3.19759
1978-08-31,3.18768
1978-09-01,3.12988
1978-09-05,3.14164
1978-09-06,3.13847
1978-09-07,3.13408
1978-09-08,3.16167
1978-09-11,3.14977
1978-09-12,3.15017
1978-09-13,3.12819
1978-09-14,3.12831
1978-09-15,3.12672
1978-09-18,3.09500
1978-09-19,3.08100
1978-09-20,3.04511
1978-09-21,3.00139
1978-09-22,3.00335
1978-09-25,2.94687
1978-09-26,2.93538
1978-09-27,2.95034
1978-09-28,2.99803
1978-09-29,3.06143
1978-10-02,3.13880
1978-10-03,3.10637
1978-10-04,3.15362
1978-10-05,3.14903
1978-10-06,3.15174
1978-10-10,3.11781
1978-10-11,3.07669
1978-10-12,3.06471
1978-10-13,3.03178
1978-10-16,3.02307
1978-10-17,3.01896
1978-10-18,3.01237
1978-10-19,3.05024
1978-10-20,3.03000
1978-10-23,3.05940
1978-10-24,3.06982
1978-10-25,3.07567
1978-10-26,3.12228
1978-10-27,3.10231
1978-10-30,3.08645
1978-10-31,3.11397
1978-11-01,3.19598
1978-11-02,3.19669
1978-11-03,3.21372
1978-11-06,3.26151
1978-11-08,3.19178
1978-11-09,3.20943
1978-11-10,3.19237
1978-11-13,3.20220
1978-11-14,3.21703
1978-11-15,3.22939
1978-11-16,3.29497
1978-11-17,3.32369
1978-11-20,3.36946
1978-11-21,3.34888
1978-11-22,3.35735
1978-11-24,3.36986
1978-11-27,3.37415
1978-11-28,3.38138
1978-11-29,3.36000
1978-11-30,3.37286
1978-12-01,3.36272
1978-12-04,3.33236
1978-12-05,3.33366
1978-12-06,3.33203
1978-12-07,3.33041
1978-12-08,3.33660
1978-12-11,3.34717
1978-12-12,3.34780
1978-12-13,3.37122
1978-12-14,3.33663
1978-12-15,3.33465
1978-12-18,3.32365
1978-12-19,3.30251
1978-12-20,3.30452
1978-12-21,3.30272
1978-12-22,3.32665
1978-12-26,3.31156
1978-12-27,3.29904
1978-12-28,3.29681
1978-12-29,3.30747
1979-01-02,3.29476
1979-01-03,3.33266
1979-01-04,3.32460
1979-01-05,3.32593
1979-01-08,3.32928
1979-01-09,3.36193
1979-01-10,3.33434
1979-01-11,3.35467
1979-01-12,3.36460
1979-01-15,3.38912
1979-01-16,3.36669
1979-01-17,3.34804
1979-01-18,3.34606
1979-01-19,3.35304
1979-01-22,3.34599
1979-01-23,3.35799
1979-01-24,3.35000
1979-01-25,3.36588
1979-01-26,3.36625
1979-01-29,3.36393
1979-01-30,3.37325
1979-01-31,3.38241
1979-02-01,3.38681
1979-02-02,3.38215
1979-02-05,3.36384
1979-02-06,3.36293
1979-02-07,3.34038
1979-02-08,3.32331
1979-02-09,3.33000
1979-02-13,3.34302
1979-02-14,3.36047
1979-02-15,3.34001
1979-02-16,3.35235
1979-02-20,3.35170
1979-02-21,3.36110
1979-02-22,3.36013
1979-02-23,3.35513
1979-02-26,3.36068
1979-02-27,3.37202
1979-02-28,3.38729
1979-03-01,3.39065
1979-03-02,3.39062
1979-03-05,3.39636
1979-03-06,3.39623
1979-03-07,3.39471
1979-03-08,3.40821
1979-03-09,3.40330
1979-03-12,3.41551
1979-03-13,3.43431
1979-03-14,3.41955
1979-03-15,3.42325
1979-03-16,3.41413
1979-03-19,3.40656
1979-03-20,3.42410
1979-03-21,3.43674
1979-03-22,3.43287
1979-03-23,3.44821
1979-03-26,3.45410
1979-03-27,3.46185
1979-03-28,3.45712
1979-03-29,3.47808
1979-03-30,3.49629
1979-04-02,3.52388
1979-04-03,3.52708
1979-04-04,3.52522
1979-04-05,3.55036
1979-04-06,3.57945
1979-04-09,3.62267
1979-04-10,3.61754
1979-04-11,3.58474
1979-04-12,3.58465
1979-04-13,3.59713
1979-04-16,3.61169
1979-04-17,3.59583
1979-04-18,3.55558
1979-04-19,3.55233
1979-04-20,3.56747
1979-04-23,3.56462
1979-04-24,3.54885
1979-04-25,3.49084
1979-04-26,3.50635
1979-04-27,3.52651
1979-04-30,3.55976
1979-05-01,3.53727
1979-05-02,3.56700
1979-05-03,3.57558
1979-05-04,3.57158
1979-05-07,3.56830
1979-05-08,3.54132
1979-05-09,3.54102
1979-05-10,3.52048
1979-05-11,3.51429
1979-05-14,3.51349
1979-05-15,3.56686
1979-05-16,3.56018
1979-05-17,3.56247
1979-05-18,3.57701
1979-05-21,3.55640
1979-05-22,3.55274
1979-05-23,3.57128
1979-05-24,3.55809
1979-05-25,3.56018
1979-05-28,3.56732
1979-05-29,3.57862
1979-05-31,3.57069
1979-06-01,3.59602
1979-06-04,3.59003
1979-06-05,3.61023
1979-06-06,3.60079
1979-06-07,3.56978
1979-06-08,3.56742
1979-06-11,3.58576
1979-06-12,3.62069
1979-06-13,3.64099
1979-06-14,3.62062
1979-06-15,3.58109
1979-06-18,3.60152
1979-06-19,3.56901
1979-06-20,3.57783
1979-06-21,3.55156
1979-06-22,3.54251
1979-06-25,3.54922
1979-06-26,3.57604
1979-06-27,3.57482
1979-06-28,3.59250
1979-06-29,3.60742
1979-07-02,3.62443
1979-07-03,3.64927
1979-07-05,3.68368
1979-07-06,3.69093
1979-07-09,3.66564
1979-07-10,3.69333
1979-07-11,3.69837
1979-07-12,3.68902
1979-07-13,3.68926
1979-07-16,3.69283
1979-07-17,3.71085
1979-07-18,3.71412
1979-07-19,3.75172
1979-07-20,3.73352
1979-07-23,3.75696
1979-07-24,3.79884
1979-07-25,3.80599
1979-07-26,3.83046
1979-07-27,3.80176
1979-07-30,3.83530
1979-07-31,3.72893
1979-08-01,3.76123
1979-08-02,3.75708
1979-08-03,3.76543
1979-08-06,3.70719
1979-08-07,3.67768
1979-08-08,3.67220
1979-08-09,3.69050
1979-08-10,3.70211
1979-08-13,3.69439
1979-08-14,3.70022
1979-08-15,3.69866
1979-08-16,3.67614
1979-08-17,3.68042
1979-08-20,3.68940
1979-08-21,3.66821
1979-08-22,3.67997
1979-08-23,3.68178
1979-08-24,3.69464
1979-08-27,3.72409
1979-08-28,3.73234
1979-08-29,3.74459
1979-08-30,3.72042
1979-08-31,3.73102
1979-09-04,3.70690
1979-09-05,3.70695
1979-09-06,3.68382
1979-09-07,3.66254
1979-09-10,3.65320
1979-09-11,3.66375
1979-09-12,3.61778
1979-09-13,3.60322
1979-09-14,3.54108
1979-09-17,3.51194
1979-09-18,3.50560
1979-09-19,3.47812
1979-09-20,3.41866
1979-09-21,3.39931
1979-09-24,3.40608
1979-09-25,3.39909
1979-09-26,3.44918
1979-09-27,3.42876
1979-09-28,3.42366
1979-10-01,3.39399
1979-10-02,3.42682
1979-10-03,3.45339
1979-10-04,3.46230
1979-10-05,3.44152
1979-10-09,3.49709
1979-10-10,3.49382
1979-10-11,3.50389
1979-10-12,3.49795
1979-10-15,3.51596
1979-10-16,3.52454
1979-10-17,3.54493
1979-10-18,3.53099
1979-10-19,3.54342
1979-10-22,3.57757
1979-10-23,3.53401
1979-10-24,3.50148
1979-10-25,3.50137
1979-10-26,3.51400
1979-10-29,3.52621
1979-10-30,3.46186
1979-10-31,3.44502
1979-11-01,3.41582
1979-11-02,3.39120
1979-11-05,3.40679
1979-11-07,3.44072
1979-11-08,3.43098
1979-11-09,3.45671
1979-11-13,3.49852
1979-11-14,3.47340
1979-11-15,3.55108
1979-11-16,3.55863
1979-11-19,3.57813
1979-11-20,3.56153
1979-11-21,3.56662
1979-11-23,3.57143
1979-11-26,3.57143
1979-11-27,3.56479
1979-11-28,3.55761
1979-11-29,3.53917
1979-11-30,3.51363
1979-12-03,3.46205
1979-12-04,3.48728
1979-12-05,3.50577
1979-12-06,3.51556
1979-12-07,3.50195
1979-12-10,3.49924
1979-12-11,3.49825
1979-12-12,3.50570
1979-12-13,3.52215
1979-12-14,3.54002
1979-12-17,3.53297
1979-12-18,3.53297
1979-12-19,3.52513
1979-12-20,3.52780
1979-12-21,3.53699
1979-12-24,3.52915
1979-12-26,3.50786
1979-12-27,3.54368
1979-12-28,3.56265
1979-12-31,3.53815
1980-01-02,3.53779
1980-01-03,3.52151
1980-01-04,3.52461
1980-01-07,3.55043
1980-01-08,3.56707
1980-01-09,3.56673
1980-01-10,3.56514
1980-01-11,3.57256
1980-01-14,3.60182
1980-01-15,3.63078
1980-01-16,3.59982
1980-01-17,3.62705
1980-01-18,3.64114
1980-01-21,3.66408
1980-01-22,3.66015
1980-01-23,3.65748
1980-01-24,3.66401
1980-01-25,3.65363
1980-01-28,3.63857
1980-01-29,3.63780
1980-01-30,3.66772
1980-01-31,3.71260
1980-02-01,3.71419
1980-02-04,3.72971
1980-02-05,3.72423
1980-02-06,3.71329
1980-02-07,3.71922
1980-02-08,3.72013
1980-02-11,3.72667
1980-02-13,3.72329
1980-02-14,3.74046
1980-02-15,3.73881
1980-02-19,3.72302
1980-02-20,3.74744
1980-02-21,3.75097
1980-02-22,3.77985
1980-02-25,3.79950
1980-02-26,3.80351
1980-02-27,3.80745
1980-02-28,3.81997
1980-02-29,3.87020
1980-03-03,3.84529
1980-03-04,3.84667
1980-03-05,3.83177
1980-03-06,3.83069
1980-03-07,3.81960
1980-03-10,3.84615
1980-03-11,3.86217
1980-03-12,3.86308
1980-03-13,3.87728
1980-03-14,3.88139
1980-03-17,3.91162
1980-03-18,3.89290
1980-03-19,3.88499
1980-03-20,3.86529
1980-03-21,3.88428
1980-03-24,3.91038
1980-03-25,3.93522
1980-03-26,3.92155
1980-03-27,3.97500
1980-03-28,3.97505
1980-03-31,3.99892
1980-04-01,4.01033
1980-04-02,3.99742
1980-04-03,3.98610
1980-04-04,3.99231
1980-04-07,4.01669
1980-04-08,4.01177
1980-04-09,3.90383
1980-04-10,3.84615
1980-04-11,3.83670
1980-04-14,3.84090
1980-04-15,3.87114
1980-04-16,3.83729
1980-04-17,3.84718
1980-04-18,3.85980
1980-04-21,3.86547
1980-04-22,3.89721
1980-04-23,3.85523
1980-04-24,3.84903
1980-04-25,3.85088
1980-04-28,3.81621
1980-04-29,3.79029
1980-04-30,3.76581
1980-05-01,3.76779
1980-05-02,3.82273
1980-05-05,3.78702
1980-05-06,3.77365
1980-05-07,3.76454
1980-05-08,3.79799
1980-05-09,3.81319
1980-05-12,3.78878
1980-05-13,3.79900
1980-05-14,3.81346
1980-05-15,3.82908
1980-05-16,3.81681
1980-05-19,3.82850
1980-05-20,3.84765
1980-05-21,3.87439
1980-05-22,3.86845
1980-05-23,3.86779
1980-05-27,3.88125
1980-05-28,3.88063
1980-05-29,3.87755
1980-05-30,3.89318
1980-06-02,3.87897
1980-06-03,3.80930
1980-06-04,3.82312
1980-06-05,3.84060
1980-06-06,3.81208
1980-06-09,3.81406
1980-06-10,3.78470
1980-06-11,3.80341
1980-06-12,3.79794
1980-06-13,3.77957
1980-06-16,3.82401
1980-06-17,3.79865
1980-06-18,3.78498
1980-06-19,3.82532
1980-06-20,3.81041
1980-06-23,3.82608
1980-06-24,3.83088
1980-06-25,3.82668
1980-06-26,3.81697
1980-06-27,3.81953
1980-06-30,3.83934
1980-07-01,3.84061
1980-07-02,3.81867
1980-07-03,3.78816
1980-07-07,3.78246
1980-07-08,3.77551
1980-07-09,3.78709
1980-07-10,3.78812
1980-07-11,3.79220
1980-07-14,3.81235
1980-07-15,3.81788
1980-07-16,3.80484
1980-07-17,3.80057
1980-07-18,3.82407
1980-07-21,3.81275
1980-07-22,3.81566
1980-07-23,3.81617
1980-07-24,3.82219
1980-07-25,3.82214
1980-07-28,3.83560
1980-07-29,3.84898
1980-07-30,3.86945
1980-07-31,3.86039
1980-08-01,3.88007
1980-08-04,3.86390
1980-08-05,3.86219
1980-08-06,3.86990
1980-08-07,3.89692
1980-08-08,3.91485
1980-08-11,3.91485
1980-08-12,3.89416
1980-08-13,3.90499
1980-08-14,3.90618
1980-08-15,3.91149
1980-08-18,3.92916
1980-08-19,3.91975
1980-08-20,3.92823
1980-08-21,3.92443
1980-08-22,3.96026
1980-08-25,3.95429
1980-08-26,3.95479
1980-08-27,3.97203
1980-08-28,3.92977
1980-08-29,3.95065
1980-09-02,3.95551
1980-09-03,3.93478
1980-09-04,3.94101
1980-09-05,3.94546
1980-09-08,3.92990
1980-09-09,3.91575
1980-09-10,3.91593
1980-09-11,3.92694
1980-09-12,3.93555
1980-09-15,3.91040
1980-09-16,3.89976
1980-09-17,3.90024
1980-09-18,3.91371
1980-09-19,3.92295
1980-09-22,3.98462
1980-09-23,3.98991
1980-09-24,3.94554
1980-09-25,3.94674
1980-09-26,3.93566
1980-09-29,3.95482
1980-09-30,3.94724
1980-10-01,3.92635
1980-10-02,3.92746
1980-10-03,3.93002
1980-10-06,3.91607
1980-10-07,3.91914
1980-10-08,3.91960
1980-10-09,3.92138
1980-10-10,3.93080
1980-10-14,3.96099
1980-10-15,3.96510
1980-10-16,3.98864
1980-10-17,4.00097
1980-10-20,4.02818
1980-10-21,4.03458
1980-10-22,4.05063
1980-10-23,4.05983
1980-10-24,4.08858
1980-10-27,4.14310
1980-10-28,4.15652
1980-10-29,4.13961
1980-10-30,4.17357
1980-10-31,4.17885
1980-11-03,4.19497
1980-11-05,4.26125
1980-11-06,4.25475
1980-11-07,4.21905
1980-11-10,4.09178
1980-11-12,4.12765
1980-11-13,4.11893
1980-11-14,4.11920
1980-11-17,4.15849
1980-11-18,4.12763
1980-11-19,4.07579
1980-11-20,4.11042
1980-11-21,4.07547
1980-11-24,4.05029
1980-11-25,4.06618
1980-11-26,4.09597
1980-11-28,4.09830
1980-12-01,4.11578
1980-12-02,4.11496
1980-12-03,4.10626
1980-12-04,4.10572
1980-12-05,4.14386
1980-12-08,4.15983
1980-12-09,4.18613
1980-12-10,4.25831
1980-12-11,4.22819
1980-12-12,4.22049
1980-12-15,4.21089
1980-12-16,4.22651
1980-12-17,4.20084
1980-12-18,4.19940
1980-12-19,4.21582
1980-12-22,4.16784
1980-12-23,4.20317
1980-12-24,4.16096
1980-12-26,4.21723
1980-12-29,4.19920
1980-12-30,4.22323
1980-12-31,4.27019
1981-01-02,4.26394
1981-01-05,4.24396
1981-01-06,4.24055
1981-01-07,4.26091
1981-01-08,4.26484
1981-01-09,4.30419
1981-01-12,4.32646
1981-01-13,4.32665
1981-01-14,4.34166
1981-01-15,4.35790
1981-01-16,4.36094
1981-01-19,4.39875
1981-01-20,4.39903
1981-01-21,4.39806
1981-01-22,4.40639
1981-01-23,4.42960
1981-01-26,4.47209
1981-01-27,4.49075
1981-01-28,4.53396
1981-01-29,4.56136
1981-01-30,4.57062
1981-02-02,4.51022
1981-02-03,4.55336
1981-02-04,4.51461
1981-02-05,4.54950
1981-02-06,4.54375
1981-02-09,4.54248
1981-02-10,4.55363
1981-02-11,4.56288
1981-02-13,4.60932
1981-02-17,4.51573
1981-02-18,4.50487
1981-02-19,4.39698
1981-02-20,4.35435
1981-02-23,4.26952
1981-02-24,4.28540
1981-02-25,4.27028
1981-02-26,4.33756
1981-02-27,4.32444
1981-03-02,4.32294
1981-03-03,4.34620
1981-03-04,4.28022
1981-03-05,4.28697
1981-03-06,4.29182
1981-03-09,4.27243
1981-03-10,4.28476
1981-03-11,4.29300
1981-03-12,4.29776
1981-03-13,4.27178
1981-03-16,4.25408
1981-03-17,4.27463
1981-03-18,4.24926
1981-03-19,4.26454
1981-03-20,4.26907
1981-03-23,4.27042
1981-03-24,4.29656
1981-03-25,4.30769
1981-03-26,4.32869
1981-03-27,4.30766
1981-03-30,4.27836
1981-03-31,4.30453
1981-04-01,4.30481
1981-04-02,4.26813
1981-04-03,4.26361
1981-04-06,4.28230
1981-04-07,4.27187
1981-04-08,4.26658
1981-04-09,4.27946
1981-04-10,4.28447
1981-04-13,4.28401
1981-04-14,4.29504
1981-04-15,4.28095
1981-04-16,4.29464
1981-04-17,4.30433
1981-04-20,4.29342
1981-04-21,4.30826
1981-04-22,4.31460
1981-04-23,4.31181
1981-04-24,4.29686
1981-04-27,4.30673
1981-04-28,4.28417
1981-04-29,4.33133
1981-04-30,4.32392
1981-05-01,4.32490
1981-05-04,4.34442
1981-05-05,4.37011
1981-05-06,4.36177
1981-05-07,4.36580
1981-05-08,4.34525
1981-05-11,4.36029
1981-05-12,4.33299
1981-05-13,4.31747
1981-05-14,4.29959
1981-05-15,4.29253
1981-05-18,4.28753
1981-05-19,4.27326
1981-05-20,4.26223
1981-05-21,4.29280
1981-05-22,4.29637
1981-05-26,4.28926
1981-05-27,4.29749
1981-05-28,4.28619
1981-05-29,4.29683
1981-06-01,4.27160
1981-06-02,4.27932
1981-06-03,4.21371
1981-06-04,4.15907
1981-06-05,4.12083
1981-06-08,4.10281
1981-06-09,4.09858
1981-06-10,4.11429
1981-06-11,4.12200
1981-06-12,4.10176
1981-06-15,4.09309
1981-06-16,4.09037
1981-06-17,4.08946
1981-06-18,4.09405
1981-06-19,4.07809
1981-06-22,4.09082
1981-06-23,4.06394
1981-06-24,4.03226
1981-06-25,3.98242
1981-06-26,3.95245
1981-06-29,3.95238
1981-06-30,3.95580
1981-07-01,3.94787
1981-07-02,3.90637
1981-07-03,3.92769
1981-07-06,3.97302
1981-07-07,3.97926
1981-07-08,3.97407
1981-07-09,3.95270
1981-07-10,3.93263
1981-07-13,3.89432
1981-07-14,3.89872
1981-07-15,3.91230
1981-07-16,3.90437
1981-07-17,3.92192
1981-07-20,3.91430
1981-07-21,3.90406
1981-07-22,3.91049
1981-07-23,3.91042
1981-07-24,3.91993
1981-07-27,3.92950
1981-07-28,3.94148
1981-07-29,3.94277
1981-07-30,3.95915
1981-07-31,3.95308
1981-08-03,3.95965
1981-08-04,3.95265
1981-08-05,3.93753
1981-08-06,3.93545
1981-08-07,3.91226
1981-08-10,3.89587
1981-08-11,3.89806
1981-08-12,3.91304
1981-08-13,3.91304
1981-08-14,3.93945
1981-08-17,3.95754
1981-08-18,3.98116
1981-08-19,3.97436
1981-08-20,4.00149
1981-08-21,4.01201
1981-08-24,3.96912
1981-08-25,3.96608
1981-08-26,3.96310
1981-08-27,3.95799
1981-08-28,3.94231
1981-08-31,3.95203
1981-09-01,3.95585
1981-09-02,3.95948
1981-09-03,3.90446
1981-09-04,3.85090
1981-09-08,3.79842
1981-09-09,3.73731
1981-09-10,3.72181
1981-09-11,3.65060
1981-09-14,3.64926
1981-09-15,3.66202
1981-09-16,3.65786
1981-09-17,3.59315
1981-09-18,3.57235
1981-09-21,3.53541
1981-09-22,3.58909
1981-09-23,3.55797
1981-09-24,3.53246
1981-09-25,3.52973
1981-09-28,3.52073
1981-09-29,3.52234
1981-09-30,3.56113
1981-10-01,3.60557
1981-10-02,3.51754
1981-10-05,3.49963
1981-10-06,3.51866
1981-10-07,3.51028
1981-10-08,3.54281
1981-10-09,3.49810
1981-10-13,3.45019
1981-10-14,3.45006
1981-10-15,3.45401
1981-10-16,3.42428
1981-10-19,3.43054
1981-10-20,3.41215
1981-10-21,3.45383
1981-10-22,3.45191
1981-10-23,3.43892
1981-10-26,3.46029
1981-10-27,3.45618
1981-10-28,3.43550
1981-10-29,3.40659
1981-10-30,3.41650
1981-11-02,3.37547
1981-11-04,3.35775
1981-11-05,3.35768
1981-11-06,3.35740
1981-11-09,3.34910
1981-11-10,3.34671
1981-11-12,3.33270
1981-11-13,3.35050
1981-11-16,3.37861
1981-11-17,3.40999
1981-11-18,3.42000
1981-11-19,3.43398
1981-11-20,3.44906
1981-11-23,3.43804
1981-11-24,3.42575
1981-11-25,3.43166
1981-11-27,3.47711
1981-11-30,3.46530
1981-12-01,3.47568
1981-12-02,3.47228
1981-12-03,3.46607
1981-12-04,3.47214
1981-12-07,3.49652
1981-12-08,3.51955
1981-12-09,3.51788
1981-12-10,3.49517
1981-12-11,3.46602
1981-12-14,3.44590
1981-12-15,3.45588
1981-12-16,3.44746
1981-12-17,3.43897
1981-12-18,3.43597
1981-12-21,3.40820
1981-12-22,3.42135
1981-12-23,3.42200
1981-12-24,3.43555
1981-12-28,3.41901
1981-12-29,3.41210
1981-12-30,3.44999
1981-12-31,3.42398
1982-01-04,3.45050
1982-01-05,3.46272
1982-01-06,3.48575
1982-01-07,3.51094
1982-01-08,3.50806
1982-01-11,3.50066
1982-01-12,3.48005
1982-01-13,3.47469
1982-01-14,3.45602
1982-01-15,3.47046
1982-01-18,3.48277
1982-01-19,3.49811
1982-01-20,3.50377
1982-01-21,3.46588
1982-01-22,3.46614
1982-01-25,3.46717
1982-01-26,3.46240
1982-01-27,3.46240
1982-01-28,3.48172
1982-01-29,3.46862
1982-02-01,3.48837
1982-02-02,3.50717
1982-02-03,3.52537
1982-02-04,3.50972
1982-02-05,3.50698
1982-02-08,3.52952
1982-02-09,3.52091
1982-02-10,3.51746
1982-02-11,3.50832
1982-02-16,3.50128
1982-02-17,3.51413
1982-02-18,3.50861
1982-02-19,3.49018
1982-02-22,3.45834
1982-02-23,3.44076
1982-02-24,3.43396
1982-02-25,3.44575
1982-02-26,3.45587
1982-03-01,3.44963
1982-03-02,3.40312
1982-03-03,3.42844
1982-03-04,3.41831
1982-03-05,3.39949
1982-03-08,3.36193
1982-03-09,3.36429
1982-03-10,3.36471
1982-03-11,3.37455
1982-03-12,3.38037
1982-03-15,3.39266
1982-03-16,3.39160
1982-03-17,3.40510
1982-03-18,3.41205
1982-03-19,3.41338
1982-03-22,3.42593
1982-03-23,3.41683
1982-03-24,3.42656
1982-03-25,3.42342
1982-03-26,3.42402
1982-03-29,3.44561
1982-03-30,3.43945
1982-03-31,3.45236
1982-04-01,3.47414
1982-04-02,3.46711
1982-04-05,3.46270
1982-04-06,3.44302
1982-04-07,3.46086
1982-04-08,3.48116
1982-04-09,3.47834
1982-04-12,3.49806
1982-04-13,3.46011
1982-04-14,3.46621
1982-04-15,3.48381
1982-04-16,3.48117
1982-04-19,3.47074
1982-04-20,3.45078
1982-04-21,3.47165
1982-04-22,3.49449
1982-04-23,3.49282
1982-04-26,3.47760
1982-04-27,3.47116
1982-04-28,3.48331
1982-04-29,3.51633
1982-04-30,3.51157
1982-05-03,3.52557
1982-05-04,3.51247
1982-05-05,3.49910
1982-05-06,3.49390
1982-05-07,3.44777
1982-05-10,3.48540
1982-05-11,3.50257
1982-05-12,3.54151
1982-05-13,3.53521
1982-05-14,3.54850
1982-05-17,3.55586
1982-05-18,3.58089
1982-05-19,3.54833
1982-05-20,3.51068
1982-05-21,3.53047
1982-05-24,3.53122
1982-05-25,3.54088
1982-05-26,3.55112
1982-05-27,3.57731
1982-05-28,3.57783
1982-06-01,3.61995
1982-06-02,3.61877
1982-06-03,3.63571
1982-06-04,3.64208
1982-06-07,3.63701
1982-06-08,3.64398
1982-06-09,3.65040
1982-06-10,3.63909
1982-06-11,3.63620
1982-06-14,3.64188
1982-06-15,3.65798
1982-06-16,3.66282
1982-06-17,3.68747
1982-06-18,3.69611
1982-06-21,3.67703
1982-06-22,3.62737
1982-06-23,3.65877
1982-06-24,3.64471
1982-06-25,3.65480
1982-06-28,3.67159
1982-06-29,3.65545
1982-06-30,3.64370
1982-07-01,3.64764
1982-07-02,3.64203
1982-07-06,3.65368
1982-07-07,3.66746
1982-07-08,3.67260
1982-07-09,3.66098
1982-07-12,3.65211
1982-07-13,3.66862
1982-07-14,3.67161
1982-07-15,3.65467
1982-07-16,3.62759
1982-07-19,3.65198
1982-07-20,3.62609
1982-07-21,3.61721
1982-07-22,3.60451
1982-07-23,3.57004
1982-07-26,3.57823
1982-07-27,3.59765
1982-07-28,3.61576
1982-07-29,3.64181
1982-07-30,3.64964
1982-08-02,3.62265
1982-08-03,3.62301
1982-08-04,3.65757
1982-08-05,3.63613
1982-08-06,3.65273
1982-08-09,3.65437
1982-08-10,3.64369
1982-08-11,3.65852
1982-08-12,3.66616
1982-08-13,3.65106
1982-08-16,3.67722
1982-08-17,3.66593
1982-08-18,3.63793
1982-08-19,3.64529
1982-08-20,3.61546
1982-08-23,3.62051
1982-08-24,3.60360
1982-08-25,3.59683
1982-08-26,3.64308
1982-08-27,3.64236
1982-08-30,3.65624
1982-08-31,3.65967
1982-09-01,3.65623
1982-09-02,3.65805
1982-09-03,3.63904
1982-09-07,3.63856
1982-09-08,3.65686
1982-09-09,3.65302
1982-09-10,3.67186
1982-09-13,3.66303
1982-09-14,3.66228
1982-09-15,3.66041
1982-09-16,3.65204
1982-09-17,3.65194
1982-09-20,3.66062
1982-09-21,3.66792
1982-09-22,3.68050
1982-09-23,3.68029
1982-09-24,3.70067
1982-09-27,3.69764
1982-09-28,3.68808
1982-09-29,3.67837
1982-09-30,3.67904
1982-10-01,3.69163
1982-10-04,3.70729
1982-10-05,3.70805
1982-10-06,3.70345
1982-10-07,3.67291
1982-10-08,3.67138
1982-10-12,3.65086
1982-10-13,3.65881
1982-10-14,3.67622
1982-10-15,3.66587
1982-10-18,3.67122
1982-10-19,3.68385
1982-10-20,3.68381
1982-10-21,3.68832
1982-10-22,3.69672
1982-10-25,3.69350
1982-10-26,3.70089
1982-10-27,3.69334
1982-10-28,3.71203
1982-10-29,3.70200
1982-11-01,3.68607
1982-11-03,3.69499
1982-11-04,3.70272
1982-11-05,3.68745
1982-11-08,3.69780
1982-11-09,3.67010
1982-11-10,3.68579
1982-11-12,3.67360
1982-11-15,3.62212
1982-11-16,3.55291
1982-11-17,3.52899
1982-11-18,3.52437
1982-11-19,3.53279
1982-11-22,3.49378
1982-11-23,3.49944
1982-11-24,3.45485
1982-11-26,3.42570
1982-11-29,3.42596
1982-11-30,3.45601
1982-12-01,3.43755
1982-12-02,3.43234
1982-12-03,3.40663
1982-12-06,3.35250
1982-12-07,3.36054
1982-12-08,3.36154
1982-12-09,3.37498
1982-12-10,3.35373
1982-12-13,3.40511
1982-12-14,3.36243
1982-12-15,3.37637
1982-12-16,3.32901
1982-12-17,3.27840
1982-12-20,3.27911
1982-12-21,3.24294
1982-12-22,3.24442
1982-12-23,3.20574
1982-12-24,3.20160
1982-12-27,3.21136
1982-12-28,3.23620
1982-12-29,3.24601
1982-12-30,3.25331
1982-12-31,3.24838
1983-01-03,3.23701
1983-01-04,3.22419
1983-01-05,3.17312
1983-01-06,3.14859
1983-01-07,3.11705
1983-01-10,3.04801
1983-01-11,3.06669
1983-01-12,3.06505
1983-01-13,3.02351
1983-01-14,3.05771
1983-01-17,3.07246
1983-01-18,3.09535
1983-01-19,3.11034
1983-01-20,3.10957
1983-01-21,3.12069
1983-01-24,3.11970
1983-01-25,3.06278
1983-01-26,3.07663
1983-01-27,3.05470
1983-01-28,3.05837
1983-01-31,3.06324
1983-02-01,3.07054
1983-02-02,3.10050
1983-02-03,3.07698
1983-02-04,3.10366
1983-02-07,3.09710
1983-02-08,3.10157
1983-02-09,3.11450
1983-02-10,3.11648
1983-02-11,3.09043
1983-02-14,3.08692
1983-02-15,3.08137
1983-02-16,3.06887
1983-02-17,3.07378
1983-02-18,3.08227
1983-02-22,3.07212
1983-02-23,3.12126
1983-02-24,3.09226
1983-02-25,3.10276
1983-02-28,3.11744
1983-03-01,3.11043
1983-03-02,3.09180
1983-03-03,3.10723
1983-03-04,3.08704
1983-03-07,3.10177
1983-03-08,3.09267
1983-03-09,3.09796
1983-03-10,3.10204
1983-03-11,3.11345
1983-03-14,3.11378
1983-03-15,3.10674
1983-03-16,3.09527
1983-03-17,3.09645
1983-03-18,3.07452
1983-03-21,3.05882
1983-03-22,3.06083
1983-03-23,3.04272
1983-03-24,3.02734
1983-03-25,3.01504
1983-03-28,3.03345
1983-03-29,3.02720
1983-03-30,3.05617
1983-03-31,3.09192
1983-04-01,3.08528
1983-04-04,3.08425
1983-04-05,3.09007
1983-04-06,3.10225
1983-04-07,3.08224
1983-04-08,3.09707
1983-04-11,3.13034
1983-04-12,3.15363
1983-04-13,3.15919
1983-04-14,3.15571
1983-04-15,3.15936
1983-04-18,3.21652
1983-04-19,3.19802
1983-04-20,3.19661
1983-04-21,3.19328
1983-04-22,3.18006
1983-04-25,3.22280
1983-04-26,3.22971
1983-04-27,3.21809
1983-04-28,3.22420
1983-04-29,3.22847
1983-05-02,3.24878
1983-05-03,3.26357
1983-05-04,3.24755
1983-05-05,3.24049
1983-05-06,3.24175
1983-05-09,3.19693
1983-05-10,3.19462
1983-05-11,3.17341
1983-05-12,3.17155
1983-05-13,3.16886
1983-05-16,3.18820
1983-05-17,3.18260
1983-05-18,3.15305
1983-05-19,3.21351
1983-05-20,3.23452
1983-05-23,3.23452
1983-05-24,3.26462
1983-05-25,3.28630
1983-05-26,3.32345
1983-05-27,3.33974
1983-05-31,3.35467
1983-06-01,3.35347
1983-06-02,3.32753
1983-06-03,3.29969
1983-06-06,3.34200
1983-06-07,3.34853
1983-06-08,3.34563
1983-06-09,3.36123
1983-06-10,3.34066
1983-06-13,3.30177
1983-06-14,3.25061
1983-06-15,3.25342
1983-06-16,3.24401
1983-06-17,3.22647
1983-06-20,3.22507
1983-06-21,3.22066
1983-06-22,3.18564
1983-06-23,3.21236
1983-06-24,3.22488
1983-06-27,3.22263
1983-06-28,3.21303
1983-06-29,3.21723
1983-06-30,3.22321
1983-07-01,3.22413
1983-07-05,3.25436
1983-07-06,3.27124
1983-07-07,3.28024
1983-07-08,3.28195
1983-07-11,3.26737
1983-07-12,3.24196
1983-07-13,3.23160
1983-07-14,3.23147
1983-07-15,3.22793
1983-07-18,3.22492
1983-07-19,3.21570
1983-07-20,3.19948
1983-07-21,3.19887
1983-07-22,3.20359
1983-07-25,3.21820
1983-07-26,3.22099
1983-07-27,3.23049
1983-07-28,3.23826
1983-07-29,3.24441
1983-08-01,3.25185
1983-08-02,3.22683
1983-08-03,3.24349
1983-08-04,3.21360
1983-08-05,3.22320
1983-08-08,3.24810
1983-08-09,3.25340
1983-08-10,3.25163
1983-08-11,3.24260
1983-08-12,3.23630
1983-08-15,3.23657
1983-08-16,3.22855
1983-08-17,3.24247
1983-08-18,3.26733
1983-08-19,3.26911
1983-08-22,3.27196
1983-08-23,3.27262
1983-08-24,3.26216
1983-08-25,3.23193
1983-08-26,3.26614
1983-08-29,3.27109
1983-08-30,3.27413
1983-08-31,3.26759
1983-09-01,3.27718
1983-09-02,3.27403
1983-09-06,3.26315
1983-09-07,3.25086
1983-09-08,3.24381
1983-09-09,3.24145
1983-09-12,3.24827
1983-09-13,3.25493
1983-09-14,3.25585
1983-09-15,3.26048
1983-09-16,3.25173
1983-09-19,3.24883
1983-09-20,3.25592
1983-09-21,3.25452
1983-09-22,3.25172
1983-09-23,3.22314
1983-09-26,3.22459
1983-09-27,3.20231
1983-09-28,3.19790
1983-09-29,3.19478
1983-09-30,3.17508
1983-10-03,3.13455
1983-10-04,3.12316
1983-10-05,3.12909
1983-10-06,3.12146
1983-10-07,3.14924
1983-10-11,3.17222
1983-10-12,3.19296
1983-10-13,3.17214
1983-10-14,3.18039
1983-10-17,3.16672
1983-10-18,3.14826
1983-10-19,3.15004
1983-10-20,3.15159
1983-10-21,3.15513
1983-10-24,3.17580
1983-10-25,3.17112
1983-10-26,3.18005
1983-10-27,3.17421
1983-10-28,3.18358
1983-10-31,3.20425
1983-11-01,3.21078
1983-11-02,3.19825
1983-11-03,3.20892
1983-11-04,3.22917
1983-11-07,3.23381
1983-11-09,3.21779
1983-11-10,3.20859
1983-11-14,3.20968
1983-11-15,3.21265
1983-11-16,3.21296
1983-11-17,3.22690
1983-11-18,3.21308
1983-11-21,3.19807
1983-11-22,3.19797
1983-11-23,3.19783
1983-11-25,3.18374
1983-11-28,3.17578
1983-11-29,3.18514
1983-11-30,3.16240
1983-12-01,3.15306
1983-12-02,3.16817
1983-12-05,3.16565
1983-12-06,3.17160
1983-12-07,3.15225
1983-12-08,3.16275
1983-12-09,3.17334
1983-12-12,3.16452
1983-12-13,3.14448
1983-12-14,3.13075
1983-12-15,3.14641
1983-12-16,3.13570
1983-12-19,3.13643
1983-12-20,3.13325
1983-12-21,3.14438
1983-12-22,3.15568
1983-12-23,3.14629
1983-12-27,3.13619
1983-12-28,3.14331
1983-12-29,3.16155
1983-12-30,3.16301
1984-01-03,3.16688
1984-01-04,3.16468
1984-01-05,3.15184
1984-01-06,3.14943
1984-01-09,3.15893
1984-01-10,3.13490
1984-01-11,3.14577
1984-01-12,3.14553
1984-01-13,3.14086
1984-01-16,3.15401
1984-01-17,3.15444
1984-01-18,3.15682
1984-01-19,3.15230
1984-01-20,3.13796
1984-01-23,3.14053
1984-01-24,3.14354
1984-01-25,3.14330
1984-01-26,3.14722
1984-01-27,3.15228
1984-01-30,3.15482
1984-01-31,3.15679
1984-02-01,3.15144
1984-02-02,3.15434
1984-02-03,3.14396
1984-02-06,3.14794
1984-02-07,3.15277
1984-02-08,3.14990
1984-02-09,3.16541
1984-02-10,3.16787
1984-02-14,3.17435
1984-02-15,3.17348
1984-02-16,3.17019
1984-02-17,3.18413
1984-02-21,3.19957
1984-02-22,3.18479
1984-02-23,3.19633
1984-02-24,3.20130
1984-02-27,3.20813
1984-02-28,3.23117
1984-02-29,3.23148
1984-03-01,3.21608
1984-03-02,3.19091
1984-03-05,3.15914
1984-03-06,3.13029
1984-03-07,3.12233
1984-03-08,3.11416
1984-03-09,3.12080
1984-03-12,3.12891
1984-03-13,3.12005
1984-03-14,3.12069
1984-03-15,3.13075
1984-03-16,3.11561
1984-03-19,3.12121
1984-03-20,3.11843
1984-03-21,3.11536
1984-03-22,3.11070
1984-03-23,3.11890
1984-03-26,3.12247
1984-03-27,3.11417
1984-03-28,3.12165
1984-03-29,3.11085
1984-03-30,3.09401
1984-04-02,3.08613
1984-04-03,3.10263
1984-04-04,3.11059
1984-04-05,3.10994
1984-04-06,3.11025
1984-04-09,3.10060
1984-04-10,3.11755
1984-04-11,3.10956
1984-04-12,3.10303
1984-04-13,3.11017
1984-04-16,3.10846
1984-04-17,3.11638
1984-04-18,3.10857
1984-04-19,3.12163
1984-04-20,3.11810
1984-04-23,3.10828
1984-04-24,3.12060
1984-04-25,3.12773
1984-04-26,3.12493
1984-04-27,3.13174
1984-04-30,3.14064
1984-05-01,3.13695
1984-05-02,3.14452
1984-05-03,3.16801
1984-05-04,3.16883
1984-05-07,3.16154
1984-05-08,3.15498
1984-05-09,3.16711
1984-05-10,3.16415
1984-05-11,3.16851
1984-05-14,3.16447
1984-05-15,3.15180
1984-05-16,3.16142
1984-05-17,3.16908
1984-05-18,3.16322
1984-05-21,3.15559
1984-05-22,3.14905
1984-05-23,3.13489
1984-05-24,3.13433
1984-05-25,3.11022
1984-05-29,3.12968
1984-05-30,3.13495
1984-05-31,3.13106
1984-06-01,3.12912
1984-06-04,3.11634
1984-06-05,3.11602
1984-06-06,3.13034
1984-06-07,3.13591
1984-06-08,3.13406
1984-06-11,3.14643
1984-06-12,3.15260
1984-06-13,3.14630
1984-06-14,3.14681
1984-06-15,3.14378
1984-06-18,3.15232
1984-06-19,3.15282
1984-06-20,3.14984
1984-06-21,3.15037
1984-06-22,3.15406
1984-06-25,3.15590
1984-06-26,3.14208
1984-06-27,3.14582
1984-06-28,3.14715
1984-06-29,3.16454
1984-07-02,3.16426
1984-07-03,3.16152
1984-07-05,3.12904
1984-07-06,3.14162
1984-07-09,3.12394
1984-07-10,3.12099
1984-07-11,3.15272
1984-07-12,3.14672
1984-07-13,3.17628
1984-07-16,3.16620
1984-07-17,3.17194
1984-07-18,3.18200
1984-07-19,3.19721
1984-07-20,3.20630
1984-07-23,3.21730
1984-07-24,3.23077
1984-07-25,3.24317
1984-07-26,3.23064
1984-07-27,3.22758
1984-07-30,3.22110
1984-07-31,3.23245
1984-08-01,3.20713
1984-08-02,3.20938
1984-08-03,3.19002
1984-08-06,3.18780
1984-08-07,3.20622
1984-08-08,3.21414
1984-08-09,3.20197
1984-08-10,3.20580
1984-08-13,3.19783
1984-08-14,3.19375
1984-08-15,3.18392
1984-08-16,3.15346
1984-08-17,3.15111
1984-08-20,3.16012
1984-08-21,3.16432
1984-08-22,3.14325
1984-08-23,3.12902
1984-08-24,3.12280
1984-08-27,3.13873
1984-08-28,3.13524
1984-08-29,3.14398
1984-08-30,3.14827
1984-08-31,3.15050
1984-09-04,3.16214
1984-09-05,3.15655
1984-09-06,3.16307
1984-09-07,3.16614
1984-09-10,3.17979
1984-09-11,3.18628
1984-09-12,3.18577
1984-09-13,3.18504
1984-09-14,3.17129
1984-09-17,3.13897
1984-09-18,3.13293
1984-09-19,3.13521
1984-09-20,3.12210
1984-09-21,3.12811
1984-09-24,3.10375
1984-09-25,3.10653
1984-09-26,3.11243
1984-09-27,3.12111
1984-09-28,3.12562
1984-10-01,3.12214
1984-10-02,3.11159
1984-10-03,3.11758
1984-10-04,3.12757
1984-10-05,3.11966
1984-10-09,3.12293
1984-10-10,3.12885
1984-10-11,3.12018
1984-10-12,3.13318
1984-10-15,3.11079
1984-10-16,3.09183
1984-10-17,3.07046
1984-10-18,3.03145
1984-10-19,3.01859
1984-10-22,3.03237
1984-10-23,3.02659
1984-10-24,3.03678
1984-10-25,3.03793
1984-10-26,3.04534
1984-10-29,3.04653
1984-10-30,3.03929
1984-10-31,3.03887
1984-11-01,3.03569
1984-11-02,3.03478
1984-11-05,3.05721
1984-11-07,3.07428
1984-11-08,3.06628
1984-11-09,3.05811
1984-11-13,3.06929
1984-11-14,3.08837
1984-11-15,3.07881
1984-11-16,3.07625
1984-11-19,3.08941
1984-11-20,3.08130
1984-11-21,3.07032
1984-11-23,3.05173
1984-11-26,3.02867
1984-11-27,3.04968
1984-11-28,3.02786
1984-11-29,3.03797
1984-11-30,3.05842
1984-12-03,3.06402
1984-12-04,3.05740
1984-12-05,3.07441
1984-12-06,3.04888
1984-12-07,3.06174
1984-12-10,3.07169
1984-12-11,3.05875
1984-12-12,3.06281
1984-12-13,3.04746
1984-12-14,3.03736
1984-12-17,3.03716
1984-12-18,3.01648
1984-12-19,3.00517
1984-12-20,2.99464
1984-12-21,3.01114
1984-12-24,3.01466
1984-12-26,3.01639
1984-12-27,3.02139
1984-12-28,3.01349
1984-12-31,3.01181
1985-01-02,3.00425
1985-01-03,3.01599
1985-01-04,3.03841
1985-01-07,3.02226
1985-01-08,3.02524
1985-01-09,3.02602
1985-01-10,2.98934
1985-01-11,2.97425
1985-01-14,2.97411
1985-01-15,3.00067
1985-01-16,2.98950
1985-01-17,2.99698
1985-01-18,3.00179
1985-01-22,3.00191
1985-01-23,2.97869
1985-01-24,2.96982
1985-01-25,2.95649
1985-01-28,2.95800
1985-01-29,2.97059
1985-01-30,3.01317
1985-01-31,3.02397
1985-02-01,3.03979
1985-02-04,3.05169
1985-02-05,3.04645
1985-02-06,3.04810
1985-02-07,3.08001
1985-02-08,3.07752
1985-02-11,3.06604
1985-02-13,3.05818
1985-02-14,3.05580
1985-02-15,3.06039
1985-02-19,3.07213
1985-02-20,3.06714
1985-02-21,3.05862
1985-02-22,3.07676
1985-02-25,3.07603
1985-02-26,3.05702
1985-02-27,3.08864
1985-02-28,3.08265
1985-03-01,3.06711
1985-03-04,3.08883
1985-03-05,3.08394
1985-03-06,3.10678
1985-03-07,3.09638
1985-03-08,3.08896
1985-03-11,3.10112
1985-03-12,3.09132
1985-03-13,3.09513
1985-03-14,3.11183
1985-03-15,3.11762
1985-03-18,3.14422
1985-03-19,3.15942
1985-03-20,3.17104
1985-03-21,3.22849
1985-03-22,3.20202
1985-03-25,3.21077
1985-03-26,3.21513
1985-03-27,3.27930
1985-03-28,3.25153
1985-03-29,3.21345
1985-04-01,3.22340
1985-04-02,3.20521
1985-04-03,3.21411
1985-04-04,3.20921
1985-04-05,3.20590
1985-04-08,3.20202
1985-04-09,3.21031
1985-04-10,3.22357
1985-04-11,3.24368
1985-04-12,3.22293
1985-04-15,3.22577
1985-04-16,3.23071
1985-04-17,3.22379
1985-04-18,3.20786
1985-04-19,3.20209
1985-04-22,3.19872
1985-04-23,3.20145
1985-04-24,3.19188
1985-04-25,3.15501
1985-04-26,3.17607
1985-04-29,3.21402
1985-04-30,3.22661
1985-05-01,3.23015
1985-05-02,3.24667
1985-05-03,3.27218
1985-05-06,3.21454
1985-05-07,3.24361
1985-05-08,3.24318
1985-05-09,3.23802
1985-05-10,3.24411
1985-05-13,3.23891
1985-05-14,3.26923
1985-05-15,3.25843
1985-05-16,3.26199
1985-05-17,3.26629
1985-05-20,3.29229
1985-05-21,3.28290
1985-05-22,3.26974
1985-05-23,3.25570
1985-05-24,3.28215
1985-05-28,3.27597
1985-05-29,3.28014
1985-05-30,3.30998
1985-05-31,3.31147
1985-06-03,3.31521
1985-06-04,3.28059
1985-06-05,3.24664
1985-06-06,3.26894
1985-06-07,3.29445
1985-06-10,3.28473
1985-06-11,3.28074
1985-06-12,3.29407
1985-06-13,3.30171
1985-06-14,3.29365
1985-06-17,3.29262
1985-06-18,3.29826
1985-06-19,3.30546
1985-06-20,3.28821
1985-06-21,3.30116
1985-06-24,3.30245
1985-06-25,3.30378
1985-06-26,3.29050
1985-06-27,3.31266
1985-06-28,3.32722
1985-07-01,3.32637
1985-07-02,3.32247
1985-07-03,3.33683
1985-07-05,3.34395
1985-07-08,3.35953
1985-07-09,3.37701
1985-07-10,3.39709
1985-07-11,3.36418
1985-07-12,3.32271
1985-07-15,3.32477
1985-07-16,3.31969
1985-07-17,3.29523
1985-07-18,3.32725
1985-07-19,3.32680
1985-07-22,3.30325
1985-07-23,3.29949
1985-07-24,3.31143
1985-07-25,3.30042
1985-07-26,3.29012
1985-07-29,3.26956
1985-07-30,3.26510
1985-07-31,3.23691
1985-08-01,3.20398
1985-08-02,3.17247
1985-08-05,3.17859
1985-08-06,3.18010
1985-08-07,3.16029
1985-08-08,3.17270
1985-08-09,3.17812
1985-08-12,3.18691
1985-08-13,3.19084
1985-08-14,3.18616
1985-08-15,3.16576
1985-08-16,3.16165
1985-08-19,3.16382
1985-08-20,3.16572
1985-08-21,3.15789
1985-08-22,3.15834
1985-08-23,3.15635
1985-08-26,3.19448
1985-08-27,3.18707
1985-08-28,3.17659
1985-08-29,3.19174
1985-08-30,3.21324
1985-09-03,3.21971
1985-09-04,3.22076
1985-09-05,3.21663
1985-09-06,3.20392
1985-09-09,3.16071
1985-09-10,3.18540
1985-09-11,3.19288
1985-09-12,3.19752
1985-09-13,3.20649
1985-09-16,3.19780
1985-09-17,3.18687
1985-09-18,3.18916
1985-09-19,3.19309
1985-09-20,3.20164
1985-09-23,3.19777
1985-09-24,3.19496
1985-09-25,3.17091
1985-09-26,3.14988
1985-09-27,3.08135
1985-09-30,3.09155
1985-10-01,3.05783
1985-10-02,3.06007
1985-10-03,3.05928
1985-10-04,3.06016
1985-10-07,3.06638
1985-10-08,3.06768
1985-10-09,3.07692
1985-10-10,3.08452
1985-10-11,3.07410
1985-10-15,3.08420
1985-10-16,3.10345
1985-10-17,3.07551
1985-10-18,3.09724
1985-10-21,3.10206
1985-10-22,3.10828
1985-10-23,3.10350
1985-10-24,3.08654
1985-10-25,3.09300
1985-10-28,3.09350
1985-10-29,3.08553
1985-10-30,3.09798
1985-10-31,3.09853
1985-11-01,3.07781
1985-11-04,3.08124
1985-11-05,3.08265
1985-11-06,3.07378
1985-11-07,3.05949
1985-11-08,3.05638
1985-11-12,3.03796
1985-11-13,3.05125
1985-11-14,3.06023
1985-11-15,3.05658
1985-11-18,3.05346
1985-11-19,3.05265
1985-11-20,3.07141
1985-11-21,3.05824
1985-11-22,3.06635
1985-11-25,3.07417
1985-11-26,3.07500
1985-11-27,3.08032
1985-11-29,3.09857
1985-12-02,3.13104
1985-12-03,3.12602
1985-12-04,3.11413
1985-12-05,3.10105
1985-12-06,3.11206
1985-12-09,3.08483
1985-12-10,3.04276
1985-12-11,3.01259
1985-12-12,3.02793
1985-12-13,3.02615
1985-12-16,3.03723
1985-12-17,3.02630
1985-12-18,3.00071
1985-12-19,3.00554
1985-12-20,3.00798
1985-12-23,3.00800
1985-12-24,3.00228
1985-12-26,3.00514
1985-12-27,2.99397
1985-12-30,2.99468
1985-12-31,2.97688
1986-01-02,2.97360
1986-01-03,2.97599
1986-01-06,2.97014
1986-01-07,2.98474
1986-01-08,3.01054
1986-01-09,3.01290
1986-01-10,3.03127
1986-01-13,3.01947
1986-01-14,3.00936
1986-01-15,3.00072
1986-01-16,2.99827
1986-01-17,3.00718
1986-01-21,2.93666
1986-01-22,2.90017
1986-01-23,2.87286
1986-01-24,2.85057
1986-01-27,2.83120
1986-01-28,2.86046
1986-01-29,2.83731
1986-01-30,2.84627
1986-01-31,2.87489
1986-02-03,2.82121
1986-02-04,2.81396
1986-02-05,2.80798
1986-02-06,2.82560
1986-02-07,2.85185
1986-02-10,2.82606
1986-02-11,2.79864
1986-02-12,2.77519
1986-02-13,2.75762
1986-02-14,2.75847
1986-02-18,2.76960
1986-02-19,2.76642
1986-02-20,2.78705
1986-02-21,2.79618
1986-02-24,2.78274
1986-02-25,2.81334
1986-02-26,2.80003
1986-02-27,2.77926
1986-02-28,2.72990
1986-03-03,2.71011
1986-03-04,2.73884
1986-03-05,2.78003
1986-03-06,2.76782
1986-03-07,2.75454
1986-03-10,2.79509
1986-03-11,2.79767
1986-03-12,2.83556
1986-03-13,2.82066
1986-03-14,2.78305
1986-03-17,2.75948
1986-03-18,2.78131
1986-03-19,2.80284
1986-03-20,2.81645
1986-03-21,2.81156
1986-03-24,2.85364
1986-03-25,2.86654
1986-03-26,2.88496
1986-03-27,2.88872
1986-03-28,2.87883
1986-03-31,2.88198
1986-04-01,2.87143
1986-04-02,2.90129
1986-04-03,2.92032
1986-04-04,2.89031
1986-04-07,2.93013
1986-04-08,2.88667
1986-04-09,2.85829
1986-04-10,2.84274
1986-04-11,2.83985
1986-04-14,2.86794
1986-04-15,2.86222
1986-04-16,2.84498
1986-04-17,2.82330
1986-04-18,2.81876
1986-04-21,2.79583
1986-04-22,2.80736
1986-04-23,2.79860
1986-04-24,2.82362
1986-04-25,2.80686
1986-04-28,2.81216
1986-04-29,2.82555
1986-04-30,2.81216
1986-05-01,2.82306
1986-05-02,2.82344
1986-05-05,2.82324
1986-05-06,2.83172
1986-05-07,2.82488
1986-05-08,2.80049
1986-05-09,2.79192
1986-05-12,2.78989
1986-05-13,2.80233
1986-05-14,2.79788
1986-05-15,2.80737
1986-05-16,2.80931
1986-05-19,2.82365
1986-05-20,2.83589
1986-05-21,2.82605
1986-05-22,2.82281
1986-05-23,2.81638
1986-05-27,2.83198
1986-05-28,2.82893
1986-05-29,2.84598
1986-05-30,2.84673
1986-06-02,2.84419
1986-06-03,2.80830
1986-06-04,2.79780
1986-06-05,2.75684
1986-06-06,2.76967
1986-06-09,2.76213
1986-06-10,2.77373
1986-06-11,2.79050
1986-06-12,2.78404
1986-06-13,2.77575
1986-06-16,2.76576
1986-06-17,2.78228
1986-06-18,2.77486
1986-06-19,2.76650
1986-06-20,2.76945
1986-06-23,2.77253
1986-06-24,2.76615
1986-06-25,2.75705
1986-06-26,2.76478
1986-06-27,2.76453
1986-06-30,2.75241
1986-07-01,2.74713
1986-07-02,2.74208
1986-07-03,2.73138
1986-07-07,2.73243
1986-07-08,2.71739
1986-07-09,2.72021
1986-07-10,2.69445
1986-07-11,2.69213
1986-07-14,2.63696
1986-07-15,2.62887
1986-07-16,2.63815
1986-07-17,2.64308
1986-07-18,2.59365
1986-07-21,2.56783
1986-07-22,2.57562
1986-07-23,2.57684
1986-07-24,2.57616
1986-07-25,2.56709
1986-07-28,2.52073
1986-07-29,2.51711
1986-07-30,2.52755
1986-07-31,2.50261
1986-08-01,2.48069
1986-08-04,2.46656
1986-08-05,2.50594
1986-08-06,2.48188
1986-08-07,2.46050
1986-08-08,2.45839
1986-08-11,2.45952
1986-08-12,2.49183
1986-08-13,2.48298
1986-08-14,2.48059
1986-08-15,2.48543
1986-08-18,2.50224
1986-08-19,2.49249
1986-08-20,2.47782
1986-08-21,2.46517
1986-08-22,2.45355
1986-08-25,2.43165
1986-08-26,2.45067
1986-08-27,2.44176
1986-08-28,2.44522
1986-08-29,2.44196
1986-09-02,2.44080
1986-09-03,2.45314
1986-09-04,2.47105
1986-09-05,2.48841
1986-09-08,2.51197
1986-09-09,2.48553
1986-09-10,2.48074
1986-09-11,2.49743
1986-09-12,2.46642
1986-09-15,2.45521
1986-09-16,2.44577
1986-09-17,2.41888
1986-09-18,2.37082
1986-09-19,2.36683
1986-09-22,2.38643
1986-09-23,2.40620
1986-09-24,2.39838
1986-09-25,2.37986
1986-09-26,2.38615
1986-09-29,2.35168
1986-09-30,2.38281
1986-10-01,2.36895
1986-10-02,2.33223
1986-10-03,2.33771
1986-10-06,2.32955
1986-10-07,2.33352
1986-10-08,2.31217
1986-10-09,2.31841
1986-10-10,2.32010
1986-10-14,2.32145
1986-10-15,2.32474
1986-10-16,2.32715
1986-10-17,2.32035
1986-10-20,2.33243
1986-10-21,2.34032
1986-10-22,2.33400
1986-10-23,2.34007
1986-10-24,2.36370
1986-10-27,2.38115
1986-10-28,2.37297
1986-10-29,2.36556
1986-10-30,2.38019
1986-10-31,2.40478
1986-11-03,2.42478
1986-11-04,2.42784
1986-11-05,2.45624
1986-11-06,2.46065
1986-11-07,2.45224
1986-11-10,2.43864
1986-11-12,2.39586
1986-11-13,2.37749
1986-11-14,2.37629
1986-11-17,2.39183
1986-11-18,2.38265
1986-11-19,2.36954
1986-11-20,2.35576
1986-11-21,2.40857
1986-11-24,2.39377
1986-11-25,2.36026
1986-11-26,2.37618
1986-11-28,2.35522
1986-12-01,2.35446
1986-12-02,2.35872
1986-12-03,2.35071
1986-12-04,2.37639
1986-12-05,2.38929
1986-12-08,2.38396
1986-12-09,2.40712
1986-12-10,2.39775
1986-12-11,2.40216
1986-12-12,2.41935
1986-12-15,2.43520
1986-12-16,2.43746
1986-12-17,2.43208
1986-12-18,2.41531
1986-12-19,2.41369
1986-12-22,2.39297
1986-12-23,2.38417
1986-12-24,2.39790
1986-12-26,2.38956
1986-12-29,2.38364
1986-12-30,2.38693
1986-12-31,2.39288
1987-01-02,2.39905
1987-01-05,2.39912
1987-01-06,2.38146
1987-01-07,2.38309
1987-01-08,2.37611
1987-01-09,2.37319
1987-01-12,2.35969
1987-01-13,2.34873
1987-01-14,2.31858
1987-01-15,2.32702
1987-01-16,2.34162
1987-01-20,2.34306
1987-01-21,2.35285
1987-01-22,2.33262
1987-01-23,2.33693
1987-01-26,2.34005
1987-01-27,2.32724
1987-01-28,2.30876
1987-01-29,2.30982
1987-01-30,2.34065
1987-02-02,2.32510
1987-02-03,2.31862
1987-02-04,2.33364
1987-02-05,2.34737
1987-02-06,2.35914
1987-02-09,2.32797
1987-02-10,2.33001
1987-02-11,2.34237
1987-02-12,2.34847
1987-02-13,2.35446
1987-02-17,2.34695
1987-02-18,2.37023
1987-02-19,2.36991
1987-02-20,2.36161
1987-02-23,2.38628
1987-02-24,2.38608
1987-02-25,2.36628
1987-02-26,2.36453
1987-02-27,2.37863
1987-03-02,2.41079
1987-03-03,2.41030
1987-03-04,2.42218
1987-03-05,2.43610
1987-03-06,2.46464
1987-03-09,2.48483
1987-03-10,2.47703
1987-03-11,2.49769
1987-03-12,2.47816
1987-03-13,2.44763
1987-03-16,2.43391
1987-03-17,2.45927
1987-03-18,2.46989
1987-03-19,2.46032
1987-03-20,2.46275
1987-03-23,2.46362
1987-03-24,2.45291
1987-03-25,2.44869
1987-03-26,2.45222
1987-03-27,2.43668
1987-03-30,2.42244
1987-03-31,2.41925
1987-04-01,2.43752
1987-04-02,2.43612
1987-04-03,2.44809
1987-04-06,2.45715
1987-04-07,2.45185
1987-04-08,2.46774
1987-04-09,2.44985
1987-04-10,2.43094
1987-04-13,2.43425
1987-04-14,2.42652
1987-04-15,2.43142
1987-04-16,2.43517
1987-04-17,2.43928
1987-04-20,2.43678
1987-04-21,2.44080
1987-04-22,2.43734
1987-04-23,2.42675
1987-04-24,2.42502
1987-04-27,2.43538
1987-04-28,2.42886
1987-04-29,2.44730
1987-04-30,2.45267
1987-05-01,2.43784
1987-05-04,2.44036
1987-05-05,2.45525
1987-05-06,2.45157
1987-05-07,2.45215
1987-05-08,2.46316
1987-05-11,2.45150
1987-05-12,2.45201
1987-05-13,2.45780
1987-05-14,2.46560
1987-05-15,2.45317
1987-05-18,2.45748
1987-05-19,2.45458
1987-05-20,2.44699
1987-05-21,2.44963
1987-05-22,2.44353
1987-05-26,2.43137
1987-05-27,2.43065
1987-05-28,2.44880
1987-05-29,2.46456
1987-06-01,2.47198
1987-06-02,2.44536
1987-06-03,2.45449
1987-06-04,2.44035
1987-06-05,2.45311
1987-06-08,2.46027
1987-06-09,2.46395
1987-06-10,2.46600
1987-06-11,2.46553
1987-06-12,2.47811
1987-06-15,2.46858
1987-06-16,2.48529
1987-06-17,2.48145
1987-06-18,2.47066
1987-06-19,2.45960
1987-06-22,2.43780
1987-06-23,2.42885
1987-06-24,2.45174
1987-06-25,2.44882
1987-06-26,2.43920
1987-06-29,2.43637
1987-06-30,2.44435
1987-07-01,2.45477
1987-07-02,2.45880
1987-07-03,2.46450
1987-07-06,2.48341
1987-07-07,2.48583
1987-07-08,2.48131
1987-07-09,2.48302
1987-07-10,2.48548
1987-07-13,2.48625
1987-07-14,2.48148
1987-07-15,2.48491
1987-07-16,2.49340
1987-07-17,2.48754
1987-07-20,2.48358
1987-07-21,2.46969
1987-07-22,2.46539
1987-07-23,2.46472
1987-07-24,2.46233
1987-07-27,2.45815
1987-07-28,2.45940
1987-07-29,2.46480
1987-07-30,2.45266
1987-07-31,2.44789
1987-08-03,2.44497
1987-08-04,2.46192
1987-08-05,2.45818
1987-08-06,2.46178
1987-08-07,2.46358
1987-08-10,2.46514
1987-08-11,2.47559
1987-08-12,2.48334
1987-08-13,2.47393
1987-08-14,2.47577
1987-08-17,2.47789
1987-08-18,2.46928
1987-08-19,2.46528
1987-08-20,2.45661
1987-08-21,2.45105
1987-08-24,2.44010
1987-08-25,2.43204
1987-08-26,2.43130
1987-08-27,2.43199
1987-08-28,2.43585
1987-08-31,2.43877
1987-09-01,2.45613
1987-09-02,2.45629
1987-09-03,2.45733
1987-09-04,2.45907
1987-09-08,2.46316
1987-09-09,2.45501
1987-09-10,2.46053
1987-09-11,2.45917
1987-09-14,2.46849
1987-09-15,2.47134
1987-09-16,2.47779
1987-09-17,2.48066
1987-09-18,2.47757
1987-09-21,2.48031
1987-09-22,2.47457
1987-09-23,2.48399
1987-09-24,2.47324
1987-09-25,2.48120
1987-09-28,2.48604
1987-09-29,2.48869
1987-09-30,2.49163
1987-10-01,2.47979
1987-10-02,2.48898
1987-10-05,2.49350
1987-10-06,2.49829
1987-10-07,2.50000
1987-10-08,2.49458
1987-10-09,2.49092
1987-10-13,2.48617
1987-10-14,2.48182
1987-10-15,2.47920
1987-10-16,2.48502
1987-10-19,2.48202
1987-10-20,2.48345
1987-10-21,2.48720
1987-10-22,2.48268
1987-10-23,2.47739
1987-10-26,2.46962
1987-10-27,2.46607
1987-10-28,2.46922
1987-10-29,2.46691
1987-10-30,2.45998
1987-11-02,2.46313
1987-11-03,2.46076
1987-11-04,2.46678
1987-11-05,2.43894
1987-11-06,2.45811
1987-11-09,2.44845
1987-11-10,2.44016
1987-11-12,2.45694
1987-11-13,2.45492
1987-11-16,2.45012
1987-11-17,2.45193
1987-11-18,2.44867
1987-11-19,2.45113
1987-11-20,2.45508
1987-11-23,2.45121
1987-11-24,2.45746
1987-11-25,2.45833
1987-11-27,2.45971
1987-11-30,2.45619
1987-12-01,2.47410
1987-12-02,2.44972
1987-12-03,2.45484
1987-12-04,2.45325
1987-12-07,2.45156
1987-12-08,2.45105
1987-12-09,2.45269
1987-12-10,2.44235
1987-12-11,2.44624
1987-12-14,2.43975
1987-12-15,2.43223
1987-12-16,2.43315
1987-12-17,2.41740
1987-12-18,2.42377
1987-12-21,2.42920
1987-12-22,2.42266
1987-12-23,2.42571
1987-12-24,2.42033
1987-12-28,2.39955
1987-12-29,2.39903
1987-12-30,2.39595
1987-12-31,2.39815
1988-01-04,2.41224
1988-01-05,2.42541
1988-01-06,2.43273
1988-01-07,2.42927
1988-01-08,2.43688
1988-01-11,2.43706
1988-01-12,2.43052
1988-01-13,2.42800
1988-01-14,2.42197
1988-01-15,2.43608
1988-01-19,2.42931
1988-01-20,2.41800
1988-01-21,2.42636
1988-01-22,2.41793
1988-01-25,2.41290
1988-01-26,2.41352
1988-01-27,2.42303
1988-01-28,2.41714
1988-01-29,2.41872
1988-02-01,2.43056
1988-02-02,2.43009
1988-02-03,2.43771
1988-02-04,2.43610
1988-02-05,2.44296
1988-02-08,2.43203
1988-02-09,2.43269
1988-02-10,2.44110
1988-02-11,2.43977
1988-02-12,2.44738
1988-02-16,2.45019
1988-02-17,2.45184
1988-02-18,2.45241
1988-02-19,2.44753
1988-02-22,2.45405
1988-02-23,2.45532
1988-02-24,2.46022
1988-02-25,2.46165
1988-02-26,2.46011
1988-02-29,2.46941
1988-03-01,2.47369
1988-03-02,2.47645
1988-03-03,2.48762
1988-03-04,2.48235
1988-03-07,2.51554
1988-03-08,2.53683
1988-03-09,2.54757
1988-03-10,2.54145
1988-03-11,2.54168
1988-03-14,2.54308
1988-03-15,2.55331
1988-03-16,2.55681
1988-03-17,2.56808
1988-03-18,2.56053
1988-03-21,2.55698
1988-03-22,2.56495
1988-03-23,2.56514
1988-03-24,2.55934
1988-03-25,2.54544
1988-03-28,2.54777
1988-03-29,2.56772
1988-03-30,2.57695
1988-03-31,2.57027
1988-04-01,2.57985
1988-04-04,2.57410
1988-04-05,2.58493
1988-04-06,2.59329
1988-04-07,2.60150
1988-04-08,2.59291
1988-04-11,2.58817
1988-04-12,2.58734
1988-04-13,2.58367
1988-04-14,2.57689
1988-04-15,2.59207
1988-04-18,2.61193
1988-04-19,2.60295
1988-04-20,2.60307
1988-04-21,2.60998
1988-04-22,2.61334
1988-04-25,2.60311
1988-04-26,2.60004
1988-04-27,2.60511
1988-04-28,2.59483
1988-04-29,2.61788
1988-05-02,2.61651
1988-05-03,2.61040
1988-05-04,2.61048
1988-05-05,2.61161
1988-05-06,2.61031
1988-05-09,2.63346
1988-05-10,2.62446
1988-05-11,2.62920
1988-05-12,2.63098
1988-05-13,2.64788
1988-05-16,2.65300
1988-05-17,2.64585
1988-05-18,2.64958
1988-05-19,2.64551
1988-05-20,2.64513
1988-05-23,2.64953
1988-05-24,2.65497
1988-05-25,2.65462
1988-05-26,2.65226
1988-05-27,2.66562
1988-05-31,2.65404
1988-06-01,2.62801
1988-06-02,2.58593
1988-06-03,2.58253
1988-06-06,2.58108
1988-06-07,2.58830
1988-06-08,2.60313
1988-06-09,2.60515
1988-06-10,2.61137
1988-06-13,2.62035
1988-06-14,2.61103
1988-06-15,2.61832
1988-06-16,2.61011
1988-06-17,2.59804
1988-06-20,2.61153
1988-06-21,2.61132
1988-06-22,2.60403
1988-06-23,2.59617
1988-06-24,2.59962
1988-06-27,2.56386
1988-06-28,2.57344
1988-06-29,2.58574
1988-06-30,2.57304
1988-07-01,2.57442
1988-07-05,2.58877
1988-07-06,2.59062
1988-07-07,2.59317
1988-07-08,2.60456
1988-07-11,2.59196
1988-07-12,2.58257
1988-07-13,2.59009
1988-07-14,2.58740
1988-07-15,2.58723
1988-07-18,2.60955
1988-07-19,2.62151
1988-07-20,2.62684
1988-07-21,2.63985
1988-07-22,2.64138
1988-07-25,2.64671
1988-07-26,2.64862
1988-07-27,2.65499
1988-07-28,2.67091
1988-07-29,2.67100
1988-08-01,2.67557
1988-08-02,2.67185
1988-08-03,2.67277
1988-08-04,2.68057
1988-08-05,2.67649
1988-08-08,2.69896
1988-08-09,2.70320
1988-08-10,2.70583
1988-08-11,2.68938
1988-08-12,2.70235
1988-08-15,2.70437
1988-08-16,2.69864
1988-08-17,2.71038
1988-08-18,2.71281
1988-08-19,2.71025
1988-08-22,2.70148
1988-08-23,2.69476
1988-08-24,2.67791
1988-08-25,2.67159
1988-08-26,2.64795
1988-08-29,2.65459
1988-08-30,2.66351
1988-08-31,2.66655
1988-09-01,2.63852
1988-09-02,2.63211
1988-09-06,2.64606
1988-09-07,2.65534
1988-09-08,2.65230
1988-09-09,2.65111
1988-09-12,2.63490
1988-09-13,2.64620
1988-09-14,2.65154
1988-09-15,2.65793
1988-09-16,2.65455
1988-09-19,2.65066
1988-09-20,2.65593
1988-09-21,2.65260
1988-09-22,2.64716
1988-09-23,2.64917
1988-09-26,2.65556
1988-09-27,2.67047
1988-09-28,2.68219
1988-09-29,2.67990
1988-09-30,2.67754
1988-10-03,2.68139
1988-10-04,2.67768
1988-10-05,2.68447
1988-10-06,2.68169
1988-10-07,2.68297
1988-10-11,2.69561
1988-10-12,2.68478
1988-10-13,2.68721
1988-10-14,2.68750
1988-10-17,2.67436
1988-10-18,2.67081
1988-10-19,2.67775
1988-10-20,2.68424
1988-10-21,2.65674
1988-10-24,2.65528
1988-10-25,2.66088
1988-10-26,2.64853
1988-10-27,2.64409
1988-10-28,2.64851
1988-10-31,2.65611
1988-11-01,2.65106
1988-11-02,2.65594
1988-11-03,2.64612
1988-11-04,2.65390
1988-11-07,2.65176
1988-11-08,2.65835
1988-11-09,2.65312
1988-11-10,2.65218
1988-11-14,2.64871
1988-11-15,2.64456
1988-11-16,2.63575
1988-11-17,2.64524
1988-11-18,2.64881
1988-11-21,2.64770
1988-11-22,2.65122
1988-11-23,2.64603
1988-11-25,2.64982
1988-11-28,2.66495
1988-11-29,2.67599
1988-11-30,2.68818
1988-12-01,2.69081
1988-12-02,2.69172
1988-12-05,2.70194
1988-12-06,2.70901
1988-12-07,2.72275
1988-12-08,2.71230
1988-12-09,2.70192
1988-12-12,2.70068
1988-12-13,2.68921
1988-12-14,2.68094
1988-12-15,2.69146
1988-12-16,2.69739
1988-12-19,2.71186
1988-12-20,2.70041
1988-12-21,2.69967
1988-12-22,2.69238
1988-12-23,2.69708
1988-12-27,2.70521
1988-12-28,2.70751
1988-12-29,2.71117
1988-12-30,2.71659
1989-01-03,2.72881
1989-01-04,2.74449
1989-01-05,2.75112
1989-01-06,2.75721
1989-01-09,2.74691
1989-01-10,2.75926
1989-01-11,2.76972
1989-01-12,2.77645
1989-01-13,2.77962
1989-01-17,2.78731
1989-01-18,2.79000
1989-01-19,2.78439
1989-01-20,2.77365
1989-01-23,2.76299
1989-01-24,2.75941
1989-01-25,2.77670
1989-01-26,2.78010
1989-01-27,2.78921
1989-01-30,2.78224
1989-01-31,2.79961
1989-02-01,2.77749
1989-02-02,2.77574
1989-02-03,2.78213
1989-02-06,2.76642
1989-02-07,2.76442
1989-02-08,2.77371
1989-02-09,2.77154
1989-02-10,2.77632
1989-02-13,2.78079
1989-02-14,2.77630
1989-02-15,2.77265
1989-02-16,2.76997
1989-02-17,2.77038
1989-02-21,2.74589
1989-02-22,2.74549
1989-02-23,2.73495
1989-02-24,2.72918
1989-02-27,2.70895
1989-02-28,2.71172
1989-03-01,2.70431
1989-03-02,2.71453
1989-03-03,2.71313
1989-03-06,2.72774
1989-03-07,2.72641
1989-03-08,2.72743
1989-03-09,2.73102
1989-03-10,2.73117
1989-03-13,2.73404
1989-03-14,2.74646
1989-03-15,2.76603
1989-03-16,2.76842
1989-03-17,2.77150
1989-03-20,2.76296
1989-03-21,2.78982
1989-03-22,2.79587
1989-03-23,2.79873
1989-03-24,2.79955
1989-03-27,2.80694
1989-03-28,2.79034
1989-03-29,2.77693
1989-03-30,2.79868
1989-03-31,2.80165
1989-04-03,2.78115
1989-04-04,2.78580
1989-04-05,2.79109
1989-04-06,2.79349
1989-04-07,2.79824
1989-04-10,2.81158
1989-04-11,2.81202
1989-04-12,2.81910
1989-04-13,2.79579
1989-04-14,2.80279
1989-04-17,2.80765
1989-04-18,2.79763
1989-04-19,2.79754
1989-04-20,2.79481
1989-04-21,2.79911
1989-04-24,2.80136
1989-04-25,2.79673
1989-04-26,2.80007
1989-04-27,2.80440
1989-04-28,2.82638
1989-05-01,2.83854
1989-05-02,2.82730
1989-05-03,2.83322
1989-05-04,2.83875
1989-05-05,2.84223
1989-05-08,2.84594
1989-05-09,2.82996
1989-05-10,2.82968
1989-05-11,2.84297
1989-05-12,2.85382
1989-05-15,2.84918
1989-05-16,2.84590
1989-05-17,2.84505
1989-05-18,2.84050
1989-05-19,2.84653
1989-05-22,2.83278
1989-05-23,2.80386
1989-05-24,2.80333
1989-05-25,2.77528
1989-05-26,2.75846
1989-05-30,2.73528
1989-05-31,2.68113
1989-06-01,2.68208
1989-06-02,2.68269
1989-06-05,2.67942
1989-06-06,2.69207
1989-06-07,2.68702
1989-06-08,2.69467
1989-06-09,2.70396
1989-06-12,2.67729
1989-06-13,2.65641
1989-06-14,2.65410
1989-06-15,2.65795
1989-06-16,2.63998
1989-06-19,2.64009
1989-06-20,2.69600
1989-06-21,2.63459
1989-06-22,2.61718
1989-06-23,2.60890
1989-06-26,2.60235
1989-06-27,2.63937
1989-06-28,2.62716
1989-06-29,2.60282
1989-06-30,2.60068
1989-07-03,2.60883
1989-07-05,2.62344
1989-07-06,2.63094
1989-07-07,2.62987
1989-07-10,2.61811
1989-07-11,2.63012
1989-07-12,2.62350
1989-07-13,2.62906
1989-07-14,2.65479
1989-07-17,2.65854
1989-07-18,2.66656
1989-07-19,2.66602
1989-07-20,2.66997
1989-07-21,2.66596
1989-07-24,2.66052
1989-07-25,2.65241
1989-07-26,2.66084
1989-07-27,2.66888
1989-07-28,2.67094
1989-07-31,2.67661
1989-08-01,2.65966
1989-08-02,2.64749
1989-08-03,2.63838
1989-08-04,2.63965
1989-08-07,2.63259
1989-08-08,2.64434
1989-08-09,2.64558
1989-08-10,2.65462
1989-08-11,2.65097
1989-08-14,2.65273
1989-08-15,2.63957
1989-08-16,2.64009
1989-08-17,2.64577
1989-08-18,2.64272
1989-08-21,2.65378
1989-08-22,2.65013
1989-08-23,2.65038
1989-08-24,2.64951
1989-08-25,2.64848
1989-08-28,2.64411
1989-08-29,2.64371
1989-08-30,2.65348
1989-08-31,2.65534
1989-09-01,2.66231
1989-09-05,2.64099
1989-09-06,2.64793
1989-09-07,2.64842
1989-09-08,2.64551
1989-09-11,2.65229
1989-09-12,2.65470
1989-09-13,2.65507
1989-09-14,2.64894
1989-09-15,2.65595
1989-09-18,2.64272
1989-09-19,2.65539
1989-09-20,2.65776
1989-09-21,2.66113
1989-09-22,2.66110
1989-09-25,2.66442
1989-09-26,2.65932
1989-09-27,2.63226
1989-09-28,2.62428
1989-09-29,2.61995
1989-10-02,2.62822
1989-10-03,2.60957
1989-10-04,2.61068
1989-10-05,2.63565
1989-10-06,2.63702
1989-10-10,2.58059
1989-10-11,2.57915
1989-10-12,2.59581
1989-10-13,2.59853
1989-10-16,2.57440
1989-10-17,2.56761
1989-10-18,2.58098
1989-10-19,2.58527
1989-10-20,2.58547
1989-10-23,2.58964
1989-10-24,2.58873
1989-10-25,2.59331
1989-10-26,2.59391
1989-10-27,2.52323
1989-10-30,2.53630
1989-10-31,2.54693
1989-11-01,2.55299
1989-11-02,2.53910
1989-11-03,2.54751
1989-11-06,2.56385
1989-11-07,2.56088
1989-11-08,2.56545
1989-11-09,2.57249
1989-11-10,2.58149
1989-11-13,2.59283
1989-11-14,2.58026
1989-11-15,2.56682
1989-11-16,2.56821
1989-11-17,2.55799
1989-11-20,2.54521
1989-11-21,2.53573
1989-11-22,2.52692
1989-11-24,2.52265
1989-11-27,2.50468
1989-11-28,2.49297
1989-11-29,2.48825
1989-11-30,2.49804
1989-12-01,2.49374
1989-12-04,2.50156
1989-12-05,2.49725
1989-12-06,2.50118
1989-12-07,2.50827
1989-12-08,2.51574
1989-12-11,2.53814
1989-12-12,2.52966
1989-12-13,2.51276
1989-12-14,2.49840
1989-12-15,2.48716
1989-12-18,2.47910
1989-12-19,2.49920
1989-12-20,2.50481
1989-12-21,2.51209
1989-12-22,2.51175
1989-12-26,2.52113
1989-12-27,2.49513
1989-12-28,2.48387
1989-12-29,2.48789
1990-01-02,2.54036
1990-01-03,2.54146
1990-01-04,2.51222
1990-01-05,2.51596
1990-01-08,2.51868
1990-01-09,2.52522
1990-01-10,2.51371
1990-01-11,2.51160
1990-01-12,2.49499
1990-01-16,2.51284
1990-01-17,2.48548
1990-01-18,2.49712
1990-01-19,2.49383
1990-01-22,2.51106
1990-01-23,2.48681
1990-01-24,2.47683
1990-01-25,2.46603
1990-01-26,2.48219
1990-01-29,2.49371
1990-01-30,2.50757
1990-01-31,2.52561
1990-02-01,2.51925
1990-02-02,2.51766
1990-02-05,2.50881
1990-02-06,2.51387
1990-02-07,2.51699
1990-02-08,2.52159
1990-02-09,2.53385
1990-02-12,2.53525
1990-02-13,2.53085
1990-02-14,2.53104
1990-02-15,2.53174
1990-02-16,2.53221
1990-02-20,2.53024
1990-02-21,2.52907
1990-02-22,2.52486
1990-02-23,2.52565
1990-02-26,2.51735
1990-02-27,2.50981
1990-02-28,2.51943
1990-03-01,2.50749
1990-03-02,2.49876
1990-03-05,2.45821
1990-03-06,2.47279
1990-03-07,2.46960
1990-03-08,2.47914
1990-03-09,2.44709
1990-03-12,2.45395
1990-03-13,2.44519
1990-03-14,2.45696
1990-03-15,2.46199
1990-03-16,2.45049
1990-03-19,2.42947
1990-03-20,2.44274
1990-03-21,2.42506
1990-03-22,2.42555
1990-03-23,2.43584
1990-03-26,2.47006
1990-03-27,2.46829
1990-03-28,2.46745
1990-03-29,2.44771
1990-03-30,2.46786
1990-04-02,2.45962
1990-04-03,2.45780
1990-04-04,2.47292
1990-04-05,2.46389
1990-04-06,2.45994
1990-04-09,2.45158
1990-04-10,2.44533
1990-04-11,2.43758
1990-04-12,2.43481
1990-04-13,2.43323
1990-04-16,2.43076
1990-04-17,2.43506
1990-04-18,2.43079
1990-04-19,2.43681
1990-04-20,2.43876
1990-04-23,2.44194
1990-04-24,2.43137
1990-04-25,2.40138
1990-04-26,2.38729
1990-04-27,2.38384
1990-04-30,2.37709
1990-05-01,2.38763
1990-05-02,2.39155
1990-05-03,2.38857
1990-05-04,2.39824
1990-05-07,2.38949
1990-05-08,2.39232
1990-05-09,2.35610
1990-05-10,2.33909
1990-05-11,2.34566
1990-05-14,2.35045
1990-05-15,2.34446
1990-05-16,2.35215
1990-05-17,2.37523
1990-05-18,2.37538
1990-05-21,2.40825
1990-05-22,2.39851
1990-05-23,2.39251
1990-05-24,2.39905
1990-05-25,2.40794
1990-05-29,2.38909
1990-05-30,2.40562
1990-05-31,2.40235
1990-06-01,2.41792
1990-06-04,2.41374
1990-06-05,2.41451
1990-06-06,2.41178
1990-06-07,2.42867
1990-06-08,2.43943
1990-06-11,2.42835
1990-06-12,2.44637
1990-06-13,2.44589
1990-06-14,2.44799
1990-06-15,2.44926
1990-06-18,2.42634
1990-06-19,2.42206
1990-06-20,2.43711
1990-06-21,2.44178
1990-06-22,2.44194
1990-06-25,2.44108
1990-06-26,2.44012
1990-06-27,2.45382
1990-06-28,2.45904
1990-06-29,2.46990
1990-07-02,2.47575
1990-07-03,2.48132
1990-07-05,2.49234
1990-07-06,2.50357
1990-07-09,2.51986
1990-07-10,2.53412
1990-07-11,2.52337
1990-07-12,2.52698
1990-07-13,2.51580
1990-07-16,2.55548
1990-07-17,2.54845
1990-07-18,2.56472
1990-07-19,2.55852
1990-07-20,2.55352
1990-07-23,2.52776
1990-07-24,2.50912
1990-07-25,2.48958
1990-07-26,2.49946
1990-07-27,2.50917
1990-07-30,2.51659
1990-07-31,2.50688
1990-08-01,2.51438
1990-08-02,2.50832
1990-08-03,2.50835
1990-08-06,2.49382
1990-08-07,2.49812
1990-08-08,2.50746
1990-08-09,2.50515
1990-08-10,2.50561
1990-08-13,2.48022
1990-08-14,2.47161
1990-08-15,2.45631
1990-08-16,2.47390
1990-08-17,2.45922
1990-08-20,2.47994
1990-08-21,2.47176
1990-08-22,2.45470
1990-08-23,2.45999
1990-08-24,2.46742
1990-08-27,2.47910
1990-08-28,2.49659
1990-08-29,2.50146
1990-08-30,2.49135
1990-08-31,2.47588
1990-09-04,2.47139
1990-09-05,2.46392
1990-09-06,2.47815
1990-09-07,2.46970
1990-09-10,2.44758
1990-09-11,2.45933
1990-09-12,2.46636
1990-09-13,2.46557
1990-09-14,2.45016
1990-09-17,2.44863
1990-09-18,2.45972
1990-09-19,2.46136
1990-09-20,2.46637
1990-09-21,2.44083
1990-09-24,2.44442
1990-09-25,2.44369
1990-09-26,2.44399
1990-09-27,2.44715
1990-09-28,2.43443
1990-10-01,2.43578
1990-10-02,2.44004
1990-10-03,2.43879
1990-10-04,2.44122
1990-10-05,2.51314
1990-10-09,2.51675
1990-10-10,2.51426
1990-10-11,2.53535
1990-10-12,2.52269
1990-10-15,2.51709
1990-10-16,2.50294
1990-10-17,2.50246
1990-10-18,2.48877
1990-10-19,2.48873
1990-10-22,2.49756
1990-10-23,2.49455
1990-10-24,2.48484
1990-10-25,2.49512
1990-10-26,2.50587
1990-10-29,2.51367
1990-10-30,2.51120
1990-10-31,2.50194
1990-11-01,2.48869
1990-11-02,2.47990
1990-11-05,2.46307
1990-11-06,2.46646
1990-11-07,2.45801
1990-11-08,2.45574
1990-11-09,2.45821
1990-11-13,2.46258
1990-11-14,2.44362
1990-11-15,2.45385
1990-11-16,2.44593
1990-11-19,2.45507
1990-11-20,2.45677
1990-11-21,2.46319
1990-11-23,2.47541
1990-11-26,2.49165
1990-11-27,2.48963
1990-11-28,2.50108
1990-11-29,2.49219
1990-11-30,2.47528
1990-12-03,2.47985
1990-12-04,2.47342
1990-12-05,2.46685
1990-12-06,2.46609
1990-12-07,2.46295
1990-12-10,2.45144
1990-12-11,2.45782
1990-12-12,2.45820
1990-12-13,2.45967
1990-12-14,2.47082
1990-12-17,2.45902
1990-12-18,2.45801
1990-12-19,2.45221
1990-12-20,2.45817
1990-12-21,2.46748
1990-12-24,2.45706
1990-12-26,2.46371
1990-12-27,2.46462
1990-12-28,2.45774
1990-12-31,2.46287
1991-01-02,2.45183
1991-01-03,2.46545
1991-01-04,2.46426
1991-01-07,2.46161
1991-01-08,2.45474
1991-01-09,2.45176
1991-01-10,2.45475
1991-01-11,2.44088
1991-01-14,2.44353
1991-01-15,2.45107
1991-01-16,2.45524
1991-01-17,2.44664
1991-01-18,2.45049
1991-01-22,2.45072
1991-01-23,2.45005
1991-01-24,2.46570
1991-01-25,2.46624
1991-01-28,2.48183
1991-01-29,2.48277
1991-01-30,2.48578
1991-01-31,2.47200
1991-02-01,2.47530
1991-02-04,2.47371
1991-02-05,2.47670
1991-02-06,2.46792
1991-02-07,2.47055
1991-02-08,2.47268
1991-02-11,2.46705
1991-02-12,2.47959
1991-02-13,2.48855
1991-02-14,2.48862
1991-02-15,2.49852
1991-02-19,2.50098
1991-02-20,2.49182
1991-02-21,2.49374
1991-02-22,2.50632
1991-02-25,2.50769
1991-02-26,2.50624
1991-02-27,2.52059
1991-02-28,2.53342
1991-03-01,2.52799
1991-03-04,2.54125
1991-03-05,2.53994
1991-03-06,2.54156
1991-03-07,2.54669
1991-03-08,2.55429
1991-03-11,2.53608
1991-03-12,2.53159
1991-03-13,2.54176
1991-03-14,2.53943
1991-03-15,2.53945
1991-03-18,2.52911
1991-03-19,2.52118
1991-03-20,2.52798
1991-03-21,2.52778
1991-03-22,2.52201
1991-03-25,2.52073
1991-03-26,2.51630
1991-03-27,2.53001
1991-03-28,2.52735
1991-03-29,2.52667
1991-04-01,2.52893
1991-04-02,2.52178
1991-04-03,2.51662
1991-04-04,2.50581
1991-04-05,2.51239
1991-04-08,2.53128
1991-04-09,2.53000
1991-04-10,2.53381
1991-04-11,2.52730
1991-04-12,2.53555
1991-04-15,2.54469
1991-04-16,2.53622
1991-04-17,2.54234
1991-04-18,2.55534
1991-04-19,2.52965
1991-04-22,2.50296
1991-04-23,2.49872
1991-04-24,2.48992
1991-04-25,2.48230
1991-04-26,2.49452
1991-04-29,2.48785
1991-04-30,2.49569
1991-05-01,2.49482
1991-05-02,2.50515
1991-05-03,2.50169
1991-05-06,2.50673
1991-05-07,2.51162
1991-05-08,2.51632
1991-05-09,2.50980
1991-05-10,2.50817
1991-05-13,2.50043
1991-05-14,2.48948
1991-05-15,2.50218
1991-05-16,2.51527
1991-05-17,2.52056
1991-05-20,2.50765
1991-05-21,2.51693
1991-05-22,2.52159
1991-05-23,2.52611
1991-05-24,2.51792
1991-05-28,2.52269
1991-05-29,2.53685
1991-05-30,2.51501
1991-05-31,2.51690
1991-06-03,2.52758
1991-06-04,2.52895
1991-06-05,2.53421
1991-06-06,2.53544
1991-06-07,2.53844
1991-06-10,2.52303
1991-06-11,2.51620
1991-06-12,2.52014
1991-06-13,2.51769
1991-06-14,2.51352
1991-06-17,2.51260
1991-06-18,2.51749
1991-06-19,2.51175
1991-06-20,2.51501
1991-06-21,2.52292
1991-06-24,2.51806
1991-06-25,2.52768
1991-06-26,2.53156
1991-06-27,2.52897
1991-06-28,2.52136
1991-07-01,2.52582
1991-07-02,2.53123
1991-07-03,2.54175
1991-07-05,2.54441
1991-07-08,2.54517
1991-07-09,2.55231
1991-07-10,2.54822
1991-07-11,2.55472
1991-07-12,2.55801
1991-07-15,2.55623
1991-07-16,2.56699
1991-07-17,2.56734
1991-07-18,2.55831
1991-07-19,2.56172
1991-07-22,2.56009
1991-07-23,2.56818
1991-07-24,2.56064
1991-07-25,2.56365
1991-07-26,2.55653
1991-07-29,2.56571
1991-07-30,2.56812
1991-07-31,2.57075
1991-08-01,2.56978
1991-08-02,2.55550
1991-08-05,2.56239
1991-08-06,2.55984
1991-08-07,2.55995
1991-08-08,2.56290
1991-08-09,2.56780
1991-08-12,2.56454
1991-08-13,2.56393
1991-08-14,2.56244
1991-08-15,2.57090
1991-08-16,2.56025
1991-08-19,2.52812
1991-08-20,2.53603
1991-08-21,2.55323
1991-08-22,2.55388
1991-08-23,2.56059
1991-08-26,2.56550
1991-08-27,2.55830
1991-08-28,2.56431
1991-08-29,2.56343
1991-08-30,2.56804
1991-09-03,2.58116
1991-09-04,2.58052
1991-09-05,2.58426
1991-09-06,2.58445
1991-09-09,2.57785
1991-09-10,2.56053
1991-09-11,2.56435
1991-09-12,2.56110
1991-09-13,2.55717
1991-09-16,2.54522
1991-09-17,2.54050
1991-09-18,2.54033
1991-09-19,2.55260
1991-09-20,2.54538
1991-09-23,2.54447
1991-09-24,2.53302
1991-09-25,2.53857
1991-09-26,2.53933
1991-09-27,2.53517
1991-09-30,2.53854
1991-10-01,2.53891
1991-10-02,2.54561
1991-10-03,2.55093
1991-10-04,2.55391
1991-10-07,2.55509
1991-10-08,2.54714
1991-10-09,2.54205
1991-10-10,2.54072
1991-10-11,2.54771
1991-10-15,2.54383
1991-10-16,2.54533
1991-10-17,2.54488
1991-10-18,2.54701
1991-10-21,2.54511
1991-10-22,2.53643
1991-10-23,2.54096
1991-10-24,2.54662
1991-10-25,2.54833
1991-10-28,2.55762
1991-10-29,2.54738
1991-10-30,2.55097
1991-10-31,2.55271
1991-11-01,2.55643
1991-11-04,2.55530
1991-11-05,2.56415
1991-11-06,2.56905
1991-11-07,2.56095
1991-11-08,2.56542
1991-11-12,2.57267
1991-11-13,2.57305
1991-11-14,2.56922
1991-11-15,2.57032
1991-11-18,2.55418
1991-11-19,2.54803
1991-11-20,2.55388
1991-11-21,2.55042
1991-11-22,2.53586
1991-11-25,2.53327
1991-11-26,2.51888
1991-11-27,2.52253
1991-11-29,2.53531
1991-12-02,2.52797
1991-12-03,2.53144
1991-12-04,2.53279
1991-12-05,2.52239
1991-12-06,2.51529
1991-12-09,2.51129
1991-12-10,2.52305
1991-12-11,2.51763
1991-12-12,2.52485
1991-12-13,2.54319
1991-12-16,2.54052
1991-12-17,2.54191
1991-12-18,2.54517
1991-12-19,2.53491
1991-12-20,2.53348
1991-12-23,2.52580
1991-12-24,2.53461
1991-12-26,2.53297
1991-12-27,2.53566
1991-12-30,2.52986
1991-12-31,2.54059
1992-01-02,2.54997
1992-01-03,2.53911
1992-01-06,2.53191
1992-01-07,2.52423
1992-01-08,2.52760
1992-01-09,2.53250
1992-01-10,2.52867
1992-01-13,2.51883
1992-01-14,2.52504
1992-01-15,2.53059
1992-01-16,2.52993
1992-01-17,2.52799
1992-01-21,2.53650
1992-01-22,2.53974
1992-01-23,2.54353
1992-01-24,2.54468
1992-01-27,2.55283
1992-01-28,2.54979
1992-01-29,2.56186
1992-01-30,2.55674
1992-01-31,2.55635
1992-02-03,2.56343
1992-02-04,2.56080
1992-02-05,2.56051
1992-02-06,2.56144
1992-02-07,2.55421
1992-02-10,2.56170
1992-02-11,2.56574
1992-02-12,2.57184
1992-02-13,2.58685
1992-02-14,2.59593
1992-02-18,2.60812
1992-02-19,2.60827
1992-02-20,2.60676
1992-02-21,2.60915
1992-02-24,2.60566
1992-02-25,2.60843
1992-02-26,2.61651
1992-02-27,2.61182
1992-02-28,2.60667
1992-03-02,2.61018
1992-03-03,2.62087
1992-03-04,2.62578
1992-03-05,2.61531
1992-03-06,2.60608
1992-03-09,2.59731
1992-03-10,2.60285
1992-03-11,2.60266
1992-03-12,2.58279
1992-03-13,2.58001
1992-03-16,2.59046
1992-03-17,2.59044
1992-03-18,2.58718
1992-03-19,2.59196
1992-03-20,2.60235
1992-03-23,2.60247
1992-03-24,2.60492
1992-03-25,2.59785
1992-03-26,2.61150
1992-03-27,2.60306
1992-03-30,2.60693
1992-03-31,2.60809
1992-04-01,2.60532
1992-04-02,2.59893
1992-04-03,2.59543
1992-04-06,2.60536
1992-04-07,2.61022
1992-04-08,2.60937
1992-04-09,2.62304
1992-04-10,2.66196
1992-04-13,2.68722
1992-04-14,2.68018
1992-04-15,2.69271
1992-04-16,2.69661
1992-04-17,2.69586
1992-04-20,2.69821
1992-04-21,2.70335
1992-04-22,2.71678
1992-04-23,2.72006
1992-04-24,2.71664
1992-04-27,2.72339
1992-04-28,2.69311
1992-04-29,2.69381
1992-04-30,2.69258
1992-05-01,2.68084
1992-05-04,2.68230
1992-05-05,2.68715
1992-05-06,2.69514
1992-05-07,2.71595
1992-05-08,2.73329
1992-05-11,2.73933
1992-05-12,2.72752
1992-05-13,2.70939
1992-05-14,2.68950
1992-05-15,2.70686
1992-05-18,2.68906
1992-05-19,2.68488
1992-05-20,2.69224
1992-05-21,2.69350
1992-05-22,2.70138
1992-05-26,2.70420
1992-05-27,2.67741
1992-05-28,2.66763
1992-05-29,2.66362
1992-06-01,2.66442
1992-06-02,2.66557
1992-06-03,2.67279
1992-06-04,2.66746
1992-06-05,2.66202
1992-06-08,2.66330
1992-06-09,2.66813
1992-06-10,2.66129
1992-06-11,2.64261
1992-06-12,2.64210
1992-06-15,2.62621
1992-06-16,2.61719
1992-06-17,2.63109
1992-06-18,2.63526
1992-06-19,2.63388
1992-06-22,2.63403
1992-06-23,2.64070
1992-06-24,2.63607
1992-06-25,2.63238
1992-06-26,2.61819
1992-06-29,2.60870
1992-06-30,2.61698
1992-07-01,2.61131
1992-07-02,2.60453
1992-07-03,2.59065
1992-07-06,2.58606
1992-07-07,2.59577
1992-07-08,2.58733
1992-07-09,2.60144
1992-07-10,2.60469
1992-07-13,2.57716
1992-07-14,2.57911
1992-07-15,2.57308
1992-07-16,2.57016
1992-07-17,2.54776
1992-07-20,2.51822
1992-07-21,2.52530
1992-07-22,2.51666
1992-07-23,2.51770
1992-07-24,2.52516
1992-07-27,2.51542
1992-07-28,2.51524
1992-07-29,2.53250
1992-07-30,2.53551
1992-07-31,2.53360
1992-08-03,2.53905
1992-08-04,2.53651
1992-08-05,2.53205
1992-08-06,2.53814
1992-08-07,2.53241
1992-08-10,2.53845
1992-08-11,2.54650
1992-08-12,2.54772
1992-08-13,2.53717
1992-08-14,2.53727
1992-08-17,2.53225
1992-08-18,2.52981
1992-08-19,2.52012
1992-08-20,2.50436
1992-08-21,2.49075
1992-08-24,2.47806
1992-08-25,2.48111
1992-08-26,2.50298
1992-08-27,2.50000
1992-08-28,2.49603
1992-08-31,2.47961
1992-09-01,2.47605
1992-09-02,2.48347
1992-09-03,2.50446
1992-09-04,2.49601
1992-09-08,2.46886
1992-09-09,2.47284
1992-09-10,2.46888
1992-09-11,2.47932
1992-09-14,2.48818
1992-09-15,2.46023
1992-09-16,2.39134
1992-09-17,2.30714
1992-09-18,2.26681
1992-09-21,2.22726
1992-09-22,2.22412
1992-09-23,2.23902
1992-09-24,2.23124
1992-09-25,2.22317
1992-09-28,2.19907
1992-09-29,2.20502
1992-09-30,2.20103
1992-10-01,2.15883
1992-10-02,2.10713
1992-10-05,2.08539
1992-10-06,2.13906
1992-10-07,2.17193
1992-10-08,2.19834
1992-10-09,2.23137
1992-10-13,2.25197
1992-10-14,2.22944
1992-10-15,2.20027
1992-10-16,2.18295
1992-10-19,2.15648
1992-10-20,2.20942
1992-10-21,2.17490
1992-10-22,2.18785
1992-10-23,2.19839
1992-10-26,2.17119
1992-10-27,2.15491
1992-10-28,2.16191
1992-10-29,2.16046
1992-10-30,2.15156
1992-11-02,2.14395
1992-11-03,2.15557
1992-11-04,2.17182
1992-11-05,2.17933
1992-11-06,2.19960
1992-11-09,2.16826
1992-11-10,2.17506
1992-11-12,2.18550
1992-11-13,2.18866
1992-11-16,2.18427
1992-11-17,2.21024
1992-11-18,2.21378
1992-11-19,2.19703
1992-11-20,2.17795
1992-11-23,2.18513
1992-11-24,2.18335
1992-11-25,2.18240
1992-11-27,2.17660
1992-11-30,2.17572
1992-12-01,2.17191
1992-12-02,2.15402
1992-12-03,2.20892
1992-12-04,2.23291
1992-12-07,2.22046
1992-12-08,2.22604
1992-12-09,2.20844
1992-12-10,2.19913
1992-12-11,2.18959
1992-12-14,2.20423
1992-12-15,2.20865
1992-12-16,2.20347
1992-12-17,2.20604
1992-12-18,2.21030
1992-12-21,2.21145
1992-12-22,2.20769
1992-12-23,2.20052
1992-12-24,2.20606
1992-12-28,2.19921
1992-12-29,2.21264
1992-12-30,2.20668
1992-12-31,2.21819
1993-01-04,2.22005
1993-01-05,2.27163
1993-01-06,2.29192
1993-01-07,2.29263
1993-01-08,2.30213
1993-01-11,2.31241
1993-01-12,2.30597
1993-01-13,2.29828
1993-01-14,2.27993
1993-01-15,2.29039
1993-01-19,2.28251
1993-01-20,2.26684
1993-01-21,2.24734
1993-01-22,2.23610
1993-01-25,2.24938
1993-01-26,2.23462
1993-01-27,2.21187
1993-01-28,2.21565
1993-01-29,2.21034
1993-02-01,2.20776
1993-02-02,2.20359
1993-02-03,2.18792
1993-02-04,2.21202
1993-02-05,2.21193
1993-02-08,2.20541
1993-02-09,2.18732
1993-02-10,2.18746
1993-02-11,2.17655
1993-02-12,2.18342
1993-02-16,2.18225
1993-02-17,2.17297
1993-02-18,2.18262
1993-02-19,2.18882
1993-02-22,2.16768
1993-02-23,2.16453
1993-02-24,2.15251
1993-02-25,2.16717
1993-02-26,2.16915
1993-03-01,2.19262
1993-03-02,2.20252
1993-03-03,2.21272
1993-03-04,2.20712
1993-03-05,2.23803
1993-03-08,2.22391
1993-03-09,2.21389
1993-03-10,2.19991
1993-03-11,2.18754
1993-03-12,2.18157
1993-03-15,2.18239
1993-03-16,2.19991
1993-03-17,2.22504
1993-03-18,2.24509
1993-03-19,2.24795
1993-03-22,2.25320
1993-03-23,2.23925
1993-03-24,2.23474
1993-03-25,2.24340
1993-03-26,2.24892
1993-03-29,2.24888
1993-03-30,2.23651
1993-03-31,2.25064
1993-04-01,2.26217
1993-04-02,2.25601
1993-04-05,2.24502
1993-04-06,2.25306
1993-04-07,2.25325
1993-04-08,2.25702
1993-04-09,2.25627
1993-04-12,2.26436
1993-04-13,2.25296
1993-04-14,2.26214
1993-04-15,2.26123
1993-04-16,2.25324
1993-04-19,2.26054
1993-04-20,2.25775
1993-04-21,2.24612
1993-04-22,2.25697
1993-04-23,2.25303
1993-04-26,2.25473
1993-04-27,2.24988
1993-04-28,2.25137
1993-04-29,2.24439
1993-04-30,2.25239
1993-05-03,2.23618
1993-05-04,2.22519
1993-05-05,2.21970
1993-05-06,2.23033
1993-05-07,2.24580
1993-05-10,2.23254
1993-05-11,2.24904
1993-05-12,2.24114
1993-05-13,2.22471
1993-05-14,2.23231
1993-05-17,2.25065
1993-05-18,2.26447
1993-05-19,2.27196
1993-05-20,2.27860
1993-05-21,2.27070
1993-05-24,2.25894
1993-05-25,2.24981
1993-05-26,2.26113
1993-05-27,2.23535
1993-05-28,2.21364
1993-06-01,2.21033
1993-06-02,2.19602
1993-06-03,2.19935
1993-06-04,2.21329
1993-06-07,2.21605
1993-06-08,2.21168
1993-06-09,2.23330
1993-06-10,2.23029
1993-06-11,2.21037
1993-06-14,2.21408
1993-06-15,2.22725
1993-06-16,2.23425
1993-06-17,2.23913
1993-06-18,2.24491
1993-06-21,2.23438
1993-06-22,2.23545
1993-06-23,2.21854
1993-06-24,2.22777
1993-06-25,2.23555
1993-06-28,2.24664
1993-06-29,2.25613
1993-06-30,2.25515
1993-07-01,2.26951
1993-07-02,2.27499
1993-07-06,2.28110
1993-07-07,2.26553
1993-07-08,2.26383
1993-07-09,2.26352
1993-07-12,2.25983
1993-07-13,2.26709
1993-07-14,2.26918
1993-07-15,2.25778
1993-07-16,2.24146
1993-07-19,2.24562
1993-07-20,2.25983
1993-07-21,2.27463
1993-07-22,2.26610
1993-07-23,2.27218
1993-07-26,2.28378
1993-07-27,2.26474
1993-07-28,2.26274
1993-07-29,2.26482
1993-07-30,2.26166
1993-08-02,2.23819
1993-08-03,2.25861
1993-08-04,2.26065
1993-08-05,2.25302
1993-08-06,2.24936
1993-08-09,2.24436
1993-08-10,2.24645
1993-08-11,2.25199
1993-08-12,2.23336
1993-08-13,2.22782
1993-08-16,2.22214
1993-08-17,2.24248
1993-08-18,2.25102
1993-08-19,2.23476
1993-08-20,2.23314
1993-08-23,2.23015
1993-08-24,2.21349
1993-08-25,2.20107
1993-08-26,2.20132
1993-08-27,2.20738
1993-08-30,2.19675
1993-08-31,2.20116
1993-09-01,2.19961
1993-09-02,2.17940
1993-09-03,2.18101
1993-09-07,2.18556
1993-09-08,2.19058
1993-09-09,2.17095
1993-09-10,2.16068
1993-09-13,2.17116
1993-09-14,2.16097
1993-09-15,2.15682
1993-09-16,2.14886
1993-09-17,2.14976
1993-09-20,2.14964
1993-09-21,2.14941
1993-09-22,2.15653
1993-09-23,2.15899
1993-09-24,2.15959
1993-09-27,2.15668
1993-09-28,2.14091
1993-09-29,2.13638
1993-09-30,2.14093
1993-10-01,2.14402
1993-10-04,2.14792
1993-10-05,2.15575
1993-10-06,2.16967
1993-10-07,2.17047
1993-10-08,2.15766
1993-10-12,2.14417
1993-10-13,2.14005
1993-10-14,2.15202
1993-10-15,2.15754
1993-10-18,2.14874
1993-10-19,2.15639
1993-10-20,2.16709
1993-10-21,2.18267
1993-10-22,2.17317
1993-10-25,2.18787
1993-10-26,2.19055
1993-10-27,2.19069
1993-10-28,2.20808
1993-10-29,2.20685
1993-11-01,2.22313
1993-11-02,2.22609
1993-11-03,2.22387
1993-11-04,2.22345
1993-11-05,2.21867
1993-11-08,2.19932
1993-11-09,2.19645
1993-11-10,2.20419
1993-11-12,2.21929
1993-11-15,2.22346
1993-11-16,2.22527
1993-11-17,2.21098
1993-11-18,2.22074
1993-11-19,2.21715
1993-11-22,2.20215
1993-11-23,2.21442
1993-11-24,2.22128
1993-11-26,2.21630
1993-11-29,2.21875
1993-11-30,2.22813
1993-12-01,2.21572
1993-12-02,2.22028
1993-12-03,2.21979
1993-12-06,2.19766
1993-12-07,2.18673
1993-12-08,2.19241
1993-12-09,2.19324
1993-12-10,2.17710
1993-12-13,2.18331
1993-12-14,2.18110
1993-12-15,2.17485
1993-12-16,2.17327
1993-12-17,2.16938
1993-12-20,2.17320
1993-12-21,2.16093
1993-12-22,2.14871
1993-12-23,2.15704
1993-12-24,2.16293
1993-12-27,2.17261
1993-12-28,2.16805
1993-12-29,2.17236
1993-12-30,2.19073
1993-12-31,2.19858
1994-01-03,2.20074
1994-01-04,2.20730
1994-01-05,2.20178
1994-01-06,2.19949
1994-01-07,2.19043
1994-01-10,2.19818
1994-01-11,2.20227
1994-01-12,2.20153
1994-01-13,2.20984
1994-01-14,2.20847
1994-01-18,2.19126
1994-01-19,2.17832
1994-01-20,2.18089
1994-01-21,2.18909
1994-01-24,2.18363
1994-01-25,2.19618
1994-01-26,2.19707
1994-01-27,2.19737
1994-01-28,2.19298
1994-01-31,2.19493
1994-02-01,2.17947
1994-02-02,2.17180
1994-02-03,2.16557
1994-02-04,2.15471
1994-02-07,2.18043
1994-02-08,2.17839
1994-02-09,2.15726
1994-02-10,2.16113
1994-02-11,2.16274
1994-02-14,2.16282
1994-02-15,2.14381
1994-02-16,2.14623
1994-02-17,2.15140
1994-02-18,2.14613
1994-02-22,2.14267
1994-02-23,2.14549
1994-02-24,2.13705
1994-02-25,2.12480
1994-02-28,2.11959
1994-03-01,2.13904
1994-03-02,2.13314
1994-03-03,2.14350
1994-03-04,2.14552
1994-03-07,2.14637
1994-03-08,2.14148
1994-03-09,2.14094
1994-03-10,2.13192
1994-03-11,2.12624
1994-03-14,2.14734
1994-03-15,2.14701
1994-03-16,2.13987
1994-03-17,2.14275
1994-03-18,2.14104
1994-03-21,2.13236
1994-03-22,2.12502
1994-03-23,2.13368
1994-03-24,2.12108
1994-03-25,2.12114
1994-03-28,2.12781
1994-03-29,2.11687
1994-03-30,2.09976
1994-03-31,2.09777
1994-04-01,2.10181
1994-04-04,2.09557
1994-04-05,2.10937
1994-04-06,2.12792
1994-04-07,2.13098
1994-04-08,2.13094
1994-04-11,2.12139
1994-04-12,2.13772
1994-04-13,2.12954
1994-04-14,2.13391
1994-04-15,2.13993
1994-04-18,2.14622
1994-04-19,2.13135
1994-04-20,2.13967
1994-04-21,2.14395
1994-04-22,2.13929
1994-04-25,2.13691
1994-04-26,2.15534
1994-04-27,2.14393
1994-04-28,2.14006
1994-04-29,2.13303
1994-05-02,2.12604
1994-05-03,2.11757
1994-05-04,2.11501
1994-05-05,2.12193
1994-05-06,2.11275
1994-05-09,2.11515
1994-05-10,2.13176
1994-05-11,2.12944
1994-05-12,2.13975
1994-05-13,2.13622
1994-05-16,2.14273
1994-05-17,2.13272
1994-05-18,2.12325
1994-05-19,2.12607
1994-05-20,2.12245
1994-05-23,2.11834
1994-05-24,2.12920
1994-05-25,2.11577
1994-05-26,2.12086
1994-05-27,2.11698
1994-05-31,2.12171
1994-06-01,2.12487
1994-06-02,2.11916
1994-06-03,2.13339
1994-06-06,2.13424
1994-06-07,2.13030
1994-06-08,2.12833
1994-06-09,2.13274
1994-06-10,2.12066
1994-06-13,2.11067
1994-06-14,2.10194
1994-06-15,2.08675
1994-06-16,2.08542
1994-06-17,2.08051
1994-06-20,2.07692
1994-06-21,2.07133
1994-06-22,2.07044
1994-06-23,2.07723
1994-06-24,2.06704
1994-06-27,2.04679
1994-06-28,2.05987
1994-06-29,2.05891
1994-06-30,2.06301
1994-07-01,2.05525
1994-07-05,2.04840
1994-07-06,2.04806
1994-07-07,2.04318
1994-07-08,2.04170
1994-07-11,2.02753
1994-07-12,2.01997
1994-07-13,2.03056
1994-07-14,2.04169
1994-07-15,2.04407
1994-07-18,2.03953
1994-07-19,2.05088
1994-07-20,2.04493
1994-07-21,2.04972
1994-07-22,2.06675
1994-07-25,2.06833
1994-07-26,2.05640
1994-07-27,2.04454
1994-07-28,2.05391
1994-07-29,2.07261
1994-08-01,2.04626
1994-08-02,2.05136
1994-08-03,2.05511
1994-08-04,2.05493
1994-08-05,2.05846
1994-08-08,2.05352
1994-08-09,2.05246
1994-08-10,2.04280
1994-08-11,2.04433
1994-08-12,2.02333
1994-08-15,2.00910
1994-08-16,2.00741
1994-08-17,2.01417
1994-08-18,2.00711
1994-08-19,2.00201
1994-08-22,1.99938
1994-08-23,2.01647
1994-08-24,2.02268
1994-08-25,2.02967
1994-08-26,2.03240
1994-08-29,2.05093
1994-08-30,2.04528
1994-08-31,2.04531
1994-09-01,2.04479
1994-09-02,2.02491
1994-09-06,2.00558
1994-09-07,2.00325
1994-09-08,2.01528
1994-09-09,1.98915
1994-09-12,2.01224
1994-09-13,2.01765
1994-09-14,2.00313
1994-09-15,2.00766
1994-09-16,2.01727
1994-09-19,2.01691
1994-09-20,2.02645
1994-09-21,2.02383
1994-09-22,2.02443
1994-09-23,2.02957
1994-09-26,2.02724
1994-09-27,2.02477
1994-09-28,2.02443
1994-09-29,2.03034
1994-09-30,2.02886
1994-10-03,2.04104
1994-10-04,2.03441
1994-10-05,2.02696
1994-10-06,2.03286
1994-10-07,2.03348
1994-10-11,2.03645
1994-10-12,2.03478
1994-10-13,2.03068
1994-10-14,2.00955
1994-10-17,2.01095
1994-10-18,2.01517
1994-10-19,2.01618
1994-10-20,2.02205
1994-10-21,2.02910
1994-10-24,2.02962
1994-10-25,2.03731
1994-10-26,2.04097
1994-10-27,2.04862
1994-10-28,2.04675
1994-10-31,2.05199
1994-11-01,2.03689
1994-11-02,2.04969
1994-11-03,2.05418
1994-11-04,2.04864
1994-11-07,2.04751
1994-11-08,2.04085
1994-11-09,2.05424
1994-11-10,2.05741
1994-11-14,2.05495
1994-11-15,2.05845
1994-11-16,2.05186
1994-11-17,2.04700
1994-11-18,2.06805
1994-11-21,2.07015
1994-11-22,2.07110
1994-11-23,2.06636
1994-11-25,2.06705
1994-11-28,2.07487
1994-11-29,2.07336
1994-11-30,2.07615
1994-12-01,2.08249
1994-12-02,2.07677
1994-12-05,2.06891
1994-12-06,2.07618
1994-12-07,2.07774
1994-12-08,2.09004
1994-12-09,2.08847
1994-12-12,2.08522
1994-12-13,2.07631
1994-12-14,2.07666
1994-12-15,2.07284
1994-12-16,2.08065
1994-12-19,2.07905
1994-12-20,2.07473
1994-12-21,2.06800
1994-12-22,2.06108
1994-12-23,2.06069
1994-12-27,2.05578
1994-12-28,2.05063
1994-12-29,2.04353
1994-12-30,2.05201
1995-01-03,2.05156
1995-01-04,2.04900
1995-01-05,2.03799
1995-01-06,2.03290
1995-01-09,2.01604
1995-01-10,2.00904
1995-01-11,2.00577
1995-01-12,2.01242
1995-01-13,2.02288
1995-01-17,2.01787
1995-01-18,2.02372
1995-01-19,2.01843
1995-01-20,2.01889
1995-01-23,2.02537
1995-01-24,2.02841
1995-01-25,2.03202
1995-01-26,2.02593
1995-01-27,2.02462
1995-01-30,2.02072
1995-01-31,2.03147
1995-02-01,2.03730
1995-02-02,2.03293
1995-02-03,2.01940
1995-02-06,2.01997
1995-02-07,2.02631
1995-02-08,2.01304
1995-02-09,2.01245
1995-02-10,2.00766
1995-02-13,2.00719
1995-02-14,1.99066
1995-02-15,1.99547
1995-02-16,1.98612
1995-02-17,1.98487
1995-02-21,1.97375
1995-02-22,1.98097
1995-02-23,1.99140
1995-02-24,1.98300
1995-02-27,1.95693
1995-02-28,1.95343
1995-03-01,1.96530
1995-03-02,1.96818
1995-03-03,1.97115
1995-03-06,1.90970
1995-03-07,1.88147
1995-03-08,1.88441
1995-03-09,1.87563
1995-03-10,1.86236
1995-03-13,1.87450
1995-03-14,1.86618
1995-03-15,1.84113
1995-03-16,1.84647
1995-03-17,1.82012
1995-03-20,1.83973
1995-03-21,1.86570
1995-03-22,1.85170
1995-03-23,1.85748
1995-03-24,1.86756
1995-03-27,1.84987
1995-03-28,1.85075
1995-03-29,1.83502
1995-03-30,1.87180
1995-03-31,1.83422
1995-04-03,1.81674
1995-04-04,1.82095
1995-04-05,1.81880
1995-04-06,1.81147
1995-04-07,1.81775
1995-04-10,1.84970
1995-04-11,1.83753
1995-04-12,1.83845
1995-04-13,1.84688
1995-04-14,1.84588
1995-04-17,1.82866
1995-04-18,1.81730
1995-04-19,1.80543
1995-04-20,1.84325
1995-04-21,1.82901
1995-04-24,1.82614
1995-04-25,1.82640
1995-04-26,1.83524
1995-04-27,1.83449
1995-04-28,1.84312
1995-05-01,1.85437
1995-05-02,1.83005
1995-05-03,1.83215
1995-05-04,1.82716
1995-05-05,1.81004
1995-05-08,1.80817
1995-05-09,1.79825
1995-05-10,1.82508
1995-05-11,1.85358
1995-05-12,1.89317
1995-05-15,1.89153
1995-05-16,1.88059
1995-05-17,1.88284
1995-05-18,1.90312
1995-05-19,1.88985
1995-05-22,1.88849
1995-05-23,1.88616
1995-05-24,1.89066
1995-05-25,1.86818
1995-05-26,1.82547
1995-05-30,1.83157
1995-05-31,1.85229
1995-06-01,1.86703
1995-06-02,1.85408
1995-06-05,1.84349
1995-06-06,1.86039
1995-06-07,1.84601
1995-06-08,1.86037
1995-06-09,1.84710
1995-06-12,1.84131
1995-06-13,1.85115
1995-06-14,1.85942
1995-06-15,1.86742
1995-06-16,1.86759
1995-06-19,1.86260
1995-06-20,1.85476
1995-06-21,1.84882
1995-06-22,1.85250
1995-06-23,1.84130
1995-06-26,1.82575
1995-06-27,1.81429
1995-06-28,1.82984
1995-06-29,1.83034
1995-06-30,1.83156
1995-07-03,1.83038
1995-07-05,1.82903
1995-07-06,1.83632
1995-07-07,1.84630
1995-07-10,1.84714
1995-07-11,1.85168
1995-07-12,1.85580
1995-07-13,1.85739
1995-07-14,1.85507
1995-07-17,1.85953
1995-07-18,1.84916
1995-07-19,1.84668
1995-07-20,1.83695
1995-07-21,1.84332
1995-07-24,1.83783
1995-07-25,1.84185
1995-07-26,1.83900
1995-07-27,1.83078
1995-07-28,1.83389
1995-07-31,1.83845
1995-08-01,1.83272
1995-08-02,1.85349
1995-08-03,1.84656
1995-08-04,1.84748
1995-08-07,1.86689
1995-08-08,1.87160
1995-08-09,1.86270
1995-08-10,1.87162
1995-08-11,1.87885
1995-08-14,1.87943
1995-08-15,1.90358
1995-08-16,1.90427
1995-08-17,1.88200
1995-08-18,1.88397
1995-08-21,1.88107
1995-08-22,1.89007
1995-08-23,1.88916
1995-08-24,1.88426
1995-08-25,1.87851
1995-08-28,1.86927
1995-08-29,1.87143
1995-08-30,1.86969
1995-08-31,1.87122
1995-09-01,1.86549
1995-09-05,1.87004
1995-09-06,1.88188
1995-09-07,1.88159
1995-09-08,1.88419
1995-09-11,1.86794
1995-09-12,1.86818
1995-09-13,1.88932
1995-09-14,1.87674
1995-09-15,1.87723
1995-09-18,1.87152
1995-09-19,1.85915
1995-09-20,1.82968
1995-09-21,1.79768
1995-09-22,1.79356
1995-09-25,1.80654
1995-09-26,1.82532
1995-09-27,1.81104
1995-09-28,1.81287
1995-09-29,1.82594
1995-10-02,1.83058
1995-10-03,1.83528
1995-10-04,1.82404
1995-10-05,1.81641
1995-10-06,1.81531
1995-10-10,1.81130
1995-10-11,1.81768
1995-10-12,1.81463
1995-10-13,1.82183
1995-10-16,1.81052
1995-10-17,1.80781
1995-10-18,1.81180
1995-10-19,1.80925
1995-10-20,1.79877
1995-10-23,1.77911
1995-10-24,1.78767
1995-10-25,1.79277
1995-10-26,1.79285
1995-10-27,1.78882
1995-10-30,1.78893
1995-10-31,1.79576
1995-11-01,1.79789
1995-11-02,1.80503
1995-11-03,1.79785
1995-11-06,1.79912
1995-11-07,1.79789
1995-11-08,1.80733
1995-11-09,1.79833
1995-11-10,1.78875
1995-11-13,1.77788
1995-11-14,1.77903
1995-11-15,1.76800
1995-11-16,1.77660
1995-11-17,1.76016
1995-11-20,1.76480
1995-11-21,1.77482
1995-11-22,1.77543
1995-11-24,1.78393
1995-11-27,1.79690
1995-11-28,1.78715
1995-11-29,1.78880
1995-11-30,1.79878
1995-12-01,1.80338
1995-12-04,1.79508
1995-12-05,1.79997
1995-12-06,1.80290
1995-12-07,1.79410
1995-12-08,1.79139
1995-12-11,1.79451
1995-12-12,1.79954
1995-12-13,1.80536
1995-12-14,1.79334
1995-12-15,1.79341
1995-12-18,1.76747
1995-12-19,1.77872
1995-12-20,1.77817
1995-12-21,1.78104
1995-12-22,1.78806
1995-12-26,1.79810
1995-12-27,1.79875
1995-12-28,1.77978
1995-12-29,1.79276
1996-01-02,1.80125
1996-01-03,1.80062
1996-01-04,1.81491
1996-01-05,1.80118
1996-01-08,1.80214
1996-01-09,1.80409
1996-01-10,1.79830
1996-01-11,1.79413
1996-01-12,1.79727
1996-01-16,1.80791
1996-01-17,1.80732
1996-01-18,1.80691
1996-01-19,1.80229
1996-01-22,1.79900
1996-01-23,1.80415
1996-01-24,1.80139
1996-01-25,1.80205
1996-01-26,1.81557
1996-01-29,1.81955
1996-01-30,1.82451
1996-01-31,1.83016
1996-02-01,1.84521
1996-02-02,1.85022
1996-02-05,1.83758
1996-02-06,1.85153
1996-02-07,1.85741
1996-02-08,1.85347
1996-02-09,1.85126
1996-02-12,1.83912
1996-02-13,1.85151
1996-02-14,1.84153
1996-02-15,1.84538
1996-02-16,1.83971
1996-02-20,1.82934
1996-02-21,1.83048
1996-02-22,1.82358
1996-02-23,1.80737
1996-02-26,1.81475
1996-02-27,1.82014
1996-02-28,1.83300
1996-02-29,1.83698
1996-03-01,1.84071
1996-03-04,1.83738
1996-03-05,1.83456
1996-03-06,1.83624
1996-03-07,1.83874
1996-03-08,1.83816
1996-03-11,1.83087
1996-03-12,1.82109
1996-03-13,1.81410
1996-03-14,1.81237
1996-03-15,1.81363
1996-03-18,1.82267
1996-03-19,1.82618
1996-03-20,1.83118
1996-03-21,1.83610
1996-03-22,1.83177
1996-03-25,1.81663
1996-03-26,1.81698
1996-03-27,1.82071
1996-03-28,1.81423
1996-03-29,1.81578
1996-04-01,1.82134
1996-04-02,1.81915
1996-04-03,1.82298
1996-04-04,1.82579
1996-04-05,1.82972
1996-04-08,1.82486
1996-04-09,1.83811
1996-04-10,1.84069
1996-04-11,1.83227
1996-04-12,1.85451
1996-04-15,1.85639
1996-04-16,1.85607
1996-04-17,1.84750
1996-04-18,1.84584
1996-04-19,1.85424
1996-04-22,1.85507
1996-04-23,1.86401
1996-04-24,1.86588
1996-04-25,1.86946
1996-04-26,1.86679
1996-04-29,1.86143
1996-04-30,1.86832
1996-05-01,1.86801
1996-05-02,1.87058
1996-05-03,1.86823
1996-05-06,1.87717
1996-05-07,1.87568
1996-05-08,1.87675
1996-05-09,1.88052
1996-05-10,1.89922
1996-05-13,1.89187
1996-05-14,1.89532
1996-05-15,1.89635
1996-05-16,1.90375
1996-05-17,1.90062
1996-05-20,1.91027
1996-05-21,1.91551
1996-05-22,1.91210
1996-05-23,1.91238
1996-05-24,1.91448
1996-05-28,1.92709
1996-05-29,1.93337
1996-05-30,1.93126
1996-05-31,1.93833
1996-06-03,1.94182
1996-06-04,1.94828
1996-06-05,1.94584
1996-06-06,1.94269
1996-06-07,1.95223
1996-06-10,1.94009
1996-06-11,1.94672
1996-06-12,1.94016
1996-06-13,1.92891
1996-06-14,1.92444
1996-06-17,1.92908
1996-06-18,1.92792
1996-06-19,1.93441
1996-06-20,1.93355
1996-06-21,1.94385
1996-06-24,1.94302
1996-06-25,1.94346
1996-06-26,1.94051
1996-06-27,1.93521
1996-06-28,1.94177
1996-07-01,1.94233
1996-07-02,1.94998
1996-07-03,1.95293
1996-07-05,1.96523
1996-07-08,1.96226
1996-07-09,1.95414
1996-07-10,1.96047
1996-07-11,1.95520
1996-07-12,1.95311
1996-07-15,1.94653
1996-07-16,1.90259
1996-07-17,1.86960
1996-07-18,1.88003
1996-07-19,1.88138
1996-07-22,1.87296
1996-07-23,1.88208
1996-07-24,1.88449
1996-07-25,1.88103
1996-07-26,1.88248
1996-07-29,1.87965
1996-07-30,1.87228
1996-07-31,1.86341
1996-08-01,1.86982
1996-08-02,1.85631
1996-08-05,1.85763
1996-08-06,1.85255
1996-08-07,1.86479
1996-08-08,1.87556
1996-08-09,1.86648
1996-08-12,1.86202
1996-08-13,1.85880
1996-08-14,1.87026
1996-08-15,1.86930
1996-08-16,1.87347
1996-08-19,1.86347
1996-08-20,1.86864
1996-08-21,1.86022
1996-08-22,1.87205
1996-08-23,1.86364
1996-08-26,1.85614
1996-08-27,1.85386
1996-08-28,1.85997
1996-08-29,1.86537
1996-08-30,1.87494
1996-09-03,1.89312
1996-09-04,1.88969
1996-09-05,1.89127
1996-09-06,1.89870
1996-09-09,1.89857
1996-09-10,1.91982
1996-09-11,1.91665
1996-09-12,1.92589
1996-09-13,1.92958
1996-09-16,1.92933
1996-09-17,1.93533
1996-09-18,1.93837
1996-09-19,1.93018
1996-09-20,1.92798
1996-09-23,1.92138
1996-09-24,1.92864
1996-09-25,1.93200
1996-09-26,1.95706
1996-09-27,1.96389
1996-09-30,1.96510
1996-10-01,1.96200
1996-10-02,1.96753
1996-10-03,1.96366
1996-10-04,1.96313
1996-10-07,1.96404
1996-10-08,1.95499
1996-10-09,1.96105
1996-10-10,1.95962
1996-10-11,1.97684
1996-10-15,2.00633
1996-10-16,2.00443
1996-10-17,2.01380
1996-10-18,2.02242
1996-10-21,2.01178
1996-10-22,2.01787
1996-10-23,2.00319
1996-10-24,2.00016
1996-10-25,2.02377
1996-10-28,2.02886
1996-10-29,2.01948
1996-10-30,2.04571
1996-10-31,2.05486
1996-11-01,2.07754
1996-11-04,2.09006
1996-11-05,2.10199
1996-11-06,2.09643
1996-11-07,2.08731
1996-11-08,2.08498
1996-11-12,2.08086
1996-11-13,2.09930
1996-11-14,2.12240
1996-11-15,2.12952
1996-11-18,2.11640
1996-11-19,2.12921
1996-11-20,2.12334
1996-11-21,2.13897
1996-11-22,2.13290
1996-11-25,2.14775
1996-11-26,2.15911
1996-11-27,2.16591
1996-11-29,2.19226
1996-12-02,2.21287
1996-12-03,2.18144
1996-12-04,2.16814
1996-12-05,2.13730
1996-12-06,2.15939
1996-12-09,2.18583
1996-12-10,2.19096
1996-12-11,2.17294
1996-12-12,2.17730
1996-12-13,2.18612
1996-12-16,2.20578
1996-12-17,2.20866
1996-12-18,2.22776
1996-12-19,2.20955
1996-12-20,2.22120
1996-12-23,2.23550
1996-12-24,2.24804
1996-12-26,2.25004
1996-12-27,2.28439
1996-12-30,2.28526
1996-12-31,2.29281
1997-01-02,2.26552
1997-01-03,2.29626
1997-01-06,2.28829
1997-01-07,2.29492
1997-01-08,2.30302
1997-01-09,2.31876
1997-01-10,2.31512
1997-01-13,2.30486
1997-01-14,2.29800
1997-01-15,2.30581
1997-01-16,2.30841
1997-01-17,2.31529
1997-01-21,2.35240
1997-01-22,2.35995
1997-01-23,2.31721
1997-01-24,2.29295
1997-01-27,2.31017
1997-01-28,2.30872
1997-01-29,2.31037
1997-01-30,2.30231
1997-01-31,2.27222
1997-02-03,2.29187
1997-02-04,2.31118
1997-02-05,2.33989
1997-02-06,2.33153
1997-02-07,2.34469
1997-02-10,2.33814
1997-02-11,2.35821
1997-02-12,2.36612
1997-02-13,2.35855
1997-02-14,2.37147
1997-02-18,2.35619
1997-02-19,2.40229
1997-02-20,2.37870
1997-02-21,2.37884
1997-02-24,2.37727
1997-02-25,2.39014
1997-02-26,2.41231
1997-02-27,2.40403
1997-02-28,2.39984
1997-03-03,2.38919
1997-03-04,2.40258
1997-03-05,2.38711
1997-03-06,2.39716
1997-03-07,2.38089
1997-03-10,2.35787
1997-03-11,2.36486
1997-03-12,2.33487
1997-03-13,2.33748
1997-03-14,2.33648
1997-03-17,2.31913
1997-03-18,2.28746
1997-03-19,2.31023
1997-03-20,2.31164
1997-03-21,2.33744
1997-03-24,2.35511
1997-03-25,2.37306
1997-03-26,2.38460
1997-03-27,2.36378
1997-03-28,2.36662
1997-03-31,2.36563
1997-04-01,2.37834
1997-04-02,2.37270
1997-04-03,2.35967
1997-04-04,2.36349
1997-04-07,2.38411
1997-04-08,2.38506
1997-04-09,2.39578
1997-04-10,2.38663
1997-04-11,2.38142
1997-04-14,2.38342
1997-04-15,2.38833
1997-04-16,2.38764
1997-04-17,2.39602
1997-04-18,2.38032
1997-04-21,2.37056
1997-04-22,2.38809
1997-04-23,2.37095
1997-04-24,2.37488
1997-04-25,2.38474
1997-04-28,2.38435
1997-04-29,2.39282
1997-04-30,2.38863
1997-05-01,2.38470
1997-05-02,2.38365
1997-05-05,2.38798
1997-05-06,2.39316
1997-05-07,2.39257
1997-05-08,2.33922
1997-05-09,2.30669
1997-05-12,2.33523
1997-05-13,2.34595
1997-05-14,2.36061
1997-05-15,2.35212
1997-05-16,2.32032
1997-05-19,2.34038
1997-05-20,2.31383
1997-05-21,2.31517
1997-05-22,2.29627
1997-05-23,2.29318
1997-05-27,2.30738
1997-05-28,2.32012
1997-05-29,2.31627
1997-05-30,2.31430
1997-06-02,2.33453
1997-06-03,2.35055
1997-06-04,2.35617
1997-06-05,2.36479
1997-06-06,2.36692
1997-06-09,2.35149
1997-06-10,2.36648
1997-06-11,2.35309
1997-06-12,2.35699
1997-06-13,2.35800
1997-06-16,2.35787
1997-06-17,2.37015
1997-06-18,2.37189
1997-06-19,2.36701
1997-06-20,2.38118
1997-06-23,2.39119
1997-06-24,2.39524
1997-06-25,2.39119
1997-06-26,2.39620
1997-06-27,2.40917
1997-06-30,2.43190
1997-07-01,2.41796
1997-07-02,2.45358
1997-07-03,2.47552
1997-07-07,2.46120
1997-07-08,2.47467
1997-07-09,2.45908
1997-07-10,2.44733
1997-07-11,2.47265
1997-07-14,2.48523
1997-07-15,2.48164
1997-07-16,2.48359
1997-07-17,2.48157
1997-07-18,2.46899
1997-07-21,2.47526
1997-07-22,2.49498
1997-07-23,2.48993
1997-07-24,2.50836
1997-07-25,2.51912
1997-07-28,2.47638
1997-07-29,2.46908
1997-07-30,2.45583
1997-07-31,2.48197
1997-08-01,2.49469
1997-08-04,2.48412
1997-08-05,2.49594
1997-08-06,2.45190
1997-08-07,2.42816
1997-08-08,2.38865
1997-08-11,2.42169
1997-08-12,2.41126
1997-08-13,2.38978
1997-08-14,2.41076
1997-08-15,2.42237
1997-08-18,2.43243
1997-08-19,2.43185
1997-08-20,2.43153
1997-08-21,2.41212
1997-08-22,2.40843
1997-08-25,2.40706
1997-08-26,2.39803
1997-08-27,2.40982
1997-08-28,2.39667
1997-08-29,2.41235
1997-09-02,2.39428
1997-09-03,2.37458
1997-09-04,2.37355
1997-09-05,2.34883
1997-09-08,2.35438
1997-09-09,2.36420
1997-09-10,2.34769
1997-09-11,2.34871
1997-09-12,2.35837
1997-09-15,2.32499
1997-09-16,2.30831
1997-09-17,2.33264
1997-09-18,2.36647
1997-09-19,2.35025
1997-09-22,2.35994
1997-09-23,2.37631
1997-09-24,2.35121
1997-09-25,2.37311
1997-09-26,2.33940
1997-09-29,2.34221
1997-09-30,2.34456
1997-10-01,2.35857
1997-10-02,2.34914
1997-10-03,2.33726
1997-10-06,2.34210
1997-10-07,2.34008
1997-10-08,2.34279
1997-10-09,2.36533
1997-10-10,2.36175
1997-10-14,2.36718
1997-10-15,2.36688
1997-10-16,2.35643
1997-10-17,2.38214
1997-10-20,2.40091
1997-10-21,2.43179
1997-10-22,2.41676
1997-10-23,2.39599
1997-10-24,2.39268
1997-10-27,2.40808
1997-10-28,2.36511
1997-10-29,2.37051
1997-10-30,2.34161
1997-10-31,2.34934
1997-11-03,2.36909
1997-11-04,2.36829
1997-11-05,2.36085
1997-11-06,2.37733
1997-11-07,2.35976
1997-11-10,2.35000
1997-11-12,2.38467
1997-11-13,2.37710
1997-11-14,2.38148
1997-11-17,2.38673
1997-11-18,2.37962
1997-11-19,2.37494
1997-11-20,2.38372
1997-11-21,2.39561
1997-11-24,2.37536
1997-11-25,2.36481
1997-11-26,2.37282
1997-11-28,2.40713
1997-12-01,2.41083
1997-12-02,2.41019
1997-12-03,2.40569
1997-12-04,2.39024
1997-12-05,2.38640
1997-12-08,2.39252
1997-12-09,2.40826
1997-12-10,2.38535
1997-12-11,2.37256
1997-12-12,2.36518
1997-12-15,2.33627
1997-12-16,2.35347
1997-12-17,2.36761
1997-12-18,2.39461
1997-12-19,2.38205
1997-12-22,2.38950
1997-12-23,2.39166
1997-12-24,2.39220
1997-12-26,2.39432
1997-12-29,2.41475
1997-12-30,2.40947
1997-12-31,2.39980
1998-01-02,2.40847
1998-01-05,2.41721
1998-01-06,2.41588
1998-01-07,2.39964
1998-01-08,2.37383
1998-01-09,2.38652
1998-01-12,2.39157
1998-01-13,2.41337
1998-01-14,2.41695
1998-01-15,2.43407
1998-01-16,2.44650
1998-01-20,2.43785
1998-01-21,2.41682
1998-01-22,2.42551
1998-01-23,2.41098
1998-01-26,2.41035
1998-01-27,2.38847
1998-01-28,2.40273
1998-01-29,2.40620
1998-01-30,2.41920
1998-02-02,2.41278
1998-02-03,2.41238
1998-02-04,2.41917
1998-02-05,2.39461
1998-02-06,2.39802
1998-02-09,2.39389
1998-02-10,2.37786
1998-02-11,2.38867
1998-02-12,2.37674
1998-02-13,2.39539
1998-02-17,2.40310
1998-02-18,2.40859
1998-02-19,2.40677
1998-02-20,2.40632
1998-02-23,2.38900
1998-02-24,2.39246
1998-02-25,2.41560
1998-02-26,2.41036
1998-02-27,2.41231
1998-03-02,2.41476
1998-03-03,2.42836
1998-03-04,2.43128
1998-03-05,2.44136
1998-03-06,2.43862
1998-03-09,2.44641
1998-03-10,2.44308
1998-03-11,2.45842
1998-03-12,2.45992
1998-03-13,2.45960
1998-03-16,2.47331
1998-03-17,2.47581
1998-03-18,2.49081
1998-03-19,2.49149
1998-03-20,2.49509
1998-03-23,2.50201
1998-03-24,2.49581
1998-03-25,2.50084
1998-03-26,2.51138
1998-03-27,2.51884
1998-03-30,2.55159
1998-03-31,2.55574
1998-04-01,2.56696
1998-04-02,2.55241
1998-04-03,2.53638
1998-04-06,2.54284
1998-04-07,2.54823
1998-04-08,2.51985
1998-04-09,2.53002
1998-04-10,2.53360
1998-04-13,2.52050
1998-04-14,2.51347
1998-04-15,2.51262
1998-04-16,2.54329
1998-04-17,2.52695
1998-04-20,2.50285
1998-04-21,2.48491
1998-04-22,2.48078
1998-04-23,2.48459
1998-04-24,2.48549
1998-04-27,2.48661
1998-04-28,2.48916
1998-04-29,2.49791
1998-04-30,2.51004
1998-05-01,2.48174
1998-05-04,2.48167
1998-05-05,2.46347
1998-05-06,2.44767
1998-05-07,2.42384
1998-05-08,2.42342
1998-05-11,2.42217
1998-05-12,2.42030
1998-05-13,2.41504
1998-05-14,2.41970
1998-05-15,2.42211
1998-05-18,2.41558
1998-05-19,2.40627
1998-05-20,2.41026
1998-05-21,2.38790
1998-05-22,2.39067
1998-05-26,2.40550
1998-05-27,2.40281
1998-05-28,2.40153
1998-05-29,2.41683
1998-06-01,2.42010
1998-06-02,2.42543
1998-06-03,2.42143
1998-06-04,2.40613
1998-06-05,2.41498
1998-06-08,2.41136
1998-06-09,2.41507
1998-06-10,2.42269
1998-06-11,2.42832
1998-06-12,2.44249
1998-06-15,2.46288
1998-06-16,2.47480
1998-06-17,2.47964
1998-06-18,2.50000
1998-06-19,2.50000
1998-06-22,2.50293
1998-06-23,2.50707
1998-06-24,2.51585
1998-06-25,2.52575
1998-06-26,2.53363
1998-06-29,2.54244
1998-06-30,2.52922
1998-07-01,2.53988
1998-07-02,2.54348
1998-07-03,2.52018
1998-07-06,2.50822
1998-07-07,2.50221
1998-07-08,2.50123
1998-07-09,2.51591
1998-07-10,2.51143
1998-07-13,2.49220
1998-07-14,2.48692
1998-07-15,2.47558
1998-07-16,2.46968
1998-07-17,2.47208
1998-07-20,2.47940
1998-07-21,2.48488
1998-07-22,2.47947
1998-07-23,2.49094
1998-07-24,2.48058
1998-07-27,2.48385
1998-07-28,2.46044
1998-07-29,2.44452
1998-07-30,2.44091
1998-07-31,2.43829
1998-08-03,2.43990
1998-08-04,2.44448
1998-08-05,2.44028
1998-08-06,2.43475
1998-08-07,2.44046
1998-08-10,2.44497
1998-08-11,2.42708
1998-08-12,2.41652
1998-08-13,2.42111
1998-08-14,2.44214
1998-08-17,2.42913
1998-08-18,2.44141
1998-08-19,2.44524
1998-08-20,2.44873
1998-08-21,2.45950
1998-08-24,2.46078
1998-08-25,2.46434
1998-08-26,2.46649
1998-08-27,2.43110
1998-08-28,2.42936
1998-08-31,2.41612
1998-09-01,2.41128
1998-09-02,2.41115
1998-09-03,2.37898
1998-09-04,2.38288
1998-09-08,2.34173
1998-09-09,2.35416
1998-09-10,2.33815
1998-09-11,2.33491
1998-09-14,2.35648
1998-09-15,2.33467
1998-09-16,2.33870
1998-09-17,2.33244
1998-09-18,2.34007
1998-09-21,2.32564
1998-09-22,2.33962
1998-09-23,2.34420
1998-09-24,2.35214
1998-09-25,2.35019
1998-09-28,2.36838
1998-09-29,2.37157
1998-09-30,2.34670
1998-10-01,2.32487
1998-10-02,2.30257
1998-10-05,2.27649
1998-10-06,2.26258
1998-10-07,2.23655
1998-10-08,2.22748
1998-10-09,2.25307
1998-10-13,2.26068
1998-10-14,2.27273
1998-10-15,2.25268
1998-10-16,2.23910
1998-10-19,2.24932
1998-10-20,2.29649
1998-10-21,2.29213
1998-10-22,2.27508
1998-10-23,2.26044
1998-10-26,2.26574
1998-10-27,2.25702
1998-10-28,2.25431
1998-10-29,2.25440
1998-10-30,2.26707
1998-11-02,2.24813
1998-11-03,2.24784
1998-11-04,2.26775
1998-11-05,2.25927
1998-11-06,2.27856
1998-11-09,2.32090
1998-11-10,2.30807
1998-11-12,2.31196
1998-11-13,2.31359
1998-11-16,2.30144
1998-11-17,2.30498
1998-11-18,2.29845
1998-11-19,2.31321
1998-11-20,2.30141
1998-11-23,2.32650
1998-11-24,2.33626
1998-11-25,2.33843
1998-11-27,2.33801
1998-11-30,2.30185
1998-12-01,2.27969
1998-12-02,2.27764
1998-12-03,2.27480
1998-12-04,2.27779
1998-12-07,2.27372
1998-12-08,2.25918
1998-12-09,2.25551
1998-12-10,2.23304
1998-12-11,2.23822
1998-12-14,2.25228
1998-12-15,2.26070
1998-12-16,2.25331
1998-12-17,2.25913
1998-12-18,2.26550
1998-12-21,2.28999
1998-12-22,2.29072
1998-12-23,2.28538
1998-12-24,2.30100
1998-12-28,2.29739
1998-12-29,2.29461
1998-12-30,2.30045
1998-12-31,2.28384
1999-01-04,2.26596
1999-01-05,2.26872
1999-01-06,2.29224
1999-01-07,2.28687
1999-01-08,2.29167
1999-01-11,2.28639
1999-01-12,2.26517
1999-01-13,2.24064
1999-01-14,2.25091
1999-01-15,2.27438
1999-01-19,2.27607
1999-01-20,2.28915
1999-01-21,2.28819
1999-01-22,2.28995
1999-01-25,2.28933
1999-01-26,2.30017
1999-01-27,2.30992
1999-01-28,2.33284
1999-01-29,2.33180
1999-02-01,2.33541
1999-02-02,2.31860
1999-02-03,2.31456
1999-02-04,2.32333
1999-02-05,2.32002
1999-02-08,2.32187
1999-02-09,2.31976
1999-02-10,2.29402
1999-02-11,2.29922
1999-02-12,2.30908
1999-02-16,2.33154
1999-02-17,2.32756
1999-02-18,2.32805
1999-02-19,2.35078
1999-02-22,2.35190
1999-02-23,2.33904
1999-02-24,2.32023
1999-02-25,2.30368
1999-02-26,2.32329
1999-03-01,2.34784
1999-03-02,2.35269
1999-03-03,2.35721
1999-03-04,2.36145
1999-03-05,2.36033
1999-03-08,2.35033
1999-03-09,2.36961
1999-03-10,2.36961
1999-03-11,2.38936
1999-03-12,2.38615
1999-03-15,2.37833
1999-03-16,2.38146
1999-03-17,2.36110
1999-03-18,2.36749
1999-03-19,2.38344
1999-03-22,2.38320
1999-03-23,2.38802
1999-03-24,2.39170
1999-03-25,2.39494
1999-03-26,2.40561
1999-03-29,2.40107
1999-03-30,2.39968
1999-03-31,2.38460
1999-04-01,2.37912
1999-04-02,2.37302
1999-04-05,2.38821
1999-04-06,2.34437
1999-04-07,2.36534
1999-04-08,2.36796
1999-04-09,2.38303
1999-04-12,2.38591
1999-04-13,2.40400
1999-04-14,2.39906
1999-04-15,2.41111
1999-04-16,2.41550
1999-04-19,2.42678
1999-04-20,2.43062
1999-04-21,2.42405
1999-04-22,2.43272
1999-04-23,2.43710
1999-04-26,2.43829
1999-04-27,2.44015
1999-04-28,2.44421
1999-04-29,2.44645
1999-04-30,2.45408
1999-05-03,2.45288
1999-05-04,2.45907
1999-05-05,2.44650
1999-05-06,2.44350
1999-05-07,2.43787
1999-05-10,2.42787
1999-05-11,2.43198
1999-05-12,2.43280
1999-05-13,2.44131
1999-05-14,2.43578
1999-05-17,2.43086
1999-05-18,2.43519
1999-05-19,2.43449
1999-05-20,2.43157
1999-05-21,2.43111
1999-05-24,2.41492
1999-05-25,2.41109
1999-05-26,2.42976
1999-05-27,2.43577
1999-05-28,2.44793
1999-06-01,2.45963
1999-06-02,2.46986
1999-06-03,2.46829
1999-06-04,2.47308
1999-06-07,2.46958
1999-06-08,2.44744
1999-06-09,2.44000
1999-06-10,2.43879
1999-06-11,2.44410
1999-06-14,2.45941
1999-06-15,2.44258
1999-06-16,2.45749
1999-06-17,2.46138
1999-06-18,2.45414
1999-06-21,2.45638
1999-06-22,2.45668
1999-06-23,2.44364
1999-06-24,2.43746
1999-06-25,2.43007
1999-06-28,2.43924
1999-06-29,2.44516
1999-06-30,2.45231
1999-07-01,2.47359
1999-07-02,2.47599
1999-07-06,2.45529
1999-07-07,2.44812
1999-07-08,2.45031
1999-07-09,2.44763
1999-07-12,2.46235
1999-07-13,2.45595
1999-07-14,2.45732
1999-07-15,2.46084
1999-07-16,2.45977
1999-07-19,2.45983
1999-07-20,2.41875
1999-07-21,2.40691
1999-07-22,2.42043
1999-07-23,2.41344
1999-07-26,2.39685
1999-07-27,2.39469
1999-07-28,2.39363
1999-07-29,2.40323
1999-07-30,2.41896
1999-08-02,2.42089
1999-08-03,2.42353
1999-08-04,2.40758
1999-08-05,2.39796
1999-08-06,2.39997
1999-08-09,2.39552
1999-08-10,2.41019
1999-08-11,2.42010
1999-08-12,2.42317
1999-08-13,2.43369
1999-08-16,2.42923
1999-08-17,2.43987
1999-08-18,2.43758
1999-08-19,2.43123
1999-08-20,2.41820
1999-08-23,2.43489
1999-08-24,2.43055
1999-08-25,2.42980
1999-08-26,2.43515
1999-08-27,2.43098
1999-08-30,2.43404
1999-08-31,2.43365
1999-09-01,2.42509
1999-09-02,2.40354
1999-09-03,2.41593
1999-09-07,2.42582
1999-09-08,2.44425
1999-09-09,2.47787
1999-09-10,2.49879
1999-09-13,2.48190
1999-09-14,2.47837
1999-09-15,2.48993
1999-09-16,2.49984
1999-09-17,2.50503
1999-09-20,2.50528
1999-09-21,2.50008
1999-09-22,2.49828
1999-09-23,2.52055
1999-09-24,2.51355
1999-09-27,2.52773
1999-09-28,2.51236
1999-09-29,2.47618
1999-09-30,2.47235
1999-10-01,2.46061
1999-10-04,2.46325
1999-10-05,2.46141
1999-10-06,2.46316
1999-10-07,2.45498
1999-10-08,2.47811
1999-10-12,2.45238
1999-10-13,2.44503
1999-10-14,2.44240
1999-10-15,2.43443
1999-10-18,2.44441
1999-10-19,2.45297
1999-10-20,2.46131
1999-10-21,2.46940
1999-10-22,2.48342
1999-10-25,2.49326
1999-10-26,2.50124
1999-10-27,2.50453
1999-10-28,2.49885
1999-10-29,2.50378
1999-11-01,2.50837
1999-11-02,2.51686
1999-11-03,2.52244
1999-11-04,2.52759
1999-11-05,2.51386
1999-11-08,2.50888
1999-11-09,2.50689
1999-11-10,2.50211
1999-11-12,2.51250
1999-11-15,2.52556
1999-11-16,2.51204
1999-11-17,2.50138
1999-11-18,2.51357
1999-11-19,2.51180
1999-11-22,2.51337
1999-11-23,2.53126
1999-11-24,2.52953
1999-11-26,2.53694
1999-11-29,2.54414
1999-11-30,2.53275
1999-12-01,2.54070
1999-12-02,2.54752
1999-12-03,2.55045
1999-12-06,2.53335
1999-12-07,2.53977
1999-12-08,2.53576
1999-12-09,2.55494
1999-12-10,2.55476
1999-12-13,2.57004
1999-12-14,2.56082
1999-12-15,2.55799
1999-12-16,2.54079
1999-12-17,2.55311
1999-12-20,2.54971
1999-12-21,2.55185
1999-12-22,2.54745
1999-12-23,2.54848
1999-12-24,2.56139
1999-12-27,2.56105
1999-12-28,2.57679
1999-12-29,2.58319
1999-12-30,2.58306
1999-12-31,2.57267
2000-01-03,2.57208
2000-01-04,2.54788
2000-01-05,2.54859
2000-01-06,2.56013
2000-01-07,2.55947
2000-01-10,2.57148
2000-01-11,2.57169
2000-01-12,2.57863
2000-01-13,2.58892
2000-01-14,2.60752
2000-01-18,2.61130
2000-01-19,2.62453
2000-01-20,2.63188
2000-01-21,2.63624
2000-01-24,2.65819
2000-01-25,2.65123
2000-01-26,2.64010
2000-01-27,2.67010
2000-01-28,2.67223
2000-01-31,2.66909
2000-02-01,2.67119
2000-02-02,2.65007
2000-02-03,2.60497
2000-02-04,2.62136
2000-02-07,2.61436
2000-02-08,2.62538
2000-02-09,2.61595
2000-02-10,2.61400
2000-02-11,2.59634
2000-02-14,2.61163
2000-02-15,2.60447
2000-02-16,2.61501
2000-02-17,2.61178
2000-02-18,2.60262
2000-02-22,2.58374
2000-02-23,2.58055
2000-02-24,2.58910
2000-02-25,2.62090
2000-02-28,2.64781
2000-02-29,2.62979
2000-03-01,2.62567
2000-03-02,2.63503
2000-03-03,2.64221
2000-03-06,2.63531
2000-03-07,2.65142
2000-03-08,2.65895
2000-03-09,2.62455
2000-03-10,2.63124
2000-03-13,2.63605
2000-03-14,2.62856
2000-03-15,2.61413
2000-03-16,2.61307
2000-03-17,2.61033
2000-03-20,2.60471
2000-03-21,2.61283
2000-03-22,2.63075
2000-03-23,2.61548
2000-03-24,2.59873
2000-03-27,2.61107
2000-03-28,2.62714
2000-03-29,2.65434
2000-03-30,2.64369
2000-03-31,2.64767
2000-04-03,2.65053
2000-04-04,2.63410
2000-04-05,2.59660
2000-04-06,2.58967
2000-04-07,2.59348
2000-04-10,2.60130
2000-04-11,2.60556
2000-04-12,2.61912
2000-04-13,2.62347
2000-04-14,2.60238
2000-04-17,2.60621
2000-04-18,2.61712
2000-04-19,2.64358
2000-04-20,2.65002
2000-04-21,2.64562
2000-04-24,2.64054
2000-04-25,2.68156
2000-04-26,2.69863
2000-04-27,2.72598
2000-04-28,2.68399
2000-05-01,2.66568
2000-05-02,2.67930
2000-05-03,2.71052
2000-05-04,2.67835
2000-05-05,2.64837
2000-05-08,2.64927
2000-05-09,2.63691
2000-05-10,2.59888
2000-05-11,2.58728
2000-05-12,2.59293
2000-05-15,2.56792
2000-05-16,2.57422
2000-05-17,2.59323
2000-05-18,2.57475
2000-05-19,2.57680
2000-05-22,2.56187
2000-05-23,2.54713
2000-05-24,2.53918
2000-05-25,2.53088
2000-05-26,2.50305
2000-05-30,2.52429
2000-05-31,2.52702
2000-06-01,2.51723
2000-06-02,2.51508
2000-06-05,2.51703
2000-06-06,2.50305
2000-06-07,2.49163
2000-06-08,2.47139
2000-06-09,2.47934
2000-06-12,2.47294
2000-06-13,2.45952
2000-06-14,2.45162
2000-06-15,2.47485
2000-06-16,2.45344
2000-06-19,2.45946
2000-06-20,2.45810
2000-06-21,2.45359
2000-06-22,2.48640
2000-06-23,2.48649
2000-06-26,2.47489
2000-06-27,2.45673
2000-06-28,2.48074
2000-06-29,2.48785
2000-06-30,2.46891
2000-07-03,2.47056
2000-07-05,2.45237
2000-07-06,2.45691
2000-07-07,2.46487
2000-07-10,2.46367
2000-07-11,2.47313
2000-07-12,2.48757
2000-07-13,2.48958
2000-07-14,2.47819
2000-07-17,2.47314
2000-07-18,2.48214
2000-07-19,2.50725
2000-07-20,2.51774
2000-07-21,2.52359
2000-07-24,2.52839
2000-07-25,2.51071
2000-07-26,2.49932
2000-07-27,2.50982
2000-07-28,2.51698
2000-07-31,2.50060
2000-08-01,2.51244
2000-08-02,2.52045
2000-08-03,2.55411
2000-08-04,2.56166
2000-08-07,2.56254
2000-08-08,2.57578
2000-08-09,2.57676
2000-08-10,2.55617
2000-08-11,2.58400
2000-08-14,2.59247
2000-08-15,2.57377
2000-08-16,2.56190
2000-08-17,2.56147
2000-08-18,2.56702
2000-08-21,2.57413
2000-08-22,2.57547
2000-08-23,2.55992
2000-08-24,2.53435
2000-08-25,2.52064
2000-08-28,2.52097
2000-08-29,2.51944
2000-08-30,2.52766
2000-08-31,2.52939
2000-09-01,2.51643
2000-09-05,2.53965
2000-09-06,2.57011
2000-09-07,2.54817
2000-09-08,2.53677
2000-09-11,2.50177
2000-09-12,2.48283
2000-09-13,2.49082
2000-09-14,2.49381
2000-09-15,2.49370
2000-09-18,2.50456
2000-09-19,2.50141
2000-09-20,2.51728
2000-09-21,2.52963
2000-09-22,2.51967
2000-09-25,2.52835
2000-09-26,2.52285
2000-09-27,2.53067
2000-09-28,2.53007
2000-09-29,2.55286
2000-10-02,2.54212
2000-10-03,2.52913
2000-10-04,2.53239
2000-10-05,2.53640
2000-10-06,2.52997
2000-10-10,2.53694
2000-10-11,2.53333
2000-10-12,2.56593
2000-10-13,2.56824
2000-10-16,2.57155
2000-10-17,2.56391
2000-10-18,2.58533
2000-10-19,2.57788
2000-10-20,2.58416
2000-10-23,2.61676
2000-10-24,2.60904
2000-10-25,2.60393
2000-10-26,2.61199
2000-10-27,2.62268
2000-10-30,2.62540
2000-10-31,2.60777
2000-11-01,2.56757
2000-11-02,2.57025
2000-11-03,2.55895
2000-11-06,2.53831
2000-11-07,2.53692
2000-11-08,2.53061
2000-11-09,2.52656
2000-11-10,2.52568
2000-11-13,2.53770
2000-11-14,2.53548
2000-11-15,2.53992
2000-11-16,2.54454
2000-11-17,2.54945
2000-11-20,2.56009
2000-11-21,2.54815
2000-11-22,2.54082
2000-11-24,2.53149
2000-11-27,2.51989
2000-11-28,2.50078
2000-11-29,2.50000
2000-11-30,2.46767
2000-12-01,2.48455
2000-12-04,2.47749
2000-12-05,2.47161
2000-12-06,2.45338
2000-12-07,2.45032
2000-12-08,2.46433
2000-12-11,2.49600
2000-12-12,2.48248
2000-12-13,2.49202
2000-12-14,2.49157
2000-12-15,2.47933
2000-12-18,2.47248
2000-12-19,2.47661
2000-12-20,2.47053
2000-12-21,2.45948
2000-12-22,2.43681
2000-12-26,2.41853
2000-12-27,2.45079
2000-12-28,2.45230
2000-12-29,2.42291
2001-01-02,2.40752
2001-01-03,2.41086
2001-01-04,2.40594
2001-01-05,2.40219
2001-01-08,2.40659
2001-01-09,2.41544
2001-01-10,2.42359
2001-01-11,2.41290
2001-01-12,2.39870
2001-01-16,2.40534
2001-01-17,2.43227
2001-01-18,2.38970
2001-01-19,2.39818
2001-01-22,2.39818
2001-01-23,2.40288
2001-01-24,2.41844
2001-01-25,2.41829
2001-01-26,2.41932
2001-01-29,2.41294
2001-01-30,2.40500
2001-01-31,2.40026
2001-02-01,2.41283
2001-02-02,2.41331
2001-02-05,2.41224
2001-02-06,2.41219
2001-02-07,2.41074
2001-02-08,2.41256
2001-02-09,2.39965
2001-02-12,2.40305
2001-02-13,2.42063
2001-02-14,2.43294
2001-02-15,2.45182
2001-02-16,2.43153
2001-02-20,2.43540
2001-02-21,2.43052
2001-02-22,2.44192
2001-02-23,2.44321
2001-02-26,2.43971
2001-02-27,2.42538
2001-02-28,2.41536
2001-03-01,2.40969
2001-03-02,2.42453
2001-03-05,2.42884
2001-03-06,2.42131
2001-03-07,2.42285
2001-03-08,2.43370
2001-03-09,2.42809
2001-03-12,2.42849
2001-03-13,2.44383
2001-03-14,2.44129
2001-03-15,2.45445
2001-03-16,2.44793
2001-03-19,2.42995
2001-03-20,2.42243
2001-03-21,2.44491
2001-03-22,2.45100
2001-03-23,2.45177
2001-03-26,2.46091
2001-03-27,2.45756
2001-03-28,2.47489
2001-03-29,2.47755
2001-03-30,2.46346
2001-04-02,2.45910
2001-04-03,2.44886
2001-04-04,2.43234
2001-04-05,2.42796
2001-04-06,2.44499
2001-04-09,2.45334
2001-04-10,2.46482
2001-04-11,2.46071
2001-04-12,2.45532
2001-04-13,2.45830
2001-04-16,2.46697
2001-04-17,2.47321
2001-04-18,2.47719
2001-04-19,2.46660
2001-04-20,2.44207
2001-04-23,2.45644
2001-04-24,2.45870
2001-04-25,2.45825
2001-04-26,2.45291
2001-04-27,2.47480
2001-04-30,2.48140
2001-05-01,2.47419
2001-05-02,2.48271
2001-05-03,2.48568
2001-05-04,2.48514
2001-05-07,2.49208
2001-05-08,2.49356
2001-05-09,2.47641
2001-05-10,2.48049
2001-05-11,2.48398
2001-05-14,2.48313
2001-05-15,2.48178
2001-05-16,2.47699
2001-05-17,2.48898
2001-05-18,2.50623
2001-05-21,2.51438
2001-05-22,2.52227
2001-05-23,2.52920
2001-05-24,2.50924
2001-05-25,2.52735
2001-05-29,2.53086
2001-05-30,2.53313
2001-05-31,2.54713
2001-06-01,2.54772
2001-06-04,2.53749
2001-06-05,2.51270
2001-06-06,2.50146
2001-06-07,2.49138
2001-06-08,2.47713
2001-06-11,2.47783
2001-06-12,2.47519
2001-06-13,2.48985
2001-06-14,2.48641
2001-06-15,2.49171
2001-06-18,2.49369
2001-06-19,2.50189
2001-06-20,2.50091
2001-06-21,2.52118
2001-06-22,2.50707
2001-06-25,2.49470
2001-06-26,2.49894
2001-06-27,2.50433
2001-06-28,2.53032
2001-06-29,2.52928
2001-07-02,2.55072
2001-07-03,2.52636
2001-07-05,2.54549
2001-07-06,2.53139
2001-07-09,2.52943
2001-07-10,2.50881
2001-07-11,2.48630
2001-07-12,2.49297
2001-07-13,2.48258
2001-07-16,2.47863
2001-07-17,2.48568
2001-07-18,2.45115
2001-07-19,2.45878
2001-07-20,2.46570
2001-07-23,2.46142
2001-07-24,2.44830
2001-07-25,2.44824
2001-07-26,2.45877
2001-07-27,2.45902
2001-07-30,2.46214
2001-07-31,2.46330
2001-08-01,2.45887
2001-08-02,2.44789
2001-08-03,2.43316
2001-08-06,2.42877
2001-08-07,2.43199
2001-08-08,2.42078
2001-08-09,2.40978
2001-08-10,2.41479
2001-08-13,2.40048
2001-08-14,2.40114
2001-08-15,2.39655
2001-08-16,2.39792
2001-08-17,2.39881
2001-08-20,2.40286
2001-08-21,2.40856
2001-08-22,2.40616
2001-08-23,2.40046
2001-08-24,2.40612
2001-08-27,2.40938
2001-08-28,2.41589
2001-08-29,2.42270
2001-08-30,2.41618
2001-08-31,2.42281
2001-09-04,2.46642
2001-09-05,2.47358
2001-09-06,2.46185
2001-09-07,2.45298
2001-09-10,2.46062
2001-09-12,2.43370
2001-09-13,2.42887
2001-09-14,2.38456
2001-09-17,2.36666
2001-09-18,2.34699
2001-09-19,2.33343
2001-09-20,2.33089
2001-09-21,2.30986
2001-09-24,2.34449
2001-09-25,2.33823
2001-09-26,2.35771
2001-09-27,2.37778
2001-09-28,2.37814
2001-10-01,2.39444
2001-10-02,2.37202
2001-10-03,2.38409
2001-10-04,2.40035
2001-10-05,2.39740
2001-10-09,2.36498
2001-10-10,2.35879
2001-10-11,2.37495
2001-10-12,2.37006
2001-10-15,2.35682
2001-10-16,2.35964
2001-10-17,2.37235
2001-10-18,2.36635
2001-10-19,2.36088
2001-10-22,2.37076
2001-10-23,2.36560
2001-10-24,2.36657
2001-10-25,2.35908
2001-10-26,2.37231
2001-10-29,2.37037
2001-10-30,2.36291
2001-10-31,2.37602
2001-11-01,2.38231
2001-11-02,2.38454
2001-11-05,2.39298
2001-11-06,2.39276
2001-11-07,2.39203
2001-11-08,2.39241
2001-11-09,2.38997
2001-11-13,2.40450
2001-11-14,2.40130
2001-11-15,2.38180
2001-11-16,2.36322
2001-11-19,2.34659
2001-11-20,2.33849
2001-11-21,2.34607
2001-11-23,2.35095
2001-11-26,2.34958
2001-11-27,2.34662
2001-11-28,2.34662
2001-11-29,2.35497
2001-11-30,2.33856
2001-12-03,2.35286
2001-12-04,2.35215
2001-12-05,2.35680
2001-12-06,2.35865
2001-12-07,2.37475
2001-12-10,2.39108
2001-12-11,2.38256
2001-12-12,2.38195
2001-12-13,2.37361
2001-12-14,2.37227
2001-12-17,2.38220
2001-12-18,2.37984
2001-12-19,2.37763
2001-12-20,2.36607
2001-12-21,2.37917
2001-12-24,2.43383
2001-12-26,2.45138
2001-12-27,2.43966
2001-12-28,2.43052
2001-12-31,2.41390
2002-01-02,2.37341
2002-01-03,2.37543
2002-01-04,2.38609
2002-01-07,2.37486
2002-01-08,2.38791
2002-01-09,2.38824
2002-01-10,2.39905
2002-01-11,2.39879
2002-01-14,2.39957
2002-01-15,2.39913
2002-01-16,2.39155
2002-01-17,2.39383
2002-01-18,2.38974
2002-01-22,2.37727
2002-01-23,2.37711
2002-01-24,2.38432
2002-01-25,2.39992
2002-01-28,2.40535
2002-01-29,2.40786
2002-01-30,2.41362
2002-01-31,2.42728
2002-02-01,2.43225
2002-02-04,2.41638
2002-02-05,2.40470
2002-02-06,2.39615
2002-02-07,2.39243
2002-02-08,2.39580
2002-02-11,2.39678
2002-02-12,2.41406
2002-02-13,2.42637
2002-02-14,2.42929
2002-02-15,2.43058
2002-02-19,2.41633
2002-02-20,2.42566
2002-02-21,2.42118
2002-02-22,2.41527
2002-02-25,2.41734
2002-02-26,2.41750
2002-02-27,2.41997
2002-02-28,2.40534
2002-03-01,2.42089
2002-03-04,2.41463
2002-03-05,2.41288
2002-03-06,2.39485
2002-03-07,2.38319
2002-03-08,2.39152
2002-03-11,2.38552
2002-03-12,2.37191
2002-03-13,2.36962
2002-03-14,2.35657
2002-03-15,2.36309
2002-03-18,2.36422
2002-03-19,2.36242
2002-03-20,2.36247
2002-03-21,2.36534
2002-03-22,2.37099
2002-03-25,2.37491
2002-03-26,2.38156
2002-03-27,2.39015
2002-03-28,2.39994
2002-03-29,2.39669
2002-04-01,2.39259
2002-04-02,2.39124
2002-04-03,2.38298
2002-04-04,2.38973
2002-04-05,2.38729
2002-04-08,2.39554
2002-04-09,2.39220
2002-04-10,2.39937
2002-04-11,2.38803
2002-04-12,2.39695
2002-04-15,2.39523
2002-04-16,2.39534
2002-04-17,2.38955
2002-04-18,2.38671
2002-04-19,2.38900
2002-04-22,2.39684
2002-04-23,2.38882
2002-04-24,2.38126
2002-04-25,2.37104
2002-04-26,2.36989
2002-04-29,2.36612
2002-04-30,2.36178
2002-05-01,2.34099
2002-05-02,2.35764
2002-05-03,2.33465
2002-05-06,2.33211
2002-05-07,2.33783
2002-05-08,2.34007
2002-05-09,2.33445
2002-05-10,2.32890
2002-05-13,2.33158
2002-05-14,2.33825
2002-05-15,2.33717
2002-05-16,2.32964
2002-05-17,2.30870
2002-05-20,2.30270
2002-05-21,2.30157
2002-05-22,2.28859
2002-05-23,2.29164
2002-05-24,2.30714
2002-05-28,2.30127
2002-05-29,2.30063
2002-05-30,2.28913
2002-05-31,2.29497
2002-06-03,2.28659
2002-06-04,2.27720
2002-06-05,2.28388
2002-06-06,2.27492
2002-06-07,2.27107
2002-06-10,2.27684
2002-06-11,2.29402
2002-06-12,2.29338
2002-06-13,2.30004
2002-06-14,2.30234
2002-06-17,2.31072
2002-06-18,2.31460
2002-06-19,2.29358
2002-06-20,2.28240
2002-06-21,2.26679
2002-06-24,2.25911
2002-06-25,2.27089
2002-06-26,2.27328
2002-06-27,2.27530
2002-06-28,2.27439
2002-07-01,2.27231
2002-07-02,2.27968
2002-07-03,2.27588
2002-07-05,2.29045
2002-07-08,2.28560
2002-07-09,2.29199
2002-07-10,2.30500
2002-07-11,2.29955
2002-07-12,2.29882
2002-07-15,2.28307
2002-07-16,2.28311
2002-07-17,2.28007
2002-07-18,2.28043
2002-07-19,2.27103
2002-07-22,2.27650
2002-07-23,2.29294
2002-07-24,2.29271
2002-07-25,2.28387
2002-07-26,2.29550
2002-07-29,2.31870
2002-07-30,2.31939
2002-07-31,2.31766
2002-08-01,2.29054
2002-08-02,2.31040
2002-08-05,2.31360
2002-08-06,2.32733
2002-08-07,2.29848
2002-08-08,2.31413
2002-08-09,2.28976
2002-08-12,2.29208
2002-08-13,2.28904
2002-08-14,2.28737
2002-08-15,2.28986
2002-08-16,2.29285
2002-08-19,2.29307
2002-08-20,2.29385
2002-08-21,2.29413
2002-08-22,2.30751
2002-08-23,2.30189
2002-08-26,2.30459
2002-08-27,2.29094
2002-08-28,2.29959
2002-08-29,2.31356
2002-08-30,2.32235
2002-09-03,2.30156
2002-09-04,2.30737
2002-09-05,2.30708
2002-09-06,2.31243
2002-09-09,2.31421
2002-09-10,2.32551
2002-09-11,2.33416
2002-09-12,2.33898
2002-09-13,2.34102
2002-09-16,2.33133
2002-09-17,2.33231
2002-09-18,2.32604
2002-09-19,2.31929
2002-09-20,2.31487
2002-09-23,2.32207
2002-09-24,2.32187
2002-09-25,2.33328
2002-09-26,2.33914
2002-09-27,2.33333
2002-09-30,2.31716
2002-10-01,2.32375
2002-10-02,2.32248
2002-10-03,2.32318
2002-10-04,2.33689
2002-10-07,2.33067
2002-10-08,2.32897
2002-10-09,2.31394
2002-10-10,2.31891
2002-10-11,2.31898
2002-10-15,2.32484
2002-10-16,2.31955
2002-10-17,2.34731
2002-10-18,2.34075
2002-10-21,2.32963
2002-10-22,2.32179
2002-10-23,2.32548
2002-10-24,2.33122
2002-10-25,2.33209
2002-10-28,2.32205
2002-10-29,2.31764
2002-10-30,2.31870
2002-10-31,2.31400
2002-11-01,2.29445
2002-11-04,2.28509
2002-11-05,2.28672
2002-11-06,2.28609
2002-11-07,2.29127
2002-11-08,2.29731
2002-11-12,2.29676
2002-11-13,2.31051
2002-11-14,2.30739
2002-11-15,2.29623
2002-11-18,2.29828
2002-11-19,2.30697
2002-11-20,2.30729
2002-11-21,2.31790
2002-11-22,2.33007
2002-11-25,2.32477
2002-11-26,2.30381
2002-11-27,2.29968
2002-11-29,2.31104
2002-12-02,2.30907
2002-12-03,2.31639
2002-12-04,2.30971
2002-12-05,2.31401
2002-12-06,2.29700
2002-12-09,2.30387
2002-12-10,2.29639
2002-12-11,2.30179
2002-12-12,2.28946
2002-12-13,2.29232
2002-12-16,2.29808
2002-12-17,2.28656
2002-12-18,2.28736
2002-12-19,2.28777
2002-12-20,2.28219
2002-12-23,2.26155
2002-12-24,2.24976
2002-12-26,2.24301
2002-12-27,2.23586
2002-12-30,2.23360
2002-12-31,2.22646
2003-01-02,2.23882
2003-01-03,2.24246
2003-01-06,2.23959
2003-01-07,2.24482
2003-01-08,2.24305
2003-01-09,2.23589
2003-01-10,2.22865
2003-01-13,2.22315
2003-01-14,2.22401
2003-01-15,2.21654
2003-01-16,2.22244
2003-01-17,2.21219
2003-01-21,2.20687
2003-01-22,2.20284
2003-01-23,2.20455
2003-01-24,2.20793
2003-01-27,2.21615
2003-01-28,2.22368
2003-01-29,2.22383
2003-01-30,2.24642
2003-01-31,2.25049
2003-02-03,2.23606
2003-02-04,2.22363
2003-02-05,2.22807
2003-02-06,2.21439
2003-02-07,2.21202
2003-02-10,2.22331
2003-02-11,2.21065
2003-02-12,2.21325
2003-02-13,2.19793
2003-02-14,2.19327
2003-02-18,2.18835
2003-02-19,2.18558
2003-02-20,2.15958
2003-02-21,2.16022
2003-02-24,2.15575
2003-02-25,2.12929
2003-02-26,2.14162
2003-02-27,2.14818
2003-02-28,2.13362
2003-03-03,2.12195
2003-03-04,2.11992
2003-03-05,2.12818
2003-03-06,2.13674
2003-03-07,2.13682
2003-03-10,2.12054
2003-03-11,2.13569
2003-03-12,2.14758
2003-03-13,2.16602
2003-03-14,2.16580
2003-03-17,2.17108
2003-03-18,2.16297
2003-03-19,2.17540
2003-03-20,2.17330
2003-03-21,2.19230
2003-03-24,2.18063
2003-03-25,2.16821
2003-03-26,2.17679
2003-03-27,2.16445
2003-03-28,2.15110
2003-03-31,2.13769
2003-04-01,2.13450
2003-04-02,2.16004
2003-04-03,2.17054
2003-04-04,2.16425
2003-04-07,2.16909
2003-04-08,2.15615
2003-04-09,2.15655
2003-04-10,2.17636
2003-04-11,2.18935
2003-04-14,2.18338
2003-04-15,2.18502
2003-04-16,2.16984
2003-04-17,2.16850
2003-04-18,2.17275
2003-04-21,2.16729
2003-04-22,2.16146
2003-04-23,2.17602
2003-04-24,2.17058
2003-04-25,2.16648
2003-04-28,2.17830
2003-04-29,2.17684
2003-04-30,2.16720
2003-05-01,2.16103
2003-05-02,2.15956
2003-05-05,2.15834
2003-05-06,2.15155
2003-05-07,2.11311
2003-05-08,2.11191
2003-05-09,2.10430
2003-05-12,2.10961
2003-05-13,2.11909
2003-05-14,2.12656
2003-05-15,2.13872
2003-05-16,2.12798
2003-05-19,2.11693
2003-05-20,2.12131
2003-05-21,2.11802
2003-05-22,2.11507
2003-05-23,2.11759
2003-05-27,2.10741
2003-05-28,2.12394
2003-05-29,2.12628
2003-05-30,2.13475
2003-06-02,2.12394
2003-06-03,2.13690
2003-06-04,2.14421
2003-06-05,2.15320
2003-06-06,2.19963
2003-06-09,2.16041
2003-06-10,2.17978
2003-06-11,2.17776
2003-06-12,2.18619
2003-06-13,2.17559
2003-06-16,2.18749
2003-06-17,2.19788
2003-06-18,2.21821
2003-06-19,2.21727
2003-06-20,2.21205
2003-06-23,2.21355
2003-06-24,2.21023
2003-06-25,2.22545
2003-06-26,2.24276
2003-06-27,2.22757
2003-06-30,2.23455
2003-07-01,2.22976
2003-07-02,2.24305
2003-07-03,2.25092
2003-07-07,2.25945
2003-07-08,2.24735
2003-07-09,2.22811
2003-07-10,2.22188
2003-07-11,2.24029
2003-07-14,2.22832
2003-07-15,2.20911
2003-07-16,2.19493
2003-07-17,2.18881
2003-07-18,2.16963
2003-07-21,2.16955
2003-07-22,2.17655
2003-07-23,2.16573
2003-07-24,2.17770
2003-07-25,2.17525
2003-07-28,2.18939
2003-07-29,2.19000
2003-07-30,2.20566
2003-07-31,2.21014
2003-08-01,2.19320
2003-08-04,2.17157
2003-08-05,2.17468
2003-08-06,2.16932
2003-08-07,2.17901
2003-08-08,2.18251
2003-08-11,2.18348
2003-08-12,2.18945
2003-08-13,2.19685
2003-08-14,2.19472
2003-08-15,2.19023
2003-08-18,2.21325
2003-08-19,2.20984
2003-08-20,2.21366
2003-08-21,2.22754
2003-08-22,2.23428
2003-08-25,2.22413
2003-08-26,2.21680
2003-08-27,2.21997
2003-08-28,2.22757
2003-08-29,2.20899
2003-09-02,2.22336
2003-09-03,2.22357
2003-09-04,2.22968
2003-09-05,2.20721
2003-09-08,2.19505
2003-09-09,2.19933
2003-09-10,2.20588
2003-09-11,2.20956
2003-09-12,2.21073
2003-09-15,2.20727
2003-09-16,2.21251
2003-09-17,2.21835
2003-09-18,2.23635
2003-09-19,2.23691
2003-09-22,2.23159
2003-09-23,2.24077
2003-09-24,2.24325
2003-09-25,2.23304
2003-09-26,2.23071
2003-09-29,2.21534
2003-09-30,2.19511
2003-10-01,2.19133
2003-10-02,2.20101
2003-10-03,2.22069
2003-10-06,2.21246
2003-10-07,2.18490
2003-10-08,2.17876
2003-10-09,2.19880
2003-10-10,2.18351
2003-10-14,2.20921
2003-10-15,2.21823
2003-10-16,2.22524
2003-10-17,2.23157
2003-10-20,2.22794
2003-10-21,2.22639
2003-10-22,2.22557
2003-10-23,2.22365
2003-10-24,2.21775
2003-10-27,2.23072
2003-10-28,2.25280
2003-10-29,2.25803
2003-10-30,2.25570
2003-10-31,2.26890
2003-11-03,2.28420
2003-11-04,2.28377
2003-11-05,2.29116
2003-11-06,2.29294
2003-11-07,2.27820
2003-11-10,2.28653
2003-11-12,2.25943
2003-11-13,2.26621
2003-11-14,2.24537
2003-11-17,2.23658
2003-11-18,2.21911
2003-11-19,2.21294
2003-11-20,2.21655
2003-11-21,2.21059
2003-11-24,2.23695
2003-11-25,2.23709
2003-11-26,2.22013
2003-11-28,2.22400
2003-12-01,2.23765
2003-12-02,2.22635
2003-12-03,2.22284
2003-12-04,2.21981
2003-12-05,2.20294
2003-12-08,2.19501
2003-12-09,2.20743
2003-12-10,2.20813
2003-12-11,2.22575
2003-12-12,2.20576
2003-12-15,2.20468
2003-12-16,2.20539
2003-12-17,2.21120
2003-12-18,2.21898
2003-12-19,2.22075
2003-12-22,2.21125
2003-12-23,2.22079
2003-12-24,2.21264
2003-12-26,2.21960
2003-12-29,2.21193
2003-12-30,2.21487
2003-12-31,2.20874
2004-01-02,2.21805
2004-01-05,2.22861
2004-01-06,2.23901
2004-01-07,2.25305
2004-01-08,2.24702
2004-01-09,2.25157
2004-01-12,2.26305
2004-01-13,2.26028
2004-01-14,2.25847
2004-01-15,2.26142
2004-01-16,2.27803
2004-01-20,2.26773
2004-01-21,2.27333
2004-01-22,2.27596
2004-01-23,2.26247
2004-01-26,2.27188
2004-01-27,2.26449
2004-01-28,2.28325
2004-01-29,2.28600
2004-01-30,2.29381
2004-02-02,2.29600
2004-02-03,2.29333
2004-02-04,2.29135
2004-02-05,2.28690
2004-02-06,2.27857
2004-02-09,2.29896
2004-02-10,2.30572
2004-02-11,2.31725
2004-02-12,2.32697
2004-02-13,2.32950
2004-02-17,2.33651
2004-02-18,2.33955
2004-02-19,2.35118
2004-02-20,2.34684
2004-02-23,2.34585
2004-02-24,2.34379
2004-02-25,2.36110
2004-02-26,2.35616
2004-02-27,2.35513
2004-03-01,2.37306
2004-03-02,2.38334
2004-03-03,2.37184
2004-03-04,2.35481
2004-03-05,2.34494
2004-03-08,2.36202
2004-03-09,2.33756
2004-03-10,2.32181
2004-03-11,2.30218
2004-03-12,2.30845
2004-03-15,2.30029
2004-03-16,2.31758
2004-03-17,2.32747
2004-03-18,2.30848
2004-03-19,2.32231
2004-03-22,2.32163
2004-03-23,2.33173
2004-03-24,2.32703
2004-03-25,2.30769
2004-03-26,2.33128
2004-03-29,2.33781
2004-03-30,2.33821
2004-03-31,2.33247
2004-04-01,2.34398
2004-04-02,2.36547
2004-04-05,2.36695
2004-04-06,2.37560
2004-04-07,2.35070
2004-04-08,2.35093
2004-04-09,2.34866
2004-04-12,2.35726
2004-04-13,2.36517
2004-04-14,2.32581
2004-04-15,2.31834
2004-04-16,2.32481
2004-04-19,2.33038
2004-04-20,2.34325
2004-04-21,2.32500
2004-04-22,2.32290
2004-04-23,2.33333
2004-04-26,2.34125
2004-04-27,2.32443
2004-04-28,2.32057
2004-04-29,2.29913
2004-04-30,2.30376
2004-05-03,2.30551
2004-05-04,2.29764
2004-05-05,2.28528
2004-05-06,2.30230
2004-05-07,2.32293
2004-05-10,2.30946
2004-05-11,2.28860
2004-05-12,2.28708
2004-05-13,2.29928
2004-05-14,2.28519
2004-05-17,2.26332
2004-05-18,2.26933
2004-05-19,2.27812
2004-05-20,2.28086
2004-05-21,2.28804
2004-05-24,2.29602
2004-05-25,2.30141
2004-05-26,2.30842
2004-05-27,2.28876
2004-05-28,2.29710
2004-06-01,2.29668
2004-06-02,2.29026
2004-06-03,2.30189
2004-06-04,2.28466
2004-06-07,2.27450
2004-06-08,2.27194
2004-06-09,2.29120
2004-06-10,2.28671
2004-06-11,2.28953
2004-06-14,2.28131
2004-06-15,2.28551
2004-06-16,2.31519
2004-06-17,2.30466
2004-06-18,2.28564
2004-06-21,2.28328
2004-06-22,2.27910
2004-06-23,2.27969
2004-06-24,2.26321
2004-06-25,2.27801
2004-06-28,2.28357
2004-06-29,2.28202
2004-06-30,2.26935
2004-07-01,2.27147
2004-07-02,2.25769
2004-07-06,2.27432
2004-07-07,2.27744
2004-07-08,2.27386
2004-07-09,2.27463
2004-07-12,2.28201
2004-07-13,2.29718
2004-07-14,2.28105
2004-07-15,2.28858
2004-07-16,2.29504
2004-07-19,2.30067
2004-07-20,2.29746
2004-07-21,2.30341
2004-07-22,2.30163
2004-07-23,2.31440
2004-07-26,2.32371
2004-07-27,2.32283
2004-07-28,2.32526
2004-07-29,2.31807
2004-07-30,2.32655
2004-08-02,2.33583
2004-08-03,2.33291
2004-08-04,2.32628
2004-08-05,2.32707
2004-08-06,2.31032
2004-08-09,2.30935
2004-08-10,2.30336
2004-08-11,2.30439
2004-08-12,2.29230
2004-08-13,2.28664
2004-08-16,2.28766
2004-08-17,2.28072
2004-08-18,2.27738
2004-08-19,2.27431
2004-08-20,2.27445
2004-08-23,2.29499
2004-08-24,2.28210
2004-08-25,2.28782
2004-08-26,2.28669
2004-08-27,2.29928
2004-08-30,2.29253
2004-08-31,2.27930
2004-09-01,2.26319
2004-09-02,2.25994
2004-09-03,2.25768
2004-09-07,2.25235
2004-09-08,2.25751
2004-09-09,2.25674
2004-09-10,2.25818
2004-09-13,2.26127
2004-09-14,2.26481
2004-09-15,2.25769
2004-09-16,2.27668
2004-09-17,2.27706
2004-09-20,2.27588
2004-09-21,2.26041
2004-09-22,2.26315
2004-09-23,2.26535
2004-09-24,2.27876
2004-09-27,2.27567
2004-09-28,2.28372
2004-09-29,2.26774
2004-09-30,2.25597
2004-10-01,2.24627
2004-10-04,2.25762
2004-10-05,2.24996
2004-10-06,2.24835
2004-10-07,2.25361
2004-10-08,2.23960
2004-10-12,2.24638
2004-10-13,2.25403
2004-10-14,2.23796
2004-10-15,2.22469
2004-10-18,2.21470
2004-10-19,2.21825
2004-10-20,2.21553
2004-10-21,2.22653
2004-10-22,2.22318
2004-10-25,2.20501
2004-10-26,2.20702
2004-10-27,2.20832
2004-10-28,2.19124
2004-10-29,2.19923
2004-11-01,2.20374
2004-11-02,2.22008
2004-11-03,2.20730
2004-11-04,2.18661
2004-11-05,2.18913
2004-11-08,2.19009
2004-11-09,2.19480
2004-11-10,2.17886
2004-11-12,2.17588
2004-11-15,2.17834
2004-11-16,2.17745
2004-11-17,2.16462
2004-11-18,2.16460
2004-11-19,2.15495
2004-11-22,2.16100
2004-11-23,2.16710
2004-11-24,2.16275
2004-11-26,2.15987
2004-11-29,2.16010
2004-11-30,2.17833
2004-12-01,2.20764
2004-12-02,2.21300
2004-12-03,2.20713
2004-12-06,2.21033
2004-12-07,2.21541
2004-12-08,2.23390
2004-12-09,2.21508
2004-12-10,2.22216
2004-12-13,2.21850
2004-12-14,2.22509
2004-12-15,2.21567
2004-12-16,2.23891
2004-12-17,2.24375
2004-12-20,2.23690
2004-12-21,2.22038
2004-12-22,2.20405
2004-12-23,2.19655
2004-12-24,2.19715
2004-12-27,2.19853
2004-12-28,2.19007
2004-12-29,2.17816
2004-12-30,2.17990
2004-12-31,2.18663
2005-01-03,2.18525
2005-01-04,2.19849
2005-01-05,2.20328
2005-01-06,2.20008
2005-01-07,2.21788
2005-01-10,2.21114
2005-01-11,2.21015
2005-01-12,2.20541
2005-01-13,2.20829
2005-01-14,2.20995
2005-01-18,2.21290
2005-01-19,2.21758
2005-01-20,2.22838
2005-01-21,2.22133
2005-01-24,2.22648
2005-01-25,2.23010
2005-01-26,2.22750
2005-01-27,2.23713
2005-01-28,2.23864
2005-01-31,2.23883
2005-02-01,2.24338
2005-02-02,2.24944
2005-02-03,2.26194
2005-02-04,2.27314
2005-02-07,2.27428
2005-02-08,2.26611
2005-02-09,2.26124
2005-02-10,2.26137
2005-02-11,2.25695
2005-02-14,2.26542
2005-02-15,2.25543
2005-02-16,2.23681
2005-02-17,2.24086
2005-02-18,2.24029
2005-02-22,2.21783
2005-02-23,2.21888
2005-02-24,2.23324
2005-02-25,2.23784
2005-02-28,2.23003
2005-03-01,2.23814
2005-03-02,2.24804
2005-03-03,2.25115
2005-03-04,2.24745
2005-03-07,2.25273
2005-03-08,2.23944
2005-03-09,2.23317
2005-03-10,2.22081
2005-03-11,2.21514
2005-03-14,2.22156
2005-03-15,2.22943
2005-03-16,2.21961
2005-03-17,2.22451
2005-03-18,2.23546
2005-03-21,2.23624
2005-03-22,2.23347
2005-03-23,2.23671
2005-03-24,2.24322
2005-03-25,2.24178
2005-03-28,2.25000
2005-03-29,2.25652
2005-03-30,2.25099
2005-03-31,2.25765
2005-04-01,2.26268
2005-04-04,2.26827
2005-04-05,2.26769
2005-04-06,2.26583
2005-04-07,2.25450
2005-04-08,2.25621
2005-04-11,2.25657
2005-04-12,2.26814
2005-04-13,2.27144
2005-04-14,2.28230
2005-04-15,2.27352
2005-04-18,2.25891
2005-04-19,2.26964
2005-04-20,2.26473
2005-04-21,2.25177
2005-04-22,2.26369
2005-04-25,2.27203
2005-04-26,2.26466
2005-04-27,2.27048
2005-04-28,2.27617
2005-04-29,2.27495
2005-05-02,2.27109
2005-05-03,2.26399
2005-05-04,2.26620
2005-05-05,2.27981
2005-05-06,2.28155
2005-05-09,2.27105
2005-05-10,2.26134
2005-05-11,2.26058
2005-05-12,2.26632
2005-05-13,2.26552
2005-05-16,2.24522
2005-05-17,2.24604
2005-05-18,2.24063
2005-05-19,2.24702
2005-05-20,2.25050
2005-05-23,2.25146
2005-05-24,2.24817
2005-05-25,2.24574
2005-05-26,2.24995
2005-05-27,2.24645
2005-05-31,2.26928
2005-06-01,2.27016
2005-06-02,2.27215
2005-06-03,2.27306
2005-06-06,2.27403
2005-06-07,2.28320
2005-06-08,2.28802
2005-06-09,2.28551
2005-06-10,2.30022
2005-06-13,2.30151
2005-06-14,2.30780
2005-06-15,2.31554
2005-06-16,2.31968
2005-06-17,2.30703
2005-06-20,2.31942
2005-06-21,2.31704
2005-06-22,2.31572
2005-06-23,2.32249
2005-06-24,2.32307
2005-06-27,2.31685
2005-06-28,2.32226
2005-06-29,2.31170
2005-06-30,2.29998
2005-07-01,2.29591
2005-07-05,2.29023
2005-07-06,2.29312
2005-07-07,2.26058
2005-07-08,2.26042
2005-07-11,2.26308
2005-07-12,2.26416
2005-07-13,2.26435
2005-07-14,2.26816
2005-07-15,2.27244
2005-07-18,2.26319
2005-07-19,2.26341
2005-07-20,2.24451
2005-07-21,2.25140
2005-07-22,2.25509
2005-07-25,2.26305
2005-07-26,2.26524
2005-07-27,2.26434
2005-07-28,2.26005
2005-07-29,2.26425
2005-08-01,2.26155
2005-08-02,2.26077
2005-08-03,2.24684
2005-08-04,2.23954
2005-08-05,2.24760
2005-08-08,2.25205
2005-08-09,2.25161
2005-08-10,2.25950
2005-08-11,2.25641
2005-08-12,2.26679
2005-08-15,2.27039
2005-08-16,2.27524
2005-08-17,2.27730
2005-08-18,2.28056
2005-08-19,2.28766
2005-08-22,2.28726
2005-08-23,2.28936
2005-08-24,2.27884
2005-08-25,2.26561
2005-08-26,2.26576
2005-08-29,2.27620
2005-08-30,2.26637
2005-08-31,2.25973
2005-09-01,2.26650
2005-09-02,2.26113
2005-09-06,2.27777
2005-09-07,2.28049
2005-09-08,2.28797
2005-09-09,2.28390
2005-09-12,2.29212
2005-09-13,2.29964
2005-09-14,2.29502
2005-09-15,2.29003
2005-09-16,2.29216
2005-09-19,2.30218
2005-09-20,2.30229
2005-09-21,2.30004
2005-09-22,2.29117
2005-09-23,2.29224
2005-09-26,2.29547
2005-09-27,2.29220
2005-09-28,2.28629
2005-09-29,2.28441
2005-09-30,2.28101
2005-10-03,2.28657
2005-10-04,2.28948
2005-10-05,2.28160
2005-10-06,2.25971
2005-10-07,2.25202
2005-10-11,2.25254
2005-10-12,2.25281
2005-10-13,2.26993
2005-10-14,2.27011
2005-10-17,2.26610
2005-10-18,2.27662
2005-10-19,2.28169
2005-10-20,2.28746
2005-10-21,2.28521
2005-10-24,2.27719
2005-10-25,2.27852
2005-10-26,2.27572
2005-10-27,2.27055
2005-10-28,2.27009
2005-10-31,2.28197
2005-11-01,2.27486
2005-11-02,2.26918
2005-11-03,2.28478
2005-11-04,2.28594
2005-11-07,2.28130
2005-11-08,2.28178
2005-11-09,2.28405
2005-11-10,2.28741
2005-11-14,2.29042
2005-11-15,2.29194
2005-11-16,2.27554
2005-11-17,2.27265
2005-11-18,2.26132
2005-11-21,2.26399
2005-11-22,2.26135
2005-11-23,2.26270
2005-11-25,2.26402
2005-11-28,2.25762
2005-11-29,2.25925
2005-11-30,2.27750
2005-12-01,2.28389
2005-12-02,2.28379
2005-12-05,2.27610
2005-12-06,2.27393
2005-12-07,2.27863
2005-12-08,2.27618
2005-12-09,2.28612
2005-12-12,2.28490
2005-12-13,2.28915
2005-12-14,2.26858
2005-12-15,2.27480
2005-12-16,2.28468
2005-12-19,2.28118
2005-12-20,2.30000
2005-12-21,2.28907
2005-12-22,2.27918
2005-12-23,2.27651
2005-12-27,2.27449
2005-12-28,2.26167
2005-12-29,2.26877
2005-12-30,2.25988
2006-01-03,2.25165
2006-01-04,2.25132
2006-01-05,2.24311
2006-01-06,2.24651
2006-01-09,2.25763
2006-01-10,2.25957
2006-01-11,2.24665
2006-01-12,2.26471
2006-01-13,2.26732
2006-01-17,2.26212
2006-01-18,2.25956
2006-01-19,2.25899
2006-01-20,2.26528
2006-01-23,2.24888
2006-01-24,2.25273
2006-01-25,2.25845
2006-01-26,2.26137
2006-01-27,2.26955
2006-01-30,2.27520
2006-01-31,2.27798
2006-02-01,2.28325
2006-02-02,2.28722
2006-02-03,2.28169
2006-02-06,2.27187
2006-02-07,2.26443
2006-02-08,2.26841
2006-02-09,2.26537
2006-02-10,2.27771
2006-02-13,2.27969
2006-02-14,2.27142
2006-02-15,2.28067
2006-02-16,2.27820
2006-02-17,2.28385
2006-02-21,2.28227
2006-02-22,2.28507
2006-02-23,2.29245
2006-02-24,2.29593
2006-02-27,2.29822
2006-02-28,2.29937
2006-03-01,2.30037
2006-03-02,2.28109
2006-03-03,2.27735
2006-03-06,2.27427
2006-03-07,2.27882
2006-03-08,2.27183
2006-03-09,2.28135
2006-03-10,2.27800
2006-03-13,2.27471
2006-03-14,2.27373
2006-03-15,2.26977
2006-03-16,2.26979
2006-03-17,2.26511
2006-03-20,2.26747
2006-03-21,2.27619
2006-03-22,2.27692
2006-03-23,2.28534
2006-03-24,2.28285
2006-03-27,2.28721
2006-03-28,2.27559
2006-03-29,2.27195
2006-03-30,2.26645
2006-03-31,2.26561
2006-04-03,2.26813
2006-04-04,2.26479
2006-04-05,2.24969
2006-04-06,2.26028
2006-04-07,2.26789
2006-04-10,2.27032
2006-04-11,2.27022
2006-04-12,2.27504
2006-04-13,2.27502
2006-04-14,2.27456
2006-04-17,2.26324
2006-04-18,2.26625
2006-04-19,2.27362
2006-04-20,2.27412
2006-04-21,2.27169
2006-04-24,2.26561
2006-04-25,2.26797
2006-04-26,2.26825
2006-04-27,2.27143
2006-04-28,2.26148
2006-05-01,2.26477
2006-05-02,2.27097
2006-05-03,2.27836
2006-05-04,2.27301
2006-05-05,2.27825
2006-05-08,2.28136
2006-05-09,2.27744
2006-05-10,2.27224
2006-05-11,2.28114
2006-05-12,2.27307
2006-05-15,2.27670
2006-05-16,2.28039
2006-05-17,2.29211
2006-05-18,2.28865
2006-05-19,2.28470
2006-05-22,2.27254
2006-05-23,2.27252
2006-05-24,2.27643
2006-05-25,2.28079
2006-05-26,2.27720
2006-05-30,2.27974
2006-05-31,2.27782
2006-06-01,2.27896
2006-06-02,2.27381
2006-06-05,2.25944
2006-06-06,2.26182
2006-06-07,2.26872
2006-06-08,2.27197
2006-06-09,2.27050
2006-06-12,2.27642
2006-06-13,2.27341
2006-06-14,2.26905
2006-06-15,2.27587
2006-06-16,2.27837
2006-06-19,2.28432
2006-06-20,2.28188
2006-06-21,2.27598
2006-06-22,2.27366
2006-06-23,2.26998
2006-06-26,2.26537
2006-06-27,2.26591
2006-06-28,2.26603
2006-06-29,2.26186
2006-06-30,2.26461
2006-07-03,2.25571
2006-07-05,2.26266
2006-07-06,2.26001
2006-07-07,2.26268
2006-07-10,2.26451
2006-07-11,2.26428
2006-07-12,2.26495
2006-07-13,2.26831
2006-07-14,2.26961
2006-07-17,2.27084
2006-07-18,2.28924
2006-07-19,2.29640
2006-07-20,2.29980
2006-07-21,2.29981
2006-07-24,2.30473
2006-07-25,2.30701
2006-07-26,2.30704
2006-07-27,2.30099
2006-07-28,2.29965
2006-07-31,2.30026
2006-08-01,2.30483
2006-08-02,2.30854
2006-08-03,2.32416
2006-08-04,2.33174
2006-08-07,2.33486
2006-08-08,2.33899
2006-08-09,2.33403
2006-08-10,2.33717
2006-08-11,2.34799
2006-08-14,2.34461
2006-08-15,2.34407
2006-08-16,2.33175
2006-08-17,2.32500
2006-08-18,2.32067
2006-08-21,2.31904
2006-08-22,2.33025
2006-08-23,2.33901
2006-08-24,2.33824
2006-08-25,2.33711
2006-08-28,2.34408
2006-08-29,2.33705
2006-08-30,2.34063
2006-08-31,2.34659
2006-09-01,2.34483
2006-09-05,2.33668
2006-09-06,2.32844
2006-09-07,2.32739
2006-09-08,2.32836
2006-09-11,2.31949
2006-09-12,2.34008
2006-09-13,2.34397
2006-09-14,2.36053
2006-09-15,2.36289
2006-09-18,2.35423
2006-09-19,2.35587
2006-09-20,2.36123
2006-09-21,2.37507
2006-09-22,2.34772
2006-09-25,2.35322
2006-09-26,2.35709
2006-09-27,2.34880
2006-09-28,2.33858
2006-09-29,2.34026
2006-10-02,2.34364
2006-10-03,2.35007
2006-10-04,2.35814
2006-10-05,2.35198
2006-10-06,2.35909
2006-10-10,2.35411
2006-10-11,2.35834
2006-10-12,2.35814
2006-10-13,2.36542
2006-10-16,2.36558
2006-10-17,2.36886
2006-10-18,2.37554
2006-10-19,2.36792
2006-10-20,2.36999
2006-10-23,2.37231
2006-10-24,2.37263
2006-10-25,2.37432
2006-10-26,2.37203
2006-10-27,2.37026
2006-10-30,2.37595
2006-10-31,2.37099
2006-11-01,2.37362
2006-11-02,2.37507
2006-11-03,2.38574
2006-11-06,2.38354
2006-11-07,2.37968
2006-11-08,2.38117
2006-11-09,2.36816
2006-11-10,2.36864
2006-11-13,2.36656
2006-11-14,2.35866
2006-11-15,2.35498
2006-11-16,2.35671
2006-11-17,2.35618
2006-11-20,2.35805
2006-11-21,2.35744
2006-11-22,2.35037
2006-11-24,2.33997
2006-11-27,2.34031
2006-11-28,2.34989
2006-11-29,2.35828
2006-11-30,2.35644
2006-12-01,2.36481
2006-12-04,2.36387
2006-12-05,2.35209
2006-12-06,2.34994
2006-12-07,2.34603
2006-12-08,2.35551
2006-12-11,2.35308
2006-12-12,2.36439
2006-12-13,2.37180
2006-12-14,2.38232
2006-12-15,2.38511
2006-12-18,2.38237
2006-12-19,2.38761
2006-12-20,2.39077
2006-12-21,2.38717
2006-12-22,2.38885
2006-12-26,2.38748
2006-12-27,2.39738
2006-12-28,2.39494
2006-12-29,2.38837
2007-01-02,2.39293
2007-01-03,2.39091
2007-01-04,2.39432
2007-01-05,2.38726
2007-01-08,2.39523
2007-01-09,2.40873
2007-01-10,2.40893
2007-01-11,2.42652
2007-01-12,2.44421
2007-01-16,2.44658
2007-01-17,2.45632
2007-01-18,2.46372
2007-01-19,2.46572
2007-01-22,2.46817
2007-01-23,2.46160
2007-01-24,2.45544
2007-01-25,2.45103
2007-01-26,2.45620
2007-01-29,2.45455
2007-01-30,2.45783
2007-01-31,2.44558
2007-02-01,2.44626
2007-02-02,2.45301
2007-02-05,2.44630
2007-02-06,2.44466
2007-02-07,2.44247
2007-02-08,2.44242
2007-02-09,2.43590
2007-02-12,2.44051
2007-02-13,2.42835
2007-02-14,2.43356
2007-02-15,2.41445
2007-02-16,2.40659
2007-02-20,2.41771
2007-02-21,2.41956
2007-02-22,2.42329
2007-02-23,2.42184
2007-02-26,2.41991
2007-02-27,2.39972
2007-02-28,2.39047
2007-03-01,2.39350
2007-03-02,2.36875
2007-03-05,2.35007
2007-03-06,2.35903
2007-03-07,2.35812
2007-03-08,2.37155
2007-03-09,2.38207
2007-03-12,2.36304
2007-03-13,2.36097
2007-03-14,2.34751
2007-03-15,2.35128
2007-03-16,2.34589
2007-03-19,2.35941
2007-03-20,2.37654
2007-03-21,2.38115
2007-03-22,2.38343
2007-03-23,2.38889
2007-03-26,2.39149
2007-03-27,2.38545
2007-03-28,2.38223
2007-03-29,2.38783
2007-03-30,2.38701
2007-04-02,2.40186
2007-04-03,2.41187
2007-04-04,2.40893
2007-04-05,2.39358
2007-04-06,2.40075
2007-04-09,2.40196
2007-04-10,2.39846
2007-04-11,2.41274
2007-04-12,2.40352
2007-04-13,2.41007
2007-04-16,2.41529
2007-04-17,2.42568
2007-04-18,2.41603
2007-04-19,2.41218
2007-04-20,2.42201
2007-04-23,2.41954
2007-04-24,2.40957
2007-04-25,2.41082
2007-04-26,2.40685
2007-04-27,2.41427
2007-04-30,2.41280
2007-05-01,2.42923
2007-05-02,2.41648
2007-05-03,2.41523
2007-05-04,2.41479
2007-05-07,2.41245
2007-05-08,2.42428
2007-05-09,2.42863
2007-05-10,2.41809
2007-05-11,2.41634
2007-05-14,2.41465
2007-05-15,2.41013
2007-05-16,2.41645
2007-05-17,2.42259
2007-05-18,2.42335
2007-05-21,2.42387
2007-05-22,2.43131
2007-05-23,2.43857
2007-05-24,2.44074
2007-05-25,2.43719
2007-05-29,2.42263
2007-05-30,2.42081
2007-05-31,2.42566
2007-06-01,2.43593
2007-06-04,2.43645
2007-06-05,2.43011
2007-06-06,2.42501
2007-06-07,2.42388
2007-06-08,2.42677
2007-06-11,2.43819
2007-06-12,2.45388
2007-06-13,2.45551
2007-06-14,2.45263
2007-06-15,2.45661
2007-06-18,2.45966
2007-06-19,2.46610
2007-06-20,2.46691
2007-06-21,2.47141
2007-06-22,2.46025
2007-06-25,2.45609
2007-06-26,2.45631
2007-06-27,2.45378
2007-06-28,2.45966
2007-06-29,2.45586
2007-07-02,2.44194
2007-07-03,2.45099
2007-07-05,2.44932
2007-07-06,2.45091
2007-07-09,2.45412
2007-07-10,2.44462
2007-07-11,2.44747
2007-07-12,2.44127
2007-07-13,2.44537
2007-07-16,2.44866
2007-07-17,2.46063
2007-07-18,2.46345
2007-07-19,2.46373
2007-07-20,2.46771
2007-07-23,2.48127
2007-07-24,2.48556
2007-07-25,2.49026
2007-07-26,2.47244
2007-07-27,2.44938
2007-07-30,2.43169
2007-07-31,2.44777
2007-08-01,2.43968
2007-08-02,2.45371
2007-08-03,2.43730
2007-08-06,2.40929
2007-08-07,2.41495
2007-08-08,2.43299
2007-08-09,2.42591
2007-08-10,2.41994
2007-08-13,2.42644
2007-08-14,2.41900
2007-08-15,2.42698
2007-08-16,2.41424
2007-08-17,2.38806
2007-08-20,2.39262
2007-08-21,2.38419
2007-08-22,2.40231
2007-08-23,2.41655
2007-08-24,2.41508
2007-08-27,2.42239
2007-08-28,2.40891
2007-08-29,2.41897
2007-08-30,2.42581
2007-08-31,2.43416
2007-09-03,2.43416
2007-09-04,2.43495
2007-09-05,2.43175
2007-09-06,2.43077
2007-09-07,2.41014
2007-09-10,2.40617
2007-09-11,2.41040
2007-09-12,2.40585
2007-09-13,2.40722
2007-09-14,2.39093
2007-09-17,2.36534
2007-09-18,2.37488
2007-09-19,2.36930
2007-09-20,2.35494
2007-09-21,2.37119
2007-09-24,2.37391
2007-09-25,2.35599
2007-09-26,2.36041
2007-09-27,2.37454
2007-09-28,2.37961
2007-10-01,2.38770
2007-10-02,2.39894
2007-10-03,2.40191
2007-10-04,2.39641
2007-10-05,2.40343
2007-10-08,2.40343
2007-10-09,2.40659
2007-10-10,2.41275
2007-10-11,2.40053
2007-10-12,2.41090
2007-10-15,2.40943
2007-10-16,2.40467
2007-10-17,2.40897
2007-10-18,2.39300
2007-10-19,2.40025
2007-10-22,2.38836
2007-10-23,2.40357
2007-10-24,2.40287
2007-10-25,2.39062
2007-10-26,2.38503
2007-10-29,2.40190
2007-10-30,2.40079
2007-10-31,2.40785
2007-11-01,2.41278
2007-11-02,2.40329
2007-11-05,2.39933
2007-11-06,2.38903
2007-11-07,2.38531
2007-11-08,2.37759
2007-11-09,2.34881
2007-11-13,2.33333
2007-11-14,2.31000
2007-11-15,2.29906
2007-11-16,2.28753
2007-11-19,2.28609
2007-11-20,2.29223
2007-11-21,2.27192
2007-11-22,2.27192
2007-11-23,2.26732
2007-11-26,2.27611
2007-11-27,2.28294
2007-11-28,2.31403
2007-11-29,2.30739
2007-11-30,2.32147
2007-12-03,2.33237
2007-12-04,2.29877
2007-12-05,2.28221
2007-12-06,2.28769
2007-12-07,2.29174
2007-12-10,2.30687
2007-12-11,2.30989
2007-12-12,2.32732
2007-12-13,2.33163
2007-12-14,2.33003
2007-12-17,2.32392
2007-12-18,2.32205
2007-12-19,2.30476
2007-12-20,2.29197
2007-12-21,2.29393
2007-12-24,2.28732
2007-12-26,2.28163
2007-12-27,2.27135
2007-12-28,2.24691
2007-12-31,2.24782
2008-01-02,2.21531
2008-01-03,2.19692
2008-01-04,2.18613
2008-01-07,2.20217
2008-01-08,2.19771
2008-01-09,2.18176
2008-01-10,2.16572
2008-01-11,2.16027
2008-01-14,2.14023
2008-01-15,2.14732
2008-01-16,2.16182
2008-01-17,2.17038
2008-01-18,2.14997
2008-01-22,2.15074
2008-01-23,2.12685
2008-01-24,2.14463
2008-01-25,2.17545
2008-01-28,2.16005
2008-01-29,2.17236
2008-01-30,2.17237
2008-01-31,2.15778
2008-02-01,2.13054
2008-02-04,2.15427
2008-02-05,2.15996
2008-02-06,2.15193
2008-02-07,2.14585
2008-02-08,2.14956
2008-02-11,2.14790
2008-02-12,2.15973
2008-02-13,2.17265
2008-02-14,2.16476
2008-02-15,2.14022
2008-02-19,2.13268
2008-02-20,2.13526
2008-02-21,2.14123
2008-02-22,2.13533
2008-02-25,2.13533
2008-02-26,2.14238
2008-02-27,2.11935
2008-02-28,2.09404
2008-02-29,2.07290
2008-03-03,2.07046
2008-03-04,2.05559
2008-03-05,2.06660
2008-03-06,2.06564
2008-03-07,2.06320
2008-03-10,2.05525
2008-03-11,2.06253
2008-03-12,2.06487
2008-03-13,2.05484
2008-03-14,2.04383
2008-03-17,1.97279
2008-03-18,2.00101
2008-03-19,1.98689
2008-03-20,2.00337
2008-03-21,1.99941
2008-03-24,2.03097
2008-03-25,2.01720
2008-03-26,1.99299
2008-03-27,1.99598
2008-03-28,1.98508
2008-03-31,1.96962
2008-04-01,1.99881
2008-04-02,2.01190
2008-04-03,2.01178
2008-04-04,2.00519
2008-04-07,2.01390
2008-04-08,1.99646
2008-04-09,1.97652
2008-04-10,1.98440
2008-04-11,1.97399
2008-04-14,1.97681
2008-04-15,1.96644
2008-04-16,1.97136
2008-04-17,1.99582
2008-04-18,2.04692
2008-04-21,2.00535
2008-04-22,2.00000
2008-04-23,2.00752
2008-04-24,2.03884
2008-04-25,2.04978
2008-04-28,2.05833
2008-04-29,2.03969
2008-04-30,2.06827
2008-05-01,2.06912
2008-05-02,2.08653
2008-05-05,2.07379
2008-05-06,2.07050
2008-05-07,2.06619
2008-05-08,2.05394
2008-05-09,2.03274
2008-05-12,2.04845
2008-05-13,2.04245
2008-05-14,2.05369
2008-05-15,2.05243
2008-05-16,2.04582
2008-05-19,2.05315
2008-05-20,2.04453
2008-05-21,2.02537
2008-05-22,2.04274
2008-05-23,2.02834
2008-05-27,2.03121
2008-05-28,2.05625
2008-05-29,2.07074
2008-05-30,2.06374
2008-06-02,2.04110
2008-06-03,2.05089
2008-06-04,2.03440
2008-06-05,2.03404
2008-06-06,2.01635
2008-06-09,2.02272
2008-06-10,2.03322
2008-06-11,2.02908
2008-06-12,2.03251
2008-06-13,2.04426
2008-06-16,2.04929
2008-06-17,2.03791
2008-06-18,2.03777
2008-06-19,2.06293
2008-06-20,2.04164
2008-06-23,2.05373
2008-06-24,2.04651
2008-06-25,2.05076
2008-06-26,2.04173
2008-06-27,2.03449
2008-06-30,2.03065
2008-07-01,2.02929
2008-07-02,2.02251
2008-07-03,2.03668
2008-07-07,2.03427
2008-07-08,2.03228
2008-07-09,2.04101
2008-07-10,2.03362
2008-07-11,2.02527
2008-07-14,2.02471
2008-07-15,2.02144
2008-07-16,2.02919
2008-07-17,2.04308
2008-07-18,2.03977
2008-07-21,2.03936
2008-07-22,2.05045
2008-07-23,2.07648
2008-07-24,2.06069
2008-07-25,2.06481
2008-07-28,2.06063
2008-07-29,2.07051
2008-07-30,2.07686
2008-07-31,2.07744
2008-08-01,2.06910
2008-08-04,2.05725
2008-08-05,2.06016
2008-08-06,2.06506
2008-08-07,2.06396
2008-08-08,2.07313
2008-08-11,2.07274
2008-08-12,2.06765
2008-08-13,2.02783
2008-08-14,2.04211
2008-08-15,2.04401
2008-08-18,2.04650
2008-08-19,2.03862
2008-08-20,2.04800
2008-08-21,2.03752
2008-08-22,2.03412
2008-08-25,2.03086
2008-08-26,2.02317
2008-08-27,2.01667
2008-08-28,2.00804
2008-08-29,2.00418
2008-09-02,1.97643
2008-09-03,1.96708
2008-09-04,1.96250
2008-09-05,1.96498
2008-09-08,1.98351
2008-09-09,1.98798
2008-09-10,1.99333
2008-09-11,1.99388
2008-09-12,2.02845
2008-09-15,2.00107
2008-09-16,1.99377
2008-09-17,2.00573
2008-09-18,1.99818
2008-09-19,2.03239
2008-09-22,2.00259
2008-09-23,2.00649
2008-09-24,2.01462
2008-09-25,2.00313
2008-09-26,2.00368
2008-09-29,1.97835
2008-09-30,1.99199
2008-10-01,1.99555
2008-10-02,2.00194
2008-10-03,2.00373
2008-10-06,1.99096
2008-10-07,2.00545
2008-10-08,1.95119
2008-10-09,1.94816
2008-10-10,1.91158
2008-10-14,1.98374
2008-10-15,1.97769
2008-10-16,1.95413
2008-10-17,1.96244
2008-10-20,1.97241
2008-10-21,1.94999
2008-10-22,1.88517
2008-10-23,1.88107
2008-10-24,1.80150
2008-10-27,1.79189
2008-10-28,1.81041
2008-10-29,1.85316
2008-10-30,1.86300
2008-10-31,1.88636
2008-11-03,1.85207
2008-11-04,1.87140
2008-11-05,1.87496
2008-11-06,1.85721
2008-11-07,1.85680
2008-11-10,1.84298
2008-11-12,1.77000
2008-11-13,1.77520
2008-11-14,1.76401
2008-11-17,1.79678
2008-11-18,1.80144
2008-11-19,1.82687
2008-11-20,1.80376
2008-11-21,1.81316
2008-11-24,1.81636
2008-11-25,1.82087
2008-11-26,1.83595
2008-11-28,1.86694
2008-12-01,1.79196
2008-12-02,1.80326
2008-12-03,1.79483
2008-12-04,1.77060
2008-12-05,1.78735
2008-12-08,1.78496
2008-12-09,1.78221
2008-12-10,1.77206
2008-12-11,1.77512
2008-12-12,1.75457
2008-12-15,1.77082
2008-12-16,1.74751
2008-12-17,1.67728
2008-12-18,1.62740
2008-12-19,1.64958
2008-12-22,1.62111
2008-12-23,1.60236
2008-12-24,1.58298
2008-12-26,1.57284
2008-12-29,1.51940
2008-12-30,1.52109
2008-12-31,1.56038
2009-01-02,1.55147
2009-01-05,1.61755
2009-01-06,1.65686
2009-01-07,1.66885
2009-01-08,1.65958
2009-01-09,1.69095
2009-01-12,1.65169
2009-01-13,1.62894
2009-01-14,1.63412
2009-01-15,1.64019
2009-01-16,1.64707
2009-01-20,1.60314
2009-01-21,1.57510
2009-01-22,1.59696
2009-01-23,1.58823
2009-01-26,1.59668
2009-01-27,1.61121
2009-01-28,1.63808
2009-01-29,1.64104
2009-01-30,1.67368
2009-02-02,1.65623
2009-02-03,1.64373
2009-02-04,1.67569
2009-02-05,1.70530
2009-02-06,1.72784
2009-02-09,1.72756
2009-02-10,1.68468
2009-02-11,1.66652
2009-02-12,1.65750
2009-02-13,1.67018
2009-02-17,1.67055
2009-02-18,1.68157
2009-02-19,1.67983
2009-02-20,1.67422
2009-02-23,1.69306
2009-02-24,1.68131
2009-02-25,1.66134
2009-02-26,1.67030
2009-02-27,1.66624
2009-03-02,1.64004
2009-03-03,1.64959
2009-03-04,1.66341
2009-03-05,1.65636
2009-03-06,1.62622
2009-03-09,1.60050
2009-03-10,1.59723
2009-03-11,1.59639
2009-03-12,1.64245
2009-03-13,1.65991
2009-03-16,1.66535
2009-03-17,1.65770
2009-03-18,1.63038
2009-03-19,1.63103
2009-03-20,1.62283
2009-03-23,1.63671
2009-03-24,1.66225
2009-03-25,1.63929
2009-03-26,1.63410
2009-03-27,1.63802
2009-03-30,1.63158
2009-03-31,1.62949
2009-04-01,1.65130
2009-04-02,1.66823
2009-04-03,1.67570
2009-04-06,1.67545
2009-04-07,1.68726
2009-04-08,1.68366
2009-04-09,1.69367
2009-04-10,1.69399
2009-04-13,1.68412
2009-04-14,1.69753
2009-04-15,1.71683
2009-04-16,1.71030
2009-04-17,1.72514
2009-04-20,1.70222
2009-04-21,1.71181
2009-04-22,1.68658
2009-04-23,1.69486
2009-04-24,1.67078
2009-04-27,1.68384
2009-04-28,1.68230
2009-04-29,1.67392
2009-04-30,1.68744
2009-05-01,1.69107
2009-05-04,1.69174
2009-05-05,1.70572
2009-05-06,1.70402
2009-05-07,1.69390
2009-05-08,1.69036
2009-05-11,1.67606
2009-05-12,1.68424
2009-05-13,1.67743
2009-05-14,1.68060
2009-05-15,1.69463
2009-05-18,1.71173
2009-05-19,1.72392
2009-05-20,1.72704
2009-05-21,1.73550
2009-05-22,1.72394
2009-05-26,1.72665
2009-05-27,1.74502
2009-05-28,1.72938
2009-05-29,1.72786
2009-06-01,1.75789
2009-06-02,1.75458
2009-06-03,1.75262
2009-06-04,1.72716
2009-06-05,1.73827
2009-06-08,1.74613
2009-06-09,1.76053
2009-06-10,1.76674
2009-06-11,1.77412
2009-06-12,1.77726
2009-06-15,1.78006
2009-06-16,1.78474
2009-06-17,1.77094
2009-06-18,1.77230
2009-06-19,1.78154
2009-06-22,1.77725
2009-06-23,1.75008
2009-06-24,1.78734
2009-06-25,1.79056
2009-06-26,1.79112
2009-06-29,1.79352
2009-06-30,1.78792
2009-07-01,1.77132
2009-07-02,1.77698
2009-07-03,1.77471
2009-07-06,1.76546
2009-07-07,1.75440
2009-07-08,1.75076
2009-07-09,1.75599
2009-07-10,1.75692
2009-07-13,1.75409
2009-07-14,1.76796
2009-07-15,1.76656
2009-07-16,1.76572
2009-07-17,1.75800
2009-07-20,1.76282
2009-07-21,1.75291
2009-07-22,1.75226
2009-07-23,1.76664
2009-07-24,1.75830
2009-07-27,1.76871
2009-07-28,1.76372
2009-07-29,1.78247
2009-07-30,1.79562
2009-07-31,1.78305
2009-08-03,1.79349
2009-08-04,1.79563
2009-08-05,1.80475
2009-08-06,1.78766
2009-08-07,1.80463
2009-08-10,1.78978
2009-08-11,1.78630
2009-08-12,1.78022
2009-08-13,1.77665
2009-08-14,1.77174
2009-08-17,1.76086
2009-08-18,1.77229
2009-08-19,1.75993
2009-08-20,1.75804
2009-08-21,1.75132
2009-08-24,1.74126
2009-08-25,1.73759
2009-08-26,1.73653
2009-08-27,1.72941
2009-08-28,1.72464
2009-08-31,1.72414
2009-09-01,1.72239
2009-09-02,1.72897
2009-09-03,1.73312
2009-09-04,1.73813
2009-09-08,1.72771
2009-09-09,1.72235
2009-09-10,1.73094
2009-09-11,1.73172
2009-09-14,1.71848
2009-09-15,1.70513
2009-09-16,1.70429
2009-09-17,1.69998
2009-09-18,1.67420
2009-09-21,1.67429
2009-09-22,1.67682
2009-09-23,1.68291
2009-09-24,1.65151
2009-09-25,1.64091
2009-09-28,1.63898
2009-09-29,1.65366
2009-09-30,1.66053
2009-10-01,1.66252
2009-10-02,1.64258
2009-10-05,1.64389
2009-10-06,1.62977
2009-10-07,1.64277
2009-10-08,1.65245
2009-10-09,1.63980
2009-10-13,1.62613
2009-10-14,1.62492
2009-10-15,1.64706
2009-10-16,1.66579
2009-10-19,1.66120
2009-10-20,1.66159
2009-10-21,1.67176
2009-10-22,1.67093
2009-10-23,1.64650
2009-10-26,1.65729
2009-10-27,1.66906
2009-10-28,1.67545
2009-10-29,1.68803
2009-10-30,1.68721
2009-11-02,1.67000
2009-11-03,1.68840
2009-11-04,1.68732
2009-11-05,1.68461
2009-11-06,1.68884
2009-11-09,1.68484
2009-11-10,1.68340
2009-11-12,1.68139
2009-11-13,1.68932
2009-11-16,1.69214
2009-11-17,1.70892
2009-11-18,1.68901
2009-11-19,1.69065
2009-11-20,1.68215
2009-11-23,1.67613
2009-11-24,1.67706
2009-11-25,1.66789
2009-11-27,1.65974
2009-11-30,1.64916
2009-12-01,1.65985
2009-12-02,1.66517
2009-12-03,1.65700
2009-12-04,1.67399
2009-12-07,1.67554
2009-12-08,1.67020
2009-12-09,1.66672
2009-12-10,1.66965
2009-12-11,1.68144
2009-12-14,1.68067
2009-12-15,1.69172
2009-12-16,1.69504
2009-12-17,1.69264
2009-12-18,1.68093
2009-12-21,1.67916
2009-12-22,1.67321
2009-12-23,1.65603
2009-12-24,1.65296
2009-12-28,1.65456
2009-12-29,1.64733
2009-12-30,1.66763
2009-12-31,1.67470
2010-01-04,1.65818
2010-01-05,1.65258
2010-01-06,1.64670
2010-01-07,1.64535
2010-01-08,1.64657
2010-01-11,1.63959
2010-01-12,1.64401
2010-01-13,1.66053
2010-01-14,1.66574
2010-01-15,1.66677
2010-01-19,1.69258
2010-01-20,1.70244
2010-01-21,1.69034
2010-01-22,1.67661
2010-01-25,1.68907
2010-01-26,1.68589
2010-01-27,1.69697
2010-01-28,1.70814
2010-01-29,1.69020
2010-02-01,1.68567
2010-02-02,1.68561
2010-02-03,1.68550
2010-02-04,1.67954
2010-02-05,1.68369
2010-02-08,1.67387
2010-02-09,1.66839
2010-02-10,1.66698
2010-02-11,1.68448
2010-02-12,1.68709
2010-02-16,1.68046
2010-02-17,1.69095
2010-02-18,1.68370
2010-02-19,1.67089
2010-02-22,1.66739
2010-02-23,1.67280
2010-02-24,1.66343
2010-02-25,1.65040
2010-02-26,1.63228
2010-03-01,1.62129
2010-03-02,1.61213
2010-03-03,1.61101
2010-03-04,1.62032
2010-03-05,1.62500
2010-03-08,1.61807
2010-03-09,1.61515
2010-03-10,1.60282
2010-03-11,1.60882
2010-03-12,1.60981
2010-03-15,1.59973
2010-03-16,1.60377
2010-03-17,1.61380
2010-03-18,1.62067
2010-03-19,1.59384
2010-03-22,1.59457
2010-03-23,1.59123
2010-03-24,1.59463
2010-03-25,1.59205
2010-03-26,1.58921
2010-03-29,1.59192
2010-03-30,1.61023
2010-03-31,1.59879
2010-04-01,1.61453
2010-04-02,1.61581
2010-04-05,1.62296
2010-04-06,1.63022
2010-04-07,1.63379
2010-04-08,1.63760
2010-04-09,1.64033
2010-04-12,1.62871
2010-04-13,1.62988
2010-04-14,1.62775
2010-04-15,1.63857
2010-04-16,1.63547
2010-04-19,1.62546
2010-04-20,1.64099
2010-04-21,1.64865
2010-04-22,1.65637
2010-04-23,1.65048
2010-04-26,1.66301
2010-04-27,1.65653
2010-04-28,1.65403
2010-04-29,1.65631
2010-04-30,1.64809
2010-05-03,1.65645
2010-05-04,1.66293
2010-05-05,1.68251
2010-05-06,1.65158
2010-05-07,1.63375
2010-05-10,1.65803
2010-05-11,1.65356
2010-05-12,1.64899
2010-05-13,1.63383
2010-05-14,1.64541
2010-05-17,1.63914
2010-05-18,1.63760
2010-05-19,1.65935
2010-05-20,1.64945
2010-05-21,1.66136
2010-05-24,1.66898
2010-05-25,1.66375
2010-05-26,1.67079
2010-05-27,1.67541
2010-05-28,1.67159
2010-06-01,1.69450
2010-06-02,1.69473
2010-06-03,1.68664
2010-06-04,1.68319
2010-06-07,1.68353
2010-06-08,1.65994
2010-06-09,1.67080
2010-06-10,1.67542
2010-06-11,1.67578
2010-06-14,1.68065
2010-06-15,1.67705
2010-06-16,1.67191
2010-06-17,1.64895
2010-06-18,1.64232
2010-06-21,1.64270
2010-06-22,1.64048
2010-06-23,1.65266
2010-06-24,1.65563
2010-06-25,1.63899
2010-06-28,1.63974
2010-06-29,1.63022
2010-06-30,1.61046
2010-07-01,1.61473
2010-07-02,1.61430
2010-07-06,1.60701
2010-07-07,1.60064
2010-07-08,1.59169
2010-07-09,1.59653
2010-07-12,1.59474
2010-07-13,1.59697
2010-07-14,1.61333
2010-07-15,1.60224
2010-07-16,1.60862
2010-07-19,1.60207
2010-07-20,1.59893
2010-07-21,1.59903
2010-07-22,1.58994
2010-07-23,1.62409
2010-07-26,1.62330
2010-07-27,1.65040
2010-07-28,1.65126
2010-07-29,1.62332
2010-07-30,1.63576
2010-08-02,1.65008
2010-08-03,1.65535
2010-08-04,1.67048
2010-08-05,1.66138
2010-08-06,1.65628
2010-08-09,1.66725
2010-08-10,1.66824
2010-08-11,1.66050
2010-08-12,1.63292
2010-08-13,1.64007
2010-08-16,1.62716
2010-08-17,1.62625
2010-08-18,1.62512
2010-08-19,1.60968
2010-08-20,1.60931
2010-08-23,1.61401
2010-08-24,1.59452
2010-08-25,1.58828
2010-08-26,1.59679
2010-08-27,1.59441
2010-08-30,1.58502
2010-08-31,1.55890
2010-09-01,1.57032
2010-09-02,1.55757
2010-09-03,1.57200
2010-09-07,1.54885
2010-09-08,1.56779
2010-09-09,1.56790
2010-09-10,1.56563
2010-09-13,1.55877
2010-09-14,1.54629
2010-09-15,1.56922
2010-09-16,1.58361
2010-09-17,1.57786
2010-09-20,1.56420
2010-09-21,1.56112
2010-09-22,1.54382
2010-09-23,1.54764
2010-09-24,1.55556
2010-09-27,1.55825
2010-09-28,1.54221
2010-09-29,1.54206
2010-09-30,1.54287
2010-10-01,1.54495
2010-10-04,1.54089
2010-10-05,1.53796
2010-10-06,1.52735
2010-10-07,1.54007
2010-10-08,1.53278
2010-10-12,1.51548
2010-10-13,1.51901
2010-10-14,1.52407
2010-10-15,1.53262
2010-10-18,1.52028
2010-10-19,1.52691
2010-10-20,1.52474
2010-10-21,1.51890
2010-10-22,1.53504
2010-10-25,1.52929
2010-10-26,1.55912
2010-10-27,1.56140
2010-10-28,1.56792
2010-10-29,1.57802
2010-11-01,1.59445
2010-11-02,1.56612
2010-11-03,1.57469
2010-11-04,1.56773
2010-11-05,1.55293
2010-11-08,1.55717
2010-11-09,1.54807
2010-11-10,1.56525
2010-11-12,1.57794
2010-11-15,1.58024
2010-11-16,1.57599
2010-11-17,1.57740
2010-11-18,1.59606
2010-11-19,1.59282
2010-11-22,1.57989
2010-11-23,1.57453
2010-11-24,1.56861
2010-11-26,1.56402
2010-11-29,1.55756
2010-11-30,1.55554
2010-12-01,1.55984
2010-12-02,1.54558
2010-12-03,1.53522
2010-12-06,1.54406
2010-12-07,1.55310
2010-12-08,1.56017
2010-12-09,1.54909
2010-12-10,1.54853
2010-12-13,1.53558
2010-12-14,1.51793
2010-12-15,1.50180
2010-12-16,1.50820
2010-12-17,1.50263
2010-12-20,1.49589
2010-12-21,1.48214
2010-12-22,1.46245
2010-12-23,1.48137
2010-12-27,1.48070
2010-12-28,1.46175
2010-12-29,1.46838
2010-12-30,1.44205
2011-01-03,1.44501
2011-01-04,1.47724
2011-01-05,1.49450
2011-01-06,1.49164
2011-01-07,1.50148
2011-01-10,1.50943
2011-01-11,1.52446
2011-01-12,1.52711
2011-01-13,1.52738
2011-01-14,1.53286
2011-01-18,1.54128
2011-01-19,1.53262
2011-01-20,1.53294
2011-01-21,1.53415
2011-01-24,1.51759
2011-01-25,1.49494
2011-01-26,1.49897
2011-01-27,1.50533
2011-01-28,1.49335
2011-01-31,1.50818
2011-02-01,1.51371
2011-02-02,1.52078
2011-02-03,1.52448
2011-02-04,1.53773
2011-02-07,1.54165
2011-02-08,1.53982
2011-02-09,1.54642
2011-02-10,1.55815
2011-02-11,1.55955
2011-02-14,1.55552
2011-02-15,1.56081
2011-02-16,1.54474
2011-02-17,1.53752
2011-02-18,1.54045
2011-02-22,1.51500
2011-02-23,1.51176
2011-02-24,1.49010
2011-02-25,1.49228
2011-02-28,1.51178
2011-03-01,1.51402
2011-03-02,1.50383
2011-03-03,1.51366
2011-03-04,1.50520
2011-03-07,1.49992
2011-03-08,1.51059
2011-03-09,1.50648
2011-03-10,1.49719
2011-03-11,1.48725
2011-03-14,1.49725
2011-03-15,1.47582
2011-03-16,1.46177
2011-03-17,1.45246
2011-03-18,1.46083
2011-03-21,1.47412
2011-03-22,1.48165
2011-03-23,1.47262
2011-03-24,1.46405
2011-03-25,1.47065
2011-03-28,1.46916
2011-03-29,1.47115
2011-03-30,1.47763
2011-03-31,1.46959
2011-04-01,1.49105
2011-04-04,1.48774
2011-04-05,1.50472
2011-04-06,1.49625
2011-04-07,1.49649
2011-04-08,1.48775
2011-04-11,1.48566
2011-04-12,1.46040
2011-04-13,1.45563
2011-04-14,1.45912
2011-04-15,1.45854
2011-04-18,1.45829
2011-04-19,1.46680
2011-04-20,1.46227
2011-04-21,1.46188
2011-04-22,1.46432
2011-04-25,1.45266
2011-04-26,1.44953
2011-04-27,1.45570
2011-04-28,1.45334
2011-04-29,1.44650
2011-05-02,1.44192
2011-05-03,1.42368
2011-05-04,1.41804
2011-05-05,1.42871
2011-05-06,1.43359
2011-05-09,1.43000
2011-05-10,1.43802
2011-05-11,1.45183
2011-05-12,1.44030
2011-05-13,1.44103
2011-05-16,1.43196
2011-05-17,1.43380
2011-05-18,1.41967
2011-05-19,1.43019
2011-05-20,1.42375
2011-05-23,1.42206
2011-05-24,1.42418
2011-05-25,1.41927
2011-05-26,1.41648
2011-05-27,1.40524
2011-05-31,1.40145
2011-06-01,1.37699
2011-06-02,1.37741
2011-06-03,1.36940
2011-06-06,1.36780
2011-06-07,1.37938
2011-06-08,1.37084
2011-06-09,1.37811
2011-06-10,1.36850
2011-06-13,1.36481
2011-06-14,1.38381
2011-06-15,1.37982
2011-06-16,1.37210
2011-06-17,1.36970
2011-06-20,1.36380
2011-06-21,1.36877
2011-06-22,1.34796
2011-06-23,1.33871
2011-06-24,1.33840
2011-06-27,1.33637
2011-06-28,1.32896
2011-06-29,1.34164
2011-06-30,1.35170
2011-07-01,1.36253
2011-07-05,1.35950
2011-07-06,1.34267
2011-07-07,1.34760
2011-07-08,1.34274
2011-07-11,1.33041
2011-07-12,1.32850
2011-07-13,1.32318
2011-07-14,1.31683
2011-07-15,1.31751
2011-07-18,1.31021
2011-07-19,1.31752
2011-07-20,1.32408
2011-07-21,1.33203
2011-07-22,1.33257
2011-07-25,1.31282
2011-07-26,1.31569
2011-07-27,1.31223
2011-07-28,1.31367
2011-07-29,1.29686
2011-08-01,1.27185
2011-08-02,1.25603
2011-08-03,1.25677
2011-08-04,1.25147
2011-08-05,1.24346
2011-08-08,1.23516
2011-08-09,1.18429
2011-08-10,1.17963
2011-08-11,1.22671
2011-08-12,1.25566
2011-08-15,1.27860
2011-08-16,1.30169
2011-08-17,1.30927
2011-08-18,1.30322
2011-08-19,1.29980
2011-08-22,1.29599
2011-08-23,1.30279
2011-08-24,1.30178
2011-08-25,1.29647
2011-08-26,1.31467
2011-08-29,1.34274
2011-08-30,1.33046
2011-08-31,1.30763
2011-09-01,1.28636
2011-09-02,1.27279
2011-09-06,1.37093
2011-09-07,1.37145
2011-09-08,1.39603
2011-09-09,1.40295
2011-09-12,1.39690
2011-09-13,1.39007
2011-09-14,1.38360
2011-09-15,1.37607
2011-09-16,1.38322
2011-09-19,1.38542
2011-09-20,1.39563
2011-09-21,1.39519
2011-09-22,1.39349
2011-09-23,1.39817
2011-09-26,1.40311
2011-09-27,1.40489
2011-09-28,1.40119
2011-09-29,1.40323
2011-09-30,1.41375
2011-10-03,1.41613
2011-10-04,1.42067
2011-10-05,1.42451
2011-10-06,1.41962
2011-10-07,1.43007
2011-10-11,1.41354
2011-10-12,1.40939
2011-10-13,1.41554
2011-10-14,1.41227
2011-10-17,1.41669
2011-10-18,1.41077
2011-10-19,1.42528
2011-10-20,1.41563
2011-10-21,1.41135
2011-10-24,1.40751
2011-10-25,1.40659
2011-10-26,1.40624
2011-10-27,1.38431
2011-10-28,1.39113
2011-10-31,1.40533
2011-11-01,1.41939
2011-11-02,1.40703
2011-11-03,1.40983
2011-11-04,1.42308
2011-11-07,1.44400
2011-11-08,1.44148
2011-11-09,1.44590
2011-11-10,1.44351
2011-11-14,1.44229
2011-11-15,1.45160
2011-11-16,1.44599
2011-11-17,1.44841
2011-11-18,1.44555
2011-11-21,1.43430
2011-11-22,1.43092
2011-11-23,1.42733
2011-11-25,1.43681
2011-11-28,1.43179
2011-11-29,1.43656
2011-11-30,1.43019
2011-12-01,1.43407
2011-12-02,1.43732
2011-12-05,1.44007
2011-12-06,1.44391
2011-12-07,1.45159
2011-12-08,1.45013
2011-12-09,1.44580
2011-12-12,1.45999
2011-12-13,1.46242
2011-12-14,1.47181
2011-12-15,1.45609
2011-12-16,1.45392
2011-12-19,1.45426
2011-12-20,1.45909
2011-12-21,1.47037
2011-12-22,1.46765
2011-12-23,1.46455
2011-12-27,1.46356
2011-12-28,1.45953
2011-12-29,1.44822
2011-12-30,1.45649
2012-01-03,1.45883
2012-01-04,1.47256
2012-01-05,1.47492
2012-01-06,1.47454
2012-01-09,1.46959
2012-01-10,1.46933
2012-01-11,1.46421
2012-01-12,1.44736
2012-01-13,1.45869
2012-01-17,1.45762
2012-01-18,1.45277
2012-01-19,1.44549
2012-01-20,1.44942
2012-01-23,1.44406
2012-01-24,1.44885
2012-01-25,1.44948
2012-01-26,1.44087
2012-01-27,1.43674
2012-01-30,1.44014
2012-01-31,1.45243
2012-02-01,1.44865
2012-02-02,1.44592
2012-02-03,1.45282
2012-02-06,1.45472
2012-02-07,1.45066
2012-02-08,1.44376
2012-02-09,1.44172
2012-02-10,1.44504
2012-02-13,1.44374
2012-02-14,1.44124
2012-02-15,1.44902
2012-02-16,1.45459
2012-02-17,1.45161
2012-02-21,1.43958
2012-02-22,1.42765
2012-02-23,1.42236
2012-02-24,1.42003
2012-02-27,1.42402
2012-02-28,1.42374
2012-02-29,1.43930
2012-03-01,1.44400
2012-03-02,1.44800
2012-03-05,1.44675
2012-03-06,1.44411
2012-03-07,1.44371
2012-03-08,1.43861
2012-03-09,1.44223
2012-03-12,1.43301
2012-03-13,1.44736
2012-03-14,1.46086
2012-03-15,1.44720
2012-03-16,1.45143
2012-03-19,1.44771
2012-03-20,1.44656
2012-03-21,1.44897
2012-03-22,1.44420
2012-03-23,1.44115
2012-03-26,1.44103
2012-03-27,1.44354
2012-03-28,1.43713
2012-03-29,1.44535
2012-03-30,1.44277
2012-04-02,1.44801
2012-04-03,1.44084
2012-04-04,1.45570
2012-04-05,1.45570
2012-04-06,1.45697
2012-04-09,1.45761
2012-04-10,1.45606
2012-04-11,1.45661
2012-04-12,1.45442
2012-04-13,1.45649
2012-04-16,1.45946
2012-04-17,1.45866
2012-04-18,1.46780
2012-04-19,1.47021
2012-04-20,1.46646
2012-04-23,1.47375
2012-04-24,1.46789
2012-04-25,1.46892
2012-04-26,1.47013
2012-04-27,1.47223
2012-04-30,1.47347
2012-05-01,1.47397
2012-05-02,1.47911
2012-05-03,1.47888
2012-05-04,1.48167
2012-05-07,1.49028
2012-05-08,1.49103
2012-05-09,1.49548
2012-05-10,1.49790
2012-05-11,1.49268
2012-05-14,1.50669
2012-05-15,1.50721
2012-05-16,1.50335
2012-05-17,1.49525
2012-05-18,1.49069
2012-05-21,1.48524
2012-05-22,1.48777
2012-05-23,1.49929
2012-05-24,1.50047
2012-05-25,1.50086
2012-05-29,1.50313
2012-05-30,1.50388
2012-05-31,1.49638
2012-06-01,1.48762
2012-06-04,1.47823
2012-06-05,1.48257
2012-06-06,1.48236
2012-06-07,1.48693
2012-06-08,1.48457
2012-06-11,1.49015
2012-06-12,1.49767
2012-06-13,1.48304
2012-06-14,1.47950
2012-06-15,1.48810
2012-06-18,1.49546
2012-06-19,1.48851
2012-06-20,1.48890
2012-06-21,1.49164
2012-06-22,1.49143
2012-06-25,1.49650
2012-06-26,1.50422
2012-06-27,1.49930
2012-06-28,1.49783
2012-06-29,1.48784
2012-07-02,1.49639
2012-07-03,1.49427
2012-07-05,1.50613
2012-07-06,1.51347
2012-07-09,1.51403
2012-07-10,1.51931
2012-07-11,1.52345
2012-07-12,1.51828
2012-07-13,1.52651
2012-07-16,1.53080
2012-07-17,1.53286
2012-07-18,1.53167
2012-07-19,1.54008
2012-07-20,1.54158
2012-07-23,1.53622
2012-07-24,1.54540
2012-07-25,1.53235
2012-07-26,1.53388
2012-07-27,1.52705
2012-07-30,1.53861
2012-07-31,1.52988
2012-08-01,1.52324
2012-08-02,1.53224
2012-08-03,1.51753
2012-08-06,1.51078
2012-08-07,1.51433
2012-08-08,1.52114
2012-08-09,1.52804
2012-08-10,1.53089
2012-08-13,1.52722
2012-08-14,1.52864
2012-08-15,1.53318
2012-08-16,1.52959
2012-08-17,1.53069
2012-08-20,1.52819
2012-08-21,1.52037
2012-08-22,1.52125
2012-08-23,1.51557
2012-08-24,1.51526
2012-08-27,1.51635
2012-08-28,1.51282
2012-08-29,1.51695
2012-08-30,1.51737
2012-08-31,1.51428
2012-09-04,1.51859
2012-09-05,1.51869
2012-09-06,1.51871
2012-09-07,1.51377
2012-09-10,1.51105
2012-09-11,1.50868
2012-09-12,1.51055
2012-09-13,1.51483
2012-09-14,1.50260
2012-09-17,1.50691
2012-09-18,1.50951
2012-09-19,1.50276
2012-09-20,1.51215
2012-09-21,1.51585
2012-09-24,1.51806
2012-09-25,1.51729
2012-09-26,1.51776
2012-09-27,1.52254
2012-09-28,1.51637
2012-10-01,1.51348
2012-10-02,1.51214
2012-10-03,1.50836
2012-10-04,1.50598
2012-10-05,1.50373
2012-10-09,1.50280
2012-10-10,1.50344
2012-10-11,1.49912
2012-10-12,1.50040
2012-10-15,1.49928
2012-10-16,1.49300
2012-10-17,1.48998
2012-10-18,1.48910
2012-10-19,1.48600
2012-10-22,1.48469
2012-10-23,1.48606
2012-10-24,1.49616
2012-10-25,1.50484
2012-10-26,1.50483
2012-10-29,1.50096
2012-10-30,1.49711
2012-10-31,1.50008
2012-11-01,1.50541
2012-11-02,1.50674
2012-11-05,1.50727
2012-11-06,1.50639
2012-11-07,1.51022
2012-11-08,1.51198
2012-11-09,1.50883
2012-11-13,1.50437
2012-11-14,1.49762
2012-11-15,1.49421
2012-11-16,1.50278
2012-11-19,1.49602
2012-11-20,1.49753
2012-11-21,1.49705
2012-11-23,1.49022
2012-11-26,1.48663
2012-11-27,1.49223
2012-11-28,1.48984
2012-11-29,1.48926
2012-11-30,1.48485
2012-12-03,1.48953
2012-12-04,1.49259
2012-12-05,1.49147
2012-12-06,1.49904
2012-12-07,1.49615
2012-12-10,1.49904
2012-12-11,1.50290
2012-12-12,1.49798
2012-12-13,1.49081
2012-12-14,1.48418
2012-12-17,1.48639
2012-12-18,1.48407
2012-12-19,1.48356
2012-12-20,1.48528
2012-12-21,1.48294
2012-12-24,1.47615
2012-12-26,1.47131
2012-12-27,1.47173
2012-12-28,1.47520
2012-12-31,1.48886
2013-01-02,1.48992
2013-01-03,1.48934
2013-01-04,1.48525
2013-01-07,1.48368
2013-01-08,1.48380
2013-01-09,1.48117
2013-01-10,1.47727
2013-01-11,1.47097
2013-01-14,1.47492
2013-01-15,1.49236
2013-01-16,1.49103
2013-01-17,1.49201
2013-01-18,1.48373
2013-01-22,1.47176
2013-01-23,1.47306
2013-01-24,1.46637
2013-01-25,1.46161
2013-01-28,1.45443
2013-01-29,1.45157
2013-01-30,1.44093
2013-01-31,1.44173
2013-02-01,1.42160
2013-02-04,1.43012
2013-02-05,1.42182
2013-02-06,1.42455
2013-02-07,1.44163
2013-02-08,1.45209
2013-02-11,1.43936
2013-02-12,1.43582
2013-02-13,1.42733
2013-02-14,1.43110
2013-02-15,1.43172
2013-02-19,1.42284
2013-02-20,1.41386
2013-02-21,1.42201
2013-02-22,1.42090
2013-02-25,1.40759
2013-02-26,1.41047
2013-02-27,1.40890
2013-02-28,1.41841
2013-03-01,1.42032
2013-03-04,1.42127
2013-03-05,1.42428
2013-03-06,1.42385
2013-03-07,1.41792
2013-03-08,1.42313
2013-03-11,1.41478
2013-03-12,1.40910
2013-03-13,1.42060
2013-03-14,1.43059
2013-03-15,1.42105
2013-03-18,1.42799
2013-03-19,1.43008
2013-03-20,1.42842
2013-03-21,1.43503
2013-03-22,1.43279
2013-03-25,1.43835
2013-03-26,1.43741
2013-03-27,1.44083
2013-03-28,1.43759
2013-03-29,1.44181
2013-04-01,1.44097
2013-04-02,1.43343
2013-04-03,1.43089
2013-04-04,1.43739
2013-04-05,1.42984
2013-04-08,1.42600
2013-04-09,1.42702
2013-04-10,1.42925
2013-04-11,1.43161
2013-04-12,1.42813
2013-04-15,1.42531
2013-04-16,1.41767
2013-04-17,1.41968
2013-04-18,1.42207
2013-04-19,1.42221
2013-04-22,1.42689
2013-04-23,1.43924
2013-04-24,1.44706
2013-04-25,1.45933
2013-04-26,1.45728
2013-04-29,1.45204
2013-04-30,1.44491
2013-05-01,1.44384
2013-05-02,1.45065
2013-05-03,1.45370
2013-05-06,1.45945
2013-05-07,1.45429
2013-05-08,1.45510
2013-05-09,1.45807
2013-05-10,1.47125
2013-05-13,1.46422
2013-05-14,1.46506
2013-05-15,1.47112
2013-05-16,1.47177
2013-05-17,1.47641
2013-05-20,1.47283
2013-05-21,1.46845
2013-05-22,1.47579
2013-05-23,1.46175
2013-05-24,1.45530
2013-05-28,1.46596
2013-05-29,1.45365
2013-05-30,1.45347
2013-05-31,1.45528
2013-06-03,1.44927
2013-06-04,1.45164
2013-06-05,1.45021
2013-06-06,1.45086
2013-06-07,1.45333
2013-06-10,1.45566
2013-06-11,1.44498
2013-06-12,1.44106
2013-06-13,1.44961
2013-06-14,1.44659
2013-06-17,1.45366
2013-06-18,1.43531
2013-06-19,1.43917
2013-06-20,1.43790
2013-06-21,1.43797
2013-06-24,1.43946
2013-06-25,1.44743
2013-06-26,1.44618
2013-06-27,1.44180
2013-06-28,1.43726
2013-07-01,1.44107
2013-07-02,1.43993
2013-07-03,1.44634
2013-07-05,1.43492
2013-07-08,1.44005
2013-07-09,1.44451
2013-07-10,1.44594
2013-07-11,1.43639
2013-07-12,1.43043
2013-07-15,1.43452
2013-07-16,1.42265
2013-07-17,1.43152
2013-07-18,1.43847
2013-07-19,1.43461
2013-07-22,1.43777
2013-07-23,1.43835
2013-07-24,1.43753
2013-07-25,1.43146
2013-07-26,1.42754
2013-07-29,1.42914
2013-07-30,1.41738
2013-07-31,1.40902
2013-08-01,1.41648
2013-08-02,1.41965
2013-08-05,1.42756
2013-08-06,1.42400
2013-08-07,1.43065
2013-08-08,1.43008
2013-08-09,1.42983
2013-08-12,1.43114
2013-08-13,1.44314
2013-08-14,1.45271
2013-08-15,1.45367
2013-08-16,1.44783
2013-08-19,1.44846
2013-08-20,1.43901
2013-08-21,1.44418
2013-08-22,1.43908
2013-08-23,1.43434
2013-08-26,1.43687
2013-08-27,1.42640
2013-08-28,1.43117
2013-08-29,1.44278
2013-08-30,1.44053
2013-09-03,1.45546
2013-09-04,1.46348
2013-09-05,1.47154
2013-09-06,1.46709
2013-09-09,1.46447
2013-09-10,1.46988
2013-09-11,1.47234
2013-09-12,1.46884
2013-09-13,1.47803
2013-09-16,1.47444
2013-09-17,1.47337
2013-09-18,1.47829
2013-09-19,1.46190
2013-09-20,1.45851
2013-09-23,1.46208
2013-09-24,1.45871
2013-09-25,1.46036
2013-09-26,1.45797
2013-09-27,1.46015
2013-09-30,1.46271
2013-10-01,1.46904
2013-10-02,1.46285
2013-10-03,1.45061
2013-10-04,1.45460
2013-10-07,1.45545
2013-10-08,1.45455
2013-10-09,1.45153
2013-10-10,1.45431
2013-10-11,1.45137
2013-10-15,1.46198
2013-10-16,1.45722
2013-10-17,1.45942
2013-10-18,1.45865
2013-10-21,1.45656
2013-10-22,1.45126
2013-10-23,1.44211
2013-10-24,1.44319
2013-10-25,1.44434
2013-10-28,1.44443
2013-10-29,1.44243
2013-10-30,1.44116
2013-10-31,1.45501
2013-11-01,1.45263
2013-11-04,1.45231
2013-11-05,1.46414
2013-11-06,1.46470
2013-11-07,1.47582
2013-11-08,1.47473
2013-11-12,1.46045
2013-11-13,1.46785
2013-11-14,1.47138
2013-11-15,1.47423
2013-11-18,1.46947
2013-11-19,1.46834
2013-11-20,1.47901
2013-11-21,1.47754
2013-11-22,1.47058
2013-11-25,1.47344
2013-11-26,1.46973
2013-11-27,1.47893
2013-11-29,1.48117
2013-12-02,1.48519
2013-12-03,1.48227
2013-12-04,1.48029
2013-12-05,1.46571
2013-12-06,1.45943
2013-12-09,1.46227
2013-12-10,1.45771
2013-12-11,1.45133
2013-12-12,1.45339
2013-12-13,1.45087
2013-12-16,1.44772
2013-12-17,1.44181
2013-12-18,1.45395
2013-12-19,1.46855
2013-12-20,1.46418
2013-12-23,1.46254
2013-12-24,1.46709
2013-12-26,1.47224
2013-12-27,1.46652
2013-12-30,1.46473
2013-12-31,1.47564
2014-01-02,1.47945
2014-01-03,1.48530
2014-01-06,1.48301
2014-01-07,1.49195
2014-01-08,1.49827
2014-01-09,1.49523
2014-01-10,1.48748
2014-01-13,1.47846
2014-01-14,1.48199
2014-01-15,1.48747
2014-01-16,1.48056
2014-01-17,1.49499
2014-01-21,1.49736
2014-01-22,1.51052
2014-01-23,1.49535
2014-01-24,1.47576
2014-01-27,1.48573
2014-01-28,1.48964
2014-01-29,1.48195
2014-01-30,1.49085
2014-01-31,1.48906
2014-02-03,1.46999
2014-02-04,1.47514
2014-02-05,1.47456
2014-02-06,1.46976
2014-02-07,1.47434
2014-02-10,1.47217
2014-02-11,1.47711
2014-02-12,1.49304
2014-02-13,1.48843
2014-02-14,1.49423
2014-02-18,1.48238
2014-02-19,1.48245
2014-02-20,1.48286
2014-02-21,1.47813
2014-02-24,1.47862
2014-02-25,1.48105
2014-02-26,1.48527
2014-02-27,1.48089
2014-02-28,1.47571
2014-03-03,1.47226
2014-03-04,1.47792
2014-03-05,1.48411
2014-03-06,1.47497
2014-03-07,1.46931
2014-03-10,1.46058
2014-03-11,1.46043
2014-03-12,1.45184
2014-03-13,1.45530
2014-03-14,1.44886
2014-03-17,1.45240
2014-03-18,1.44896
2014-03-19,1.45444
2014-03-20,1.45831
2014-03-21,1.45785
2014-03-24,1.45778
2014-03-25,1.46286
2014-03-26,1.46687
2014-03-27,1.47306
2014-03-28,1.47546
2014-03-31,1.47407
2014-04-01,1.46839
2014-04-02,1.47538
2014-04-03,1.47944
2014-04-04,1.47992
2014-04-07,1.47491
2014-04-08,1.47932
2014-04-09,1.47672
2014-04-10,1.46971
2014-04-11,1.46410
2014-04-14,1.47062
2014-04-15,1.47265
2014-04-16,1.47993
2014-04-17,1.48126
2014-04-18,1.48312
2014-04-21,1.48631
2014-04-22,1.48982
2014-04-23,1.48021
2014-04-24,1.48110
2014-04-25,1.48075
2014-04-28,1.48067
2014-04-29,1.48856
2014-04-30,1.48573
2014-05-01,1.48673
2014-05-02,1.48237
2014-05-05,1.48009
2014-05-06,1.48430
2014-05-07,1.48567
2014-05-08,1.48831
2014-05-09,1.49284
2014-05-12,1.49755
2014-05-13,1.49756
2014-05-14,1.49278
2014-05-15,1.49396
2014-05-16,1.49924
2014-05-19,1.49975
2014-05-20,1.50202
2014-05-21,1.50995
2014-05-22,1.50843
2014-05-23,1.50681
2014-05-27,1.50823
2014-05-28,1.50075
2014-05-29,1.49975
2014-05-30,1.49941
2014-06-02,1.50469
2014-06-03,1.50176
2014-06-04,1.49992
2014-06-05,1.50218
2014-06-06,1.50092
2014-06-09,1.50748
2014-06-10,1.50712
2014-06-11,1.51125
2014-06-12,1.51365
2014-06-13,1.52704
2014-06-16,1.52353
2014-06-17,1.52664
2014-06-18,1.52161
2014-06-19,1.52267
2014-06-20,1.52433
2014-06-23,1.52203
2014-06-24,1.51986
2014-06-25,1.51486
2014-06-26,1.52025
2014-06-27,1.51761
2014-06-30,1.51693
2014-07-01,1.52109
2014-07-02,1.52523
2014-07-03,1.53242
2014-07-07,1.53032
2014-07-08,1.52834
2014-07-09,1.52758
2014-07-10,1.52842
2014-07-11,1.52712
2014-07-14,1.52314
2014-07-15,1.53541
2014-07-16,1.53915
2014-07-17,1.53463
2014-07-18,1.53422
2014-07-21,1.53268
2014-07-22,1.53907
2014-07-23,1.53731
2014-07-24,1.53235
2014-07-25,1.53513
2014-07-28,1.53560
2014-07-29,1.53591
2014-07-30,1.53753
2014-07-31,1.53454
2014-08-01,1.52298
2014-08-04,1.52711
2014-08-05,1.53594
2014-08-06,1.53089
2014-08-07,1.53092
2014-08-08,1.51846
2014-08-11,1.52140
2014-08-12,1.52639
2014-08-13,1.51595
2014-08-14,1.51185
2014-08-15,1.50609
2014-08-18,1.51580
2014-08-19,1.51055
2014-08-20,1.51630
2014-08-21,1.51161
2014-08-22,1.51508
2014-08-25,1.51642
2014-08-26,1.51897
2014-08-27,1.51608
2014-08-28,1.51691
2014-08-29,1.52139
2014-09-02,1.51749
2014-09-03,1.51110
2014-09-04,1.52477
2014-09-05,1.51811
2014-09-08,1.50395
2014-09-09,1.50386
2014-09-10,1.51371
2014-09-11,1.51696
2014-09-12,1.51673
2014-09-15,1.51787
2014-09-16,1.51719
2014-09-17,1.52613
2014-09-18,1.52980
2014-09-19,1.53409
2014-09-22,1.53758
2014-09-23,1.53642
2014-09-24,1.54397
2014-09-25,1.54437
2014-09-26,1.54633
2014-09-29,1.54464
2014-09-30,1.54972
2014-10-01,1.55116
2014-10-02,1.53841
2014-10-03,1.54350
2014-10-06,1.54288
2014-10-07,1.54388
2014-10-08,1.53663
2014-10-09,1.53902
2014-10-10,1.53555
2014-10-14,1.51920
2014-10-15,1.50718
2014-10-16,1.51406
2014-10-17,1.52292
2014-10-20,1.52299
2014-10-21,1.52985
2014-10-22,1.53142
2014-10-23,1.52903
2014-10-24,1.53155
2014-10-27,1.53017
2014-10-28,1.52900
2014-10-29,1.52649
2014-10-30,1.53052
2014-10-31,1.53968
2014-11-03,1.54357
2014-11-04,1.53438
2014-11-05,1.54092
2014-11-06,1.53902
2014-11-07,1.53422
2014-11-10,1.53473
2014-11-12,1.52617
2014-11-13,1.51407
2014-11-14,1.50556
2014-11-17,1.51017
2014-11-18,1.49945
2014-11-19,1.49984
2014-11-20,1.50502
2014-11-21,1.51951
2014-11-24,1.51923
2014-11-25,1.51556
2014-11-26,1.51784
2014-11-28,1.51024
2014-12-01,1.51622
2014-12-02,1.52136
2014-12-03,1.53541
2014-12-04,1.51940
2014-12-05,1.52449
2014-12-08,1.52781
2014-12-09,1.51915
2014-12-10,1.51867
2014-12-11,1.52207
2014-12-12,1.51305
2014-12-15,1.50877
2014-12-16,1.51125
2014-12-17,1.51495
2014-12-18,1.53391
2014-12-19,1.53457
2014-12-22,1.53366
2014-12-23,1.53173
2014-12-24,1.53398
2014-12-29,1.53337
2014-12-30,1.53870
2014-12-31,1.54759
2015-01-02,1.53671
2015-01-05,1.53550
2015-01-06,1.52686
2015-01-07,1.53150
2015-01-08,1.53726
2015-01-09,1.53803
2015-01-12,1.53951
2015-01-13,1.54610
2015-01-14,1.54966
2015-01-15,1.35385
2015-01-16,1.28431
2015-01-20,1.32691
2015-01-21,1.29947
2015-01-22,1.30614
2015-01-23,1.31591
2015-01-26,1.35607
2015-01-27,1.37396
2015-01-28,1.37322
2015-01-29,1.38779
2015-01-30,1.38392
2015-02-02,1.39174
2015-02-03,1.39697
2015-02-04,1.40502
2015-02-05,1.41428
2015-02-06,1.40692
2015-02-09,1.40870
2015-02-10,1.41269
2015-02-11,1.41478
2015-02-12,1.42771
2015-02-13,1.43288
2015-02-17,1.43454
2015-02-18,1.45749
2015-02-19,1.46354
2015-02-20,1.44908
2015-02-23,1.46830
2015-02-24,1.46875
2015-02-25,1.47179
2015-02-26,1.47154
2015-02-27,1.46874
2015-03-02,1.46834
2015-03-03,1.47607
2015-03-04,1.47153
2015-03-05,1.48279
2015-03-06,1.48305
2015-03-09,1.49049
2015-03-10,1.50792
2015-03-11,1.50560
2015-03-12,1.49583
2015-03-13,1.48251
2015-03-16,1.49090
2015-03-17,1.48039
2015-03-18,1.46159
2015-03-19,1.46133
2015-03-20,1.45739
2015-03-23,1.44406
2015-03-24,1.42543
2015-03-25,1.42789
2015-03-26,1.42704
2015-03-27,1.42628
2015-03-30,1.43166
2015-03-31,1.44223
2015-04-01,1.43359
2015-04-02,1.42149
2015-04-03,1.41766
2015-04-06,1.42468
2015-04-07,1.43218
2015-04-08,1.43770
2015-04-09,1.43758
2015-04-10,1.43650
2015-04-13,1.43360
2015-04-14,1.43647
2015-04-15,1.43695
2015-04-16,1.43023
2015-04-17,1.42358
2015-04-20,1.42305
2015-04-21,1.42379
2015-04-22,1.45184
2015-04-23,1.43695
2015-04-24,1.44681
2015-04-27,1.45247
2015-04-28,1.46199
2015-04-29,1.44906
2015-04-30,1.44237
2015-05-01,1.41387
2015-05-04,1.41451
2015-05-05,1.40589
2015-05-06,1.39482
2015-05-07,1.39991
2015-05-08,1.43338
2015-05-11,1.45704
2015-05-12,1.45326
2015-05-13,1.44283
2015-05-14,1.44190
2015-05-15,1.44700
2015-05-18,1.44716
2015-05-19,1.45405
2015-05-20,1.46044
2015-05-21,1.46466
2015-05-22,1.45989
2015-05-26,1.46335
2015-05-27,1.45694
2015-05-28,1.44618
2015-05-29,1.43748
2015-06-01,1.43766
2015-06-02,1.43232
2015-06-03,1.43322
2015-06-04,1.43568
2015-06-05,1.44061
2015-06-08,1.42582
2015-06-09,1.42978
2015-06-10,1.44308
2015-06-11,1.45066
2015-06-12,1.44327
2015-06-15,1.45609
2015-06-16,1.45817
2015-06-17,1.45649
2015-06-18,1.46061
2015-06-19,1.46197
2015-06-22,1.45380
2015-06-23,1.47047
2015-06-24,1.46777
2015-06-25,1.47452
2015-06-26,1.47167
2015-06-29,1.46280
2015-06-30,1.46996
2015-07-01,1.47681
2015-07-02,1.47322
2015-07-06,1.47329
2015-07-07,1.46440
2015-07-08,1.45217
2015-07-09,1.45987
2015-07-10,1.45907
2015-07-13,1.47300
2015-07-14,1.47405
2015-07-15,1.48719
2015-07-16,1.49173
2015-07-17,1.50125
2015-07-20,1.50094
2015-07-21,1.49121
2015-07-22,1.50133
2015-07-23,1.48820
2015-07-24,1.49240
2015-07-27,1.49672
2015-07-28,1.50523
2015-07-29,1.50469
2015-07-30,1.51075
2015-07-31,1.50657
2015-08-03,1.51069
2015-08-04,1.51944
2015-08-05,1.53066
2015-08-06,1.52227
2015-08-07,1.51957
2015-08-10,1.53086
2015-08-11,1.53675
2015-08-12,1.51564
2015-08-13,1.52215
2015-08-14,1.52812
2015-08-17,1.52394
2015-08-18,1.52873
2015-08-19,1.51783
2015-08-20,1.50941
2015-08-21,1.48948
2015-08-24,1.47035
2015-08-25,1.48948
2015-08-26,1.46739
2015-08-27,1.48420
2015-08-28,1.47803
2015-08-31,1.48733
2015-09-01,1.47622
2015-09-02,1.48347
2015-09-03,1.48932
2015-09-04,1.48215
2015-09-08,1.50415
2015-09-09,1.50054
2015-09-10,1.50464
2015-09-11,1.50162
2015-09-14,1.49399
2015-09-15,1.49754
2015-09-16,1.50155
2015-09-17,1.50589
2015-09-18,1.49727
2015-09-21,1.50442
2015-09-22,1.49463
2015-09-23,1.49085
2015-09-24,1.48414
2015-09-25,1.48081
2015-09-28,1.48061
2015-09-29,1.47277
2015-09-30,1.47718
2015-10-01,1.47748
2015-10-02,1.47352
2015-10-05,1.47801
2015-10-06,1.47373
2015-10-07,1.48790
2015-10-08,1.48170
2015-10-09,1.47243
2015-10-13,1.46228
2015-10-14,1.46981
2015-10-15,1.46843
2015-10-16,1.47251
2015-10-19,1.47896
2015-10-20,1.47587
2015-10-21,1.47982
2015-10-22,1.49523
2015-10-23,1.49854
2015-10-26,1.50768
2015-10-27,1.50789
2015-10-28,1.50858
2015-10-29,1.51652
2015-10-30,1.52247
2015-11-02,1.52006
2015-11-03,1.52834
2015-11-04,1.52745
2015-11-05,1.51821
2015-11-06,1.51439
2015-11-09,1.51497
2015-11-10,1.52251
2015-11-12,1.52281
2015-11-13,1.53430
2015-11-16,1.53246
2015-11-17,1.54709
2015-11-18,1.55103
2015-11-19,1.55426
2015-11-20,1.54780
2015-11-23,1.54341
2015-11-24,1.53004
2015-11-25,1.54404
2015-11-27,1.54986
2015-11-30,1.54686
2015-12-01,1.55200
2015-12-02,1.53366
2015-12-03,1.50815
2015-12-04,1.50778
2015-12-07,1.51153
2015-12-08,1.49093
2015-12-09,1.49644
2015-12-10,1.50068
2015-12-11,1.49521
2015-12-14,1.48631
2015-12-15,1.49255
2015-12-16,1.47906
2015-12-17,1.48572
2015-12-18,1.48248
2015-12-21,1.47742
2015-12-22,1.46120
2015-12-23,1.47711
2015-12-24,1.47519
2015-12-28,1.47016
2015-12-29,1.46826
2015-12-30,1.46692
2015-12-31,1.47700
2016-01-04,1.47481
2016-01-05,1.48057
2016-01-06,1.47492
2016-01-07,1.46056
2016-01-08,1.44816
2016-01-11,1.45645
2016-01-12,1.44462
2016-01-13,1.45623
2016-01-14,1.45130
2016-01-15,1.42669
2016-01-19,1.42157
2016-01-20,1.42116
2016-01-21,1.43575
2016-01-22,1.45200
2016-01-25,1.44558
2016-01-26,1.46121
2016-01-27,1.45123
2016-01-28,1.45436
2016-01-29,1.45050
2016-02-01,1.46580
2016-02-02,1.46595
2016-02-03,1.46772
2016-02-04,1.44715
2016-02-05,1.43779
2016-02-08,1.42497
2016-02-09,1.40686
2016-02-10,1.41540
2016-02-11,1.40240
2016-02-12,1.41238
2016-02-16,1.41240
2016-02-17,1.42105
2016-02-18,1.42468
2016-02-19,1.41896
2016-02-22,1.41365
2016-02-23,1.39267
2016-02-24,1.37364
2016-02-25,1.37895
2016-02-26,1.38219
2016-02-29,1.38699
2016-03-01,1.39406
2016-03-02,1.40321
2016-03-03,1.40391
2016-03-04,1.41215
2016-03-07,1.42110
2016-03-08,1.41380
2016-03-09,1.41757
2016-03-10,1.41016
2016-03-11,1.41561
2016-03-14,1.41241
2016-03-15,1.39567
2016-03-16,1.39298
2016-03-17,1.40270
2016-03-18,1.40522
2016-03-21,1.39392
2016-03-22,1.37973
2016-03-23,1.37308
2016-03-24,1.38113
2016-03-25,1.38194
2016-03-28,1.38672
2016-03-29,1.39160
2016-03-30,1.38667
2016-03-31,1.37806
2016-04-01,1.36193
2016-04-04,1.37041
2016-04-05,1.35427
2016-04-06,1.35066
2016-04-07,1.34516
2016-04-08,1.34499
2016-04-11,1.35830
2016-04-12,1.35983
2016-04-13,1.37264
2016-04-14,1.36771
2016-04-15,1.37475
2016-04-18,1.37559
2016-04-19,1.38195
2016-04-20,1.39011
2016-04-21,1.39403
2016-04-22,1.40653
2016-04-25,1.41188
2016-04-26,1.41920
2016-04-27,1.41319
2016-04-28,1.41251
2016-04-29,1.40363
2016-05-02,1.40158
2016-05-03,1.38758
2016-05-04,1.38593
2016-05-05,1.40316
2016-05-06,1.40009
2016-05-09,1.39741
2016-05-10,1.40859
2016-05-11,1.40443
2016-05-12,1.40092
2016-05-13,1.40193
2016-05-16,1.40827
2016-05-17,1.41382
2016-05-18,1.43555
2016-05-19,1.44522
2016-05-20,1.43977
2016-05-23,1.43276
2016-05-24,1.45197
2016-05-25,1.45599
2016-05-26,1.45238
2016-05-27,1.45204
2016-05-31,1.44348
2016-06-01,1.42392
2016-06-02,1.42783
2016-06-03,1.42021
2016-06-06,1.40462
2016-06-07,1.40737
2016-06-08,1.39549
2016-06-09,1.39453
2016-06-10,1.38133
2016-06-13,1.37420
2016-06-14,1.36216
2016-06-15,1.36837
2016-06-16,1.35989
2016-06-17,1.37286
2016-06-20,1.41246
2016-06-21,1.40745
2016-06-22,1.40714
2016-06-23,1.41572
2016-06-24,1.32324
2016-06-27,1.29355
2016-06-28,1.30444
2016-06-29,1.32316
2016-06-30,1.29661
2016-07-01,1.29216
2016-07-05,1.27187
2016-07-06,1.26347
2016-07-07,1.26435
2016-07-08,1.27352
2016-07-11,1.27646
2016-07-12,1.30629
2016-07-13,1.29616
2016-07-14,1.30729
2016-07-15,1.29753
2016-07-18,1.30421
2016-07-19,1.29265
2016-07-20,1.30100
2016-07-21,1.30422
2016-07-22,1.29441
2016-07-25,1.29582
2016-07-26,1.30339
2016-07-27,1.30103
2016-07-28,1.28958
2016-07-29,1.28583
2016-08-01,1.27737
2016-08-02,1.28505
2016-08-03,1.29564
2016-08-04,1.27980
2016-08-05,1.28019
2016-08-08,1.28299
2016-08-09,1.27843
2016-08-10,1.26856
2016-08-11,1.25998
2016-08-12,1.25944
2016-08-15,1.25051
2016-08-16,1.25270
2016-08-17,1.25439
2016-08-18,1.25901
2016-08-19,1.25313
2016-08-22,1.26412
2016-08-23,1.26805
2016-08-24,1.28034
2016-08-25,1.27606
2016-08-26,1.27969
2016-08-29,1.28010
2016-08-30,1.28510
2016-08-31,1.29053
2016-09-01,1.29971
2016-09-02,1.30390
2016-09-06,1.30496
2016-09-07,1.29412
2016-09-08,1.29370
2016-09-09,1.29524
2016-09-12,1.29623
2016-09-13,1.28411
2016-09-14,1.28192
2016-09-15,1.28373
2016-09-16,1.28210
2016-09-19,1.27878
2016-09-20,1.26894
2016-09-21,1.26645
2016-09-22,1.26709
2016-09-23,1.25722
2016-09-26,1.25477
2016-09-27,1.26388
2016-09-28,1.26368
2016-09-29,1.25422
2016-09-30,1.26175
2016-10-03,1.25064
2016-10-04,1.24650
2016-10-05,1.24522
2016-10-06,1.23916
2016-10-07,1.21935
2016-10-11,1.20684
2016-10-12,1.20756
2016-10-13,1.20425
2016-10-14,1.20697
2016-10-17,1.20400
2016-10-18,1.21704
2016-10-19,1.21488
2016-10-20,1.21535
2016-10-21,1.21502
2016-10-24,1.21064
2016-10-25,1.20910
2016-10-26,1.21446
2016-10-27,1.20998
2016-10-28,1.20724
2016-10-31,1.20772
2016-11-01,1.19609
2016-11-02,1.19470
2016-11-03,1.21370
2016-11-04,1.21465
2016-11-07,1.21022
2016-11-08,1.20710
2016-11-09,1.22390
2016-11-10,1.23707
2016-11-14,1.24414
2016-11-15,1.24410
2016-11-16,1.24739
2016-11-17,1.25100
2016-11-18,1.24433
2016-11-21,1.26132
2016-11-22,1.25481
2016-11-23,1.26523
2016-11-25,1.26321
2016-11-28,1.26077
2016-11-29,1.26698
2016-11-30,1.27147
2016-12-01,1.27548
2016-12-02,1.28251
2016-12-05,1.28390
2016-12-06,1.28247
2016-12-07,1.26859
2016-12-08,1.27675
2016-12-09,1.28214
2016-12-12,1.28765
2016-12-13,1.28352
2016-12-14,1.28323
2016-12-15,1.28023
2016-12-16,1.28001
2016-12-19,1.27000
2016-12-20,1.27064
2016-12-21,1.26723
2016-12-22,1.26043
2016-12-23,1.25802
2016-12-27,1.26091
2016-12-28,1.26045
2016-12-29,1.25184
2016-12-30,1.25339
2017-01-03,1.25824
2017-01-04,1.25790
2017-01-05,1.25475
2017-01-06,1.24985
2017-01-09,1.23470
2017-01-10,1.23577
2017-01-11,1.23643
2017-01-12,1.22921
2017-01-13,1.23176
2017-01-17,1.24232
2017-01-18,1.23437
2017-01-19,1.24341
2017-01-23,1.24719
2017-01-24,1.25288
2017-01-25,1.26148
2017-01-26,1.25925
2017-01-27,1.25213
2017-01-30,1.24482
2017-01-31,1.24440
2017-02-01,1.25537
2017-02-02,1.24078
2017-02-03,1.23921
2017-02-06,1.23680
2017-02-07,1.24485
2017-02-08,1.24596
2017-02-09,1.25319
2017-02-10,1.25366
2017-02-13,1.25769
2017-02-14,1.25555
2017-02-15,1.25430
2017-02-16,1.24666
2017-02-17,1.24559
2017-02-21,1.25692
2017-02-22,1.25922
2017-02-23,1.26264
2017-02-24,1.25672
2017-02-27,1.25371
2017-02-28,1.24543
2017-03-01,1.24070
2017-03-02,1.24141
2017-03-03,1.23934
2017-03-06,1.23825
2017-03-07,1.23672
2017-03-08,1.23296
2017-03-09,1.23248
2017-03-10,1.22845
2017-03-13,1.23171
2017-03-14,1.22633
2017-03-15,1.23197
2017-03-16,1.23120
2017-03-17,1.23444
2017-03-20,1.23235
2017-03-21,1.23999
2017-03-22,1.23518
2017-03-23,1.24314
2017-03-24,1.23782
2017-03-27,1.23694
2017-03-28,1.23156
2017-03-29,1.23694
2017-03-30,1.24504
2017-03-31,1.25351
2017-04-03,1.25159
2017-04-04,1.24636
2017-04-05,1.25500
2017-04-06,1.25434
2017-04-07,1.24795
2017-04-10,1.25133
2017-04-11,1.25743
2017-04-12,1.25675
2017-04-13,1.25808
2017-04-14,1.25789
2017-04-17,1.26142
2017-04-18,1.27417
2017-04-19,1.27715
2017-04-20,1.27791
2017-04-21,1.27662
2017-04-24,1.27368
2017-04-25,1.27391
2017-04-26,1.27834
2017-04-27,1.28212
2017-04-28,1.28658
2017-05-01,1.28584
2017-05-02,1.28091
2017-05-03,1.28042
2017-05-04,1.27679
2017-05-05,1.27894
2017-05-08,1.29145
2017-05-09,1.30340
2017-05-10,1.30521
2017-05-11,1.29635
2017-05-12,1.28903
2017-05-15,1.28701
2017-05-16,1.27540
2017-05-17,1.26948
2017-05-18,1.27007
2017-05-19,1.26972
2017-05-22,1.26622
2017-05-23,1.26461
2017-05-24,1.26361
2017-05-25,1.25907
2017-05-26,1.24782
2017-05-30,1.25293
2017-05-31,1.24971
2017-06-01,1.25219
2017-06-02,1.24237
2017-06-05,1.24735
2017-06-06,1.24216
2017-06-07,1.24977
2017-06-08,1.25178
2017-06-09,1.23551
2017-06-12,1.22633
2017-06-13,1.23465
2017-06-14,1.23745
2017-06-15,1.24477
2017-06-16,1.24444
2017-06-19,1.24188
2017-06-20,1.23235
2017-06-21,1.23420
2017-06-22,1.23139
2017-06-23,1.23355
2017-06-26,1.23580
2017-06-27,1.23280
2017-06-28,1.24295
2017-06-29,1.24240
2017-06-30,1.24574
2017-07-03,1.24751
2017-07-05,1.24832
2017-07-06,1.24922
2017-07-07,1.24214
2017-07-10,1.24427
2017-07-11,1.24303
2017-07-12,1.24346
2017-07-13,1.25145
2017-07-14,1.26262
2017-07-17,1.25712
2017-07-18,1.24085
2017-07-19,1.24469
2017-07-20,1.23355
2017-07-21,1.22786
2017-07-24,1.23189
2017-07-25,1.23888
2017-07-26,1.25000
2017-07-27,1.26156
2017-07-28,1.27100
2017-07-31,1.27342
2017-08-01,1.27509
2017-08-02,1.28180
2017-08-03,1.27366
2017-08-04,1.26724
2017-08-07,1.26667
2017-08-08,1.26650
2017-08-09,1.25409
2017-08-10,1.25204
2017-08-11,1.24951
2017-08-14,1.26041
2017-08-15,1.24990
2017-08-16,1.25309
2017-08-17,1.24153
2017-08-18,1.23869
2017-08-21,1.24245
2017-08-22,1.24076
2017-08-23,1.23619
2017-08-24,1.23493
2017-08-25,1.23249
2017-08-28,1.23501
2017-08-29,1.22639
2017-08-30,1.23939
2017-08-31,1.23856
2017-09-01,1.24867
2017-09-05,1.24619
2017-09-06,1.24683
2017-09-07,1.24368
2017-09-08,1.24931
2017-09-11,1.25583
2017-09-12,1.27437
2017-09-13,1.27416
2017-09-14,1.29421
2017-09-15,1.30265
2017-09-18,1.29854
2017-09-19,1.30143
2017-09-20,1.30453
2017-09-21,1.31578
2017-09-22,1.31177
2017-09-25,1.30292
2017-09-26,1.30282
2017-09-27,1.30595
2017-09-28,1.30458
2017-09-29,1.29831
2017-10-02,1.29189
2017-10-03,1.28978
2017-10-04,1.29441
2017-10-05,1.28588
2017-10-06,1.27720
2017-10-10,1.28770
2017-10-11,1.28560
2017-10-12,1.28573
2017-10-13,1.29639
2017-10-16,1.29334
2017-10-17,1.29238
2017-10-18,1.29409
2017-10-19,1.28522
2017-10-20,1.29731
2017-10-23,1.30191
2017-10-24,1.29790
2017-10-25,1.31036
2017-10-26,1.31145
2017-10-27,1.30948
2017-10-30,1.31535
2017-10-31,1.32377
2017-11-01,1.32759
2017-11-02,1.30384
2017-11-03,1.30694
2017-11-06,1.31326
2017-11-07,1.31474
2017-11-08,1.31039
2017-11-09,1.30785
2017-11-13,1.30683
2017-11-14,1.30156
2017-11-15,1.30358
2017-11-16,1.31002
2017-11-17,1.30662
2017-11-20,1.31396
2017-11-21,1.31216
2017-11-22,1.30755
2017-11-24,1.30524
2017-11-27,1.30720
2017-11-28,1.30074
2017-11-29,1.32164
2017-11-30,1.32874
2017-12-01,1.31830
2017-12-04,1.32732
2017-12-05,1.32724
2017-12-06,1.32530
2017-12-07,1.33257
2017-12-08,1.32710
2017-12-11,1.32300
2017-12-12,1.32241
2017-12-13,1.32237
2017-12-14,1.33065
2017-12-15,1.31864
2017-12-18,1.32047
2017-12-19,1.31655
2017-12-20,1.32194
2017-12-21,1.32255
2017-12-22,1.32432
2017-12-26,1.32233
2017-12-27,1.32288
2017-12-28,1.31459
2017-12-29,1.31737
2018-01-02,1.32128
2018-01-03,1.32008
2018-01-04,1.32047
2018-01-05,1.32248
2018-01-08,1.32438
2018-01-09,1.32901
2018-01-10,1.32162
2018-01-11,1.32015
2018-01-12,1.32964
2018-01-16,1.32479
2018-01-17,1.32928
2018-01-18,1.33139
2018-01-19,1.33186
2018-01-22,1.34356
2018-01-23,1.34069
2018-01-24,1.34204
2018-01-25,1.33462
2018-01-26,1.32454
2018-01-29,1.31723
2018-01-30,1.32133
2018-01-31,1.32269
2018-02-01,1.32327
2018-02-02,1.31657
2018-02-05,1.31324
2018-02-06,1.30692
2018-02-07,1.31011
2018-02-08,1.30615
2018-02-09,1.29559
2018-02-12,1.29795
2018-02-13,1.29689
2018-02-14,1.30045
2018-02-15,1.29809
2018-02-16,1.30119
2018-02-20,1.31155
2018-02-21,1.30735
2018-02-22,1.30262
2018-02-23,1.30780
2018-02-26,1.30989
2018-02-27,1.30691
2018-02-28,1.30069
2018-03-01,1.30138
2018-03-02,1.29120
2018-03-05,1.30206
2018-03-06,1.30329
2018-03-07,1.30917
2018-03-08,1.31310
2018-03-09,1.31610
2018-03-12,1.31883
2018-03-13,1.32004
2018-03-14,1.31934
2018-03-15,1.32561
2018-03-16,1.32684
2018-03-19,1.33422
2018-03-20,1.33814
2018-03-21,1.34177
2018-03-22,1.33808
2018-03-23,1.33932
2018-03-26,1.34425
2018-03-27,1.34155
2018-03-28,1.34584
2018-03-29,1.34119
2018-03-30,1.33707
2018-04-02,1.34110
2018-04-03,1.34918
2018-04-04,1.35065
2018-04-05,1.34784
2018-04-06,1.35278
2018-04-09,1.35341
2018-04-10,1.35571
2018-04-11,1.35955
2018-04-12,1.37108
2018-04-13,1.37292
2018-04-16,1.37538
2018-04-17,1.38224
2018-04-18,1.37573
2018-04-19,1.37865
2018-04-20,1.36739
2018-04-23,1.36403
2018-04-24,1.37004
2018-04-25,1.37014
2018-04-26,1.37604
2018-04-27,1.36256
2018-04-30,1.36290
2018-05-01,1.35484
2018-05-02,1.35751
2018-05-03,1.35387
2018-05-04,1.35422
2018-05-07,1.35979
2018-05-08,1.35425
2018-05-09,1.36237
2018-05-10,1.35347
2018-05-11,1.35429
2018-05-14,1.35617
2018-05-15,1.35090
2018-05-16,1.34843
2018-05-17,1.35251
2018-05-18,1.34348
2018-05-21,1.33879
2018-05-22,1.33423
2018-05-23,1.32764
2018-05-24,1.32709
2018-05-25,1.32037
2018-05-29,1.31566
2018-05-30,1.31498
2018-05-31,1.30817
2018-06-01,1.31806
2018-06-04,1.31594
2018-06-05,1.31730
2018-06-06,1.32187
2018-06-07,1.31874
2018-06-08,1.32189
2018-06-11,1.31834
2018-06-12,1.32023
2018-06-13,1.31692
2018-06-14,1.32560
2018-06-15,1.32333
2018-06-18,1.31832
2018-06-19,1.31072
2018-06-20,1.31554
2018-06-21,1.31456
2018-06-22,1.31274
2018-06-25,1.31059
2018-06-26,1.31122
2018-06-27,1.30890
2018-06-28,1.30666
2018-06-29,1.30949
2018-07-02,1.30628
2018-07-03,1.30707
2018-07-05,1.31270
2018-07-06,1.31313
2018-07-09,1.30957
2018-07-10,1.31679
2018-07-11,1.31515
2018-07-12,1.32499
2018-07-13,1.32523
2018-07-16,1.32019
2018-07-17,1.31508
2018-07-18,1.30419
2018-07-19,1.30078
2018-07-20,1.30413
2018-07-23,1.30088
2018-07-24,1.30619
2018-07-25,1.30730
2018-07-26,1.30369
2018-07-27,1.30395
2018-07-30,1.29895
2018-07-31,1.29873
2018-08-01,1.30189
2018-08-02,1.29601
2018-08-03,1.29245
2018-08-06,1.28988
2018-08-07,1.28842
2018-08-08,1.28065
2018-08-09,1.27490
2018-08-10,1.27110
2018-08-13,1.26725
2018-08-14,1.26481
2018-08-15,1.26119
2018-08-16,1.26743
2018-08-17,1.26694
2018-08-20,1.26921
2018-08-21,1.27006
2018-08-22,1.26982
2018-08-23,1.26354
2018-08-24,1.26321
2018-08-27,1.26363
2018-08-28,1.25670
2018-08-29,1.26570
2018-08-30,1.26189
2018-08-31,1.25719
2018-09-04,1.25167
2018-09-05,1.25368
2018-09-06,1.25220
2018-09-07,1.25246
2018-09-10,1.26872
2018-09-11,1.26734
2018-09-12,1.26436
2018-09-13,1.26851
2018-09-14,1.26456
2018-09-17,1.26462
2018-09-18,1.26579
2018-09-19,1.27270
2018-09-20,1.27386
2018-09-21,1.25350
2018-09-24,1.26296
2018-09-25,1.26954
2018-09-26,1.27617
2018-09-27,1.28109
2018-09-28,1.27372
2018-10-01,1.28242
2018-10-02,1.27811
2018-10-03,1.28560
2018-10-04,1.29164
2018-10-05,1.29988
2018-10-09,1.30443
2018-10-10,1.30851
2018-10-11,1.30871
2018-10-12,1.30439
2018-10-15,1.29945
2018-10-16,1.30700
2018-10-17,1.30399
2018-10-18,1.29833
2018-10-19,1.30029
2018-10-22,1.29255
2018-10-23,1.29080
2018-10-24,1.28750
2018-10-25,1.28386
2018-10-26,1.27998
2018-10-29,1.28151
2018-10-30,1.27893
2018-10-31,1.28524
2018-11-01,1.30163
2018-11-02,1.30118
2018-11-05,1.30924
2018-11-06,1.31302
2018-11-07,1.31414
2018-11-08,1.31598
2018-11-09,1.30591
2018-11-13,1.31392
2018-11-14,1.30978
2018-11-15,1.28225
2018-11-16,1.28540
2018-11-19,1.27623
2018-11-20,1.27373
2018-11-21,1.27150
2018-11-23,1.27734
2018-11-26,1.27885
2018-11-27,1.27266
2018-11-28,1.27588
2018-11-29,1.27459
2018-11-30,1.27548
2018-12-03,1.27102
2018-12-04,1.26876
2018-12-06,1.26817
2018-12-07,1.26390
2018-12-10,1.24275
2018-12-11,1.24371
2018-12-12,1.25570
2018-12-13,1.25559
2018-12-14,1.25330
2018-12-17,1.25224
2018-12-18,1.25553
2018-12-19,1.25656
2018-12-20,1.25465
2018-12-21,1.25716
2018-12-26,1.25593
2018-12-27,1.25025
2018-12-28,1.24927
2018-12-31,1.25488
2019-01-02,1.24515
2019-01-03,1.24924
2019-01-04,1.25608
2019-01-07,1.25144
2019-01-08,1.24825
2019-01-09,1.24659
2019-01-10,1.25345
2019-01-11,1.26158
2019-01-15,1.26149
2019-01-16,1.27318
2019-01-17,1.28675
2019-01-18,1.28389
2019-01-22,1.29188
2019-01-23,1.30030
2019-01-24,1.29820
2019-01-25,1.30830
2019-01-28,1.30395
2019-01-29,1.30801
2019-01-30,1.30460
2019-01-31,1.30540
2019-02-01,1.30156
2019-02-04,1.30345
2019-02-05,1.29531
2019-02-06,1.29684
2019-02-07,1.29798
2019-02-08,1.29333
2019-02-11,1.29132
2019-02-12,1.29742
2019-02-13,1.29590
2019-02-14,1.28745
2019-02-15,1.29378
2019-02-19,1.30596
2019-02-21,1.30730
2019-02-22,1.30642
2019-02-25,1.30661
2019-02-26,1.32547
2019-02-27,1.33213
2019-02-28,1.32387
2019-03-01,1.32051
2019-03-04,1.31777
2019-03-05,1.31997
2019-03-06,1.31975
2019-03-07,1.32451
2019-03-08,1.31069
2019-03-11,1.32382
2019-03-12,1.32032
2019-03-13,1.32901
2019-03-14,1.33386
2019-03-15,1.33130
2019-03-18,1.32276
2019-03-19,1.32639
2019-03-20,1.31566
2019-03-21,1.29742
2019-03-22,1.31395
2019-03-25,1.30948
2019-03-26,1.31360
2019-03-27,1.31214
2019-03-28,1.30245
2019-03-29,1.29832
2019-04-01,1.31283
2019-04-02,1.30162
2019-04-03,1.31409
2019-04-04,1.30745
2019-04-05,1.30146
2019-04-08,1.30402
2019-04-09,1.30467
2019-04-10,1.31242
2019-04-11,1.31038
2019-04-12,1.31078
2019-04-15,1.31555
2019-04-16,1.31358
2019-04-17,1.31652
2019-04-18,1.32024
2019-04-19,1.31894
2019-04-22,1.31849
2019-04-23,1.32255
2019-04-24,1.31849
2019-04-25,1.31583
2019-04-26,1.31756
2019-04-29,1.31830
2019-04-30,1.32899
2019-05-01,1.32701
2019-05-02,1.32673
2019-05-03,1.33727
2019-05-06,1.33268
2019-05-07,1.33320
2019-05-08,1.32496
2019-05-09,1.31854
2019-05-10,1.31782
2019-05-13,1.30447
2019-05-14,1.30353
2019-05-15,1.29942
2019-05-16,1.29318
2019-05-17,1.28601
2019-05-20,1.28221
2019-05-21,1.28795
2019-05-22,1.27883
2019-05-23,1.27169
2019-05-24,1.27267
2019-05-28,1.27768
2019-05-29,1.27144
2019-05-30,1.27117
2019-05-31,1.26628
2019-06-03,1.26139
2019-06-04,1.25982
2019-06-05,1.26036
2019-06-06,1.25680
2019-06-07,1.25838
2019-06-10,1.25545
2019-06-11,1.26288
2019-06-12,1.26225
2019-06-13,1.26090
2019-06-14,1.25882
2019-06-17,1.25449
2019-06-18,1.25395
2019-06-19,1.25742
2019-06-20,1.24727
2019-06-21,1.24352
2019-06-24,1.23711
2019-06-25,1.23725
2019-06-26,1.23921
2019-06-27,1.23777
2019-06-28,1.23958
2019-07-01,1.24719
2019-07-02,1.24228
2019-07-03,1.23966
2019-07-05,1.24100
2019-07-08,1.24256
2019-07-09,1.23729
2019-07-10,1.23712
2019-07-11,1.24056
2019-07-12,1.23588
2019-07-15,1.23319
2019-07-16,1.22720
2019-07-17,1.22761
2019-07-18,1.23213
2019-07-19,1.22787
2019-07-22,1.22443
2019-07-23,1.22594
2019-07-24,1.23160
2019-07-25,1.23444
2019-07-26,1.23040
2019-07-29,1.21326
2019-07-30,1.20360
2019-07-31,1.21007
2019-08-01,1.20695
2019-08-02,1.19131
2019-08-05,1.18260
2019-08-06,1.18843
2019-08-07,1.18030
2019-08-08,1.18352
2019-08-09,1.17341
2019-08-12,1.17031
2019-08-13,1.17582
2019-08-14,1.17499
2019-08-15,1.18241
2019-08-16,1.19091
2019-08-19,1.19044
2019-08-20,1.19008
2019-08-21,1.19184
2019-08-22,1.20470
2019-08-23,1.19519
2019-08-26,1.19657
2019-08-27,1.20607
2019-08-28,1.20110
2019-08-29,1.20173
2019-08-30,1.20426
2019-09-03,1.19314
2019-09-04,1.19676
2019-09-05,1.21737
2019-09-06,1.21338
2019-09-09,1.22573
2019-09-10,1.22412
2019-09-11,1.22463
2019-09-12,1.22217
2019-09-13,1.23355
2019-09-16,1.23217
2019-09-17,1.24000
2019-09-18,1.24158
2019-09-19,1.23902
2019-09-20,1.24016
2019-09-23,1.22968
2019-09-24,1.23154
2019-09-25,1.22500
2019-09-26,1.22538
2019-09-27,1.22125
2019-09-30,1.22776
2019-10-01,1.21631
2019-10-02,1.22830
2019-10-03,1.23578
2019-10-04,1.22575
2019-10-07,1.22560
2019-10-08,1.21323
2019-10-09,1.21534
2019-10-10,1.23254
2019-10-11,1.26405
2019-10-15,1.27143
2019-10-16,1.28008
2019-10-17,1.26864
2019-10-18,1.27174
2019-10-21,1.28084
2019-10-22,1.28046
2019-10-23,1.27668
2019-10-24,1.27120
2019-10-25,1.27631
2019-10-28,1.28086
2019-10-29,1.28223
2019-10-30,1.27545
2019-10-31,1.27675
2019-11-01,1.27622
2019-11-04,1.27401
2019-11-05,1.27825
2019-11-06,1.27687
2019-11-07,1.27697
2019-11-08,1.27523
2019-11-12,1.27639
2019-11-13,1.27016
2019-11-14,1.27212
2019-11-15,1.27764
2019-11-18,1.28082
2019-11-19,1.28128
2019-11-20,1.28162
2019-11-21,1.28116
2019-11-22,1.27864
2019-11-25,1.28386
2019-11-26,1.28219
2019-11-27,1.28765
2019-11-29,1.29396
2019-12-02,1.28331
2019-12-03,1.28228
2019-12-04,1.29540
2019-12-05,1.29963
2019-12-06,1.30074
2019-12-09,1.29970
2019-12-10,1.29837
2019-12-11,1.29855
2019-12-12,1.29498
2019-12-13,1.31331
2019-12-16,1.31152
2019-12-17,1.28686
2019-12-18,1.28420
2019-12-19,1.27437
2019-12-20,1.28067
2019-12-23,1.26841
2019-12-24,1.27050
2019-12-26,1.27575
2019-12-27,1.27517
2019-12-30,1.27162
2019-12-31,1.28410
2020-01-02,1.27622
2020-01-03,1.27019
2020-01-06,1.27524
2020-01-07,1.27540
2020-01-08,1.27491
2020-01-09,1.27078
2020-01-10,1.27060
2020-01-13,1.26006
2020-01-14,1.25970
2020-01-15,1.25524
2020-01-16,1.26177
2020-01-17,1.26163
2020-01-21,1.26301
2020-01-22,1.27361
2020-01-23,1.27087
2020-01-24,1.26938
2020-01-27,1.26567
2020-01-28,1.26550
2020-01-29,1.26831
2020-01-30,1.27025
2020-01-31,1.27260
2020-02-03,1.25569
2020-02-04,1.26293
2020-02-05,1.26482
2020-02-06,1.26116
2020-02-07,1.26204
2020-02-10,1.26314
2020-02-11,1.26356
2020-02-12,1.26762
2020-02-13,1.27747
2020-02-14,1.28022
2020-02-18,1.27753
2020-02-19,1.27250
2020-02-20,1.26590
2020-02-21,1.26828
2020-02-24,1.26338
2020-02-25,1.26983
2020-02-26,1.26102
2020-02-27,1.25135
2020-02-28,1.23575
2020-03-02,1.22499
2020-03-03,1.22665
2020-03-04,1.22629
2020-03-05,1.22746
2020-03-06,1.21845
2020-03-09,1.21771
2020-03-10,1.20667
2020-03-11,1.20889
2020-03-12,1.19639
2020-03-13,1.18360
2020-03-16,1.16231
2020-03-17,1.15922
2020-03-18,1.14395
2020-03-19,1.14834
2020-03-20,1.15853
2020-03-23,1.12894
2020-03-24,1.15638
2020-03-25,1.15057
2020-03-26,1.17094
2020-03-27,1.18131
2020-03-30,1.19033
2020-03-31,1.19888
2020-04-01,1.19918
2020-04-02,1.20413
2020-04-03,1.19552
2020-04-06,1.20133
2020-04-07,1.19810
2020-04-08,1.20352
2020-04-09,1.20344
2020-04-10,1.20449
2020-04-13,1.21107
2020-04-14,1.21196
2020-04-15,1.20814
2020-04-16,1.20540
2020-04-17,1.20805
2020-04-20,1.20559
2020-04-21,1.18864
2020-04-22,1.19756
2020-04-23,1.20359
2020-04-24,1.20266
2020-04-27,1.21177
2020-04-28,1.21182
2020-04-29,1.21153
2020-04-30,1.21853
2020-05-01,1.20078
2020-05-04,1.19913
2020-05-05,1.21013
2020-05-06,1.20323
2020-05-07,1.20351
2020-05-08,1.20619
2020-05-11,1.19877
2020-05-12,1.19051
2020-05-13,1.18631
2020-05-14,1.18607
2020-05-15,1.17962
2020-05-18,1.18439
2020-05-19,1.19179
2020-05-20,1.18262
2020-05-21,1.18633
2020-05-22,1.18388
2020-05-26,1.19270
2020-05-27,1.18591
2020-05-28,1.18832
2020-05-29,1.18492
2020-06-01,1.19893
2020-06-02,1.20589
2020-06-03,1.21116
2020-06-04,1.20603
2020-06-05,1.22231
2020-06-08,1.21439
2020-06-09,1.20823
2020-06-10,1.20566
2020-06-11,1.18534
2020-06-12,1.19191
2020-06-15,1.19190
2020-06-16,1.19497
2020-06-17,1.19153
2020-06-18,1.18210
2020-06-19,1.17678
2020-06-22,1.17936
2020-06-23,1.18271
2020-06-24,1.17740
2020-06-25,1.17665
2020-06-26,1.16950
2020-06-29,1.16699
2020-06-30,1.17093
2020-07-01,1.17937
2020-07-02,1.17893
2020-07-06,1.17524
2020-07-07,1.18305
2020-07-08,1.18146
2020-07-09,1.18529
2020-07-10,1.18879
2020-07-13,1.18693
2020-07-14,1.17739
2020-07-15,1.18804
2020-07-16,1.19046
2020-07-17,1.17821
2020-07-20,1.18848
2020-07-21,1.18951
2020-07-22,1.18228
2020-07-23,1.18015
2020-07-24,1.17959
2020-07-27,1.18608
2020-07-28,1.18739
2020-07-29,1.18591
2020-07-30,1.18874
2020-07-31,1.19687
2020-08-03,1.20010
2020-08-04,1.19535
2020-08-05,1.18962
2020-08-06,1.19656
2020-08-07,1.19212
2020-08-10,1.19754
2020-08-11,1.19825
2020-08-12,1.18839
2020-08-13,1.19008
2020-08-14,1.19164
2020-08-17,1.18700
2020-08-18,1.19431
2020-08-19,1.20222
2020-08-20,1.19784
2020-08-21,1.19594
2020-08-24,1.19134
2020-08-25,1.19388
2020-08-26,1.19805
2020-08-27,1.20082
2020-08-28,1.20611
2020-08-31,1.20530
2020-09-01,1.21706
2020-09-02,1.21265
2020-09-03,1.20743
2020-09-04,1.21008
2020-09-08,1.19520
2020-09-09,1.18800
2020-09-10,1.16596
2020-09-11,1.16266
2020-09-14,1.16804
2020-09-15,1.16894
2020-09-16,1.17861
2020-09-17,1.17865
2020-09-18,1.17793
2020-09-21,1.17234
2020-09-22,1.17078
2020-09-23,1.17723
2020-09-24,1.18013
2020-09-25,1.18056
2020-09-28,1.18963
2020-09-29,1.18384
2020-09-30,1.18723
2020-10-01,1.18423
2020-10-02,1.18992
2020-10-05,1.18731
2020-10-06,1.18485
2020-10-07,1.18388
2020-10-08,1.18768
2020-10-09,1.18359
2020-10-13,1.18623
2020-10-14,1.18857
2020-10-15,1.18096
2020-10-16,1.18363
2020-10-19,1.18185
2020-10-20,1.17485
2020-10-21,1.18833
2020-10-22,1.18785
2020-10-23,1.18073
2020-10-26,1.18138
2020-10-27,1.18463
2020-10-28,1.18235
2020-10-29,1.18213
2020-10-30,1.18533
2020-11-02,1.18710
2020-11-03,1.19092
2020-11-04,1.18581
2020-11-05,1.18875
2020-11-06,1.18268
2020-11-09,1.19903
2020-11-10,1.20911
2020-11-12,1.20068
2020-11-13,1.20329
2020-11-16,1.20377
2020-11-17,1.20665
2020-11-18,1.20974
2020-11-19,1.20606
2020-11-20,1.21218
2020-11-23,1.21439
2020-11-24,1.21759
2020-11-25,1.21605
2020-11-30,1.20848
2020-12-01,1.20597
2020-12-02,1.19608
2020-12-03,1.20189
2020-12-04,1.20119
2020-12-07,1.18734
2020-12-08,1.18702
2020-12-09,1.19204
2020-12-10,1.18011
2020-12-11,1.17487
2020-12-14,1.18215
2020-12-15,1.19009
2020-12-16,1.19646
2020-12-17,1.20318
2020-12-18,1.19449
2020-12-21,1.18309
2020-12-22,1.18662
2020-12-23,1.19995
2020-12-28,1.19645
2020-12-29,1.19416
2020-12-30,1.20163
2020-12-31,1.20779
2021-01-04,1.19390
2021-01-05,1.19640
2021-01-06,1.19750
2021-01-07,1.19797
2021-01-08,1.20117
2021-01-11,1.20311
2021-01-12,1.21260
2021-01-13,1.20965
2021-01-14,1.21424
2021-01-15,1.20957
2021-01-19,1.21123
2021-01-21,1.21707
2021-01-22,1.21158
2021-01-25,1.21405
2021-01-26,1.21911
2021-01-27,1.21681
2021-01-28,1.21990
2021-01-29,1.22204
2021-02-01,1.22573
2021-02-02,1.22622
2021-02-03,1.22771
2021-02-04,1.23408
2021-02-05,1.23368
2021-02-08,1.23451
2021-02-09,1.23206
2021-02-10,1.23144
2021-02-11,1.23110
2021-02-12,1.23455
2021-02-16,1.24120
2021-02-17,1.24429
2021-02-18,1.25164
2021-02-19,1.25498
2021-02-22,1.26098
2021-02-23,1.27142
2021-02-24,1.28001
2021-02-25,1.27405
2021-02-26,1.26806
2021-03-01,1.27359
2021-03-02,1.27632
2021-03-03,1.28320
2021-03-04,1.29595
2021-03-05,1.28575
2021-03-08,1.29195
2021-03-09,1.29002
2021-03-10,1.29493
2021-03-11,1.29232
2021-03-12,1.29244
2021-03-15,1.28716
2021-03-16,1.28661
2021-03-17,1.28833
2021-03-18,1.29352
2021-03-19,1.29019
2021-03-22,1.27934
2021-03-23,1.28666
2021-03-24,1.28379
2021-03-25,1.28883
2021-03-26,1.29628
2021-03-29,1.29393
2021-03-30,1.29421
2021-03-31,1.29921
2021-04-01,1.30084
2021-04-02,1.30223
2021-04-05,1.30149
2021-04-06,1.29137
2021-04-07,1.27583
2021-04-08,1.27064
2021-04-09,1.27029
2021-04-12,1.26810
2021-04-13,1.26604
2021-04-14,1.27248
2021-04-15,1.27164
2021-04-16,1.27139
2021-04-19,1.27952
2021-04-20,1.27617
2021-04-21,1.27731
2021-04-22,1.27175
2021-04-23,1.26706
2021-04-26,1.27032
2021-04-27,1.27038
2021-04-28,1.26987
2021-04-29,1.26992
2021-04-30,1.26308
2021-05-03,1.26822
2021-05-04,1.26748
2021-05-05,1.27017
2021-05-06,1.26246
2021-05-07,1.26123
2021-05-10,1.27172
2021-05-11,1.27617
2021-05-12,1.27964
2021-05-13,1.27252
2021-05-14,1.27164
2021-05-17,1.27363
2021-05-18,1.27461
2021-05-19,1.27557
2021-05-20,1.27429
2021-05-21,1.27241
2021-05-24,1.26935
2021-05-25,1.26691
2021-05-26,1.26773
2021-05-27,1.27225
2021-05-28,1.27625
2021-06-01,1.26863
2021-06-02,1.27304
2021-06-03,1.27605
2021-06-04,1.27427
2021-06-07,1.27166
2021-06-08,1.26793
2021-06-09,1.26525
2021-06-10,1.26785
2021-06-11,1.26930
2021-06-14,1.26920
2021-06-15,1.26442
2021-06-16,1.26796
2021-06-17,1.27651
2021-06-18,1.27332
2021-06-21,1.27804
2021-06-22,1.28080
2021-06-23,1.28148
2021-06-24,1.27771
2021-06-25,1.27519
2021-06-28,1.27609
2021-06-29,1.27385
2021-06-30,1.27751
2021-07-01,1.27504
2021-07-02,1.27245
2021-07-06,1.27500
2021-07-07,1.27596
2021-07-08,1.26005
2021-07-09,1.26675
2021-07-12,1.27121
2021-07-13,1.26890
2021-07-14,1.26822
2021-07-15,1.27212
2021-07-16,1.26716
2021-07-19,1.25654
2021-07-20,1.25500
2021-07-21,1.25705
2021-07-22,1.26427
2021-07-23,1.26647
2021-07-26,1.26635
2021-07-27,1.26822
2021-07-28,1.26808
2021-07-29,1.26564
2021-07-30,1.26057
2021-08-02,1.25691
2021-08-03,1.25793
2021-08-04,1.26057
2021-08-05,1.26341
2021-08-06,1.26831
2021-08-09,1.27317
2021-08-10,1.27696
2021-08-11,1.27773
2021-08-12,1.27680
2021-08-13,1.26950
2021-08-16,1.26340
2021-08-17,1.25622
2021-08-18,1.26207
2021-08-19,1.25417
2021-08-20,1.25031
2021-08-23,1.25336
2021-08-24,1.25223
2021-08-25,1.25388
2021-08-26,1.25792
2021-08-27,1.25595
2021-08-30,1.26197
2021-08-31,1.25942
2021-09-01,1.26103
2021-09-02,1.26628
2021-09-03,1.26643
2021-09-07,1.26589
2021-09-08,1.26861
2021-09-09,1.27085
2021-09-10,1.27112
2021-09-13,1.27551
2021-09-14,1.27309
2021-09-15,1.27245
2021-09-16,1.27530
2021-09-17,1.28033
2021-09-20,1.26683
2021-09-21,1.26178
2021-09-22,1.26066
2021-09-23,1.27052
2021-09-24,1.26502
2021-09-27,1.26916
2021-09-28,1.25653
2021-09-29,1.25454
2021-09-30,1.25795
2021-10-01,1.26181
2021-10-04,1.25789
2021-10-05,1.26463
2021-10-06,1.25902
2021-10-07,1.26517
2021-10-08,1.26373
2021-10-12,1.26558
2021-10-13,1.26347
2021-10-14,1.26327
2021-10-15,1.27111
2021-10-18,1.26726
2021-10-19,1.27392
2021-10-20,1.27118
2021-10-21,1.26699
2021-10-22,1.25931
2021-10-25,1.26608
2021-10-26,1.26759
2021-10-27,1.26157
2021-10-28,1.25939
2021-10-29,1.25428
2021-11-01,1.24555
2021-11-02,1.24490
2021-11-03,1.24587
2021-11-04,1.23155
2021-11-05,1.23219
2021-11-08,1.23857
2021-11-09,1.23550
2021-11-10,1.23438
2021-11-12,1.23538
2021-11-15,1.23918
2021-11-16,1.24856
2021-11-17,1.25250
2021-11-18,1.24916
2021-11-19,1.24791
2021-11-22,1.24732
2021-11-23,1.24849
2021-11-24,1.24703
2021-11-26,1.23022
2021-11-29,1.22940
2021-11-30,1.22144
2021-12-01,1.22372
2021-12-02,1.22472
2021-12-03,1.21559
2021-12-06,1.22661
2021-12-07,1.22621
2021-12-08,1.21999
2021-12-09,1.22115
2021-12-10,1.22082
2021-12-13,1.21900
2021-12-14,1.22153
2021-12-15,1.22331
2021-12-16,1.22785
2021-12-17,1.22426
2021-12-20,1.21645
2021-12-21,1.22492
2021-12-22,1.22795
2021-12-23,1.23186
2021-12-27,1.23287
2021-12-28,1.23130
2021-12-29,1.23285
2021-12-30,1.23478
2022-01-03,1.23761
2022-01-04,1.23988
2022-01-05,1.24335
2022-01-06,1.24506
2022-01-07,1.24844
2022-01-10,1.25519
2022-01-11,1.25828
2022-01-12,1.25123
2022-01-13,1.24907
2022-01-14,1.24853
2022-01-18,1.24582
2022-01-19,1.24745
2022-01-20,1.24925
2022-01-21,1.23678
2022-01-24,1.22980
2022-01-25,1.24076
2022-01-26,1.24517
2022-01-27,1.24722
2022-01-28,1.24755
2022-01-31,1.25024
2022-02-01,1.24659
2022-02-02,1.24607
2022-02-03,1.25313
2022-02-04,1.25244
2022-02-07,1.25091
2022-02-08,1.25274
2022-02-09,1.25007
2022-02-10,1.25852
2022-02-11,1.25884
2022-02-14,1.25220
2022-02-15,1.25345
2022-02-16,1.25241
2022-02-17,1.25368
2022-02-18,1.25119
2022-02-22,1.25139
2022-02-23,1.24427
2022-02-24,1.23794
2022-02-25,1.24333
2022-02-28,1.23175
2022-03-01,1.22333
2022-03-02,1.23176
2022-03-03,1.22655
2022-03-04,1.21340
2022-03-07,1.21534
2022-03-08,1.21866
2022-03-09,1.21911
2022-03-10,1.21825
2022-03-11,1.21829
2022-03-14,1.22071
2022-03-15,1.23008
2022-03-16,1.23284
2022-03-17,1.23029
2022-03-18,1.22952
2022-03-21,1.22812
2022-03-22,1.23625
2022-03-23,1.23107
2022-03-24,1.22700
2022-03-25,1.22797
2022-03-28,1.22320
2022-03-29,1.22103
2022-03-30,1.21407
2022-03-31,1.21150
2022-04-01,1.21390
2022-04-04,1.21406
2022-04-05,1.21735
2022-04-06,1.21991
2022-04-07,1.21875
2022-04-08,1.21634
2022-04-11,1.21308
2022-04-12,1.21214
2022-04-13,1.22026
2022-04-14,1.23023
2022-04-15,1.23233
2022-04-18,1.22914
2022-04-19,1.23351
2022-04-20,1.23616
2022-04-21,1.24322
2022-04-22,1.23179
2022-04-25,1.21714
2022-04-26,1.21247
2022-04-27,1.21644
2022-04-28,1.20990
2022-04-29,1.22164
2022-05-02,1.22354
2022-05-03,1.22404
2022-05-04,1.22740
2022-05-05,1.21781
2022-05-06,1.21689
2022-05-09,1.22450
2022-05-10,1.22510
2022-05-11,1.22022
2022-05-12,1.22030
2022-05-13,1.22585
2022-05-16,1.23043
2022-05-17,1.23812
2022-05-18,1.22747
2022-05-19,1.21658
2022-05-20,1.21786
2022-05-23,1.21483
2022-05-24,1.20384
2022-05-25,1.20840
2022-05-26,1.20722
2022-05-27,1.20774
2022-05-31,1.20818
2022-06-01,1.20279
2022-06-02,1.20442
2022-06-03,1.20267
2022-06-06,1.21550
2022-06-07,1.22557
2022-06-08,1.22426
2022-06-09,1.22332
2022-06-10,1.21899
2022-06-13,1.21285
2022-06-14,1.20298
2022-06-15,1.20822
2022-06-16,1.19252
2022-06-17,1.18558
2022-06-21,1.18600
2022-06-22,1.18077
2022-06-23,1.17576
2022-06-24,1.17440
2022-06-27,1.17522
2022-06-28,1.16665
2022-06-29,1.15930
2022-06-30,1.16152
2022-07-01,1.15940
2022-07-05,1.15619
2022-07-06,1.15670
2022-07-07,1.16743
2022-07-08,1.17658
2022-07-11,1.16623
2022-07-12,1.16810
2022-07-13,1.16615
2022-07-14,1.16251
2022-07-15,1.15912
2022-07-18,1.17060
2022-07-19,1.16410
2022-07-20,1.16545
2022-07-21,1.16000
2022-07-22,1.15541
2022-07-25,1.16221
2022-07-26,1.15961
2022-07-27,1.16055
2022-07-28,1.16018
2022-07-29,1.15899
2022-08-01,1.16464
2022-08-02,1.16591
2022-08-03,1.16826
2022-08-04,1.16122
2022-08-05,1.16210
2022-08-08,1.15473
2022-08-09,1.15147
2022-08-10,1.15220
2022-08-11,1.14847
2022-08-12,1.14400
2022-08-15,1.14243
2022-08-16,1.14932
2022-08-17,1.14724
2022-08-18,1.14269
2022-08-19,1.13263
2022-08-22,1.13433
2022-08-23,1.14083
2022-08-24,1.14056
2022-08-25,1.13881
2022-08-26,1.13486
2022-08-29,1.13522
2022-08-30,1.13550
2022-08-31,1.13534
2022-09-01,1.13537
2022-09-02,1.13516
2022-09-06,1.13627
2022-09-07,1.12529
2022-09-08,1.11742
2022-09-09,1.11402
2022-09-12,1.11385
2022-09-13,1.10742
2022-09-14,1.11147
2022-09-15,1.10210
2022-09-16,1.10163
2022-09-19,1.10182
2022-09-20,1.09808
2022-09-21,1.09359
2022-09-22,1.10503
2022-09-23,1.07197
2022-09-26,1.06219
2022-09-27,1.06409
2022-09-28,1.05676
2022-09-29,1.08253
2022-09-30,1.09620
2022-10-03,1.11914
2022-10-04,1.12235
2022-10-05,1.10926
2022-10-06,1.10209
2022-10-07,1.10205
2022-10-11,1.11012
2022-10-12,1.10741
2022-10-13,1.13296
2022-10-14,1.12632
2022-10-17,1.13736
2022-10-18,1.12641
2022-10-19,1.12760
2022-10-20,1.12913
2022-10-21,1.12703
2022-10-24,1.13035
2022-10-25,1.14245
2022-10-26,1.14576
2022-10-27,1.14572
2022-10-28,1.15357
2022-10-31,1.15223
2022-11-01,1.14543
2022-11-02,1.14528
2022-11-03,1.13297
2022-11-04,1.12576
2022-11-07,1.13549
2022-11-08,1.14123
2022-11-09,1.12091
2022-11-10,1.12938
2022-11-14,1.10555
2022-11-15,1.12295
2022-11-16,1.12293
2022-11-17,1.12686
2022-11-18,1.13330
2022-11-21,1.12976
2022-11-22,1.13222
2022-11-23,1.13556
2022-11-25,1.14474
2022-11-28,1.13943
2022-11-29,1.14036
2022-11-30,1.13469
2022-12-01,1.14886
2022-12-02,1.15169
2022-12-05,1.14639
2022-12-06,1.14777
2022-12-07,1.14632
2022-12-08,1.14499
2022-12-09,1.14736
2022-12-12,1.14939
2022-12-13,1.14689
2022-12-14,1.14630
2022-12-15,1.13365
2022-12-16,1.13458
2022-12-19,1.13313
2022-12-20,1.12462
2022-12-21,1.11987
2022-12-22,1.12020
2022-12-23,1.12524
2022-12-27,1.11719
2022-12-28,1.11613
2022-12-29,1.11348
2022-12-30,1.11606
2023-01-03,1.12138
2023-01-04,1.11834
2023-01-05,1.11450
2023-01-06,1.12112
2023-01-09,1.12047
2023-01-10,1.12131
2023-01-11,1.12756
2023-01-12,1.13144
2023-01-13,1.13206
2023-01-17,1.13012
2023-01-18,1.13049
2023-01-19,1.13293
2023-01-20,1.14107
2023-01-23,1.14189
2023-01-24,1.13740
2023-01-25,1.13835
2023-01-26,1.13929
2023-01-27,1.14112
2023-01-30,1.14217
2023-01-31,1.13212
2023-02-01,1.12578
2023-02-02,1.11806
2023-02-03,1.11675
2023-02-06,1.11421
2023-02-07,1.10992
2023-02-08,1.11235
2023-02-09,1.11743
2023-02-10,1.11519
2023-02-13,1.11735
2023-02-14,1.12132
2023-02-15,1.11141
2023-02-16,1.11104
2023-02-17,1.11303
2023-02-21,1.12232
2023-02-22,1.12161
2023-02-23,1.12269
2023-02-24,1.12306
2023-02-27,1.12843
2023-02-28,1.13387
2023-03-01,1.12960
2023-03-02,1.12491
2023-03-03,1.12536
2023-03-06,1.12145
2023-03-07,1.11608
2023-03-08,1.11210
2023-03-09,1.11624
2023-03-10,1.10947
2023-03-13,1.10871
2023-03-14,1.10980
2023-03-15,1.11214
2023-03-16,1.12620
2023-03-17,1.12711
2023-03-20,1.13580
2023-03-21,1.12659
2023-03-22,1.12991
2023-03-23,1.12679
2023-03-24,1.12237
2023-03-27,1.12498
2023-03-28,1.13514
2023-03-29,1.13225
2023-03-30,1.13049
2023-03-31,1.12913
2023-04-03,1.13233
2023-04-04,1.13373
2023-04-05,1.12843
2023-04-06,1.12606
2023-04-07,1.12410
2023-04-10,1.12605
2023-04-11,1.12173
2023-04-12,1.11834
2023-04-13,1.11203
2023-04-14,1.11201
2023-04-17,1.11161
2023-04-18,1.11525
2023-04-19,1.11783
2023-04-20,1.11341
2023-04-21,1.10854
2023-04-24,1.10700
2023-04-25,1.10650
2023-04-26,1.11137
2023-04-27,1.11697
2023-04-28,1.12116
2023-05-01,1.11971
2023-05-02,1.11415
2023-05-03,1.11305
2023-05-04,1.11473
2023-05-05,1.12751
2023-05-08,1.12355
2023-05-09,1.12505
2023-05-10,1.12399
2023-05-11,1.11926
2023-05-12,1.11816
2023-05-15,1.12101
2023-05-16,1.12006
2023-05-17,1.12176
2023-05-18,1.12387
2023-05-19,1.12040
2023-05-22,1.11717
2023-05-23,1.11975
2023-05-24,1.12035
2023-05-25,1.11659
2023-05-26,1.11824
2023-05-30,1.12216
2023-05-31,1.13165
2023-06-01,1.13790
2023-06-02,1.13141
2023-06-05,1.12676
2023-06-06,1.12703
2023-06-07,1.13174
2023-06-08,1.12961
2023-06-09,1.13535
2023-06-12,1.13638
2023-06-13,1.14161
2023-06-14,1.13916
2023-06-15,1.13923
2023-06-16,1.14610
2023-06-20,1.14502
2023-06-21,1.13998
2023-06-22,1.14331
2023-06-23,1.14048
2023-06-26,1.13831
2023-06-27,1.14014
2023-06-28,1.13421
2023-06-29,1.13348
2023-06-30,1.13714
2023-07-03,1.13698
2023-07-05,1.14133
2023-07-06,1.14044
2023-07-07,1.14097
2023-07-10,1.13851
2023-07-11,1.13598
2023-07-12,1.12734
2023-07-13,1.12574
2023-07-14,1.12982
2023-07-17,1.12503
2023-07-18,1.12037
2023-07-19,1.10899
2023-07-20,1.11409
2023-07-21,1.11285
2023-07-24,1.11148
2023-07-25,1.11306
2023-07-26,1.11521
2023-07-27,1.11789
2023-07-28,1.11802
2023-07-31,1.11700
2023-08-01,1.11730
2023-08-02,1.11593
2023-08-03,1.11108
2023-08-04,1.11306
2023-08-07,1.11633
2023-08-08,1.11469
2023-08-09,1.11507
2023-08-10,1.11173
2023-08-11,1.11259
2023-08-14,1.11358
2023-08-15,1.11764
2023-08-16,1.12009
2023-08-17,1.12129
2023-08-18,1.12304
2023-08-21,1.12075
2023-08-22,1.12045
2023-08-23,1.11697
2023-08-24,1.11497
2023-08-25,1.11376
2023-08-28,1.11206
2023-08-29,1.10974
2023-08-30,1.11631
2023-08-31,1.11932
2023-09-01,1.11549
2023-09-05,1.11841
2023-09-06,1.11536
2023-09-07,1.11448
2023-09-08,1.11379
2023-09-11,1.11640
2023-09-12,1.11204
2023-09-13,1.11451
2023-09-14,1.11057
2023-09-15,1.11029
2023-09-18,1.11175
2023-09-19,1.11278
2023-09-20,1.10914
2023-09-21,1.11093
2023-09-22,1.11092
2023-09-25,1.11423
2023-09-26,1.11268
2023-09-27,1.11599
2023-09-28,1.11845
2023-09-29,1.11653
2023-10-02,1.11305
2023-10-03,1.11344
2023-10-04,1.11354
2023-10-05,1.11259
2023-10-06,1.11299
2023-10-10,1.11072
2023-10-11,1.11050
2023-10-12,1.10712
2023-10-13,1.09468
2023-10-16,1.09868
2023-10-17,1.09789
2023-10-18,1.09174
2023-10-19,1.08769
2023-10-20,1.08386
2023-10-23,1.09128
2023-10-24,1.08738
2023-10-25,1.08668
2023-10-26,1.08951
2023-10-27,1.09611
2023-10-30,1.09616
2023-10-31,1.10423
2023-11-01,1.10393
2023-11-02,1.10312
2023-11-03,1.11174
2023-11-06,1.11140
2023-11-07,1.10722
2023-11-08,1.10469
2023-11-09,1.10462
2023-11-13,1.10588
2023-11-14,1.11160
2023-11-15,1.10293
2023-11-16,1.10335
2023-11-17,1.10255
2023-11-20,1.10554
2023-11-21,1.10747
2023-11-22,1.10373
2023-11-24,1.11114
2023-11-27,1.11138
2023-11-28,1.11404
2023-11-29,1.11066
2023-11-30,1.10289
2023-12-01,1.10412
2023-12-04,1.10283
2023-12-05,1.10286
2023-12-06,1.10047
2023-12-07,1.10191
2023-12-08,1.10470
2023-12-11,1.10379
2023-12-12,1.09888
2023-12-13,1.09746
2023-12-14,1.10290
2023-12-15,1.10422
2023-12-18,1.09677
2023-12-19,1.09767
2023-12-20,1.09064
2023-12-21,1.08652
2023-12-22,1.08929
2023-12-26,1.08693
2023-12-27,1.07717
2023-12-28,1.06996
2023-12-29,1.07111
2024-01-02,1.07163
2024-01-03,1.07736
2024-01-04,1.07920
2024-01-05,1.08116
2024-01-08,1.08081
2024-01-09,1.08306
2024-01-10,1.08390
2024-01-11,1.08758
2024-01-12,1.08629
2024-01-16,1.08898
2024-01-17,1.09778
2024-01-18,1.10188
2024-01-19,1.10218
2024-01-22,1.10551
2024-01-23,1.10382
2024-01-24,1.10075
2024-01-25,1.10160
2024-01-26,1.09832
2024-01-29,1.09561
2024-01-30,1.09372
2024-01-31,1.09333
2024-02-01,1.09189
2024-02-02,1.09545
2024-02-05,1.09160
2024-02-06,1.09556
2024-02-07,1.10268
2024-02-08,1.10247
2024-02-09,1.10494
2024-02-12,1.10635
2024-02-13,1.11723
2024-02-14,1.11192
2024-02-15,1.10806
2024-02-16,1.10953
2024-02-20,1.11368
2024-02-21,1.11084
2024-02-22,1.11510
2024-02-23,1.11613
2024-02-26,1.11603
2024-02-27,1.11602
2024-02-28,1.11314
2024-02-29,1.11584
2024-03-01,1.11893
2024-03-04,1.12295
2024-03-05,1.12330
2024-03-06,1.12412
2024-03-07,1.12361
2024-03-08,1.12659
2024-03-11,1.12487
2024-03-12,1.12287
2024-03-13,1.12377
2024-03-14,1.12621
2024-03-15,1.12602
2024-03-18,1.12863
2024-03-19,1.12916
2024-03-20,1.13285
2024-03-21,1.13936
2024-03-22,1.13207
2024-03-25,1.13623
2024-03-26,1.14006
2024-03-27,1.14387
2024-03-28,1.13784
2024-03-29,1.13926
2024-04-01,1.13599
2024-04-02,1.14072
2024-04-03,1.14188
2024-04-04,1.14646
2024-04-05,1.13757
2024-04-08,1.14541
2024-04-09,1.14489
2024-04-10,1.14488
2024-04-11,1.14151
2024-04-12,1.13602
2024-04-15,1.13899
2024-04-16,1.13518
2024-04-17,1.13488
2024-04-18,1.13625
2024-04-19,1.12720
2024-04-22,1.12539
2024-04-23,1.13367
2024-04-24,1.13666
2024-04-25,1.14118
2024-04-26,1.14033
2024-04-29,1.14336
2024-04-30,1.14804
2024-05-01,1.14823
2024-05-02,1.14045
2024-05-03,1.13542
2024-05-06,1.13833
2024-05-07,1.13713
2024-05-08,1.13478
2024-05-09,1.13443
2024-05-10,1.13543
2024-05-13,1.14008
2024-05-14,1.14136
2024-05-15,1.14443
2024-05-16,1.14699
2024-05-17,1.15333
2024-05-20,1.15606
2024-05-21,1.15760
2024-05-22,1.16433
2024-05-23,1.16291
2024-05-24,1.16531
2024-05-28,1.16430
2024-05-29,1.16147
2024-05-30,1.15108
2024-05-31,1.15068
2024-06-03,1.14560
2024-06-04,1.13833
2024-06-05,1.14176
2024-06-06,1.14014
2024-06-07,1.14038
2024-06-10,1.14184
2024-06-11,1.14353
2024-06-12,1.14539
2024-06-13,1.14040
2024-06-14,1.12990
2024-06-17,1.13107
2024-06-18,1.12279
2024-06-20,1.12924
2024-06-21,1.13025
2024-06-24,1.13382
2024-06-25,1.13387
2024-06-26,1.13281
2024-06-27,1.13628
2024-06-28,1.13665
2024-07-01,1.14345
2024-07-02,1.14695
2024-07-03,1.14988
2024-07-05,1.14959
2024-07-08,1.15087
2024-07-09,1.14808
2024-07-10,1.15475
2024-07-11,1.15491
2024-07-12,1.16115
2024-07-15,1.16206
2024-07-16,1.16017
2024-07-17,1.15062
2024-07-18,1.14920
2024-07-19,1.14795
2024-07-22,1.14913
2024-07-23,1.15151
2024-07-24,1.14230
2024-07-25,1.13399
2024-07-26,1.13532
2024-07-29,1.13882
2024-07-30,1.13560
2024-07-31,1.12956
2024-08-01,1.11673
2024-08-02,1.10123
2024-08-05,1.08859
2024-08-06,1.08328
2024-08-07,1.10034
2024-08-08,1.10282
2024-08-09,1.10290
2024-08-12,1.10809
2024-08-13,1.11020
2024-08-14,1.10985
2024-08-15,1.12066
2024-08-16,1.12093
2024-08-19,1.12036
2024-08-20,1.11725
2024-08-21,1.11351
2024-08-22,1.11536
2024-08-23,1.12076
2024-08-26,1.11801
2024-08-27,1.11686
2024-08-28,1.11155
2024-08-29,1.11630
2024-08-30,1.11530
2024-09-03,1.11412
2024-09-04,1.11473
2024-09-05,1.11282
2024-09-06,1.10705
2024-09-09,1.10937
2024-09-10,1.10517
2024-09-11,1.10800
2024-09-12,1.11537
2024-09-13,1.11419
2024-09-16,1.11591
2024-09-17,1.11506
2024-09-18,1.11655
2024-09-19,1.12575
2024-09-20,1.13039
2024-09-23,1.13151
2024-09-24,1.13149
2024-09-25,1.13312
2024-09-26,1.13643
2024-09-27,1.12832
2024-09-30,1.13145
2024-10-01,1.12339
2024-10-02,1.12741
2024-10-03,1.12000
2024-10-04,1.12569
2024-10-07,1.11903
2024-10-08,1.12281
2024-10-09,1.12426
2024-10-10,1.11904
2024-10-11,1.12064
2024-10-15,1.12781
2024-10-16,1.12350
2024-10-17,1.12565
2024-10-18,1.12762
2024-10-21,1.12383
2024-10-22,1.12229
2024-10-23,1.12154
2024-10-24,1.12367
2024-10-25,1.12446
2024-10-28,1.12396
2024-10-29,1.12941
2024-10-30,1.12739
2024-10-31,1.11185
2024-11-01,1.12790
2024-11-04,1.11712
2024-11-05,1.12391
2024-11-06,1.12987
2024-11-07,1.13284
2024-11-08,1.12982
2024-11-12,1.12389
2024-11-13,1.12481
2024-11-14,1.12808
2024-11-15,1.12124
2024-11-18,1.12082
2024-11-19,1.11767
2024-11-20,1.11919
2024-11-21,1.11592
2024-11-22,1.11965
2024-11-25,1.11398
2024-11-26,1.11368
2024-11-27,1.11638
2024-11-29,1.12025
2024-12-02,1.12058
2024-12-03,1.12221
2024-12-04,1.12305
2024-12-05,1.12154
2024-12-06,1.11839
2024-12-09,1.12156
2024-12-10,1.12567
2024-12-11,1.12699
2024-12-12,1.12893
2024-12-13,1.12768
2024-12-16,1.13376
2024-12-17,1.13570
2024-12-18,1.13471
2024-12-19,1.12693
2024-12-20,1.12373
2024-12-23,1.12655
2024-12-24,1.12866
2024-12-26,1.12697
2024-12-27,1.13377
2024-12-30,1.13538
2024-12-31,1.13534
2025-01-02,1.12921
2025-01-03,1.12966
2025-01-06,1.13307
2025-01-07,1.13436
2025-01-08,1.12613
2025-01-09,1.12254
2025-01-10,1.12031
2025-01-13,1.11757
2025-01-14,1.11383
2025-01-15,1.11506
2025-01-16,1.11560
2025-01-17,1.11425
2025-01-21,1.11825
2025-01-22,1.11782
2025-01-23,1.12014
2025-01-24,1.13008
2025-01-27,1.12392
2025-01-28,1.12533
2025-01-29,1.12870
2025-01-30,1.13138
2025-01-31,1.13119
2025-02-03,1.13219
2025-02-04,1.13112
2025-02-05,1.12753
2025-02-06,1.12596
2025-02-07,1.12818
2025-02-10,1.12831
2025-02-11,1.13453
2025-02-12,1.13614
2025-02-13,1.13355
2025-02-14,1.13264
2025-02-18,1.13812
2025-02-19,1.13815
2025-02-20,1.13692
2025-02-21,1.13697
2025-02-24,1.13336
2025-02-25,1.12955
2025-02-26,1.13395
2025-02-27,1.13411
2025-02-28,1.13561
2025-03-03,1.14046
2025-03-04,1.13260
2025-03-05,1.14484
2025-03-06,1.13989
2025-03-07,1.13345
2025-03-10,1.13760
2025-03-11,1.13945
2025-03-12,1.14488
2025-03-13,1.14550
2025-03-14,1.14376
2025-03-17,1.14456
2025-03-18,1.13935
2025-03-19,1.14123
2025-03-20,1.14504
2025-03-21,1.13928
2025-03-24,1.14179
2025-03-25,1.14191
2025-03-26,1.13919
2025-03-27,1.14312
2025-03-28,1.14003
2025-03-31,1.14044
2025-04-01,1.14073
2025-04-02,1.14414
2025-04-03,1.12641
2025-04-04,1.10483
2025-04-07,1.09432
2025-04-08,1.09309
2025-04-09,1.07446
2025-04-10,1.07182
2025-04-11,1.06408
2025-04-14,1.07233
2025-04-15,1.08542
2025-04-16,1.07855
2025-04-17,1.08764
2025-04-18,1.08538
2025-04-21,1.08004
2025-04-22,1.09016
2025-04-23,1.09637
2025-04-24,1.10075
2025-04-25,1.10452
2025-04-28,1.10569
2025-04-29,1.10410
2025-04-30,1.09781
2025-05-01,1.10446
2025-05-02,1.09750
2025-05-05,1.09445
2025-05-06,1.10187
2025-05-07,1.09621
2025-05-08,1.10165
2025-05-09,1.10507
2025-05-12,1.11189
2025-05-13,1.11713
2025-05-14,1.11707
2025-05-15,1.11113
2025-05-16,1.11308
2025-05-19,1.11420
2025-05-20,1.11258
2025-05-21,1.10945
2025-05-22,1.11318
2025-05-23,1.10985
2025-05-27,1.11789
2025-05-28,1.11416
2025-05-29,1.10981
2025-05-30,1.10828
2025-06-02,1.10730
2025-06-03,1.11439
2025-06-04,1.11046
2025-06-05,1.11519
2025-06-06,1.11231
2025-06-09,1.11284
2025-06-10,1.11023
2025-06-11,1.11089
2025-06-12,1.10409
2025-06-13,1.10332
2025-06-16,1.10363
2025-06-17,1.10028
2025-06-18,1.10117
2025-06-20,1.10071
2025-06-23,1.09727
2025-06-24,1.09600
2025-06-25,1.09783
2025-06-26,1.09889
2025-06-27,1.09604
2025-06-30,1.08919
2025-07-01,1.08855
2025-07-02,1.07901
2025-07-03,1.08576
2025-07-07,1.08688
2025-07-08,1.08213
2025-07-09,1.08097
2025-07-10,1.08155
2025-07-11,1.07507
2025-07-14,1.07189
2025-07-15,1.07220
2025-07-16,1.07599
2025-07-17,1.07887
2025-07-18,1.07526
2025-07-21,1.07612
2025-07-22,1.07181
2025-07-23,1.07665
2025-07-24,1.07614
2025-07-25,1.06956
2025-07-28,1.07473
2025-07-29,1.07656
2025-07-30,1.07659
2025-07-31,1.07390
2025-08-01,1.06974
2025-08-04,1.07430
2025-08-05,1.07413
2025-08-06,1.07575
2025-08-07,1.08463
2025-08-08,1.08537
2025-08-11,1.09001
2025-08-12,1.09173
2025-08-13,1.09161
2025-08-14,1.09310
2025-08-15,1.09346
2025-08-18,1.09086
2025-08-19,1.08907
2025-08-20,1.08191
2025-08-21,1.08480
2025-08-22,1.08442
2025-08-25,1.08392
2025-08-26,1.08293
2025-08-27,1.08242
2025-08-28,1.08352
2025-08-29,1.08039
2025-09-02,1.07580
2025-09-03,1.08015
2025-09-04,1.08320
2025-09-05,1.07774
2025-09-08,1.07520
2025-09-09,1.07741
2025-09-10,1.08102
2025-09-11,1.08019
2025-09-12,1.08033
2025-09-15,1.08029
2025-09-16,1.07551
2025-09-17,1.07527
2025-09-18,1.07426
2025-09-19,1.07187
2025-09-22,1.07157
2025-09-23,1.07083
2025-09-24,1.06940
2025-09-25,1.06889
2025-09-26,1.07038
2025-09-29,1.07066
2025-09-30,1.07084
2025-10-01,1.07572
2025-10-02,1.07302
2025-10-03,1.07158
2025-10-06,1.07182
2025-10-07,1.07124
2025-10-08,1.07392
2025-10-09,1.07282
2025-10-10,1.06938
2025-10-14,1.06700
2025-10-15,1.06792
2025-10-16,1.06820
2025-10-17,1.06310
2025-10-20,1.06253
2025-10-21,1.06454
2025-10-22,1.06419
2025-10-23,1.05995
2025-10-24,1.05824
2025-10-27,1.06186
2025-10-28,1.05272
2025-10-29,1.05390
2025-10-30,1.05443
2025-10-31,1.05480
2025-11-03,1.06154
2025-11-04,1.05544
2025-11-05,1.05808
2025-11-06,1.05754
2025-11-07,1.05845
2025-11-10,1.06065
2025-11-12,1.04674
2025-11-13,1.04612
2025-11-14,1.04368
2025-11-17,1.04850
2025-11-18,1.05169
2025-11-19,1.05218
2025-11-20,1.05336
2025-11-21,1.05934
2025-11-24,1.05867
2025-11-25,1.06587
2025-11-26,1.06455
2025-11-28,1.06395
2025-12-01,1.06297
2025-12-02,1.06092
2025-12-03,1.06720
2025-12-04,1.07131
2025-12-05,1.07262
2025-12-08,1.07606
2025-12-09,1.07365
2025-12-10,1.07084
2025-12-11,1.06513
2025-12-12,1.06275
2025-12-15,1.06543
2025-12-16,1.06741
2025-12-17,1.06427
2025-12-18,1.06333
2025-12-19,1.06369
2025-12-22,1.06648
2025-12-23,1.06486
2025-12-24,1.06509
2025-12-26,1.06584
2025-12-29,1.06614
2025-12-30,1.06592
2025-12-31,1.06710
2026-01-02,1.06740
2026-01-05,1.07182
2026-01-06,1.07356
2026-01-07,1.07343
2026-01-08,1.07346
2026-01-09,1.07471
2026-01-12,1.07353
2026-01-13,1.07551
2026-01-14,1.07381
2026-01-15,1.07497
2026-01-16,1.07414
2026-01-20,1.06305
2026-01-21,1.06487
2026-01-22,1.06637
2026-01-23,1.07081
2026-01-26,1.06205
2026-01-27,1.05650
2026-01-28,1.06080
2026-01-29,1.05863
2026-01-30,1.05848
2026-02-02,1.06458
2026-02-03,1.06165
2026-02-04,1.06092
2026-02-05,1.05312
2026-02-06,1.05551
2026-02-09,1.04947
2026-02-10,1.04768
2026-02-11,1.05134
2026-02-12,1.04866
2026-02-13,1.04857
2026-02-17,1.04495
2026-02-18,1.04534
2026-02-19,1.04316
2026-02-20,1.04712
2026-02-23,1.04485
2026-02-24,1.04655
2026-02-25,1.04730
2026-02-26,1.04497
2026-02-27,1.03418
2026-03-02,1.04419
2026-03-03,1.04346
2026-03-04,1.04265
2026-03-05,1.04142
2026-03-06,1.04207
2026-03-09,1.04313
2026-03-10,1.04361
2026-03-11,1.04596
2026-03-12,1.04712
2026-03-13,1.04568
2026-03-16,1.04908
2026-03-17,1.04858
2026-03-18,1.05143
2026-03-19,1.05879
2026-03-20,1.04962
2026-03-23,1.05448
2026-03-24,1.05915
2026-03-25,1.05884
2026-03-26,1.05955
2026-03-27,1.05942
2026-03-30,1.05540
2026-03-31,1.05827
2026-04-01,1.05759
2026-04-02,1.05734
2026-04-03,1.05597
2026-04-06,1.05598
2026-04-07,1.05878
2026-04-08,1.06155
2026-04-09,1.06049
2026-04-10,1.06246
2026-04-13,1.06003
2026-04-14,1.05927
2026-04-15,1.06038
2026-04-16,1.06052
2026-04-17,1.05666
2026-04-20,1.05390
2026-04-21,1.05391
2026-04-22,1.05807
2026-04-23,1.05843
2026-04-24,1.06083
2026-04-27,1.06330
2026-04-28,1.06595
2026-04-29,1.06625
2026-04-30,1.06247
2026-05-01,1.06184
2026-05-04,1.06050
2026-05-05,1.06191
2026-05-06,1.05955
2026-05-07,1.05867
2026-05-08,1.05914
2026-05-11,1.06116
2026-05-12,1.05749
2026-05-13,1.05800
2026-05-14,1.05554
2026-05-15,1.04893
2026-05-18,1.05421
2026-05-19,1.05830
2026-05-20,1.05860
2026-05-21,1.05818
2026-05-22,1.05591
2026-05-26,1.05617
2026-05-27,1.05722
2026-05-28,1.05415
2026-05-29,1.05255
