date,value
1971-01-04,0.01207
1971-01-05,0.01205
1971-01-06,0.01205
1971-01-07,0.01204
1971-01-08,0.01205
1971-01-11,0.01204
1971-01-12,0.01204
1971-01-13,0.01202
1971-01-14,0.01202
1971-01-15,0.01202
1971-01-18,0.01201
1971-01-19,0.01200
1971-01-20,0.01200
1971-01-21,0.01201
1971-01-22,0.01201
1971-01-25,0.01202
1971-01-26,0.01201
1971-01-27,0.01201
1971-01-28,0.01201
1971-01-29,0.01201
1971-02-01,0.01201
1971-02-02,0.01202
1971-02-03,0.01202
1971-02-04,0.01202
1971-02-05,0.01202
1971-02-08,0.01202
1971-02-09,0.01202
1971-02-10,0.01202
1971-02-11,0.01202
1971-02-16,0.01202
1971-02-17,0.01202
1971-02-18,0.01202
1971-02-19,0.01202
1971-02-22,0.01201
1971-02-23,0.01201
1971-02-24,0.01203
1971-02-25,0.01205
1971-02-26,0.01205
1971-03-01,0.01204
1971-03-02,0.01204
1971-03-03,0.01204
1971-03-04,0.01205
1971-03-05,0.01204
1971-03-08,0.01203
1971-03-09,0.01203
1971-03-10,0.01204
1971-03-11,0.01203
1971-03-12,0.01203
1971-03-15,0.01203
1971-03-16,0.01203
1971-03-17,0.01203
1971-03-18,0.01202
1971-03-19,0.01202
1971-03-22,0.01202
1971-03-23,0.01202
1971-03-24,0.01202
1971-03-25,0.01202
1971-03-26,0.01202
1971-03-29,0.01202
1971-03-30,0.01202
1971-03-31,0.01202
1971-04-01,0.01202
1971-04-02,0.01201
1971-04-05,0.01202
1971-04-06,0.01202
1971-04-07,0.01202
1971-04-08,0.01201
1971-04-09,0.01201
1971-04-12,0.01202
1971-04-13,0.01203
1971-04-14,0.01203
1971-04-15,0.01203
1971-04-16,0.01203
1971-04-19,0.01204
1971-04-20,0.01204
1971-04-21,0.01203
1971-04-22,0.01203
1971-04-23,0.01204
1971-04-26,0.01203
1971-04-27,0.01203
1971-04-28,0.01202
1971-04-29,0.01202
1971-04-30,0.01202
1971-05-03,0.01202
1971-05-04,0.01202
1971-05-05,0.01171
1971-05-06,0.01166
1971-05-07,0.01158
1971-05-10,0.01150
1971-05-11,0.01152
1971-05-12,0.01149
1971-05-13,0.01145
1971-05-14,0.01145
1971-05-17,0.01145
1971-05-18,0.01143
1971-05-19,0.01143
1971-05-20,0.01143
1971-05-21,0.01140
1971-05-24,0.01141
1971-05-25,0.01143
1971-05-26,0.01144
1971-05-27,0.01147
1971-05-28,0.01149
1971-06-01,0.01149
1971-06-02,0.01147
1971-06-03,0.01144
1971-06-04,0.01145
1971-06-07,0.01144
1971-06-08,0.01144
1971-06-09,0.01145
1971-06-10,0.01143
1971-06-11,0.01144
1971-06-14,0.01144
1971-06-15,0.01146
1971-06-16,0.01144
1971-06-17,0.01145
1971-06-18,0.01145
1971-06-21,0.01145
1971-06-22,0.01146
1971-06-23,0.01146
1971-06-24,0.01145
1971-06-25,0.01146
1971-06-28,0.01147
1971-06-29,0.01148
1971-06-30,0.01147
1971-07-01,0.01146
1971-07-02,0.01147
1971-07-06,0.01148
1971-07-07,0.01148
1971-07-08,0.01148
1971-07-09,0.01149
1971-07-12,0.01149
1971-07-13,0.01148
1971-07-14,0.01147
1971-07-15,0.01145
1971-07-16,0.01145
1971-07-19,0.01145
1971-07-20,0.01145
1971-07-21,0.01144
1971-07-22,0.01144
1971-07-23,0.01144
1971-07-26,0.01143
1971-07-27,0.01143
1971-07-28,0.01143
1971-07-29,0.01144
1971-07-30,0.01143
1971-08-02,0.01144
1971-08-03,0.01144
1971-08-04,0.01136
1971-08-05,0.01137
1971-08-06,0.01139
1971-08-09,0.01134
1971-08-10,0.01136
1971-08-11,0.01136
1971-08-12,0.01134
1971-08-13,0.01137
1971-08-31,0.01175
1971-09-01,0.01174
1971-09-02,0.01180
1971-09-03,0.01170
1971-09-07,0.01177
1971-09-08,0.01177
1971-09-09,0.01178
1971-09-10,0.01179
1971-09-13,0.01180
1971-09-14,0.01180
1971-09-15,0.01178
1971-09-16,0.01180
1971-09-17,0.01180
1971-09-20,0.01178
1971-09-21,0.01178
1971-09-22,0.01177
1971-09-23,0.01173
1971-09-24,0.01178
1971-09-27,0.01180
1971-09-28,0.01180
1971-09-29,0.01180
1971-09-30,0.01179
1971-10-01,0.01187
1971-10-04,0.01189
1971-10-05,0.01189
1971-10-06,0.01191
1971-10-07,0.01191
1971-10-08,0.01193
1971-10-12,0.01201
1971-10-13,0.01200
1971-10-14,0.01204
1971-10-15,0.01205
1971-10-18,0.01205
1971-10-19,0.01201
1971-10-20,0.01201
1971-10-21,0.01202
1971-10-22,0.01205
1971-10-26,0.01213
1971-10-27,0.01212
1971-10-28,0.01210
1971-10-29,0.01212
1971-11-01,0.01213
1971-11-03,0.01211
1971-11-04,0.01206
1971-11-05,0.01213
1971-11-08,0.01213
1971-11-09,0.01214
1971-11-10,0.01214
1971-11-11,0.01214
1971-11-12,0.01212
1971-11-15,0.01215
1971-11-16,0.01216
1971-11-17,0.01215
1971-11-18,0.01216
1971-11-19,0.01213
1971-11-22,0.01211
1971-11-23,0.01208
1971-11-24,0.01205
1971-11-26,0.01207
1971-11-29,0.01209
1971-11-30,0.01208
1971-12-01,0.01205
1971-12-02,0.01207
1971-12-03,0.01205
1971-12-06,0.01193
1971-12-07,0.01205
1971-12-08,0.01205
1971-12-09,0.01205
1971-12-10,0.01207
1971-12-13,0.01209
1971-12-14,0.01204
1971-12-15,0.01205
1971-12-16,0.01213
1971-12-17,0.01210
1971-12-21,0.01233
1971-12-22,0.01233
1971-12-23,0.01239
1971-12-24,0.01240
1971-12-27,0.01244
1971-12-28,0.01244
1971-12-29,0.01244
1971-12-30,0.01244
1971-12-31,0.01243
1972-01-03,0.01244
1972-01-04,0.01245
1972-01-05,0.01246
1972-01-06,0.01256
1972-01-07,0.01255
1972-01-10,0.01252
1972-01-11,0.01247
1972-01-12,0.01249
1972-01-13,0.01242
1972-01-14,0.01241
1972-01-17,0.01233
1972-01-18,0.01239
1972-01-19,0.01238
1972-01-20,0.01243
1972-01-21,0.01242
1972-01-24,0.01240
1972-01-25,0.01240
1972-01-26,0.01242
1972-01-27,0.01248
1972-01-28,0.01248
1972-01-31,0.01248
1972-02-01,0.01246
1972-02-02,0.01247
1972-02-03,0.01248
1972-02-04,0.01255
1972-02-07,0.01257
1972-02-08,0.01257
1972-02-09,0.01267
1972-02-10,0.01267
1972-02-11,0.01266
1972-02-14,0.01269
1972-02-15,0.01270
1972-02-16,0.01265
1972-02-17,0.01266
1972-02-18,0.01268
1972-02-22,0.01274
1972-02-23,0.01275
1972-02-24,0.01277
1972-02-25,0.01279
1972-02-28,0.01275
1972-02-29,0.01275
1972-03-01,0.01277
1972-03-02,0.01277
1972-03-03,0.01279
1972-03-06,0.01275
1972-03-07,0.01276
1972-03-08,0.01272
1972-03-09,0.01266
1972-03-10,0.01264
1972-03-13,0.01317
1972-03-14,0.01269
1972-03-15,0.01271
1972-03-16,0.01272
1972-03-17,0.01277
1972-03-20,0.01278
1972-03-21,0.01275
1972-03-22,0.01278
1972-03-23,0.01280
1972-03-24,0.01280
1972-03-27,0.01275
1972-03-28,0.01272
1972-03-29,0.01267
1972-03-30,0.01263
1972-03-31,0.01260
1972-04-03,0.01262
1972-04-04,0.01262
1972-04-05,0.01261
1972-04-06,0.01263
1972-04-07,0.01270
1972-04-10,0.01228
1972-04-11,0.01274
1972-04-12,0.01272
1972-04-13,0.01273
1972-04-14,0.01273
1972-04-17,0.01275
1972-04-18,0.01281
1972-04-19,0.01280
1972-04-20,0.01276
1972-04-21,0.01276
1972-04-24,0.01266
1972-04-25,0.01269
1972-04-26,0.01272
1972-04-27,0.01270
1972-04-28,0.01268
1972-05-01,0.01269
1972-05-02,0.01270
1972-05-03,0.01269
1972-05-04,0.01269
1972-05-05,0.01269
1972-05-08,0.01266
1972-05-09,0.01265
1972-05-10,0.01269
1972-05-11,0.01272
1972-05-12,0.01271
1972-05-15,0.01271
1972-05-16,0.01272
1972-05-17,0.01269
1972-05-18,0.01269
1972-05-19,0.01271
1972-05-22,0.01270
1972-05-23,0.01268
1972-05-24,0.01267
1972-05-25,0.01268
1972-05-26,0.01267
1972-05-30,0.01260
1972-05-31,0.01261
1972-06-01,0.01260
1972-06-02,0.01261
1972-06-05,0.01261
1972-06-06,0.01262
1972-06-07,0.01260
1972-06-08,0.01259
1972-06-09,0.01260
1972-06-12,0.01257
1972-06-13,0.01256
1972-06-14,0.01257
1972-06-15,0.01255
1972-06-16,0.01253
1972-06-19,0.01253
1972-06-20,0.01252
1972-06-21,0.01252
1972-06-22,0.01251
1972-06-23,0.01273
1972-06-26,0.01251
1972-06-27,0.01259
1972-06-28,0.01260
1972-06-29,0.01247
1972-06-30,0.01244
1972-07-03,0.01246
1972-07-05,0.01257
1972-07-06,0.01251
1972-07-07,0.01248
1972-07-10,0.01246
1972-07-11,0.01245
1972-07-12,0.01246
1972-07-13,0.01246
1972-07-14,0.01246
1972-07-17,0.01247
1972-07-18,0.01254
1972-07-19,0.01254
1972-07-20,0.01253
1972-07-21,0.01254
1972-07-24,0.01255
1972-07-25,0.01255
1972-07-26,0.01252
1972-07-27,0.01253
1972-07-28,0.01253
1972-07-31,0.01252
1972-08-01,0.01253
1972-08-02,0.01255
1972-08-03,0.01255
1972-08-04,0.01255
1972-08-07,0.01254
1972-08-08,0.01254
1972-08-09,0.01255
1972-08-10,0.01255
1972-08-11,0.01255
1972-08-14,0.01255
1972-08-15,0.01256
1972-08-16,0.01256
1972-08-17,0.01258
1972-08-18,0.01258
1972-08-21,0.01259
1972-08-22,0.01256
1972-08-23,0.01255
1972-08-24,0.01255
1972-08-25,0.01257
1972-08-28,0.01254
1972-08-29,0.01256
1972-08-30,0.01255
1972-08-31,0.01256
1972-09-01,0.01255
1972-09-05,0.01256
1972-09-06,0.01255
1972-09-07,0.01255
1972-09-08,0.01255
1972-09-11,0.01255
1972-09-12,0.01256
1972-09-13,0.01255
1972-09-14,0.01257
1972-09-15,0.01257
1972-09-18,0.01259
1972-09-19,0.01259
1972-09-20,0.01259
1972-09-21,0.01259
1972-09-22,0.01259
1972-09-25,0.01260
1972-09-26,0.01261
1972-09-27,0.01261
1972-09-28,0.01263
1972-09-29,0.01263
1972-10-02,0.01264
1972-10-03,0.01263
1972-10-04,0.01261
1972-10-05,0.01258
1972-10-06,0.01258
1972-10-10,0.01260
1972-10-11,0.01261
1972-10-12,0.01262
1972-10-13,0.01262
1972-10-16,0.01261
1972-10-17,0.01261
1972-10-18,0.01261
1972-10-19,0.01260
1972-10-20,0.01263
1972-10-24,0.01264
1972-10-25,0.01261
1972-10-26,0.01263
1972-10-27,0.01264
1972-10-30,0.01262
1972-10-31,0.01262
1972-11-01,0.01262
1972-11-02,0.01263
1972-11-03,0.01266
1972-11-06,0.01263
1972-11-08,0.01263
1972-11-09,0.01263
1972-11-10,0.01264
1972-11-13,0.01263
1972-11-14,0.01263
1972-11-15,0.01262
1972-11-16,0.01262
1972-11-17,0.01263
1972-11-20,0.01263
1972-11-21,0.01262
1972-11-22,0.01262
1972-11-24,0.01260
1972-11-27,0.01253
1972-11-28,0.01257
1972-11-29,0.01254
1972-11-30,0.01254
1972-12-01,0.01251
1972-12-04,0.01253
1972-12-05,0.01253
1972-12-06,0.01253
1972-12-07,0.01253
1972-12-08,0.01254
1972-12-11,0.01254
1972-12-12,0.01255
1972-12-13,0.01253
1972-12-14,0.01253
1972-12-15,0.01253
1972-12-18,0.01253
1972-12-19,0.01254
1972-12-20,0.01252
1972-12-21,0.01249
1972-12-22,0.01249
1972-12-26,0.01247
1972-12-27,0.01245
1972-12-28,0.01248
1972-12-29,0.01250
1973-01-02,0.01251
1973-01-03,0.01249
1973-01-04,0.01251
1973-01-05,0.01250
1973-01-08,0.01247
1973-01-09,0.01246
1973-01-10,0.01245
1973-01-11,0.01248
1973-01-12,0.01247
1973-01-15,0.01248
1973-01-16,0.01246
1973-01-17,0.01245
1973-01-18,0.01244
1973-01-19,0.01242
1973-01-22,0.01230
1973-01-23,0.01237
1973-01-24,0.01223
1973-01-25,0.01218
1973-01-26,0.01217
1973-01-29,0.01201
1973-01-30,0.01201
1973-01-31,0.01201
1973-02-01,0.01198
1973-02-02,0.01206
1973-02-05,0.01197
1973-02-06,0.01196
1973-02-07,0.01196
1973-02-08,0.01189
1973-02-09,0.01216
1973-02-13,0.01297
1973-02-14,0.01274
1973-02-15,0.01277
1973-02-16,0.01276
1973-02-20,0.01265
1973-02-21,0.01262
1973-02-22,0.01225
1973-02-23,0.01236
1973-02-26,0.01226
1973-02-27,0.01203
1973-02-28,0.01178
1973-03-01,0.01178
1973-03-02,0.01194
1973-03-05,0.01240
1973-03-06,0.01220
1973-03-07,0.01214
1973-03-08,0.01214
1973-03-09,0.01222
1973-03-12,0.01257
1973-03-13,0.01282
1973-03-14,0.01275
1973-03-15,0.01253
1973-03-16,0.01246
1973-03-19,0.01236
1973-03-20,0.01232
1973-03-21,0.01234
1973-03-22,0.01233
1973-03-23,0.01218
1973-03-26,0.01216
1973-03-27,0.01215
1973-03-28,0.01215
1973-03-29,0.01218
1973-03-30,0.01220
1973-04-02,0.01227
1973-04-03,0.01228
1973-04-04,0.01221
1973-04-05,0.01222
1973-04-06,0.01224
1973-04-09,0.01219
1973-04-10,0.01219
1973-04-11,0.01216
1973-04-12,0.01214
1973-04-13,0.01217
1973-04-16,0.01219
1973-04-17,0.01217
1973-04-18,0.01219
1973-04-19,0.01221
1973-04-20,0.01220
1973-04-23,0.01220
1973-04-24,0.01222
1973-04-25,0.01222
1973-04-26,0.01222
1973-04-27,0.01221
1973-04-30,0.01221
1973-05-01,0.01220
1973-05-02,0.01221
1973-05-03,0.01222
1973-05-04,0.01224
1973-05-07,0.01225
1973-05-08,0.01220
1973-05-09,0.01222
1973-05-10,0.01223
1973-05-11,0.01219
1973-05-14,0.01201
1973-05-15,0.01198
1973-05-16,0.01201
1973-05-17,0.01196
1973-05-18,0.01190
1973-05-21,0.01177
1973-05-22,0.01177
1973-05-23,0.01173
1973-05-24,0.01175
1973-05-25,0.01180
1973-05-29,0.01175
1973-05-30,0.01168
1973-05-31,0.01166
1973-06-01,0.01164
1973-06-04,0.01153
1973-06-05,0.01160
1973-06-06,0.01162
1973-06-07,0.01169
1973-06-08,0.01165
1973-06-11,0.01167
1973-06-12,0.01161
1973-06-13,0.01171
1973-06-14,0.01164
1973-06-15,0.01157
1973-06-18,0.01150
1973-06-19,0.01154
1973-06-20,0.01156
1973-06-21,0.01148
1973-06-22,0.01147
1973-06-25,0.01150
1973-06-26,0.01147
1973-06-27,0.01144
1973-06-28,0.01139
1973-06-29,0.01113
1973-07-02,0.01090
1973-07-03,0.01068
1973-07-05,0.01052
1973-07-06,0.01030
1973-07-09,0.01066
1973-07-10,0.01092
1973-07-11,0.01089
1973-07-12,0.01082
1973-07-13,0.01082
1973-07-16,0.01075
1973-07-17,0.01062
1973-07-18,0.01051
1973-07-19,0.01074
1973-07-20,0.01063
1973-07-23,0.01057
1973-07-24,0.01056
1973-07-25,0.01056
1973-07-26,0.01052
1973-07-27,0.01059
1973-07-30,0.01076
1973-07-31,0.01078
1973-08-01,0.01078
1973-08-02,0.01078
1973-08-03,0.01073
1973-08-06,0.01087
1973-08-07,0.01081
1973-08-08,0.01080
1973-08-09,0.01091
1973-08-10,0.01112
1973-08-13,0.01113
1973-08-14,0.01136
1973-08-15,0.01140
1973-08-16,0.01149
1973-08-17,0.01144
1973-08-20,0.01111
1973-08-21,0.01149
1973-08-22,0.01145
1973-08-23,0.01155
1973-08-24,0.01145
1973-08-27,0.01147
1973-08-28,0.01149
1973-08-29,0.01139
1973-08-30,0.01142
1973-08-31,0.01144
1973-09-04,0.01142
1973-09-05,0.01136
1973-09-06,0.01140
1973-09-07,0.01131
1973-09-10,0.01135
1973-09-11,0.01141
1973-09-12,0.01137
1973-09-13,0.01143
1973-09-14,0.01142
1973-09-17,0.01132
1973-09-18,0.01133
1973-09-19,0.01136
1973-09-20,0.01128
1973-09-21,0.01136
1973-09-24,0.01134
1973-09-25,0.01134
1973-09-26,0.01135
1973-09-27,0.01138
1973-09-28,0.01141
1973-10-01,0.01139
1973-10-02,0.01135
1973-10-03,0.01136
1973-10-04,0.01136
1973-10-05,0.01134
1973-10-09,0.01133
1973-10-10,0.01129
1973-10-11,0.01127
1973-10-12,0.01129
1973-10-15,0.01132
1973-10-16,0.01130
1973-10-17,0.01128
1973-10-18,0.01129
1973-10-19,0.01137
1973-10-23,0.01130
1973-10-24,0.01134
1973-10-25,0.01135
1973-10-26,0.01145
1973-10-29,0.01162
1973-10-30,0.01161
1973-10-31,0.01161
1973-11-01,0.01147
1973-11-02,0.01115
1973-11-05,0.01125
1973-11-07,0.01132
1973-11-08,0.01134
1973-11-09,0.01138
1973-11-12,0.01158
1973-11-13,0.01137
1973-11-14,0.01125
1973-11-15,0.01133
1973-11-16,0.01133
1973-11-19,0.01132
1973-11-20,0.01132
1973-11-21,0.01137
1973-11-23,0.01151
1973-11-26,0.01145
1973-11-27,0.01141
1973-11-28,0.01143
1973-11-29,0.01146
1973-11-30,0.01144
1973-12-03,0.01144
1973-12-04,0.01146
1973-12-05,0.01141
1973-12-06,0.01133
1973-12-07,0.01134
1973-12-10,0.01140
1973-12-11,0.01142
1973-12-12,0.01139
1973-12-13,0.01140
1973-12-14,0.01142
1973-12-17,0.01142
1973-12-18,0.01142
1973-12-19,0.01142
1973-12-20,0.01139
1973-12-21,0.01134
1973-12-24,0.01136
1973-12-26,0.01138
1973-12-27,0.01151
1973-12-28,0.01158
1973-12-31,0.01160
1974-01-02,0.01186
1974-01-03,0.01172
1974-01-04,0.01181
1974-01-07,0.01141
1974-01-08,0.01138
1974-01-09,0.01128
1974-01-10,0.01119
1974-01-11,0.01123
1974-01-14,0.01129
1974-01-15,0.01132
1974-01-16,0.01125
1974-01-17,0.01129
1974-01-18,0.01123
1974-01-21,0.01112
1974-01-22,0.01110
1974-01-23,0.01119
1974-01-24,0.01124
1974-01-25,0.01126
1974-01-28,0.01121
1974-01-29,0.01108
1974-01-30,0.01101
1974-01-31,0.01090
1974-02-01,0.01093
1974-02-04,0.01084
1974-02-05,0.01106
1974-02-06,0.01093
1974-02-07,0.01091
1974-02-08,0.01090
1974-02-11,0.01086
1974-02-13,0.01096
1974-02-14,0.01095
1974-02-15,0.01088
1974-02-19,0.01085
1974-02-20,0.01083
1974-02-21,0.01099
1974-02-22,0.01093
1974-02-25,0.01101
1974-02-26,0.01080
1974-02-27,0.01094
1974-02-28,0.01086
1974-03-01,0.01079
1974-03-04,0.01079
1974-03-05,0.01085
1974-03-06,0.01092
1974-03-07,0.01093
1974-03-08,0.01085
1974-03-11,0.01078
1974-03-12,0.01096
1974-03-13,0.01093
1974-03-14,0.01101
1974-03-15,0.01100
1974-03-18,0.01098
1974-03-19,0.01096
1974-03-20,0.01091
1974-03-21,0.01086
1974-03-22,0.01105
1974-03-25,0.01088
1974-03-26,0.01093
1974-03-27,0.01098
1974-03-28,0.01088
1974-03-29,0.01092
1974-04-01,0.01086
1974-04-02,0.01100
1974-04-03,0.01112
1974-04-04,0.01105
1974-04-05,0.01094
1974-04-08,0.01102
1974-04-09,0.01102
1974-04-10,0.01106
1974-04-11,0.01106
1974-04-12,0.01100
1974-04-15,0.01100
1974-04-16,0.01104
1974-04-17,0.01101
1974-04-18,0.01094
1974-04-19,0.01093
1974-04-22,0.01086
1974-04-23,0.01083
1974-04-24,0.01074
1974-04-25,0.01071
1974-04-26,0.01061
1974-04-29,0.01047
1974-04-30,0.01049
1974-05-01,0.01051
1974-05-02,0.01054
1974-05-03,0.01058
1974-05-06,0.01044
1974-05-07,0.01050
1974-05-08,0.01043
1974-05-09,0.01039
1974-05-10,0.01035
1974-05-13,0.01018
1974-05-14,0.01011
1974-05-15,0.01045
1974-05-16,0.01042
1974-05-17,0.01042
1974-05-20,0.01059
1974-05-21,0.01046
1974-05-22,0.01035
1974-05-23,0.01034
1974-05-24,0.01047
1974-05-28,0.01057
1974-05-29,0.01073
1974-05-30,0.01065
1974-05-31,0.01057
1974-06-03,0.01044
1974-06-04,0.01051
1974-06-05,0.01048
1974-06-06,0.01039
1974-06-07,0.01041
1974-06-10,0.01050
1974-06-11,0.01057
1974-06-12,0.01063
1974-06-13,0.01062
1974-06-14,0.01060
1974-06-17,0.01057
1974-06-18,0.01060
1974-06-19,0.01062
1974-06-20,0.01062
1974-06-21,0.01066
1974-06-24,0.01073
1974-06-25,0.01062
1974-06-26,0.01062
1974-06-27,0.01056
1974-06-28,0.01056
1974-07-01,0.01056
1974-07-02,0.01042
1974-07-03,0.01039
1974-07-05,0.01037
1974-07-08,0.01037
1974-07-09,0.01038
1974-07-10,0.01032
1974-07-11,0.01028
1974-07-12,0.01032
1974-07-15,0.01029
1974-07-16,0.01033
1974-07-17,0.01015
1974-07-18,0.01017
1974-07-19,0.01016
1974-07-22,0.01009
1974-07-23,0.00999
1974-07-24,0.00986
1974-07-25,0.00999
1974-07-26,0.00996
1974-07-29,0.00986
1974-07-30,0.00999
1974-07-31,0.00994
1974-08-01,0.00986
1974-08-02,0.00984
1974-08-05,0.00981
1974-08-06,0.00983
1974-08-07,0.00981
1974-08-08,0.00983
1974-08-09,0.00977
1974-08-12,0.00983
1974-08-13,0.00990
1974-08-14,0.00983
1974-08-15,0.00985
1974-08-16,0.00987
1974-08-19,0.00992
1974-08-20,0.00988
1974-08-21,0.00991
1974-08-22,0.00991
1974-08-23,0.00990
1974-08-26,0.00988
1974-08-27,0.00998
1974-08-28,0.00992
1974-08-29,0.00993
1974-08-30,0.00994
1974-09-03,0.00995
1974-09-04,0.00995
1974-09-05,0.01000
1974-09-06,0.00997
1974-09-09,0.00996
1974-09-10,0.00991
1974-09-11,0.00999
1974-09-12,0.00998
1974-09-13,0.01004
1974-09-16,0.01004
1974-09-17,0.01011
1974-09-18,0.01008
1974-09-19,0.01009
1974-09-20,0.01013
1974-09-23,0.01009
1974-09-24,0.01013
1974-09-25,0.01007
1974-09-26,0.01003
1974-09-27,0.01001
1974-09-30,0.00989
1974-10-01,0.00986
1974-10-02,0.00991
1974-10-03,0.00984
1974-10-04,0.00978
1974-10-07,0.00976
1974-10-08,0.00978
1974-10-09,0.00973
1974-10-10,0.00977
1974-10-11,0.00978
1974-10-15,0.00975
1974-10-16,0.00969
1974-10-17,0.00969
1974-10-18,0.00965
1974-10-21,0.00964
1974-10-22,0.00958
1974-10-23,0.00951
1974-10-24,0.00950
1974-10-25,0.00950
1974-10-28,0.00950
1974-10-29,0.00950
1974-10-30,0.00958
1974-10-31,0.00957
1974-11-01,0.00951
1974-11-04,0.00944
1974-11-06,0.00937
1974-11-07,0.00930
1974-11-08,0.00934
1974-11-12,0.00944
1974-11-13,0.00936
1974-11-14,0.00909
1974-11-15,0.00904
1974-11-18,0.00870
1974-11-19,0.00884
1974-11-20,0.00921
1974-11-21,0.00939
1974-11-22,0.00913
1974-11-25,0.00895
1974-11-26,0.00887
1974-11-27,0.00895
1974-11-29,0.00903
1974-12-02,0.00913
1974-12-03,0.00907
1974-12-04,0.00894
1974-12-05,0.00884
1974-12-06,0.00889
1974-12-09,0.00881
1974-12-10,0.00878
1974-12-11,0.00876
1974-12-12,0.00866
1974-12-13,0.00871
1974-12-16,0.00865
1974-12-17,0.00847
1974-12-18,0.00853
1974-12-19,0.00866
1974-12-20,0.00852
1974-12-23,0.00853
1974-12-24,0.00843
1974-12-26,0.00840
1974-12-27,0.00835
1974-12-30,0.00839
1974-12-31,0.00845
1975-01-02,0.00856
1975-01-03,0.00841
1975-01-06,0.00842
1975-01-07,0.00842
1975-01-08,0.00857
1975-01-09,0.00851
1975-01-10,0.00852
1975-01-13,0.00851
1975-01-14,0.00856
1975-01-15,0.00854
1975-01-16,0.00853
1975-01-17,0.00851
1975-01-20,0.00837
1975-01-21,0.00834
1975-01-22,0.00842
1975-01-23,0.00834
1975-01-24,0.00837
1975-01-27,0.00818
1975-01-28,0.00830
1975-01-29,0.00844
1975-01-30,0.00837
1975-01-31,0.00838
1975-02-03,0.00847
1975-02-04,0.00858
1975-02-05,0.00855
1975-02-06,0.00851
1975-02-07,0.00853
1975-02-10,0.00856
1975-02-11,0.00859
1975-02-13,0.00844
1975-02-14,0.00842
1975-02-18,0.00841
1975-02-19,0.00851
1975-02-20,0.00842
1975-02-21,0.00846
1975-02-24,0.00850
1975-02-25,0.00848
1975-02-26,0.00843
1975-02-27,0.00838
1975-02-28,0.00839
1975-03-03,0.00842
1975-03-04,0.00858
1975-03-05,0.00854
1975-03-06,0.00855
1975-03-07,0.00865
1975-03-10,0.00863
1975-03-11,0.00863
1975-03-12,0.00865
1975-03-13,0.00862
1975-03-14,0.00863
1975-03-17,0.00869
1975-03-18,0.00860
1975-03-19,0.00854
1975-03-20,0.00863
1975-03-21,0.00867
1975-03-24,0.00872
1975-03-25,0.00865
1975-03-26,0.00868
1975-03-27,0.00871
1975-03-28,0.00868
1975-03-31,0.00863
1975-04-01,0.00866
1975-04-02,0.00869
1975-04-03,0.00869
1975-04-04,0.00877
1975-04-07,0.00874
1975-04-08,0.00873
1975-04-09,0.00876
1975-04-10,0.00883
1975-04-11,0.00883
1975-04-14,0.00885
1975-04-15,0.00883
1975-04-16,0.00881
1975-04-17,0.00880
1975-04-18,0.00881
1975-04-21,0.00878
1975-04-22,0.00875
1975-04-23,0.00870
1975-04-24,0.00871
1975-04-25,0.00875
1975-04-28,0.00872
1975-04-29,0.00870
1975-04-30,0.00875
1975-05-01,0.00875
1975-05-02,0.00881
1975-05-05,0.00878
1975-05-06,0.00874
1975-05-07,0.00868
1975-05-08,0.00860
1975-05-09,0.00861
1975-05-12,0.00862
1975-05-13,0.00849
1975-05-14,0.00849
1975-05-15,0.00864
1975-05-16,0.00865
1975-05-19,0.00863
1975-05-20,0.00860
1975-05-21,0.00854
1975-05-22,0.00850
1975-05-23,0.00852
1975-05-27,0.00850
1975-05-28,0.00854
1975-05-29,0.00855
1975-05-30,0.00858
1975-06-02,0.00857
1975-06-03,0.00855
1975-06-04,0.00857
1975-06-05,0.00854
1975-06-06,0.00858
1975-06-09,0.00859
1975-06-10,0.00857
1975-06-11,0.00854
1975-06-12,0.00851
1975-06-13,0.00851
1975-06-16,0.00844
1975-06-17,0.00846
1975-06-18,0.00847
1975-06-19,0.00848
1975-06-20,0.00848
1975-06-23,0.00848
1975-06-24,0.00846
1975-06-25,0.00840
1975-06-26,0.00843
1975-06-27,0.00845
1975-06-30,0.00846
1975-07-01,0.00850
1975-07-02,0.00858
1975-07-03,0.00859
1975-07-07,0.00866
1975-07-08,0.00863
1975-07-09,0.00863
1975-07-10,0.00868
1975-07-11,0.00870
1975-07-14,0.00873
1975-07-15,0.00875
1975-07-16,0.00880
1975-07-17,0.00885
1975-07-18,0.00891
1975-07-21,0.00893
1975-07-22,0.00894
1975-07-23,0.00902
1975-07-24,0.00898
1975-07-25,0.00897
1975-07-28,0.00901
1975-07-29,0.00905
1975-07-30,0.00909
1975-07-31,0.00906
1975-08-01,0.00906
1975-08-04,0.00901
1975-08-05,0.00895
1975-08-06,0.00899
1975-08-07,0.00904
1975-08-08,0.00903
1975-08-11,0.00903
1975-08-12,0.00902
1975-08-13,0.00900
1975-08-14,0.00892
1975-08-15,0.00896
1975-08-18,0.00893
1975-08-19,0.00893
1975-08-20,0.00897
1975-08-21,0.00897
1975-08-22,0.00899
1975-08-25,0.00901
1975-08-26,0.00899
1975-08-27,0.00898
1975-08-28,0.00900
1975-08-29,0.00901
1975-09-02,0.00901
1975-09-03,0.00898
1975-09-04,0.00900
1975-09-05,0.00901
1975-09-08,0.00900
1975-09-09,0.00900
1975-09-10,0.00902
1975-09-11,0.00903
1975-09-12,0.00905
1975-09-15,0.00905
1975-09-16,0.00910
1975-09-17,0.00913
1975-09-18,0.00906
1975-09-19,0.00902
1975-09-22,0.00902
1975-09-23,0.00900
1975-09-24,0.00900
1975-09-25,0.00901
1975-09-26,0.00910
1975-09-29,0.00908
1975-09-30,0.00906
1975-10-01,0.00896
1975-10-02,0.00893
1975-10-03,0.00899
1975-10-06,0.00894
1975-10-07,0.00890
1975-10-08,0.00891
1975-10-09,0.00888
1975-10-10,0.00878
1975-10-14,0.00886
1975-10-15,0.00879
1975-10-16,0.00873
1975-10-17,0.00876
1975-10-20,0.00875
1975-10-21,0.00876
1975-10-22,0.00871
1975-10-23,0.00873
1975-10-24,0.00873
1975-10-27,0.00874
1975-10-28,0.00878
1975-10-29,0.00875
1975-10-30,0.00871
1975-10-31,0.00870
1975-11-03,0.00869
1975-11-05,0.00876
1975-11-06,0.00872
1975-11-07,0.00873
1975-11-10,0.00872
1975-11-12,0.00874
1975-11-13,0.00876
1975-11-14,0.00880
1975-11-17,0.00885
1975-11-18,0.00880
1975-11-19,0.00878
1975-11-20,0.00875
1975-11-21,0.00880
1975-11-24,0.00880
1975-11-25,0.00878
1975-11-26,0.00881
1975-11-28,0.00883
1975-12-01,0.00876
1975-12-02,0.00874
1975-12-03,0.00870
1975-12-04,0.00867
1975-12-05,0.00860
1975-12-08,0.00854
1975-12-09,0.00860
1975-12-10,0.00860
1975-12-11,0.00862
1975-12-12,0.00863
1975-12-15,0.00862
1975-12-16,0.00862
1975-12-17,0.00860
1975-12-18,0.00859
1975-12-19,0.00858
1975-12-22,0.00857
1975-12-23,0.00856
1975-12-24,0.00858
1975-12-26,0.00858
1975-12-29,0.00859
1975-12-30,0.00860
1975-12-31,0.00859
1976-01-02,0.00858
1976-01-05,0.00849
1976-01-06,0.00850
1976-01-07,0.00851
1976-01-08,0.00851
1976-01-09,0.00852
1976-01-12,0.00854
1976-01-13,0.00854
1976-01-14,0.00852
1976-01-15,0.00852
1976-01-16,0.00852
1976-01-19,0.00856
1976-01-20,0.00857
1976-01-21,0.00857
1976-01-22,0.00856
1976-01-23,0.00857
1976-01-26,0.00857
1976-01-27,0.00857
1976-01-28,0.00857
1976-01-29,0.00857
1976-01-30,0.00857
1976-02-02,0.00847
1976-02-03,0.00855
1976-02-04,0.00862
1976-02-05,0.00863
1976-02-06,0.00861
1976-02-09,0.00857
1976-02-10,0.00856
1976-02-11,0.00851
1976-02-13,0.00848
1976-02-17,0.00853
1976-02-18,0.00850
1976-02-19,0.00847
1976-02-20,0.00849
1976-02-23,0.00846
1976-02-24,0.00846
1976-02-25,0.00848
1976-02-26,0.00849
1976-02-27,0.00850
1976-03-01,0.00859
1976-03-02,0.00857
1976-03-03,0.00856
1976-03-04,0.00859
1976-03-05,0.00859
1976-03-08,0.00857
1976-03-09,0.00857
1976-03-10,0.00855
1976-03-11,0.00859
1976-03-12,0.00860
1976-03-15,0.00859
1976-03-16,0.00859
1976-03-17,0.00847
1976-03-18,0.00844
1976-03-19,0.00846
1976-03-22,0.00847
1976-03-23,0.00856
1976-03-24,0.00853
1976-03-25,0.00850
1976-03-26,0.00851
1976-03-29,0.00851
1976-03-30,0.00846
1976-03-31,0.00847
1976-04-01,0.00844
1976-04-02,0.00849
1976-04-05,0.00849
1976-04-06,0.00848
1976-04-07,0.00851
1976-04-08,0.00850
1976-04-09,0.00851
1976-04-12,0.00851
1976-04-13,0.00848
1976-04-14,0.00846
1976-04-15,0.00844
1976-04-16,0.00847
1976-04-19,0.00842
1976-04-20,0.00843
1976-04-21,0.00845
1976-04-22,0.00844
1976-04-23,0.00843
1976-04-26,0.00842
1976-04-27,0.00845
1976-04-28,0.00843
1976-04-29,0.00840
1976-04-30,0.00841
1976-05-03,0.00837
1976-05-04,0.00839
1976-05-05,0.00836
1976-05-06,0.00827
1976-05-07,0.00830
1976-05-10,0.00832
1976-05-11,0.00831
1976-05-12,0.00836
1976-05-13,0.00834
1976-05-14,0.00837
1976-05-17,0.00843
1976-05-18,0.00842
1976-05-19,0.00834
1976-05-20,0.00829
1976-05-21,0.00833
1976-05-24,0.00825
1976-05-25,0.00826
1976-05-26,0.00823
1976-05-27,0.00823
1976-05-28,0.00820
1976-06-01,0.00808
1976-06-02,0.00797
1976-06-03,0.00801
1976-06-04,0.00818
1976-06-07,0.00819
1976-06-08,0.00834
1976-06-09,0.00835
1976-06-10,0.00830
1976-06-11,0.00828
1976-06-14,0.00831
1976-06-15,0.00826
1976-06-16,0.00823
1976-06-17,0.00829
1976-06-18,0.00831
1976-06-21,0.00831
1976-06-22,0.00832
1976-06-23,0.00838
1976-06-24,0.00831
1976-06-25,0.00830
1976-06-28,0.00833
1976-06-29,0.00833
1976-06-30,0.00828
1976-07-01,0.00832
1976-07-02,0.00831
1976-07-06,0.00834
1976-07-07,0.00835
1976-07-08,0.00836
1976-07-09,0.00835
1976-07-12,0.00838
1976-07-13,0.00841
1976-07-14,0.00846
1976-07-15,0.00846
1976-07-16,0.00844
1976-07-19,0.00845
1976-07-20,0.00848
1976-07-21,0.00849
1976-07-22,0.00854
1976-07-23,0.00855
1976-07-26,0.00855
1976-07-27,0.00852
1976-07-28,0.00842
1976-07-29,0.00847
1976-07-30,0.00846
1976-08-02,0.00845
1976-08-03,0.00848
1976-08-04,0.00846
1976-08-05,0.00846
1976-08-06,0.00847
1976-08-09,0.00852
1976-08-10,0.00855
1976-08-11,0.00852
1976-08-12,0.00853
1976-08-13,0.00855
1976-08-16,0.00856
1976-08-17,0.00858
1976-08-18,0.00857
1976-08-19,0.00857
1976-08-20,0.00856
1976-08-23,0.00854
1976-08-24,0.00858
1976-08-25,0.00858
1976-08-26,0.00856
1976-08-27,0.00859
1976-08-30,0.00858
1976-08-31,0.00857
1976-09-01,0.00855
1976-09-02,0.00859
1976-09-03,0.00863
1976-09-07,0.00862
1976-09-08,0.00863
1976-09-09,0.00866
1976-09-10,0.00864
1976-09-13,0.00865
1976-09-14,0.00865
1976-09-15,0.00863
1976-09-16,0.00863
1976-09-17,0.00861
1976-09-20,0.00863
1976-09-21,0.00859
1976-09-22,0.00861
1976-09-23,0.00860
1976-09-24,0.00859
1976-09-27,0.00858
1976-09-28,0.00858
1976-09-29,0.00854
1976-09-30,0.00852
1976-10-01,0.00854
1976-10-04,0.00857
1976-10-05,0.00855
1976-10-06,0.00850
1976-10-07,0.00850
1976-10-08,0.00849
1976-10-12,0.00845
1976-10-13,0.00841
1976-10-14,0.00836
1976-10-15,0.00837
1976-10-18,0.00840
1976-10-19,0.00838
1976-10-20,0.00836
1976-10-21,0.00836
1976-10-22,0.00834
1976-10-25,0.00831
1976-10-26,0.00831
1976-10-27,0.00831
1976-10-28,0.00827
1976-10-29,0.00827
1976-11-01,0.00825
1976-11-03,0.00826
1976-11-04,0.00827
1976-11-05,0.00828
1976-11-08,0.00831
1976-11-09,0.00830
1976-11-10,0.00829
1976-11-12,0.00829
1976-11-15,0.00829
1976-11-16,0.00828
1976-11-17,0.00830
1976-11-18,0.00828
1976-11-19,0.00828
1976-11-22,0.00823
1976-11-23,0.00824
1976-11-24,0.00828
1976-11-26,0.00826
1976-11-29,0.00826
1976-11-30,0.00823
1976-12-01,0.00826
1976-12-02,0.00827
1976-12-03,0.00824
1976-12-06,0.00825
1976-12-07,0.00829
1976-12-08,0.00828
1976-12-09,0.00829
1976-12-10,0.00832
1976-12-13,0.00832
1976-12-14,0.00831
1976-12-15,0.00833
1976-12-16,0.00829
1976-12-17,0.00832
1976-12-20,0.00833
1976-12-21,0.00829
1976-12-22,0.00832
1976-12-23,0.00834
1976-12-24,0.00834
1976-12-27,0.00837
1976-12-28,0.00839
1976-12-29,0.00835
1976-12-30,0.00834
1976-12-31,0.00835
1977-01-03,0.00835
1977-01-04,0.00838
1977-01-05,0.00839
1977-01-06,0.00838
1977-01-07,0.00841
1977-01-10,0.00849
1977-01-11,0.00848
1977-01-12,0.00847
1977-01-13,0.00850
1977-01-14,0.00853
1977-01-17,0.00854
1977-01-18,0.00861
1977-01-19,0.00866
1977-01-20,0.00863
1977-01-21,0.00862
1977-01-24,0.00869
1977-01-25,0.00873
1977-01-26,0.00876
1977-01-27,0.00880
1977-01-28,0.00873
1977-01-31,0.00869
1977-02-01,0.00873
1977-02-02,0.00872
1977-02-03,0.00873
1977-02-04,0.00875
1977-02-07,0.00872
1977-02-08,0.00877
1977-02-09,0.00879
1977-02-10,0.00881
1977-02-11,0.00883
1977-02-14,0.00889
1977-02-15,0.00886
1977-02-16,0.00886
1977-02-17,0.00888
1977-02-18,0.00886
1977-02-22,0.00890
1977-02-23,0.00892
1977-02-24,0.00898
1977-02-25,0.00902
1977-02-28,0.00903
1977-03-01,0.00904
1977-03-02,0.00907
1977-03-03,0.00907
1977-03-04,0.00903
1977-03-07,0.00905
1977-03-08,0.00906
1977-03-09,0.00907
1977-03-10,0.00907
1977-03-11,0.00907
1977-03-14,0.00909
1977-03-15,0.00909
1977-03-16,0.00907
1977-03-17,0.00906
1977-03-18,0.00907
1977-03-21,0.00913
1977-03-22,0.00909
1977-03-23,0.00916
1977-03-24,0.00917
1977-03-25,0.00915
1977-03-28,0.00918
1977-03-29,0.00920
1977-03-30,0.00918
1977-03-31,0.00917
1977-04-01,0.00921
1977-04-04,0.00925
1977-04-05,0.00931
1977-04-06,0.00929
1977-04-07,0.00926
1977-04-08,0.00928
1977-04-11,0.00934
1977-04-12,0.00932
1977-04-13,0.00924
1977-04-14,0.00923
1977-04-15,0.00918
1977-04-18,0.00912
1977-04-19,0.00913
1977-04-20,0.00906
1977-04-21,0.00911
1977-04-22,0.00908
1977-04-25,0.00907
1977-04-26,0.00910
1977-04-27,0.00907
1977-04-28,0.00909
1977-04-29,0.00906
1977-05-02,0.00907
1977-05-03,0.00909
1977-05-04,0.00910
1977-05-05,0.00913
1977-05-06,0.00911
1977-05-09,0.00909
1977-05-10,0.00909
1977-05-11,0.00910
1977-05-12,0.00908
1977-05-13,0.00910
1977-05-16,0.00910
1977-05-17,0.00908
1977-05-18,0.00909
1977-05-19,0.00910
1977-05-20,0.00909
1977-05-23,0.00908
1977-05-24,0.00906
1977-05-25,0.00906
1977-05-26,0.00904
1977-05-27,0.00904
1977-05-31,0.00903
1977-06-01,0.00901
1977-06-02,0.00902
1977-06-03,0.00901
1977-06-06,0.00903
1977-06-07,0.00905
1977-06-08,0.00908
1977-06-09,0.00910
1977-06-10,0.00911
1977-06-13,0.00917
1977-06-14,0.00915
1977-06-15,0.00913
1977-06-16,0.00913
1977-06-17,0.00913
1977-06-20,0.00915
1977-06-21,0.00918
1977-06-22,0.00918
1977-06-23,0.00917
1977-06-24,0.00917
1977-06-27,0.00916
1977-06-28,0.00917
1977-06-29,0.00921
1977-06-30,0.00922
1977-07-01,0.00921
1977-07-05,0.00919
1977-07-06,0.00917
1977-07-07,0.00916
1977-07-08,0.00915
1977-07-11,0.00916
1977-07-12,0.00915
1977-07-13,0.00912
1977-07-15,0.00910
1977-07-18,0.00910
1977-07-19,0.00909
1977-07-20,0.00906
1977-07-21,0.00908
1977-07-22,0.00907
1977-07-25,0.00902
1977-07-26,0.00901
1977-07-27,0.00902
1977-07-28,0.00903
1977-07-29,0.00903
1977-08-01,0.00902
1977-08-02,0.00901
1977-08-03,0.00905
1977-08-04,0.00907
1977-08-05,0.00902
1977-08-08,0.00906
1977-08-09,0.00905
1977-08-10,0.00909
1977-08-11,0.00908
1977-08-12,0.00909
1977-08-15,0.00905
1977-08-16,0.00913
1977-08-17,0.00913
1977-08-18,0.00910
1977-08-19,0.00905
1977-08-22,0.00905
1977-08-23,0.00900
1977-08-24,0.00893
1977-08-25,0.00895
1977-08-26,0.00889
1977-08-29,0.00899
1977-08-30,0.00895
1977-08-31,0.00895
1977-09-01,0.00893
1977-09-02,0.00893
1977-09-06,0.00895
1977-09-07,0.00893
1977-09-08,0.00892
1977-09-09,0.00895
1977-09-12,0.00896
1977-09-13,0.00895
1977-09-14,0.00895
1977-09-15,0.00893
1977-09-16,0.00892
1977-09-19,0.00892
1977-09-20,0.00887
1977-09-21,0.00887
1977-09-22,0.00885
1977-09-23,0.00884
1977-09-26,0.00882
1977-09-27,0.00887
1977-09-28,0.00882
1977-09-29,0.00883
1977-09-30,0.00890
1977-10-03,0.00896
1977-10-04,0.00896
1977-10-05,0.00894
1977-10-06,0.00898
1977-10-07,0.00898
1977-10-11,0.00897
1977-10-12,0.00898
1977-10-13,0.00901
1977-10-14,0.00901
1977-10-17,0.00898
1977-10-18,0.00896
1977-10-19,0.00887
1977-10-20,0.00889
1977-10-21,0.00887
1977-10-24,0.00886
1977-10-25,0.00887
1977-10-26,0.00889
1977-10-27,0.00896
1977-10-28,0.00894
1977-10-31,0.00896
1977-11-01,0.00898
1977-11-02,0.00896
1977-11-03,0.00894
1977-11-04,0.00892
1977-11-07,0.00894
1977-11-09,0.00900
1977-11-10,0.00898
1977-11-14,0.00899
1977-11-15,0.00899
1977-11-16,0.00896
1977-11-17,0.00900
1977-11-18,0.00904
1977-11-21,0.00906
1977-11-22,0.00912
1977-11-23,0.00913
1977-11-25,0.00900
1977-11-28,0.00893
1977-11-29,0.00885
1977-11-30,0.00886
1977-12-01,0.00882
1977-12-02,0.00882
1977-12-05,0.00878
1977-12-06,0.00880
1977-12-07,0.00879
1977-12-08,0.00880
1977-12-09,0.00883
1977-12-12,0.00878
1977-12-13,0.00876
1977-12-14,0.00874
1977-12-15,0.00865
1977-12-16,0.00856
1977-12-19,0.00840
1977-12-20,0.00844
1977-12-21,0.00838
1977-12-22,0.00847
1977-12-23,0.00849
1977-12-27,0.00852
1977-12-28,0.00846
1977-12-29,0.00838
1977-12-30,0.00831
1978-01-03,0.00811
1978-01-04,0.00812
1978-01-05,0.00847
1978-01-06,0.00832
1978-01-09,0.00837
1978-01-10,0.00833
1978-01-11,0.00823
1978-01-12,0.00825
1978-01-13,0.00819
1978-01-16,0.00815
1978-01-17,0.00824
1978-01-18,0.00831
1978-01-19,0.00827
1978-01-20,0.00829
1978-01-23,0.00822
1978-01-24,0.00816
1978-01-25,0.00812
1978-01-26,0.00822
1978-01-27,0.00824
1978-01-30,0.00822
1978-01-31,0.00823
1978-02-01,0.00822
1978-02-02,0.00818
1978-02-03,0.00814
1978-02-06,0.00814
1978-02-07,0.00812
1978-02-08,0.00814
1978-02-09,0.00811
1978-02-10,0.00806
1978-02-14,0.00798
1978-02-15,0.00798
1978-02-16,0.00791
1978-02-17,0.00785
1978-02-21,0.00771
1978-02-22,0.00765
1978-02-23,0.00754
1978-02-24,0.00771
1978-02-27,0.00789
1978-02-28,0.00765
1978-03-01,0.00771
1978-03-02,0.00770
1978-03-03,0.00784
1978-03-06,0.00794
1978-03-07,0.00798
1978-03-08,0.00807
1978-03-09,0.00838
1978-03-10,0.00830
1978-03-13,0.00833
1978-03-14,0.00834
1978-03-15,0.00831
1978-03-16,0.00798
1978-03-17,0.00823
1978-03-20,0.00831
1978-03-21,0.00839
1978-03-22,0.00831
1978-03-23,0.00830
1978-03-24,0.00834
1978-03-27,0.00837
1978-03-28,0.00840
1978-03-29,0.00847
1978-03-30,0.00845
1978-03-31,0.00797
1978-04-03,0.00847
1978-04-04,0.00858
1978-04-05,0.00854
1978-04-06,0.00853
1978-04-07,0.00849
1978-04-10,0.00844
1978-04-11,0.00847
1978-04-12,0.00853
1978-04-13,0.00856
1978-04-14,0.00860
1978-04-17,0.00862
1978-04-18,0.00863
1978-04-19,0.00870
1978-04-20,0.00873
1978-04-21,0.00863
1978-04-24,0.00858
1978-04-25,0.00860
1978-04-26,0.00870
1978-04-27,0.00868
1978-04-28,0.00864
1978-05-01,0.00862
1978-05-02,0.00870
1978-05-03,0.00868
1978-05-04,0.00866
1978-05-05,0.00868
1978-05-08,0.00878
1978-05-09,0.00876
1978-05-10,0.00873
1978-05-11,0.00877
1978-05-12,0.00883
1978-05-15,0.00880
1978-05-16,0.00874
1978-05-17,0.00873
1978-05-18,0.00867
1978-05-19,0.00869
1978-05-22,0.00863
1978-05-23,0.00862
1978-05-24,0.00862
1978-05-25,0.00866
1978-05-26,0.00864
1978-05-29,0.00861
1978-05-31,0.00854
1978-06-01,0.00854
1978-06-02,0.00852
1978-06-05,0.00877
1978-06-06,0.00866
1978-06-07,0.00864
1978-06-08,0.00859
1978-06-09,0.00859
1978-06-12,0.00867
1978-06-13,0.00874
1978-06-14,0.00877
1978-06-15,0.00881
1978-06-16,0.00877
1978-06-19,0.00886
1978-06-20,0.00888
1978-06-21,0.00885
1978-06-22,0.00892
1978-06-23,0.00899
1978-06-26,0.00905
1978-06-27,0.00907
1978-06-28,0.00903
1978-06-29,0.00904
1978-06-30,0.00909
1978-07-03,0.00904
1978-07-05,0.00901
1978-07-06,0.00903
1978-07-07,0.00900
1978-07-10,0.00897
1978-07-11,0.00894
1978-07-12,0.00895
1978-07-13,0.00896
1978-07-14,0.00896
1978-07-17,0.00901
1978-07-18,0.00903
1978-07-19,0.00900
1978-07-20,0.00895
1978-07-21,0.00892
1978-07-24,0.00898
1978-07-25,0.00910
1978-07-26,0.00920
1978-07-27,0.00925
1978-07-28,0.00923
1978-07-31,0.00918
1978-08-01,0.00929
1978-08-02,0.00919
1978-08-03,0.00907
1978-08-04,0.00908
1978-08-07,0.00904
1978-08-08,0.00903
1978-08-09,0.00899
1978-08-10,0.00900
1978-08-11,0.00888
1978-08-14,0.00864
1978-08-15,0.00868
1978-08-16,0.00863
1978-08-17,0.00878
1978-08-18,0.00871
1978-08-21,0.00864
1978-08-22,0.00870
1978-08-23,0.00869
1978-08-24,0.00868
1978-08-25,0.00873
1978-08-28,0.00875
1978-08-29,0.00868
1978-08-30,0.00871
1978-08-31,0.00861
1978-09-01,0.00841
1978-09-05,0.00850
1978-09-06,0.00851
1978-09-07,0.00847
1978-09-08,0.00847
1978-09-11,0.00845
1978-09-12,0.00846
1978-09-13,0.00840
1978-09-14,0.00840
1978-09-15,0.00840
1978-09-18,0.00828
1978-09-19,0.00826
1978-09-20,0.00815
1978-09-21,0.00807
1978-09-22,0.00809
1978-09-25,0.00795
1978-09-26,0.00788
1978-09-27,0.00792
1978-09-28,0.00803
1978-09-29,0.00819
1978-10-02,0.00843
1978-10-03,0.00839
1978-10-04,0.00851
1978-10-05,0.00848
1978-10-06,0.00844
1978-10-10,0.00837
1978-10-11,0.00831
1978-10-12,0.00827
1978-10-13,0.00821
1978-10-16,0.00827
1978-10-17,0.00830
1978-10-18,0.00828
1978-10-19,0.00835
1978-10-20,0.00833
1978-10-23,0.00840
1978-10-24,0.00838
1978-10-25,0.00844
1978-10-26,0.00846
1978-10-27,0.00840
1978-10-30,0.00831
1978-10-31,0.00836
1978-11-01,0.00855
1978-11-02,0.00853
1978-11-03,0.00858
1978-11-06,0.00867
1978-11-08,0.00863
1978-11-09,0.00866
1978-11-10,0.00861
1978-11-13,0.00864
1978-11-14,0.00864
1978-11-15,0.00859
1978-11-16,0.00870
1978-11-17,0.00881
1978-11-20,0.00894
1978-11-21,0.00884
1978-11-22,0.00888
1978-11-24,0.00891
1978-11-27,0.00886
1978-11-28,0.00882
1978-11-29,0.00874
1978-11-30,0.00871
1978-12-01,0.00860
1978-12-04,0.00866
1978-12-05,0.00865
1978-12-06,0.00865
1978-12-07,0.00859
1978-12-08,0.00859
1978-12-11,0.00864
1978-12-12,0.00864
1978-12-13,0.00869
1978-12-14,0.00864
1978-12-15,0.00861
1978-12-18,0.00859
1978-12-19,0.00850
1978-12-20,0.00845
1978-12-21,0.00847
1978-12-22,0.00855
1978-12-26,0.00845
1978-12-27,0.00833
1978-12-28,0.00838
1978-12-29,0.00834
1979-01-02,0.00834
1979-01-03,0.00837
1979-01-04,0.00840
1979-01-05,0.00838
1979-01-08,0.00840
1979-01-09,0.00847
1979-01-10,0.00845
1979-01-11,0.00846
1979-01-12,0.00853
1979-01-15,0.00860
1979-01-16,0.00853
1979-01-17,0.00848
1979-01-18,0.00846
1979-01-19,0.00844
1979-01-22,0.00847
1979-01-23,0.00849
1979-01-24,0.00847
1979-01-25,0.00849
1979-01-26,0.00846
1979-01-29,0.00843
1979-01-30,0.00842
1979-01-31,0.00841
1979-02-01,0.00843
1979-02-02,0.00848
1979-02-05,0.00846
1979-02-06,0.00847
1979-02-07,0.00847
1979-02-08,0.00839
1979-02-09,0.00837
1979-02-13,0.00836
1979-02-14,0.00836
1979-02-15,0.00832
1979-02-16,0.00834
1979-02-20,0.00832
1979-02-21,0.00830
1979-02-22,0.00830
1979-02-23,0.00828
1979-02-26,0.00823
1979-02-27,0.00826
1979-02-28,0.00826
1979-03-01,0.00823
1979-03-02,0.00818
1979-03-05,0.00820
1979-03-06,0.00820
1979-03-07,0.00818
1979-03-08,0.00817
1979-03-09,0.00816
1979-03-12,0.00813
1979-03-13,0.00807
1979-03-14,0.00810
1979-03-15,0.00813
1979-03-16,0.00811
1979-03-19,0.00813
1979-03-20,0.00813
1979-03-21,0.00816
1979-03-22,0.00821
1979-03-23,0.00821
1979-03-26,0.00813
1979-03-27,0.00815
1979-03-28,0.00811
1979-03-29,0.00811
1979-03-30,0.00809
1979-04-02,0.00805
1979-04-03,0.00796
1979-04-04,0.00792
1979-04-05,0.00794
1979-04-06,0.00798
1979-04-09,0.00809
1979-04-10,0.00809
1979-04-11,0.00803
1979-04-12,0.00801
1979-04-13,0.00801
1979-04-16,0.00799
1979-04-17,0.00792
1979-04-18,0.00796
1979-04-19,0.00793
1979-04-20,0.00790
1979-04-23,0.00788
1979-04-24,0.00786
1979-04-25,0.00786
1979-04-26,0.00785
1979-04-27,0.00780
1979-04-30,0.00776
1979-05-01,0.00765
1979-05-02,0.00767
1979-05-03,0.00766
1979-05-04,0.00776
1979-05-07,0.00798
1979-05-08,0.00797
1979-05-09,0.00804
1979-05-10,0.00801
1979-05-11,0.00800
1979-05-14,0.00804
1979-05-15,0.00807
1979-05-16,0.00806
1979-05-17,0.00800
1979-05-18,0.00795
1979-05-21,0.00795
1979-05-22,0.00792
1979-05-23,0.00792
1979-05-24,0.00793
1979-05-25,0.00790
1979-05-28,0.00788
1979-05-29,0.00784
1979-05-31,0.00783
1979-06-01,0.00784
1979-06-04,0.00787
1979-06-05,0.00785
1979-06-06,0.00788
1979-06-07,0.00788
1979-06-08,0.00791
1979-06-11,0.00792
1979-06-12,0.00789
1979-06-13,0.00786
1979-06-14,0.00785
1979-06-15,0.00777
1979-06-18,0.00778
1979-06-19,0.00770
1979-06-20,0.00766
1979-06-21,0.00758
1979-06-22,0.00766
1979-06-25,0.00771
1979-06-26,0.00770
1979-06-27,0.00766
1979-06-28,0.00765
1979-06-29,0.00759
1979-07-02,0.00759
1979-07-03,0.00759
1979-07-05,0.00762
1979-07-06,0.00765
1979-07-09,0.00766
1979-07-10,0.00764
1979-07-11,0.00762
1979-07-12,0.00762
1979-07-13,0.00761
1979-07-16,0.00760
1979-07-17,0.00755
1979-07-18,0.00763
1979-07-19,0.00758
1979-07-20,0.00756
1979-07-23,0.00757
1979-07-24,0.00762
1979-07-25,0.00762
1979-07-26,0.00765
1979-07-27,0.00763
1979-07-30,0.00768
1979-07-31,0.00766
1979-08-01,0.00767
1979-08-02,0.00766
1979-08-03,0.00765
1979-08-06,0.00765
1979-08-07,0.00766
1979-08-08,0.00766
1979-08-09,0.00764
1979-08-10,0.00763
1979-08-13,0.00763
1979-08-14,0.00765
1979-08-15,0.00764
1979-08-16,0.00763
1979-08-17,0.00764
1979-08-20,0.00764
1979-08-21,0.00762
1979-08-22,0.00756
1979-08-23,0.00756
1979-08-24,0.00755
1979-08-27,0.00751
1979-08-28,0.00752
1979-08-29,0.00749
1979-08-30,0.00752
1979-08-31,0.00751
1979-09-04,0.00749
1979-09-05,0.00746
1979-09-06,0.00742
1979-09-07,0.00737
1979-09-10,0.00737
1979-09-11,0.00738
1979-09-12,0.00733
1979-09-13,0.00731
1979-09-14,0.00731
1979-09-17,0.00730
1979-09-18,0.00727
1979-09-19,0.00726
1979-09-20,0.00718
1979-09-21,0.00706
1979-09-24,0.00708
1979-09-25,0.00707
1979-09-26,0.00709
1979-09-27,0.00696
1979-09-28,0.00692
1979-10-01,0.00687
1979-10-02,0.00694
1979-10-03,0.00705
1979-10-04,0.00709
1979-10-05,0.00705
1979-10-09,0.00718
1979-10-10,0.00714
1979-10-11,0.00715
1979-10-12,0.00713
1979-10-15,0.00709
1979-10-16,0.00706
1979-10-17,0.00706
1979-10-18,0.00707
1979-10-19,0.00713
1979-10-22,0.00712
1979-10-23,0.00711
1979-10-24,0.00707
1979-10-25,0.00708
1979-10-26,0.00713
1979-10-29,0.00713
1979-10-30,0.00703
1979-10-31,0.00698
1979-11-01,0.00693
1979-11-02,0.00700
1979-11-05,0.00694
1979-11-07,0.00680
1979-11-08,0.00682
1979-11-09,0.00679
1979-11-13,0.00673
1979-11-14,0.00676
1979-11-15,0.00671
1979-11-16,0.00669
1979-11-19,0.00669
1979-11-20,0.00668
1979-11-21,0.00661
1979-11-23,0.00664
1979-11-26,0.00659
1979-11-27,0.00662
1979-11-28,0.00657
1979-11-29,0.00652
1979-11-30,0.00640
1979-12-03,0.00629
1979-12-04,0.00642
1979-12-05,0.00655
1979-12-06,0.00659
1979-12-07,0.00673
1979-12-10,0.00694
1979-12-11,0.00685
1979-12-12,0.00673
1979-12-13,0.00664
1979-12-14,0.00664
1979-12-17,0.00670
1979-12-18,0.00671
1979-12-19,0.00669
1979-12-20,0.00679
1979-12-21,0.00670
1979-12-24,0.00666
1979-12-26,0.00663
1979-12-27,0.00658
1979-12-28,0.00663
1979-12-31,0.00664
1980-01-02,0.00662
1980-01-03,0.00660
1980-01-04,0.00671
1980-01-07,0.00678
1980-01-08,0.00672
1980-01-09,0.00670
1980-01-10,0.00670
1980-01-11,0.00671
1980-01-14,0.00670
1980-01-15,0.00666
1980-01-16,0.00666
1980-01-17,0.00664
1980-01-18,0.00665
1980-01-21,0.00666
1980-01-22,0.00671
1980-01-23,0.00677
1980-01-24,0.00672
1980-01-25,0.00674
1980-01-28,0.00674
1980-01-29,0.00676
1980-01-30,0.00677
1980-01-31,0.00684
1980-02-01,0.00679
1980-02-04,0.00679
1980-02-05,0.00677
1980-02-06,0.00669
1980-02-07,0.00673
1980-02-08,0.00670
1980-02-11,0.00670
1980-02-13,0.00666
1980-02-14,0.00664
1980-02-15,0.00670
1980-02-19,0.00668
1980-02-20,0.00668
1980-02-21,0.00667
1980-02-22,0.00672
1980-02-25,0.00672
1980-02-26,0.00673
1980-02-27,0.00670
1980-02-28,0.00673
1980-02-29,0.00677
1980-03-03,0.00692
1980-03-04,0.00698
1980-03-05,0.00693
1980-03-06,0.00691
1980-03-07,0.00692
1980-03-10,0.00700
1980-03-11,0.00701
1980-03-12,0.00699
1980-03-13,0.00703
1980-03-14,0.00704
1980-03-17,0.00718
1980-03-18,0.00715
1980-03-19,0.00713
1980-03-20,0.00708
1980-03-21,0.00715
1980-03-24,0.00718
1980-03-25,0.00722
1980-03-26,0.00720
1980-03-27,0.00732
1980-03-28,0.00734
1980-03-31,0.00741
1980-04-01,0.00732
1980-04-02,0.00722
1980-04-03,0.00725
1980-04-04,0.00723
1980-04-07,0.00718
1980-04-08,0.00713
1980-04-09,0.00709
1980-04-10,0.00703
1980-04-11,0.00692
1980-04-14,0.00693
1980-04-15,0.00700
1980-04-16,0.00695
1980-04-17,0.00698
1980-04-18,0.00698
1980-04-21,0.00690
1980-04-22,0.00698
1980-04-23,0.00698
1980-04-24,0.00695
1980-04-25,0.00689
1980-04-28,0.00693
1980-04-29,0.00698
1980-04-30,0.00697
1980-05-01,0.00694
1980-05-02,0.00705
1980-05-05,0.00701
1980-05-06,0.00714
1980-05-07,0.00712
1980-05-08,0.00711
1980-05-09,0.00726
1980-05-12,0.00732
1980-05-13,0.00732
1980-05-14,0.00731
1980-05-15,0.00731
1980-05-16,0.00728
1980-05-19,0.00732
1980-05-20,0.00741
1980-05-21,0.00741
1980-05-22,0.00742
1980-05-23,0.00746
1980-05-27,0.00747
1980-05-28,0.00736
1980-05-29,0.00739
1980-05-30,0.00745
1980-06-02,0.00743
1980-06-03,0.00743
1980-06-04,0.00744
1980-06-05,0.00748
1980-06-06,0.00746
1980-06-09,0.00750
1980-06-10,0.00752
1980-06-11,0.00748
1980-06-12,0.00750
1980-06-13,0.00747
1980-06-16,0.00756
1980-06-17,0.00755
1980-06-18,0.00752
1980-06-19,0.00757
1980-06-20,0.00751
1980-06-23,0.00756
1980-06-24,0.00757
1980-06-25,0.00752
1980-06-26,0.00750
1980-06-27,0.00748
1980-06-30,0.00741
1980-07-01,0.00741
1980-07-02,0.00740
1980-07-03,0.00737
1980-07-07,0.00729
1980-07-08,0.00726
1980-07-09,0.00731
1980-07-10,0.00735
1980-07-11,0.00733
1980-07-14,0.00735
1980-07-15,0.00734
1980-07-16,0.00733
1980-07-17,0.00731
1980-07-18,0.00731
1980-07-21,0.00727
1980-07-22,0.00723
1980-07-23,0.00714
1980-07-24,0.00715
1980-07-25,0.00709
1980-07-28,0.00707
1980-07-29,0.00716
1980-07-30,0.00726
1980-07-31,0.00725
1980-08-01,0.00733
1980-08-04,0.00730
1980-08-05,0.00725
1980-08-06,0.00723
1980-08-07,0.00729
1980-08-08,0.00729
1980-08-11,0.00731
1980-08-12,0.00736
1980-08-13,0.00734
1980-08-14,0.00733
1980-08-15,0.00728
1980-08-18,0.00733
1980-08-19,0.00740
1980-08-20,0.00740
1980-08-21,0.00737
1980-08-22,0.00748
1980-08-25,0.00748
1980-08-26,0.00758
1980-08-27,0.00756
1980-08-28,0.00755
1980-08-29,0.00753
1980-09-02,0.00758
1980-09-03,0.00752
1980-09-04,0.00750
1980-09-05,0.00750
1980-09-08,0.00750
1980-09-09,0.00752
1980-09-10,0.00753
1980-09-11,0.00759
1980-09-12,0.00765
1980-09-15,0.00768
1980-09-16,0.00773
1980-09-17,0.00769
1980-09-18,0.00771
1980-09-19,0.00780
1980-09-22,0.00772
1980-09-23,0.00761
1980-09-24,0.00767
1980-09-25,0.00765
1980-09-26,0.00777
1980-09-29,0.00779
1980-09-30,0.00784
1980-10-01,0.00788
1980-10-02,0.00791
1980-10-03,0.00793
1980-10-06,0.00785
1980-10-07,0.00784
1980-10-08,0.00786
1980-10-09,0.00783
1980-10-10,0.00783
1980-10-14,0.00797
1980-10-15,0.00795
1980-10-16,0.00793
1980-10-17,0.00796
1980-10-20,0.00795
1980-10-21,0.00797
1980-10-22,0.00795
1980-10-23,0.00790
1980-10-24,0.00788
1980-10-27,0.00795
1980-10-28,0.00801
1980-10-29,0.00808
1980-10-30,0.00813
1980-10-31,0.00813
1980-11-03,0.00815
1980-11-05,0.00824
1980-11-06,0.00821
1980-11-07,0.00819
1980-11-10,0.00815
1980-11-12,0.00803
1980-11-13,0.00803
1980-11-14,0.00805
1980-11-17,0.00813
1980-11-18,0.00810
1980-11-19,0.00807
1980-11-20,0.00807
1980-11-21,0.00808
1980-11-24,0.00812
1980-11-25,0.00808
1980-11-26,0.00799
1980-11-28,0.00803
1980-12-01,0.00804
1980-12-02,0.00812
1980-12-03,0.00820
1980-12-04,0.00830
1980-12-05,0.00837
1980-12-08,0.00851
1980-12-09,0.00857
1980-12-10,0.00866
1980-12-11,0.00868
1980-12-12,0.00863
1980-12-15,0.00864
1980-12-16,0.00877
1980-12-17,0.00863
1980-12-18,0.00863
1980-12-19,0.00865
1980-12-22,0.00854
1980-12-23,0.00854
1980-12-24,0.00848
1980-12-26,0.00851
1980-12-29,0.00859
1980-12-30,0.00870
1980-12-31,0.00880
1981-01-02,0.00884
1981-01-05,0.00883
1981-01-06,0.00877
1981-01-07,0.00879
1981-01-08,0.00880
1981-01-09,0.00885
1981-01-12,0.00884
1981-01-13,0.00891
1981-01-14,0.00890
1981-01-15,0.00900
1981-01-16,0.00898
1981-01-19,0.00904
1981-01-20,0.00907
1981-01-21,0.00910
1981-01-22,0.00913
1981-01-23,0.00908
1981-01-26,0.00909
1981-01-27,0.00923
1981-01-28,0.00921
1981-01-29,0.00930
1981-01-30,0.00935
1981-02-02,0.00945
1981-02-03,0.00949
1981-02-04,0.00944
1981-02-05,0.00958
1981-02-06,0.00953
1981-02-09,0.00952
1981-02-10,0.00956
1981-02-11,0.00957
1981-02-13,0.00973
1981-02-17,0.00965
1981-02-18,0.00962
1981-02-19,0.00931
1981-02-20,0.00912
1981-02-23,0.00914
1981-02-24,0.00927
1981-02-25,0.00925
1981-02-26,0.00937
1981-02-27,0.00936
1981-03-02,0.00939
1981-03-03,0.00945
1981-03-04,0.00934
1981-03-05,0.00931
1981-03-06,0.00937
1981-03-09,0.00936
1981-03-10,0.00929
1981-03-11,0.00933
1981-03-12,0.00933
1981-03-13,0.00928
1981-03-16,0.00918
1981-03-17,0.00915
1981-03-18,0.00898
1981-03-19,0.00896
1981-03-20,0.00906
1981-03-23,0.00910
1981-03-24,0.00909
1981-03-25,0.00912
1981-03-26,0.00912
1981-03-27,0.00914
1981-03-30,0.00904
1981-03-31,0.00913
1981-04-01,0.00902
1981-04-02,0.00900
1981-04-03,0.00911
1981-04-06,0.00920
1981-04-07,0.00910
1981-04-08,0.00910
1981-04-09,0.00913
1981-04-10,0.00911
1981-04-13,0.00916
1981-04-14,0.00917
1981-04-15,0.00918
1981-04-16,0.00920
1981-04-17,0.00919
1981-04-20,0.00912
1981-04-21,0.00913
1981-04-22,0.00910
1981-04-23,0.00921
1981-04-24,0.00925
1981-04-27,0.00939
1981-04-28,0.00936
1981-04-29,0.00941
1981-04-30,0.00937
1981-05-01,0.00935
1981-05-04,0.00945
1981-05-05,0.00949
1981-05-06,0.00950
1981-05-07,0.00953
1981-05-08,0.00944
1981-05-11,0.00952
1981-05-12,0.00944
1981-05-13,0.00943
1981-05-14,0.00936
1981-05-15,0.00928
1981-05-18,0.00925
1981-05-19,0.00931
1981-05-20,0.00928
1981-05-21,0.00933
1981-05-22,0.00932
1981-05-26,0.00925
1981-05-27,0.00927
1981-05-28,0.00925
1981-05-29,0.00927
1981-06-01,0.00933
1981-06-02,0.00939
1981-06-03,0.00936
1981-06-04,0.00947
1981-06-05,0.00937
1981-06-08,0.00928
1981-06-09,0.00926
1981-06-10,0.00926
1981-06-11,0.00935
1981-06-12,0.00935
1981-06-15,0.00931
1981-06-16,0.00931
1981-06-17,0.00927
1981-06-18,0.00933
1981-06-19,0.00926
1981-06-22,0.00923
1981-06-23,0.00917
1981-06-24,0.00914
1981-06-25,0.00904
1981-06-26,0.00902
1981-06-29,0.00900
1981-06-30,0.00903
1981-07-01,0.00909
1981-07-02,0.00914
1981-07-03,0.00908
1981-07-06,0.00910
1981-07-07,0.00914
1981-07-08,0.00922
1981-07-09,0.00920
1981-07-10,0.00910
1981-07-13,0.00907
1981-07-14,0.00906
1981-07-15,0.00898
1981-07-16,0.00897
1981-07-17,0.00899
1981-07-20,0.00900
1981-07-21,0.00903
1981-07-22,0.00896
1981-07-23,0.00898
1981-07-24,0.00898
1981-07-27,0.00895
1981-07-28,0.00891
1981-07-29,0.00892
1981-07-30,0.00893
1981-07-31,0.00894
1981-08-03,0.00896
1981-08-04,0.00896
1981-08-05,0.00905
1981-08-06,0.00912
1981-08-07,0.00930
1981-08-10,0.00932
1981-08-11,0.00931
1981-08-12,0.00938
1981-08-13,0.00936
1981-08-14,0.00935
1981-08-17,0.00945
1981-08-18,0.00950
1981-08-19,0.00942
1981-08-20,0.00940
1981-08-21,0.00941
1981-08-24,0.00940
1981-08-25,0.00943
1981-08-26,0.00934
1981-08-27,0.00930
1981-08-28,0.00931
1981-08-31,0.00929
1981-09-01,0.00935
1981-09-02,0.00936
1981-09-03,0.00919
1981-09-04,0.00910
1981-09-08,0.00911
1981-09-09,0.00898
1981-09-10,0.00893
1981-09-11,0.00887
1981-09-14,0.00883
1981-09-15,0.00885
1981-09-16,0.00872
1981-09-17,0.00867
1981-09-18,0.00861
1981-09-21,0.00851
1981-09-22,0.00864
1981-09-23,0.00862
1981-09-24,0.00862
1981-09-25,0.00861
1981-09-28,0.00851
1981-09-29,0.00846
1981-09-30,0.00850
1981-10-01,0.00845
1981-10-02,0.00834
1981-10-05,0.00829
1981-10-06,0.00827
1981-10-07,0.00822
1981-10-08,0.00817
1981-10-09,0.00812
1981-10-13,0.00814
1981-10-14,0.00814
1981-10-15,0.00811
1981-10-16,0.00811
1981-10-19,0.00802
1981-10-20,0.00806
1981-10-21,0.00812
1981-10-22,0.00814
1981-10-23,0.00813
1981-10-26,0.00812
1981-10-27,0.00813
1981-10-28,0.00805
1981-10-29,0.00794
1981-10-30,0.00788
1981-11-02,0.00787
1981-11-04,0.00787
1981-11-05,0.00785
1981-11-06,0.00782
1981-11-09,0.00780
1981-11-10,0.00780
1981-11-12,0.00774
1981-11-13,0.00773
1981-11-16,0.00782
1981-11-17,0.00803
1981-11-18,0.00805
1981-11-19,0.00816
1981-11-20,0.00831
1981-11-23,0.00830
1981-11-24,0.00827
1981-11-25,0.00822
1981-11-27,0.00824
1981-11-30,0.00827
1981-12-01,0.00826
1981-12-02,0.00828
1981-12-03,0.00828
1981-12-04,0.00826
1981-12-07,0.00831
1981-12-08,0.00838
1981-12-09,0.00838
1981-12-10,0.00845
1981-12-11,0.00842
1981-12-14,0.00837
1981-12-15,0.00843
1981-12-16,0.00837
1981-12-17,0.00835
1981-12-18,0.00836
1981-12-21,0.00828
1981-12-22,0.00827
1981-12-23,0.00822
1981-12-24,0.00817
1981-12-28,0.00812
1981-12-29,0.00812
1981-12-30,0.00821
1981-12-31,0.00813
1982-01-04,0.00819
1982-01-05,0.00824
1982-01-06,0.00824
1982-01-07,0.00824
1982-01-08,0.00825
1982-01-11,0.00831
1982-01-12,0.00833
1982-01-13,0.00829
1982-01-14,0.00826
1982-01-15,0.00827
1982-01-18,0.00821
1982-01-19,0.00823
1982-01-20,0.00825
1982-01-21,0.00817
1982-01-22,0.00815
1982-01-25,0.00815
1982-01-26,0.00811
1982-01-27,0.00808
1982-01-28,0.00804
1982-01-29,0.00809
1982-02-01,0.00806
1982-02-02,0.00807
1982-02-03,0.00808
1982-02-04,0.00805
1982-02-05,0.00807
1982-02-08,0.00807
1982-02-09,0.00808
1982-02-10,0.00806
1982-02-11,0.00805
1982-02-16,0.00794
1982-02-17,0.00797
1982-02-18,0.00805
1982-02-19,0.00807
1982-02-22,0.00807
1982-02-23,0.00800
1982-02-24,0.00801
1982-02-25,0.00796
1982-02-26,0.00800
1982-03-01,0.00795
1982-03-02,0.00790
1982-03-03,0.00795
1982-03-04,0.00791
1982-03-05,0.00791
1982-03-08,0.00786
1982-03-09,0.00785
1982-03-10,0.00784
1982-03-11,0.00781
1982-03-12,0.00783
1982-03-15,0.00781
1982-03-16,0.00779
1982-03-17,0.00780
1982-03-18,0.00779
1982-03-19,0.00778
1982-03-22,0.00777
1982-03-23,0.00774
1982-03-24,0.00780
1982-03-25,0.00777
1982-03-26,0.00774
1982-03-29,0.00784
1982-03-30,0.00786
1982-03-31,0.00781
1982-04-01,0.00788
1982-04-02,0.00790
1982-04-05,0.00787
1982-04-06,0.00792
1982-04-07,0.00798
1982-04-08,0.00798
1982-04-09,0.00799
1982-04-12,0.00798
1982-04-13,0.00793
1982-04-14,0.00796
1982-04-15,0.00797
1982-04-16,0.00798
1982-04-19,0.00799
1982-04-20,0.00802
1982-04-21,0.00803
1982-04-22,0.00810
1982-04-23,0.00817
1982-04-26,0.00821
1982-04-27,0.00822
1982-04-28,0.00822
1982-04-29,0.00831
1982-04-30,0.00830
1982-05-03,0.00822
1982-05-04,0.00824
1982-05-05,0.00828
1982-05-06,0.00821
1982-05-07,0.00811
1982-05-10,0.00814
1982-05-11,0.00821
1982-05-12,0.00825
1982-05-13,0.00824
1982-05-14,0.00827
1982-05-17,0.00826
1982-05-18,0.00832
1982-05-19,0.00827
1982-05-20,0.00828
1982-05-21,0.00827
1982-05-24,0.00821
1982-05-25,0.00817
1982-05-26,0.00821
1982-05-27,0.00823
1982-05-28,0.00821
1982-06-01,0.00829
1982-06-02,0.00826
1982-06-03,0.00832
1982-06-04,0.00833
1982-06-07,0.00827
1982-06-08,0.00828
1982-06-09,0.00826
1982-06-10,0.00828
1982-06-11,0.00828
1982-06-14,0.00826
1982-06-15,0.00825
1982-06-16,0.00829
1982-06-17,0.00831
1982-06-18,0.00833
1982-06-21,0.00828
1982-06-22,0.00821
1982-06-23,0.00826
1982-06-24,0.00833
1982-06-25,0.00825
1982-06-28,0.00825
1982-06-29,0.00824
1982-06-30,0.00823
1982-07-01,0.00821
1982-07-02,0.00819
1982-07-06,0.00822
1982-07-07,0.00828
1982-07-08,0.00833
1982-07-09,0.00830
1982-07-12,0.00829
1982-07-13,0.00827
1982-07-14,0.00831
1982-07-15,0.00829
1982-07-16,0.00828
1982-07-19,0.00827
1982-07-20,0.00822
1982-07-21,0.00817
1982-07-22,0.00819
1982-07-23,0.00811
1982-07-26,0.00808
1982-07-27,0.00812
1982-07-28,0.00814
1982-07-29,0.00817
1982-07-30,0.00814
1982-08-02,0.00805
1982-08-03,0.00804
1982-08-04,0.00813
1982-08-05,0.00816
1982-08-06,0.00819
1982-08-09,0.00819
1982-08-10,0.00813
1982-08-11,0.00818
1982-08-12,0.00820
1982-08-13,0.00818
1982-08-16,0.00818
1982-08-17,0.00813
1982-08-18,0.00814
1982-08-19,0.00819
1982-08-20,0.00815
1982-08-23,0.00815
1982-08-24,0.00811
1982-08-25,0.00814
1982-08-26,0.00818
1982-08-27,0.00818
1982-08-30,0.00820
1982-08-31,0.00815
1982-09-01,0.00820
1982-09-02,0.00823
1982-09-03,0.00816
1982-09-07,0.00818
1982-09-08,0.00819
1982-09-09,0.00817
1982-09-10,0.00816
1982-09-13,0.00814
1982-09-14,0.00815
1982-09-15,0.00814
1982-09-16,0.00812
1982-09-17,0.00810
1982-09-20,0.00809
1982-09-21,0.00809
1982-09-22,0.00814
1982-09-23,0.00812
1982-09-24,0.00814
1982-09-27,0.00808
1982-09-28,0.00808
1982-09-29,0.00807
1982-09-30,0.00809
1982-10-01,0.00808
1982-10-04,0.00805
1982-10-05,0.00803
1982-10-06,0.00799
1982-10-07,0.00798
1982-10-08,0.00805
1982-10-12,0.00806
1982-10-13,0.00803
1982-10-14,0.00803
1982-10-15,0.00798
1982-10-18,0.00800
1982-10-19,0.00804
1982-10-20,0.00803
1982-10-21,0.00797
1982-10-22,0.00796
1982-10-25,0.00795
1982-10-26,0.00795
1982-10-27,0.00794
1982-10-28,0.00797
1982-10-29,0.00797
1982-11-01,0.00791
1982-11-03,0.00796
1982-11-04,0.00800
1982-11-05,0.00804
1982-11-08,0.00812
1982-11-09,0.00815
1982-11-10,0.00827
1982-11-12,0.00828
1982-11-15,0.00830
1982-11-16,0.00831
1982-11-17,0.00837
1982-11-18,0.00837
1982-11-19,0.00846
1982-11-22,0.00861
1982-11-23,0.00852
1982-11-24,0.00864
1982-11-26,0.00860
1982-11-29,0.00852
1982-11-30,0.00850
1982-12-01,0.00849
1982-12-02,0.00845
1982-12-03,0.00842
1982-12-06,0.00844
1982-12-07,0.00848
1982-12-08,0.00853
1982-12-09,0.00852
1982-12-10,0.00853
1982-12-13,0.00857
1982-12-14,0.00851
1982-12-15,0.00854
1982-12-16,0.00845
1982-12-17,0.00839
1982-12-20,0.00833
1982-12-21,0.00835
1982-12-22,0.00840
1982-12-23,0.00844
1982-12-24,0.00840
1982-12-27,0.00843
1982-12-28,0.00852
1982-12-29,0.00857
1982-12-30,0.00858
1982-12-31,0.00855
1983-01-03,0.00859
1983-01-04,0.00866
1983-01-05,0.00854
1983-01-06,0.00853
1983-01-07,0.00845
1983-01-10,0.00846
1983-01-11,0.00846
1983-01-12,0.00844
1983-01-13,0.00836
1983-01-14,0.00839
1983-01-17,0.00842
1983-01-18,0.00846
1983-01-19,0.00841
1983-01-20,0.00841
1983-01-21,0.00842
1983-01-24,0.00843
1983-01-25,0.00844
1983-01-26,0.00844
1983-01-27,0.00843
1983-01-28,0.00842
1983-01-31,0.00840
1983-02-01,0.00842
1983-02-02,0.00846
1983-02-03,0.00845
1983-02-04,0.00847
1983-02-07,0.00850
1983-02-08,0.00850
1983-02-09,0.00854
1983-02-10,0.00856
1983-02-11,0.00855
1983-02-14,0.00855
1983-02-15,0.00854
1983-02-16,0.00851
1983-02-17,0.00854
1983-02-18,0.00855
1983-02-22,0.00864
1983-02-23,0.00866
1983-02-24,0.00864
1983-02-25,0.00864
1983-02-28,0.00867
1983-03-01,0.00865
1983-03-02,0.00866
1983-03-03,0.00869
1983-03-04,0.00866
1983-03-07,0.00868
1983-03-08,0.00864
1983-03-09,0.00867
1983-03-10,0.00866
1983-03-11,0.00869
1983-03-14,0.00869
1983-03-15,0.00865
1983-03-16,0.00864
1983-03-17,0.00862
1983-03-18,0.00860
1983-03-21,0.00864
1983-03-22,0.00868
1983-03-23,0.00874
1983-03-24,0.00873
1983-03-25,0.00871
1983-03-28,0.00869
1983-03-29,0.00867
1983-03-30,0.00869
1983-03-31,0.00873
1983-04-01,0.00871
1983-04-04,0.00867
1983-04-05,0.00863
1983-04-06,0.00863
1983-04-07,0.00862
1983-04-08,0.00860
1983-04-11,0.00862
1983-04-12,0.00859
1983-04-13,0.00862
1983-04-14,0.00860
1983-04-15,0.00859
1983-04-18,0.00866
1983-04-19,0.00871
1983-04-20,0.00873
1983-04-21,0.00873
1983-04-22,0.00870
1983-04-25,0.00870
1983-04-26,0.00867
1983-04-27,0.00869
1983-04-28,0.00868
1983-04-29,0.00870
1983-05-02,0.00871
1983-05-03,0.00870
1983-05-04,0.00871
1983-05-05,0.00873
1983-05-06,0.00875
1983-05-09,0.00876
1983-05-10,0.00878
1983-05-11,0.00877
1983-05-12,0.00874
1983-05-13,0.00875
1983-05-16,0.00876
1983-05-17,0.00877
1983-05-18,0.00869
1983-05-19,0.00883
1983-05-20,0.00888
1983-05-23,0.00883
1983-05-24,0.00880
1983-05-25,0.00877
1983-05-26,0.00877
1983-05-27,0.00876
1983-05-31,0.00878
1983-06-01,0.00879
1983-06-02,0.00883
1983-06-03,0.00882
1983-06-06,0.00882
1983-06-07,0.00886
1983-06-08,0.00883
1983-06-09,0.00877
1983-06-10,0.00878
1983-06-13,0.00877
1983-06-14,0.00878
1983-06-15,0.00882
1983-06-16,0.00883
1983-06-17,0.00883
1983-06-20,0.00880
1983-06-21,0.00881
1983-06-22,0.00877
1983-06-23,0.00878
1983-06-24,0.00879
1983-06-27,0.00876
1983-06-28,0.00878
1983-06-29,0.00880
1983-06-30,0.00879
1983-07-01,0.00881
1983-07-05,0.00885
1983-07-06,0.00887
1983-07-07,0.00885
1983-07-08,0.00882
1983-07-11,0.00881
1983-07-12,0.00880
1983-07-13,0.00881
1983-07-14,0.00881
1983-07-15,0.00882
1983-07-18,0.00881
1983-07-19,0.00880
1983-07-20,0.00877
1983-07-21,0.00875
1983-07-22,0.00877
1983-07-25,0.00879
1983-07-26,0.00878
1983-07-27,0.00878
1983-07-28,0.00882
1983-07-29,0.00883
1983-08-01,0.00884
1983-08-02,0.00881
1983-08-03,0.00886
1983-08-04,0.00887
1983-08-05,0.00890
1983-08-08,0.00892
1983-08-09,0.00892
1983-08-10,0.00893
1983-08-11,0.00890
1983-08-12,0.00884
1983-08-15,0.00878
1983-08-16,0.00881
1983-08-17,0.00879
1983-08-18,0.00883
1983-08-19,0.00883
1983-08-22,0.00881
1983-08-23,0.00879
1983-08-24,0.00884
1983-08-25,0.00882
1983-08-26,0.00884
1983-08-29,0.00885
1983-08-30,0.00887
1983-08-31,0.00887
1983-09-01,0.00888
1983-09-02,0.00887
1983-09-06,0.00886
1983-09-07,0.00888
1983-09-08,0.00889
1983-09-09,0.00887
1983-09-12,0.00889
1983-09-13,0.00893
1983-09-14,0.00891
1983-09-15,0.00890
1983-09-16,0.00889
1983-09-19,0.00891
1983-09-20,0.00890
1983-09-21,0.00892
1983-09-22,0.00894
1983-09-23,0.00895
1983-09-26,0.00901
1983-09-27,0.00899
1983-09-28,0.00900
1983-09-29,0.00900
1983-09-30,0.00900
1983-10-03,0.00902
1983-10-04,0.00905
1983-10-05,0.00902
1983-10-06,0.00901
1983-10-07,0.00904
1983-10-11,0.00906
1983-10-12,0.00906
1983-10-13,0.00907
1983-10-14,0.00911
1983-10-17,0.00906
1983-10-18,0.00903
1983-10-19,0.00902
1983-10-20,0.00905
1983-10-21,0.00904
1983-10-24,0.00908
1983-10-25,0.00910
1983-10-26,0.00911
1983-10-27,0.00913
1983-10-28,0.00915
1983-10-31,0.00916
1983-11-01,0.00921
1983-11-02,0.00917
1983-11-03,0.00921
1983-11-04,0.00917
1983-11-07,0.00919
1983-11-09,0.00921
1983-11-10,0.00918
1983-11-14,0.00922
1983-11-15,0.00923
1983-11-16,0.00920
1983-11-17,0.00924
1983-11-18,0.00927
1983-11-21,0.00928
1983-11-22,0.00925
1983-11-23,0.00927
1983-11-25,0.00928
1983-11-28,0.00927
1983-11-29,0.00930
1983-11-30,0.00930
1983-12-01,0.00930
1983-12-02,0.00931
1983-12-05,0.00931
1983-12-06,0.00933
1983-12-07,0.00936
1983-12-08,0.00936
1983-12-09,0.00934
1983-12-12,0.00935
1983-12-13,0.00940
1983-12-14,0.00941
1983-12-15,0.00942
1983-12-16,0.00941
1983-12-19,0.00937
1983-12-20,0.00940
1983-12-21,0.00942
1983-12-22,0.00945
1983-12-23,0.00940
1983-12-27,0.00937
1983-12-28,0.00938
1983-12-29,0.00941
1983-12-30,0.00940
1984-01-03,0.00954
1984-01-04,0.00957
1984-01-05,0.00959
1984-01-06,0.00962
1984-01-09,0.00965
1984-01-10,0.00958
1984-01-11,0.00961
1984-01-12,0.00958
1984-01-13,0.00954
1984-01-16,0.00952
1984-01-17,0.00955
1984-01-18,0.00956
1984-01-19,0.00953
1984-01-20,0.00955
1984-01-23,0.00957
1984-01-24,0.00959
1984-01-25,0.00958
1984-01-26,0.00956
1984-01-27,0.00959
1984-01-30,0.00956
1984-01-31,0.00960
1984-02-01,0.00954
1984-02-02,0.00949
1984-02-03,0.00944
1984-02-06,0.00949
1984-02-07,0.00953
1984-02-08,0.00952
1984-02-09,0.00952
1984-02-10,0.00955
1984-02-14,0.00950
1984-02-15,0.00942
1984-02-16,0.00942
1984-02-17,0.00941
1984-02-21,0.00949
1984-02-22,0.00941
1984-02-23,0.00939
1984-02-24,0.00932
1984-02-27,0.00934
1984-02-28,0.00928
1984-02-29,0.00929
1984-03-01,0.00932
1984-03-02,0.00944
1984-03-05,0.00953
1984-03-06,0.00944
1984-03-07,0.00948
1984-03-08,0.00951
1984-03-09,0.00949
1984-03-12,0.00958
1984-03-13,0.00953
1984-03-14,0.00951
1984-03-15,0.00956
1984-03-16,0.00955
1984-03-19,0.00958
1984-03-20,0.00959
1984-03-21,0.00960
1984-03-22,0.00960
1984-03-23,0.00963
1984-03-26,0.00960
1984-03-27,0.00959
1984-03-28,0.00960
1984-03-29,0.00957
1984-03-30,0.00958
1984-04-02,0.00959
1984-04-03,0.00963
1984-04-04,0.00964
1984-04-05,0.00967
1984-04-06,0.00965
1984-04-09,0.00965
1984-04-10,0.00963
1984-04-11,0.00972
1984-04-12,0.00969
1984-04-13,0.00969
1984-04-16,0.00970
1984-04-17,0.00974
1984-04-18,0.00974
1984-04-19,0.00978
1984-04-20,0.00978
1984-04-23,0.00977
1984-04-24,0.00982
1984-04-25,0.00982
1984-04-26,0.00986
1984-04-27,0.00986
1984-04-30,0.00990
1984-05-01,0.00989
1984-05-02,0.00990
1984-05-03,0.00990
1984-05-04,0.00992
1984-05-07,0.00997
1984-05-08,0.00996
1984-05-09,0.00996
1984-05-10,0.00998
1984-05-11,0.00994
1984-05-14,0.00986
1984-05-15,0.00980
1984-05-16,0.00981
1984-05-17,0.00979
1984-05-18,0.00978
1984-05-21,0.00974
1984-05-22,0.00972
1984-05-23,0.00980
1984-05-24,0.00978
1984-05-25,0.00971
1984-05-29,0.00975
1984-05-30,0.00978
1984-05-31,0.00976
1984-06-01,0.00969
1984-06-04,0.00969
1984-06-05,0.00970
1984-06-06,0.00969
1984-06-07,0.00970
1984-06-08,0.00971
1984-06-11,0.00977
1984-06-12,0.00979
1984-06-13,0.00977
1984-06-14,0.00981
1984-06-15,0.00979
1984-06-18,0.00982
1984-06-19,0.00982
1984-06-20,0.00983
1984-06-21,0.00985
1984-06-22,0.00981
1984-06-25,0.00982
1984-06-26,0.00979
1984-06-27,0.00980
1984-06-28,0.00981
1984-06-29,0.00982
1984-07-02,0.00982
1984-07-03,0.00987
1984-07-05,0.00988
1984-07-06,0.00989
1984-07-09,0.00986
1984-07-10,0.00987
1984-07-11,0.00993
1984-07-12,0.00992
1984-07-13,0.00994
1984-07-16,0.00992
1984-07-17,0.00993
1984-07-18,0.00993
1984-07-19,0.00990
1984-07-20,0.00988
1984-07-23,0.00988
1984-07-24,0.00991
1984-07-25,0.00991
1984-07-26,0.00996
1984-07-27,0.01003
1984-07-30,0.01001
1984-07-31,0.01008
1984-08-01,0.01003
1984-08-02,0.00999
1984-08-03,0.00994
1984-08-06,0.00995
1984-08-07,0.01004
1984-08-08,0.01006
1984-08-09,0.01003
1984-08-10,0.01007
1984-08-13,0.01004
1984-08-14,0.01002
1984-08-15,0.00997
1984-08-16,0.00987
1984-08-17,0.00989
1984-08-20,0.00994
1984-08-21,0.00995
1984-08-22,0.00995
1984-08-23,0.00991
1984-08-24,0.00992
1984-08-27,0.00994
1984-08-28,0.00992
1984-08-29,0.00994
1984-08-30,0.00995
1984-08-31,0.00996
1984-09-04,0.01004
1984-09-05,0.01007
1984-09-06,0.01008
1984-09-07,0.01012
1984-09-10,0.01015
1984-09-11,0.01018
1984-09-12,0.01017
1984-09-13,0.01022
1984-09-14,0.01020
1984-09-17,0.01022
1984-09-18,0.01033
1984-09-19,0.01031
1984-09-20,0.01036
1984-09-21,0.01028
1984-09-24,0.01020
1984-09-25,0.01025
1984-09-26,0.01023
1984-09-27,0.01022
1984-09-28,0.01026
1984-10-01,0.01024
1984-10-02,0.01020
1984-10-03,0.01015
1984-10-04,0.01019
1984-10-05,0.01021
1984-10-09,0.01027
1984-10-10,0.01027
1984-10-11,0.01027
1984-10-12,0.01033
1984-10-15,0.01034
1984-10-16,0.01032
1984-10-17,0.01027
1984-10-18,0.01026
1984-10-19,0.01025
1984-10-22,0.01023
1984-10-23,0.01024
1984-10-24,0.01018
1984-10-25,0.01014
1984-10-26,0.01015
1984-10-29,0.01022
1984-10-30,0.01021
1984-10-31,0.01015
1984-11-01,0.01006
1984-11-02,0.01002
1984-11-05,0.00996
1984-11-07,0.01004
1984-11-08,0.01002
1984-11-09,0.01007
1984-11-13,0.01004
1984-11-14,0.01011
1984-11-15,0.01007
1984-11-16,0.01010
1984-11-19,0.01015
1984-11-20,0.01017
1984-11-21,0.01019
1984-11-23,0.01019
1984-11-26,0.01026
1984-11-27,0.01028
1984-11-28,0.01027
1984-11-29,0.01029
1984-11-30,0.01032
1984-12-03,0.01034
1984-12-04,0.01027
1984-12-05,0.01031
1984-12-06,0.01025
1984-12-07,0.01028
1984-12-10,0.01035
1984-12-11,0.01033
1984-12-12,0.01033
1984-12-13,0.01035
1984-12-14,0.01027
1984-12-17,0.01030
1984-12-18,0.01031
1984-12-19,0.01032
1984-12-20,0.01036
1984-12-21,0.01035
1984-12-24,0.01036
1984-12-26,0.01034
1984-12-27,0.01039
1984-12-28,0.01035
1984-12-31,0.01034
1985-01-02,0.01039
1985-01-03,0.01038
1985-01-04,0.01040
1985-01-07,0.01034
1985-01-08,0.01039
1985-01-09,0.01040
1985-01-10,0.01039
1985-01-11,0.01042
1985-01-14,0.01048
1985-01-15,0.01052
1985-01-16,0.01050
1985-01-17,0.01052
1985-01-18,0.01053
1985-01-22,0.01052
1985-01-23,0.01055
1985-01-24,0.01047
1985-01-25,0.01049
1985-01-28,0.01047
1985-01-29,0.01049
1985-01-30,0.01051
1985-01-31,0.01050
1985-02-01,0.01053
1985-02-04,0.01056
1985-02-05,0.01056
1985-02-06,0.01055
1985-02-07,0.01059
1985-02-08,0.01064
1985-02-11,0.01068
1985-02-13,0.01070
1985-02-14,0.01074
1985-02-15,0.01077
1985-02-19,0.01078
1985-02-20,0.01080
1985-02-21,0.01080
1985-02-22,0.01088
1985-02-25,0.01111
1985-02-26,0.01113
1985-02-27,0.01095
1985-02-28,0.01101
1985-03-01,0.01099
1985-03-04,0.01112
1985-03-05,0.01120
1985-03-06,0.01109
1985-03-07,0.01111
1985-03-08,0.01110
1985-03-11,0.01099
1985-03-12,0.01092
1985-03-13,0.01095
1985-03-14,0.01105
1985-03-15,0.01104
1985-03-18,0.01094
1985-03-19,0.01086
1985-03-20,0.01074
1985-03-21,0.01070
1985-03-22,0.01068
1985-03-25,0.01068
1985-03-26,0.01065
1985-03-27,0.01052
1985-03-28,0.01047
1985-03-29,0.01036
1985-04-01,0.01045
1985-04-02,0.01046
1985-04-03,0.01044
1985-04-04,0.01057
1985-04-05,0.01050
1985-04-08,0.01043
1985-04-09,0.01041
1985-04-10,0.01043
1985-04-11,0.01030
1985-04-12,0.01022
1985-04-15,0.01012
1985-04-16,0.01013
1985-04-17,0.01014
1985-04-18,0.01002
1985-04-19,0.01001
1985-04-22,0.01006
1985-04-23,0.01023
1985-04-24,0.01033
1985-04-25,0.01039
1985-04-26,0.01033
1985-04-29,0.01034
1985-04-30,0.01034
1985-05-01,0.01045
1985-05-02,0.01052
1985-05-03,0.01068
1985-05-06,0.01063
1985-05-07,0.01053
1985-05-08,0.01059
1985-05-09,0.01040
1985-05-10,0.01042
1985-05-13,0.01028
1985-05-14,0.01028
1985-05-15,0.01028
1985-05-16,0.01030
1985-05-17,0.01030
1985-05-20,0.01028
1985-05-21,0.01032
1985-05-22,0.01032
1985-05-23,0.01029
1985-05-24,0.01039
1985-05-28,0.01040
1985-05-29,0.01029
1985-05-30,0.01033
1985-05-31,0.01025
1985-06-03,0.01030
1985-06-04,0.01032
1985-06-05,0.01036
1985-06-06,0.01038
1985-06-07,0.01041
1985-06-10,0.01045
1985-06-11,0.01040
1985-06-12,0.01041
1985-06-13,0.01045
1985-06-14,0.01034
1985-06-17,0.01035
1985-06-18,0.01026
1985-06-19,0.01021
1985-06-20,0.01037
1985-06-21,0.01034
1985-06-24,0.01031
1985-06-25,0.01033
1985-06-26,0.01020
1985-06-27,0.01030
1985-06-28,0.01023
1985-07-01,0.01028
1985-07-02,0.01026
1985-07-03,0.01025
1985-07-05,0.01020
1985-07-08,0.01016
1985-07-09,0.01013
1985-07-10,0.01007
1985-07-11,0.01002
1985-07-12,0.00996
1985-07-15,0.01007
1985-07-16,0.01006
1985-07-17,0.00987
1985-07-18,0.00995
1985-07-19,0.00996
1985-07-22,0.00991
1985-07-23,0.00983
1985-07-24,0.00988
1985-07-25,0.00979
1985-07-26,0.00976
1985-07-29,0.00966
1985-07-30,0.00968
1985-07-31,0.00970
1985-08-01,0.00976
1985-08-02,0.00975
1985-08-05,0.00979
1985-08-06,0.00991
1985-08-07,0.00991
1985-08-08,0.00981
1985-08-09,0.00981
1985-08-12,0.00971
1985-08-13,0.00969
1985-08-14,0.00967
1985-08-15,0.00956
1985-08-16,0.00954
1985-08-19,0.00955
1985-08-20,0.00960
1985-08-21,0.00957
1985-08-22,0.00951
1985-08-23,0.00953
1985-08-26,0.00958
1985-08-27,0.00964
1985-08-28,0.00956
1985-08-29,0.00962
1985-08-30,0.00967
1985-09-03,0.00982
1985-09-04,0.00979
1985-09-05,0.00982
1985-09-06,0.00993
1985-09-09,0.00995
1985-09-10,0.00999
1985-09-11,0.01002
1985-09-12,0.00997
1985-09-13,0.00989
1985-09-16,0.00987
1985-09-17,0.00984
1985-09-18,0.00986
1985-09-19,0.00985
1985-09-20,0.00975
1985-09-23,0.00966
1985-09-24,0.00971
1985-09-25,0.00972
1985-09-26,0.00995
1985-09-27,0.00998
1985-09-30,0.01014
1985-10-01,0.01008
1985-10-02,0.01011
1985-10-03,0.01009
1985-10-04,0.01013
1985-10-07,0.01008
1985-10-08,0.01005
1985-10-09,0.01013
1985-10-10,0.01015
1985-10-11,0.01015
1985-10-15,0.01013
1985-10-16,0.01015
1985-10-17,0.01011
1985-10-18,0.01008
1985-10-21,0.01003
1985-10-22,0.01006
1985-10-23,0.01003
1985-10-24,0.01002
1985-10-25,0.01012
1985-10-28,0.01015
1985-10-29,0.01012
1985-10-30,0.01017
1985-10-31,0.01017
1985-11-01,0.01022
1985-11-04,0.01029
1985-11-05,0.01035
1985-11-06,0.01043
1985-11-07,0.01051
1985-11-08,0.01048
1985-11-12,0.01046
1985-11-13,0.01051
1985-11-14,0.01054
1985-11-15,0.01052
1985-11-18,0.01053
1985-11-19,0.01048
1985-11-20,0.01053
1985-11-21,0.01050
1985-11-22,0.01047
1985-11-25,0.01047
1985-11-26,0.01040
1985-11-27,0.01040
1985-11-29,0.01030
1985-12-02,0.01032
1985-12-03,0.01032
1985-12-04,0.01034
1985-12-05,0.01033
1985-12-06,0.01035
1985-12-09,0.01040
1985-12-10,0.01042
1985-12-11,0.01044
1985-12-12,0.01041
1985-12-13,0.01039
1985-12-16,0.01043
1985-12-17,0.01043
1985-12-18,0.01041
1985-12-19,0.01042
1985-12-20,0.01041
1985-12-23,0.01040
1985-12-24,0.01038
1985-12-26,0.01037
1985-12-27,0.01031
1985-12-30,0.01035
1985-12-31,0.01029
1986-01-02,0.01029
1986-01-03,0.01022
1986-01-06,0.01025
1986-01-07,0.01028
1986-01-08,0.01032
1986-01-09,0.01028
1986-01-10,0.01030
1986-01-13,0.01033
1986-01-14,0.01032
1986-01-15,0.01028
1986-01-16,0.01029
1986-01-17,0.01033
1986-01-21,0.01031
1986-01-22,0.01031
1986-01-23,0.01028
1986-01-24,0.01043
1986-01-27,0.01039
1986-01-28,0.01038
1986-01-29,0.01042
1986-01-30,0.01046
1986-01-31,0.01059
1986-02-03,0.01063
1986-02-04,0.01064
1986-02-05,0.01059
1986-02-06,0.01062
1986-02-07,0.01065
1986-02-10,0.01066
1986-02-11,0.01057
1986-02-12,0.01055
1986-02-13,0.01067
1986-02-14,0.01069
1986-02-18,0.01071
1986-02-19,0.01064
1986-02-20,0.01060
1986-02-21,0.01056
1986-02-24,0.01044
1986-02-25,0.01042
1986-02-26,0.01038
1986-02-27,0.01041
1986-02-28,0.01046
1986-03-03,0.01046
1986-03-04,0.01046
1986-03-05,0.01056
1986-03-06,0.01059
1986-03-07,0.01057
1986-03-10,0.01072
1986-03-11,0.01068
1986-03-12,0.01073
1986-03-13,0.01074
1986-03-14,0.01075
1986-03-17,0.01073
1986-03-18,0.01076
1986-03-19,0.01070
1986-03-20,0.01074
1986-03-21,0.01065
1986-03-24,0.01072
1986-03-25,0.01088
1986-03-26,0.01088
1986-03-27,0.01085
1986-03-28,0.01086
1986-03-31,0.01101
1986-04-01,0.01096
1986-04-02,0.01104
1986-04-03,0.01112
1986-04-04,0.01105
1986-04-07,0.01101
1986-04-08,0.01098
1986-04-09,0.01087
1986-04-10,0.01088
1986-04-11,0.01079
1986-04-14,0.01080
1986-04-15,0.01085
1986-04-16,0.01070
1986-04-17,0.01055
1986-04-18,0.01068
1986-04-21,0.01076
1986-04-22,0.01084
1986-04-23,0.01085
1986-04-24,0.01089
1986-04-25,0.01081
1986-04-28,0.01082
1986-04-29,0.01085
1986-04-30,0.01082
1986-05-01,0.01088
1986-05-02,0.01092
1986-05-05,0.01106
1986-05-06,0.01110
1986-05-07,0.01110
1986-05-08,0.01109
1986-05-09,0.01115
1986-05-12,0.01120
1986-05-13,0.01120
1986-05-14,0.01113
1986-05-15,0.01118
1986-05-16,0.01113
1986-05-19,0.01106
1986-05-20,0.01108
1986-05-21,0.01104
1986-05-22,0.01117
1986-05-23,0.01111
1986-05-27,0.01112
1986-05-28,0.01114
1986-05-29,0.01112
1986-05-30,0.01108
1986-06-02,0.01103
1986-06-03,0.01096
1986-06-04,0.01100
1986-06-05,0.01091
1986-06-06,0.01098
1986-06-09,0.01098
1986-06-10,0.01096
1986-06-11,0.01099
1986-06-12,0.01102
1986-06-13,0.01103
1986-06-16,0.01097
1986-06-17,0.01104
1986-06-18,0.01103
1986-06-19,0.01103
1986-06-20,0.01102
1986-06-23,0.01101
1986-06-24,0.01095
1986-06-25,0.01095
1986-06-26,0.01095
1986-06-27,0.01093
1986-06-30,0.01097
1986-07-01,0.01090
1986-07-02,0.01092
1986-07-03,0.01095
1986-07-07,0.01108
1986-07-08,0.01102
1986-07-09,0.01108
1986-07-10,0.01108
1986-07-11,0.01109
1986-07-14,0.01111
1986-07-15,0.01103
1986-07-16,0.01100
1986-07-17,0.01109
1986-07-18,0.01102
1986-07-21,0.01105
1986-07-22,0.01102
1986-07-23,0.01097
1986-07-24,0.01101
1986-07-25,0.01098
1986-07-28,0.01092
1986-07-29,0.01086
1986-07-30,0.01087
1986-07-31,0.01091
1986-08-01,0.01086
1986-08-04,0.01090
1986-08-05,0.01089
1986-08-06,0.01087
1986-08-07,0.01084
1986-08-08,0.01083
1986-08-11,0.01077
1986-08-12,0.01085
1986-08-13,0.01083
1986-08-14,0.01081
1986-08-15,0.01079
1986-08-18,0.01087
1986-08-19,0.01081
1986-08-20,0.01074
1986-08-21,0.01074
1986-08-22,0.01076
1986-08-25,0.01070
1986-08-26,0.01066
1986-08-27,0.01064
1986-08-28,0.01058
1986-08-29,0.01062
1986-09-02,0.01063
1986-09-03,0.01058
1986-09-04,0.01061
1986-09-05,0.01071
1986-09-08,0.01082
1986-09-09,0.01076
1986-09-10,0.01082
1986-09-11,0.01087
1986-09-12,0.01076
1986-09-15,0.01068
1986-09-16,0.01060
1986-09-17,0.01059
1986-09-18,0.01048
1986-09-19,0.01055
1986-09-22,0.01067
1986-09-23,0.01074
1986-09-24,0.01073
1986-09-25,0.01073
1986-09-26,0.01076
1986-09-29,0.01068
1986-09-30,0.01067
1986-10-01,0.01064
1986-10-02,0.01057
1986-10-03,0.01051
1986-10-06,0.01051
1986-10-07,0.01058
1986-10-08,0.01055
1986-10-09,0.01053
1986-10-10,0.01048
1986-10-14,0.01049
1986-10-15,0.01047
1986-10-16,0.01050
1986-10-17,0.01051
1986-10-20,0.01054
1986-10-21,0.01050
1986-10-22,0.01047
1986-10-23,0.01039
1986-10-24,0.01037
1986-10-27,0.01054
1986-10-28,0.01047
1986-10-29,0.01044
1986-10-30,0.01053
1986-10-31,0.01047
1986-11-03,0.01048
1986-11-04,0.01047
1986-11-05,0.01049
1986-11-06,0.01053
1986-11-07,0.01054
1986-11-10,0.01043
1986-11-12,0.01046
1986-11-13,0.01037
1986-11-14,0.01029
1986-11-17,0.01029
1986-11-18,0.01029
1986-11-19,0.01029
1986-11-20,0.01026
1986-11-21,0.01032
1986-11-24,0.01029
1986-11-25,0.01021
1986-11-26,0.01019
1986-11-28,0.01014
1986-12-01,0.01010
1986-12-02,0.01015
1986-12-03,0.01012
1986-12-04,0.01022
1986-12-05,0.01030
1986-12-08,0.01034
1986-12-09,0.01040
1986-12-10,0.01034
1986-12-11,0.01037
1986-12-12,0.01040
1986-12-15,0.01042
1986-12-16,0.01040
1986-12-17,0.01039
1986-12-18,0.01036
1986-12-19,0.01039
1986-12-22,0.01020
1986-12-23,0.01009
1986-12-24,0.01018
1986-12-26,0.01026
1986-12-29,0.01021
1986-12-30,0.01017
1986-12-31,0.01020
1987-01-02,0.01017
1987-01-05,0.01022
1987-01-06,0.01016
1987-01-07,0.01025
1987-01-08,0.01018
1987-01-09,0.01015
1987-01-12,0.01009
1987-01-13,0.01012
1987-01-14,0.01008
1987-01-15,0.01007
1987-01-16,0.01007
1987-01-20,0.01010
1987-01-21,0.01007
1987-01-22,0.01002
1987-01-23,0.01004
1987-01-26,0.01004
1987-01-27,0.00999
1987-01-28,0.00990
1987-01-29,0.00988
1987-01-30,0.01006
1987-02-02,0.01000
1987-02-03,0.00995
1987-02-04,0.01003
1987-02-05,0.01009
1987-02-06,0.01014
1987-02-09,0.01005
1987-02-10,0.00996
1987-02-11,0.01001
1987-02-12,0.01003
1987-02-13,0.01008
1987-02-17,0.01001
1987-02-18,0.01006
1987-02-19,0.01008
1987-02-20,0.01006
1987-02-23,0.01007
1987-02-24,0.01008
1987-02-25,0.01002
1987-02-26,0.01003
1987-02-27,0.01004
1987-03-02,0.01004
1987-03-03,0.01006
1987-03-04,0.01007
1987-03-05,0.01008
1987-03-06,0.01011
1987-03-09,0.01017
1987-03-10,0.01018
1987-03-11,0.01021
1987-03-12,0.01015
1987-03-13,0.01018
1987-03-16,0.01014
1987-03-17,0.01013
1987-03-18,0.01012
1987-03-19,0.01013
1987-03-20,0.01013
1987-03-23,0.01014
1987-03-24,0.01020
1987-03-25,0.01022
1987-03-26,0.01023
1987-03-27,0.01029
1987-03-30,0.01029
1987-03-31,0.01033
1987-04-01,0.01036
1987-04-02,0.01035
1987-04-03,0.01040
1987-04-06,0.01040
1987-04-07,0.01042
1987-04-08,0.01044
1987-04-09,0.01047
1987-04-10,0.01049
1987-04-13,0.01051
1987-04-14,0.01053
1987-04-15,0.01050
1987-04-16,0.01044
1987-04-17,0.01045
1987-04-20,0.01049
1987-04-21,0.01050
1987-04-22,0.01052
1987-04-23,0.01050
1987-04-24,0.01047
1987-04-27,0.01055
1987-04-28,0.01049
1987-04-29,0.01052
1987-04-30,0.01050
1987-05-01,0.01041
1987-05-04,0.01044
1987-05-05,0.01049
1987-05-06,0.01046
1987-05-07,0.01048
1987-05-08,0.01054
1987-05-11,0.01060
1987-05-12,0.01052
1987-05-13,0.01052
1987-05-14,0.01053
1987-05-15,0.01045
1987-05-18,0.01043
1987-05-19,0.01042
1987-05-20,0.01040
1987-05-21,0.01039
1987-05-22,0.01039
1987-05-26,0.01038
1987-05-27,0.01050
1987-05-28,0.01051
1987-05-29,0.01050
1987-06-01,0.01046
1987-06-02,0.01046
1987-06-03,0.01046
1987-06-04,0.01042
1987-06-05,0.01046
1987-06-08,0.01047
1987-06-09,0.01041
1987-06-10,0.01044
1987-06-11,0.01041
1987-06-12,0.01043
1987-06-15,0.01045
1987-06-16,0.01053
1987-06-17,0.01050
1987-06-18,0.01048
1987-06-19,0.01049
1987-06-22,0.01048
1987-06-23,0.01040
1987-06-24,0.01042
1987-06-25,0.01038
1987-06-26,0.01035
1987-06-29,0.01037
1987-06-30,0.01032
1987-07-01,0.01035
1987-07-02,0.01033
1987-07-03,0.01029
1987-07-06,0.01029
1987-07-07,0.01025
1987-07-08,0.01019
1987-07-09,0.01023
1987-07-10,0.01023
1987-07-13,0.01018
1987-07-14,0.01020
1987-07-15,0.01025
1987-07-16,0.01016
1987-07-17,0.01013
1987-07-20,0.01014
1987-07-21,0.01014
1987-07-22,0.01015
1987-07-23,0.01019
1987-07-24,0.01024
1987-07-27,0.01023
1987-07-28,0.01023
1987-07-29,0.01022
1987-07-30,0.01028
1987-07-31,0.01026
1987-08-03,0.01026
1987-08-04,0.01031
1987-08-05,0.01033
1987-08-06,0.01031
1987-08-07,0.01037
1987-08-10,0.01041
1987-08-11,0.01039
1987-08-12,0.01040
1987-08-13,0.01034
1987-08-14,0.01039
1987-08-17,0.01039
1987-08-18,0.01045
1987-08-19,0.01052
1987-08-20,0.01051
1987-08-21,0.01054
1987-08-24,0.01054
1987-08-25,0.01049
1987-08-26,0.01051
1987-08-27,0.01051
1987-08-28,0.01051
1987-08-31,0.01054
1987-09-01,0.01056
1987-09-02,0.01056
1987-09-03,0.01052
1987-09-04,0.01049
1987-09-08,0.01047
1987-09-09,0.01050
1987-09-10,0.01049
1987-09-11,0.01044
1987-09-14,0.01044
1987-09-15,0.01045
1987-09-16,0.01043
1987-09-17,0.01051
1987-09-18,0.01049
1987-09-21,0.01049
1987-09-22,0.01046
1987-09-23,0.01051
1987-09-24,0.01051
1987-09-25,0.01052
1987-09-28,0.01051
1987-09-29,0.01046
1987-09-30,0.01047
1987-10-01,0.01044
1987-10-02,0.01049
1987-10-05,0.01046
1987-10-06,0.01043
1987-10-07,0.01046
1987-10-08,0.01048
1987-10-09,0.01049
1987-10-13,0.01050
1987-10-14,0.01052
1987-10-15,0.01048
1987-10-16,0.01046
1987-10-19,0.01042
1987-10-20,0.01043
1987-10-21,0.01044
1987-10-22,0.01040
1987-10-23,0.01035
1987-10-26,0.01029
1987-10-27,0.01027
1987-10-28,0.01038
1987-10-29,0.01038
1987-10-30,0.01033
1987-11-02,0.01034
1987-11-03,0.01029
1987-11-04,0.01028
1987-11-05,0.01016
1987-11-06,0.01018
1987-11-09,0.01017
1987-11-10,0.01015
1987-11-12,0.01025
1987-11-13,0.01022
1987-11-16,0.01025
1987-11-17,0.01024
1987-11-18,0.01021
1987-11-19,0.01019
1987-11-20,0.01019
1987-11-23,0.01016
1987-11-24,0.01023
1987-11-25,0.01017
1987-11-27,0.01016
1987-11-30,0.01016
1987-12-01,0.01023
1987-12-02,0.01019
1987-12-03,0.01023
1987-12-04,0.01027
1987-12-07,0.01029
1987-12-08,0.01028
1987-12-09,0.01028
1987-12-10,0.01031
1987-12-11,0.01036
1987-12-14,0.01037
1987-12-15,0.01041
1987-12-16,0.01044
1987-12-17,0.01043
1987-12-18,0.01044
1987-12-21,0.01046
1987-12-22,0.01046
1987-12-23,0.01050
1987-12-24,0.01048
1987-12-28,0.01048
1987-12-29,0.01044
1987-12-30,0.01045
1987-12-31,0.01049
1988-01-04,0.01047
1988-01-05,0.01044
1988-01-06,0.01039
1988-01-07,0.01040
1988-01-08,0.01045
1988-01-11,0.01043
1988-01-12,0.01048
1988-01-13,0.01050
1988-01-14,0.01054
1988-01-15,0.01051
1988-01-19,0.01062
1988-01-20,0.01056
1988-01-21,0.01062
1988-01-22,0.01061
1988-01-25,0.01066
1988-01-26,0.01064
1988-01-27,0.01067
1988-01-28,0.01067
1988-01-29,0.01070
1988-02-01,0.01069
1988-02-02,0.01070
1988-02-03,0.01079
1988-02-04,0.01075
1988-02-05,0.01079
1988-02-08,0.01078
1988-02-09,0.01078
1988-02-10,0.01074
1988-02-11,0.01074
1988-02-12,0.01073
1988-02-16,0.01076
1988-02-17,0.01077
1988-02-18,0.01080
1988-02-19,0.01076
1988-02-22,0.01076
1988-02-23,0.01080
1988-02-24,0.01083
1988-02-25,0.01084
1988-02-26,0.01082
1988-02-29,0.01084
1988-03-01,0.01085
1988-03-02,0.01083
1988-03-03,0.01089
1988-03-04,0.01087
1988-03-07,0.01080
1988-03-08,0.01075
1988-03-09,0.01077
1988-03-10,0.01077
1988-03-11,0.01077
1988-03-14,0.01081
1988-03-15,0.01083
1988-03-16,0.01086
1988-03-17,0.01089
1988-03-18,0.01096
1988-03-21,0.01102
1988-03-22,0.01103
1988-03-23,0.01103
1988-03-24,0.01104
1988-03-25,0.01106
1988-03-28,0.01104
1988-03-29,0.01103
1988-03-30,0.01100
1988-03-31,0.01098
1988-04-01,0.01101
1988-04-04,0.01096
1988-04-05,0.01099
1988-04-06,0.01102
1988-04-07,0.01105
1988-04-08,0.01101
1988-04-11,0.01102
1988-04-12,0.01105
1988-04-13,0.01112
1988-04-14,0.01111
1988-04-15,0.01108
1988-04-18,0.01105
1988-04-19,0.01108
1988-04-20,0.01109
1988-04-21,0.01108
1988-04-22,0.01109
1988-04-25,0.01112
1988-04-26,0.01111
1988-04-27,0.01110
1988-04-28,0.01111
1988-04-29,0.01116
1988-05-02,0.01119
1988-05-03,0.01117
1988-05-04,0.01120
1988-05-05,0.01123
1988-05-06,0.01123
1988-05-09,0.01122
1988-05-10,0.01121
1988-05-11,0.01122
1988-05-12,0.01122
1988-05-13,0.01123
1988-05-16,0.01124
1988-05-17,0.01129
1988-05-18,0.01134
1988-05-19,0.01135
1988-05-20,0.01138
1988-05-23,0.01138
1988-05-24,0.01144
1988-05-25,0.01146
1988-05-26,0.01144
1988-05-27,0.01149
1988-05-31,0.01154
1988-06-01,0.01151
1988-06-02,0.01136
1988-06-03,0.01143
1988-06-06,0.01135
1988-06-07,0.01137
1988-06-08,0.01144
1988-06-09,0.01147
1988-06-10,0.01151
1988-06-13,0.01152
1988-06-14,0.01157
1988-06-15,0.01161
1988-06-16,0.01162
1988-06-17,0.01158
1988-06-20,0.01159
1988-06-21,0.01156
1988-06-22,0.01145
1988-06-23,0.01149
1988-06-24,0.01154
1988-06-27,0.01150
1988-06-28,0.01144
1988-06-29,0.01133
1988-06-30,0.01128
1988-07-01,0.01129
1988-07-05,0.01129
1988-07-06,0.01133
1988-07-07,0.01146
1988-07-08,0.01149
1988-07-11,0.01155
1988-07-12,0.01148
1988-07-13,0.01152
1988-07-14,0.01151
1988-07-15,0.01150
1988-07-18,0.01160
1988-07-19,0.01156
1988-07-20,0.01154
1988-07-21,0.01156
1988-07-22,0.01161
1988-07-25,0.01161
1988-07-26,0.01166
1988-07-27,0.01168
1988-07-28,0.01171
1988-07-29,0.01174
1988-08-01,0.01176
1988-08-02,0.01176
1988-08-03,0.01176
1988-08-04,0.01179
1988-08-05,0.01183
1988-08-08,0.01189
1988-08-09,0.01190
1988-08-10,0.01190
1988-08-11,0.01188
1988-08-12,0.01183
1988-08-15,0.01184
1988-08-16,0.01181
1988-08-17,0.01196
1988-08-18,0.01198
1988-08-19,0.01193
1988-08-22,0.01202
1988-08-23,0.01199
1988-08-24,0.01188
1988-08-25,0.01179
1988-08-26,0.01172
1988-08-29,0.01175
1988-08-30,0.01172
1988-08-31,0.01161
1988-09-01,0.01160
1988-09-02,0.01149
1988-09-06,0.01148
1988-09-07,0.01163
1988-09-08,0.01168
1988-09-09,0.01169
1988-09-12,0.01164
1988-09-13,0.01170
1988-09-14,0.01176
1988-09-15,0.01184
1988-09-16,0.01180
1988-09-19,0.01182
1988-09-20,0.01176
1988-09-21,0.01180
1988-09-22,0.01179
1988-09-23,0.01179
1988-09-26,0.01184
1988-09-27,0.01183
1988-09-28,0.01185
1988-09-29,0.01186
1988-09-30,0.01183
1988-10-03,0.01181
1988-10-04,0.01186
1988-10-05,0.01186
1988-10-06,0.01187
1988-10-07,0.01185
1988-10-11,0.01199
1988-10-12,0.01203
1988-10-13,0.01202
1988-10-14,0.01204
1988-10-17,0.01202
1988-10-18,0.01204
1988-10-19,0.01202
1988-10-20,0.01197
1988-10-21,0.01193
1988-10-24,0.01195
1988-10-25,0.01198
1988-10-26,0.01197
1988-10-27,0.01188
1988-10-28,0.01190
1988-10-31,0.01196
1988-11-01,0.01198
1988-11-02,0.01199
1988-11-03,0.01196
1988-11-04,0.01200
1988-11-07,0.01198
1988-11-08,0.01196
1988-11-09,0.01192
1988-11-10,0.01191
1988-11-14,0.01187
1988-11-15,0.01186
1988-11-16,0.01180
1988-11-17,0.01183
1988-11-18,0.01189
1988-11-21,0.01191
1988-11-22,0.01193
1988-11-23,0.01188
1988-11-25,0.01187
1988-11-28,0.01187
1988-11-29,0.01190
1988-11-30,0.01192
1988-12-01,0.01194
1988-12-02,0.01194
1988-12-05,0.01189
1988-12-06,0.01193
1988-12-07,0.01198
1988-12-08,0.01196
1988-12-09,0.01194
1988-12-12,0.01193
1988-12-13,0.01194
1988-12-14,0.01194
1988-12-15,0.01194
1988-12-16,0.01196
1988-12-19,0.01199
1988-12-20,0.01198
1988-12-21,0.01201
1988-12-22,0.01201
1988-12-23,0.01200
1988-12-27,0.01201
1988-12-28,0.01205
1988-12-29,0.01204
1988-12-30,0.01201
1989-01-03,0.01211
1989-01-04,0.01215
1989-01-05,0.01219
1989-01-06,0.01223
1989-01-09,0.01232
1989-01-10,0.01239
1989-01-11,0.01233
1989-01-12,0.01233
1989-01-13,0.01233
1989-01-17,0.01234
1989-01-18,0.01238
1989-01-19,0.01227
1989-01-20,0.01223
1989-01-23,0.01219
1989-01-24,0.01223
1989-01-25,0.01228
1989-01-26,0.01223
1989-01-27,0.01228
1989-01-30,0.01221
1989-01-31,0.01226
1989-02-01,0.01222
1989-02-02,0.01228
1989-02-03,0.01232
1989-02-06,0.01231
1989-02-07,0.01227
1989-02-08,0.01228
1989-02-09,0.01228
1989-02-10,0.01232
1989-02-13,0.01238
1989-02-14,0.01239
1989-02-15,0.01237
1989-02-16,0.01238
1989-02-17,0.01239
1989-02-21,0.01238
1989-02-22,0.01239
1989-02-23,0.01231
1989-02-24,0.01233
1989-02-27,0.01227
1989-02-28,0.01226
1989-03-01,0.01224
1989-03-02,0.01231
1989-03-03,0.01233
1989-03-06,0.01229
1989-03-07,0.01230
1989-03-08,0.01232
1989-03-09,0.01232
1989-03-10,0.01229
1989-03-13,0.01230
1989-03-14,0.01226
1989-03-15,0.01232
1989-03-16,0.01228
1989-03-17,0.01229
1989-03-20,0.01227
1989-03-21,0.01236
1989-03-22,0.01238
1989-03-23,0.01239
1989-03-24,0.01238
1989-03-27,0.01237
1989-03-28,0.01242
1989-03-29,0.01238
1989-03-30,0.01247
1989-03-31,0.01252
1989-04-03,0.01249
1989-04-04,0.01247
1989-04-05,0.01246
1989-04-06,0.01243
1989-04-07,0.01245
1989-04-10,0.01249
1989-04-11,0.01254
1989-04-12,0.01254
1989-04-13,0.01246
1989-04-14,0.01249
1989-04-17,0.01240
1989-04-18,0.01238
1989-04-19,0.01236
1989-04-20,0.01239
1989-04-21,0.01242
1989-04-24,0.01248
1989-04-25,0.01251
1989-04-26,0.01254
1989-04-27,0.01255
1989-04-28,0.01260
1989-05-01,0.01260
1989-05-02,0.01254
1989-05-03,0.01254
1989-05-04,0.01259
1989-05-05,0.01265
1989-05-08,0.01265
1989-05-09,0.01264
1989-05-10,0.01259
1989-05-11,0.01261
1989-05-12,0.01265
1989-05-15,0.01266
1989-05-16,0.01264
1989-05-17,0.01267
1989-05-18,0.01266
1989-05-19,0.01267
1989-05-22,0.01262
1989-05-23,0.01259
1989-05-24,0.01251
1989-05-25,0.01237
1989-05-26,0.01228
1989-05-30,0.01224
1989-05-31,0.01199
1989-06-01,0.01195
1989-06-02,0.01189
1989-06-05,0.01195
1989-06-06,0.01199
1989-06-07,0.01192
1989-06-08,0.01195
1989-06-09,0.01191
1989-06-12,0.01180
1989-06-13,0.01175
1989-06-14,0.01176
1989-06-15,0.01169
1989-06-16,0.01182
1989-06-19,0.01181
1989-06-20,0.01208
1989-06-21,0.01184
1989-06-22,0.01195
1989-06-23,0.01202
1989-06-26,0.01196
1989-06-27,0.01195
1989-06-28,0.01183
1989-06-29,0.01169
1989-06-30,0.01166
1989-07-03,0.01171
1989-07-05,0.01167
1989-07-06,0.01164
1989-07-07,0.01159
1989-07-10,0.01148
1989-07-11,0.01153
1989-07-12,0.01154
1989-07-13,0.01161
1989-07-14,0.01172
1989-07-17,0.01164
1989-07-18,0.01161
1989-07-19,0.01160
1989-07-20,0.01160
1989-07-21,0.01160
1989-07-24,0.01149
1989-07-25,0.01145
1989-07-26,0.01147
1989-07-27,0.01157
1989-07-28,0.01164
1989-07-31,0.01173
1989-08-01,0.01175
1989-08-02,0.01169
1989-08-03,0.01174
1989-08-04,0.01172
1989-08-07,0.01174
1989-08-08,0.01172
1989-08-09,0.01175
1989-08-10,0.01173
1989-08-11,0.01178
1989-08-14,0.01182
1989-08-15,0.01180
1989-08-16,0.01177
1989-08-17,0.01180
1989-08-18,0.01155
1989-08-21,0.01181
1989-08-22,0.01173
1989-08-23,0.01178
1989-08-24,0.01178
1989-08-25,0.01176
1989-08-28,0.01171
1989-08-29,0.01166
1989-08-30,0.01167
1989-08-31,0.01167
1989-09-01,0.01172
1989-09-05,0.01168
1989-09-06,0.01166
1989-09-07,0.01166
1989-09-08,0.01168
1989-09-11,0.01168
1989-09-12,0.01166
1989-09-13,0.01163
1989-09-14,0.01159
1989-09-15,0.01161
1989-09-18,0.01155
1989-09-19,0.01159
1989-09-20,0.01159
1989-09-21,0.01158
1989-09-22,0.01160
1989-09-25,0.01161
1989-09-26,0.01156
1989-09-27,0.01161
1989-09-28,0.01161
1989-09-29,0.01162
1989-10-02,0.01165
1989-10-03,0.01152
1989-10-04,0.01154
1989-10-05,0.01150
1989-10-06,0.01152
1989-10-10,0.01151
1989-10-11,0.01153
1989-10-12,0.01160
1989-10-13,0.01160
1989-10-16,0.01153
1989-10-17,0.01147
1989-10-18,0.01147
1989-10-19,0.01143
1989-10-20,0.01143
1989-10-23,0.01142
1989-10-24,0.01139
1989-10-25,0.01138
1989-10-26,0.01136
1989-10-27,0.01128
1989-10-30,0.01130
1989-10-31,0.01131
1989-11-01,0.01128
1989-11-02,0.01130
1989-11-03,0.01133
1989-11-06,0.01130
1989-11-07,0.01129
1989-11-08,0.01130
1989-11-09,0.01135
1989-11-10,0.01143
1989-11-13,0.01141
1989-11-14,0.01136
1989-11-15,0.01129
1989-11-16,0.01132
1989-11-17,0.01130
1989-11-20,0.01130
1989-11-21,0.01126
1989-11-22,0.01122
1989-11-24,0.01125
1989-11-27,0.01120
1989-11-28,0.01110
1989-11-29,0.01114
1989-11-30,0.01114
1989-12-01,0.01113
1989-12-04,0.01114
1989-12-05,0.01106
1989-12-06,0.01103
1989-12-07,0.01103
1989-12-08,0.01108
1989-12-11,0.01105
1989-12-12,0.01097
1989-12-13,0.01093
1989-12-14,0.01085
1989-12-15,0.01075
1989-12-18,0.01074
1989-12-19,0.01086
1989-12-20,0.01085
1989-12-21,0.01084
1989-12-22,0.01084
1989-12-26,0.01091
1989-12-27,0.01081
1989-12-28,0.01074
1989-12-29,0.01072
1990-01-02,0.01078
1990-01-03,0.01083
1990-01-04,0.01076
1990-01-05,0.01069
1990-01-08,0.01057
1990-01-09,0.01052
1990-01-10,0.01041
1990-01-11,0.01043
1990-01-12,0.01028
1990-01-16,0.01042
1990-01-17,0.01036
1990-01-18,0.01039
1990-01-19,0.01040
1990-01-22,0.01046
1990-01-23,0.01032
1990-01-24,0.01030
1990-01-25,0.01030
1990-01-26,0.01045
1990-01-29,0.01038
1990-01-30,0.01035
1990-01-31,0.01040
1990-02-01,0.01034
1990-02-02,0.01030
1990-02-05,0.01018
1990-02-06,0.01018
1990-02-07,0.01018
1990-02-08,0.01028
1990-02-09,0.01031
1990-02-12,0.01037
1990-02-13,0.01037
1990-02-14,0.01034
1990-02-15,0.01036
1990-02-16,0.01036
1990-02-20,0.01021
1990-02-21,0.01015
1990-02-22,0.01009
1990-02-23,0.01005
1990-02-26,0.00999
1990-02-27,0.00998
1990-02-28,0.01002
1990-03-01,0.01006
1990-03-02,0.01007
1990-03-05,0.01001
1990-03-06,0.01001
1990-03-07,0.00996
1990-03-08,0.01001
1990-03-09,0.00999
1990-03-12,0.01000
1990-03-13,0.01002
1990-03-14,0.01003
1990-03-15,0.00998
1990-03-16,0.00991
1990-03-19,0.00983
1990-03-20,0.00986
1990-03-21,0.00987
1990-03-22,0.00977
1990-03-23,0.00987
1990-03-26,0.00975
1990-03-27,0.00964
1990-03-28,0.00955
1990-03-29,0.00956
1990-03-30,0.00949
1990-04-02,0.00949
1990-04-03,0.00944
1990-04-04,0.00950
1990-04-05,0.00952
1990-04-06,0.00952
1990-04-09,0.00950
1990-04-10,0.00944
1990-04-11,0.00938
1990-04-12,0.00937
1990-04-13,0.00935
1990-04-16,0.00935
1990-04-17,0.00932
1990-04-18,0.00933
1990-04-19,0.00947
1990-04-20,0.00945
1990-04-23,0.00947
1990-04-24,0.00937
1990-04-25,0.00924
1990-04-26,0.00921
1990-04-27,0.00917
1990-04-30,0.00913
1990-05-01,0.00916
1990-05-02,0.00919
1990-05-03,0.00920
1990-05-04,0.00912
1990-05-07,0.00907
1990-05-08,0.00908
1990-05-09,0.00897
1990-05-10,0.00889
1990-05-11,0.00914
1990-05-14,0.00914
1990-05-15,0.00923
1990-05-16,0.00925
1990-05-17,0.00922
1990-05-18,0.00919
1990-05-21,0.00928
1990-05-22,0.00935
1990-05-23,0.00934
1990-05-24,0.00937
1990-05-25,0.00952
1990-05-29,0.00934
1990-05-30,0.00939
1990-05-31,0.00939
1990-06-01,0.00949
1990-06-04,0.00951
1990-06-05,0.00940
1990-06-06,0.00936
1990-06-07,0.00943
1990-06-08,0.00943
1990-06-11,0.00932
1990-06-12,0.00930
1990-06-13,0.00926
1990-06-14,0.00932
1990-06-15,0.00931
1990-06-18,0.00922
1990-06-19,0.00916
1990-06-20,0.00919
1990-06-21,0.00914
1990-06-22,0.00911
1990-06-25,0.00908
1990-06-26,0.00906
1990-06-27,0.00912
1990-06-28,0.00923
1990-06-29,0.00929
1990-07-02,0.00928
1990-07-03,0.00922
1990-07-05,0.00928
1990-07-06,0.00928
1990-07-09,0.00924
1990-07-10,0.00938
1990-07-11,0.00944
1990-07-12,0.00945
1990-07-13,0.00944
1990-07-16,0.00957
1990-07-17,0.00948
1990-07-18,0.00956
1990-07-19,0.00952
1990-07-20,0.00945
1990-07-23,0.00935
1990-07-24,0.00927
1990-07-25,0.00923
1990-07-26,0.00916
1990-07-27,0.00915
1990-07-30,0.00921
1990-07-31,0.00922
1990-08-01,0.00921
1990-08-02,0.00907
1990-08-03,0.00901
1990-08-06,0.00890
1990-08-07,0.00889
1990-08-08,0.00895
1990-08-09,0.00893
1990-08-10,0.00892
1990-08-13,0.00876
1990-08-14,0.00874
1990-08-15,0.00877
1990-08-16,0.00878
1990-08-17,0.00868
1990-08-20,0.00880
1990-08-21,0.00879
1990-08-22,0.00874
1990-08-23,0.00860
1990-08-24,0.00866
1990-08-27,0.00883
1990-08-28,0.00893
1990-08-29,0.00895
1990-08-30,0.00898
1990-08-31,0.00909
1990-09-04,0.00918
1990-09-05,0.00916
1990-09-06,0.00921
1990-09-07,0.00931
1990-09-10,0.00948
1990-09-11,0.00951
1990-09-12,0.00961
1990-09-13,0.00957
1990-09-14,0.00944
1990-09-17,0.00939
1990-09-18,0.00933
1990-09-19,0.00950
1990-09-20,0.00964
1990-09-21,0.00966
1990-09-24,0.00953
1990-09-25,0.00948
1990-09-26,0.00955
1990-09-27,0.00945
1990-09-28,0.00940
1990-10-01,0.00942
1990-10-02,0.00943
1990-10-03,0.00944
1990-10-04,0.00954
1990-10-05,0.00975
1990-10-09,0.00980
1990-10-10,0.00983
1990-10-11,0.00993
1990-10-12,0.00994
1990-10-15,0.01005
1990-10-16,0.01005
1990-10-17,0.01017
1990-10-18,0.01019
1990-10-19,0.01010
1990-10-22,0.01017
1990-10-23,0.01005
1990-10-24,0.00992
1990-10-25,0.01003
1990-10-26,0.01001
1990-10-29,0.01002
1990-10-30,0.00999
1990-10-31,0.00990
1990-11-01,0.00978
1990-11-02,0.00988
1990-11-05,0.00986
1990-11-06,0.00982
1990-11-07,0.00971
1990-11-08,0.00961
1990-11-09,0.00964
1990-11-13,0.00967
1990-11-14,0.00961
1990-11-15,0.00969
1990-11-16,0.00961
1990-11-19,0.00966
1990-11-20,0.00967
1990-11-21,0.00980
1990-11-23,0.00988
1990-11-26,0.00984
1990-11-27,0.00982
1990-11-28,0.00977
1990-11-29,0.00964
1990-11-30,0.00959
1990-12-03,0.00961
1990-12-04,0.00958
1990-12-05,0.00954
1990-12-06,0.00961
1990-12-07,0.00964
1990-12-10,0.00957
1990-12-11,0.00960
1990-12-12,0.00959
1990-12-13,0.00958
1990-12-14,0.00958
1990-12-17,0.00957
1990-12-18,0.00953
1990-12-19,0.00947
1990-12-20,0.00956
1990-12-21,0.00965
1990-12-24,0.00967
1990-12-26,0.00961
1990-12-27,0.00957
1990-12-28,0.00947
1990-12-31,0.00941
1991-01-02,0.00938
1991-01-03,0.00952
1991-01-04,0.00944
1991-01-07,0.00945
1991-01-08,0.00944
1991-01-09,0.00950
1991-01-10,0.00957
1991-01-11,0.00953
1991-01-14,0.00950
1991-01-15,0.00947
1991-01-16,0.00942
1991-01-17,0.00958
1991-01-18,0.00950
1991-01-22,0.00955
1991-01-23,0.00946
1991-01-24,0.00951
1991-01-25,0.00953
1991-01-28,0.00956
1991-01-29,0.00958
1991-01-30,0.00963
1991-01-31,0.00957
1991-02-01,0.00953
1991-02-04,0.00955
1991-02-05,0.00963
1991-02-06,0.00962
1991-02-07,0.00967
1991-02-08,0.00973
1991-02-11,0.00967
1991-02-12,0.00970
1991-02-13,0.00968
1991-02-14,0.00968
1991-02-15,0.00972
1991-02-19,0.00974
1991-02-20,0.00971
1991-02-21,0.00970
1991-02-22,0.00975
1991-02-25,0.00978
1991-02-26,0.00982
1991-02-27,0.00995
1991-02-28,0.00998
1991-03-01,0.00990
1991-03-04,0.00989
1991-03-05,0.00986
1991-03-06,0.00988
1991-03-07,0.00994
1991-03-08,0.01001
1991-03-11,0.00992
1991-03-12,0.01000
1991-03-13,0.01004
1991-03-14,0.01007
1991-03-15,0.01011
1991-03-18,0.01022
1991-03-19,0.01034
1991-03-20,0.01027
1991-03-21,0.01025
1991-03-22,0.01027
1991-03-25,0.01032
1991-03-26,0.01037
1991-03-27,0.01046
1991-03-28,0.01031
1991-03-29,0.01028
1991-04-01,0.01026
1991-04-02,0.01030
1991-04-03,0.01031
1991-04-04,0.01031
1991-04-05,0.01037
1991-04-08,0.01043
1991-04-09,0.01046
1991-04-10,0.01044
1991-04-11,0.01039
1991-04-12,0.01047
1991-04-15,0.01059
1991-04-16,0.01052
1991-04-17,0.01046
1991-04-18,0.01055
1991-04-19,0.01062
1991-04-22,0.01062
1991-04-23,0.01058
1991-04-24,0.01065
1991-04-25,0.01062
1991-04-26,0.01071
1991-04-29,0.01078
1991-04-30,0.01062
1991-05-01,0.01050
1991-05-02,0.01056
1991-05-03,0.01065
1991-05-06,0.01062
1991-05-07,0.01058
1991-05-08,0.01059
1991-05-09,0.01057
1991-05-10,0.01052
1991-05-13,0.01036
1991-05-14,0.01037
1991-05-15,0.01037
1991-05-16,0.01048
1991-05-17,0.01062
1991-05-20,0.01055
1991-05-21,0.01054
1991-05-22,0.01058
1991-05-23,0.01057
1991-05-24,0.01051
1991-05-28,0.01049
1991-05-29,0.01059
1991-05-30,0.01063
1991-05-31,0.01071
1991-06-03,0.01071
1991-06-04,0.01071
1991-06-05,0.01075
1991-06-06,0.01080
1991-06-07,0.01083
1991-06-10,0.01065
1991-06-11,0.01073
1991-06-12,0.01080
1991-06-13,0.01088
1991-06-14,0.01091
1991-06-17,0.01097
1991-06-18,0.01109
1991-06-19,0.01098
1991-06-20,0.01111
1991-06-21,0.01113
1991-06-24,0.01104
1991-06-25,0.01118
1991-06-26,0.01116
1991-06-27,0.01122
1991-06-28,0.01130
1991-07-01,0.01131
1991-07-02,0.01139
1991-07-03,0.01135
1991-07-05,0.01139
1991-07-08,0.01127
1991-07-09,0.01135
1991-07-10,0.01135
1991-07-11,0.01147
1991-07-12,0.01133
1991-07-15,0.01132
1991-07-16,0.01139
1991-07-17,0.01136
1991-07-18,0.01122
1991-07-19,0.01110
1991-07-22,0.01108
1991-07-23,0.01114
1991-07-24,0.01100
1991-07-25,0.01102
1991-07-26,0.01099
1991-07-29,0.01109
1991-07-30,0.01108
1991-07-31,0.01110
1991-08-01,0.01115
1991-08-02,0.01103
1991-08-05,0.01097
1991-08-06,0.01102
1991-08-07,0.01100
1991-08-08,0.01105
1991-08-09,0.01107
1991-08-12,0.01106
1991-08-13,0.01109
1991-08-14,0.01112
1991-08-15,0.01116
1991-08-16,0.01122
1991-08-19,0.01121
1991-08-20,0.01127
1991-08-21,0.01113
1991-08-22,0.01103
1991-08-23,0.01117
1991-08-26,0.01115
1991-08-27,0.01111
1991-08-28,0.01111
1991-08-29,0.01114
1991-08-30,0.01117
1991-09-03,0.01122
1991-09-04,0.01126
1991-09-05,0.01124
1991-09-06,0.01118
1991-09-09,0.01104
1991-09-10,0.01098
1991-09-11,0.01101
1991-09-12,0.01102
1991-09-13,0.01102
1991-09-16,0.01095
1991-09-17,0.01090
1991-09-18,0.01094
1991-09-19,0.01099
1991-09-20,0.01096
1991-09-23,0.01097
1991-09-24,0.01095
1991-09-25,0.01099
1991-09-26,0.01097
1991-09-27,0.01094
1991-09-30,0.01091
1991-10-01,0.01090
1991-10-02,0.01096
1991-10-03,0.01115
1991-10-04,0.01129
1991-10-07,0.01139
1991-10-08,0.01142
1991-10-09,0.01137
1991-10-10,0.01137
1991-10-11,0.01142
1991-10-15,0.01148
1991-10-16,0.01144
1991-10-17,0.01146
1991-10-18,0.01138
1991-10-21,0.01133
1991-10-22,0.01128
1991-10-23,0.01132
1991-10-24,0.01135
1991-10-25,0.01134
1991-10-28,0.01134
1991-10-29,0.01131
1991-10-30,0.01117
1991-10-31,0.01122
1991-11-01,0.01121
1991-11-04,0.01113
1991-11-05,0.01116
1991-11-06,0.01117
1991-11-07,0.01109
1991-11-08,0.01113
1991-11-12,0.01120
1991-11-13,0.01117
1991-11-14,0.01115
1991-11-15,0.01117
1991-11-18,0.01103
1991-11-19,0.01092
1991-11-20,0.01096
1991-11-21,0.01095
1991-11-22,0.01089
1991-11-25,0.01102
1991-11-26,0.01094
1991-11-27,0.01096
1991-11-29,0.01104
1991-12-02,0.01095
1991-12-03,0.01103
1991-12-04,0.01103
1991-12-05,0.01093
1991-12-06,0.01084
1991-12-09,0.01083
1991-12-10,0.01084
1991-12-11,0.01078
1991-12-12,0.01081
1991-12-13,0.01086
1991-12-16,0.01086
1991-12-17,0.01085
1991-12-18,0.01086
1991-12-19,0.01078
1991-12-20,0.01068
1991-12-23,0.01064
1991-12-24,0.01062
1991-12-26,0.01060
1991-12-27,0.01076
1991-12-30,0.01078
1991-12-31,0.01090
1992-01-02,0.01096
1992-01-03,0.01103
1992-01-06,0.01087
1992-01-07,0.01085
1992-01-08,0.01082
1992-01-09,0.01103
1992-01-10,0.01111
1992-01-13,0.01102
1992-01-14,0.01113
1992-01-15,0.01124
1992-01-16,0.01120
1992-01-17,0.01116
1992-01-21,0.01139
1992-01-22,0.01141
1992-01-23,0.01144
1992-01-24,0.01142
1992-01-27,0.01146
1992-01-28,0.01131
1992-01-29,0.01131
1992-01-30,0.01144
1992-01-31,0.01138
1992-02-03,0.01131
1992-02-04,0.01127
1992-02-05,0.01127
1992-02-06,0.01120
1992-02-07,0.01110
1992-02-10,0.01108
1992-02-11,0.01122
1992-02-12,0.01127
1992-02-13,0.01143
1992-02-14,0.01148
1992-02-18,0.01164
1992-02-19,0.01160
1992-02-20,0.01158
1992-02-21,0.01161
1992-02-24,0.01155
1992-02-25,0.01148
1992-02-26,0.01156
1992-02-27,0.01151
1992-02-28,0.01149
1992-03-02,0.01148
1992-03-03,0.01152
1992-03-04,0.01154
1992-03-05,0.01156
1992-03-06,0.01151
1992-03-09,0.01143
1992-03-10,0.01143
1992-03-11,0.01130
1992-03-12,0.01127
1992-03-13,0.01128
1992-03-16,0.01127
1992-03-17,0.01121
1992-03-18,0.01130
1992-03-19,0.01137
1992-03-20,0.01137
1992-03-23,0.01135
1992-03-24,0.01133
1992-03-25,0.01125
1992-03-26,0.01132
1992-03-27,0.01124
1992-03-30,0.01130
1992-03-31,0.01130
1992-04-01,0.01122
1992-04-02,0.01123
1992-04-03,0.01117
1992-04-06,0.01122
1992-04-07,0.01119
1992-04-08,0.01125
1992-04-09,0.01125
1992-04-10,0.01135
1992-04-13,0.01144
1992-04-14,0.01140
1992-04-15,0.01150
1992-04-16,0.01152
1992-04-17,0.01153
1992-04-20,0.01151
1992-04-21,0.01153
1992-04-22,0.01149
1992-04-23,0.01146
1992-04-24,0.01140
1992-04-27,0.01149
1992-04-28,0.01138
1992-04-29,0.01140
1992-04-30,0.01138
1992-05-01,0.01131
1992-05-04,0.01134
1992-05-05,0.01133
1992-05-06,0.01134
1992-05-07,0.01139
1992-05-08,0.01146
1992-05-11,0.01147
1992-05-12,0.01153
1992-05-13,0.01146
1992-05-14,0.01134
1992-05-15,0.01143
1992-05-18,0.01137
1992-05-19,0.01131
1992-05-20,0.01135
1992-05-21,0.01138
1992-05-22,0.01151
1992-05-26,0.01144
1992-05-27,0.01144
1992-05-28,0.01139
1992-05-29,0.01140
1992-06-01,0.01147
1992-06-02,0.01146
1992-06-03,0.01150
1992-06-04,0.01146
1992-06-05,0.01144
1992-06-08,0.01142
1992-06-09,0.01142
1992-06-10,0.01137
1992-06-11,0.01129
1992-06-12,0.01127
1992-06-15,0.01116
1992-06-16,0.01110
1992-06-17,0.01118
1992-06-18,0.01115
1992-06-19,0.01116
1992-06-22,0.01113
1992-06-23,0.01114
1992-06-24,0.01109
1992-06-25,0.01110
1992-06-26,0.01101
1992-06-29,0.01092
1992-06-30,0.01092
1992-07-01,0.01094
1992-07-02,0.01090
1992-07-03,0.01088
1992-07-06,0.01087
1992-07-07,0.01084
1992-07-08,0.01080
1992-07-09,0.01091
1992-07-10,0.01081
1992-07-13,0.01069
1992-07-14,0.01070
1992-07-15,0.01069
1992-07-16,0.01059
1992-07-17,0.01049
1992-07-20,0.01048
1992-07-21,0.01055
1992-07-22,0.01042
1992-07-23,0.01039
1992-07-24,0.01042
1992-07-27,0.01028
1992-07-28,0.01022
1992-07-29,0.01032
1992-07-30,0.01035
1992-07-31,0.01036
1992-08-03,0.01037
1992-08-04,0.01037
1992-08-05,0.01039
1992-08-06,0.01042
1992-08-07,0.01030
1992-08-10,0.01029
1992-08-11,0.01035
1992-08-12,0.01035
1992-08-13,0.01032
1992-08-14,0.01049
1992-08-17,0.01046
1992-08-18,0.01039
1992-08-19,0.01031
1992-08-20,0.01022
1992-08-21,0.01015
1992-08-24,0.00997
1992-08-25,0.00999
1992-08-26,0.01008
1992-08-27,0.01013
1992-08-28,0.01021
1992-08-31,0.01014
1992-09-01,0.01009
1992-09-02,0.01008
1992-09-03,0.01019
1992-09-04,0.01016
1992-09-08,0.01005
1992-09-09,0.01016
1992-09-10,0.01016
1992-09-11,0.01038
1992-09-14,0.01059
1992-09-15,0.01057
1992-09-16,0.01057
1992-09-17,0.01041
1992-09-18,0.01047
1992-09-21,0.01051
1992-09-22,0.01074
1992-09-23,0.01091
1992-09-24,0.01082
1992-09-25,0.01076
1992-09-28,0.01063
1992-09-29,0.01041
1992-09-30,0.01031
1992-10-01,0.01038
1992-10-02,0.01035
1992-10-05,0.01025
1992-10-06,0.01042
1992-10-07,0.01054
1992-10-08,0.01076
1992-10-09,0.01077
1992-10-13,0.01081
1992-10-14,0.01078
1992-10-15,0.01075
1992-10-16,0.01100
1992-10-19,0.01104
1992-10-20,0.01116
1992-10-21,0.01107
1992-10-22,0.01119
1992-10-23,0.01119
1992-10-26,0.01121
1992-10-27,0.01115
1992-10-28,0.01118
1992-10-29,0.01115
1992-10-30,0.01117
1992-11-02,0.01128
1992-11-03,0.01139
1992-11-04,0.01138
1992-11-05,0.01155
1992-11-06,0.01162
1992-11-09,0.01151
1992-11-10,0.01156
1992-11-12,0.01156
1992-11-13,0.01141
1992-11-16,0.01153
1992-11-17,0.01168
1992-11-18,0.01171
1992-11-19,0.01161
1992-11-20,0.01153
1992-11-23,0.01160
1992-11-24,0.01158
1992-11-25,0.01155
1992-11-27,0.01159
1992-11-30,0.01155
1992-12-01,0.01137
1992-12-02,0.01118
1992-12-03,0.01132
1992-12-04,0.01148
1992-12-07,0.01125
1992-12-08,0.01124
1992-12-09,0.01134
1992-12-10,0.01142
1992-12-11,0.01134
1992-12-14,0.01137
1992-12-15,0.01136
1992-12-16,0.01137
1992-12-17,0.01139
1992-12-18,0.01145
1992-12-21,0.01150
1992-12-22,0.01162
1992-12-23,0.01164
1992-12-24,0.01169
1992-12-28,0.01166
1992-12-29,0.01173
1992-12-30,0.01171
1992-12-31,0.01174
1993-01-04,0.01179
1993-01-05,0.01175
1993-01-06,0.01189
1993-01-07,0.01192
1993-01-08,0.01193
1993-01-11,0.01190
1993-01-12,0.01195
1993-01-13,0.01184
1993-01-14,0.01178
1993-01-15,0.01187
1993-01-19,0.01174
1993-01-20,0.01177
1993-01-21,0.01185
1993-01-22,0.01169
1993-01-25,0.01171
1993-01-26,0.01175
1993-01-27,0.01177
1993-01-28,0.01176
1993-01-29,0.01191
1993-02-01,0.01215
1993-02-02,0.01221
1993-02-03,0.01227
1993-02-04,0.01229
1993-02-05,0.01228
1993-02-08,0.01235
1993-02-09,0.01259
1993-02-10,0.01268
1993-02-11,0.01274
1993-02-12,0.01274
1993-02-16,0.01258
1993-02-17,0.01260
1993-02-18,0.01262
1993-02-19,0.01265
1993-02-22,0.01280
1993-02-23,0.01272
1993-02-24,0.01281
1993-02-25,0.01290
1993-02-26,0.01292
1993-03-01,0.01285
1993-03-02,0.01292
1993-03-03,0.01302
1993-03-04,0.01300
1993-03-05,0.01315
1993-03-08,0.01319
1993-03-09,0.01315
1993-03-10,0.01301
1993-03-11,0.01297
1993-03-12,0.01292
1993-03-15,0.01285
1993-03-16,0.01303
1993-03-17,0.01308
1993-03-18,0.01302
1993-03-19,0.01302
1993-03-22,0.01309
1993-03-23,0.01305
1993-03-24,0.01290
1993-03-25,0.01297
1993-03-26,0.01296
1993-03-29,0.01292
1993-03-30,0.01283
1993-03-31,0.01298
1993-04-01,0.01299
1993-04-02,0.01306
1993-04-05,0.01300
1993-04-06,0.01307
1993-04-07,0.01309
1993-04-08,0.01304
1993-04-09,0.01304
1993-04-12,0.01298
1993-04-13,0.01275
1993-04-14,0.01280
1993-04-15,0.01292
1993-04-16,0.01311
1993-04-19,0.01324
1993-04-20,0.01321
1993-04-21,0.01316
1993-04-22,0.01325
1993-04-23,0.01293
1993-04-26,0.01284
1993-04-27,0.01282
1993-04-28,0.01275
1993-04-29,0.01279
1993-04-30,0.01290
1993-05-03,0.01292
1993-05-04,0.01285
1993-05-05,0.01286
1993-05-06,0.01288
1993-05-07,0.01295
1993-05-10,0.01302
1993-05-11,0.01313
1993-05-12,0.01310
1993-05-13,0.01306
1993-05-14,0.01309
1993-05-17,0.01319
1993-05-18,0.01325
1993-05-19,0.01334
1993-05-20,0.01325
1993-05-21,0.01334
1993-05-24,0.01334
1993-05-25,0.01332
1993-05-26,0.01346
1993-05-27,0.01334
1993-05-28,0.01324
1993-06-01,0.01329
1993-06-02,0.01323
1993-06-03,0.01330
1993-06-04,0.01354
1993-06-07,0.01356
1993-06-08,0.01371
1993-06-09,0.01384
1993-06-10,0.01383
1993-06-11,0.01367
1993-06-14,0.01379
1993-06-15,0.01386
1993-06-16,0.01394
1993-06-17,0.01385
1993-06-18,0.01370
1993-06-21,0.01352
1993-06-22,0.01359
1993-06-23,0.01381
1993-06-24,0.01389
1993-06-25,0.01425
1993-06-28,0.01419
1993-06-29,0.01401
1993-06-30,0.01414
1993-07-01,0.01397
1993-07-02,0.01388
1993-07-06,0.01395
1993-07-07,0.01409
1993-07-08,0.01393
1993-07-09,0.01396
1993-07-12,0.01394
1993-07-13,0.01402
1993-07-14,0.01406
1993-07-15,0.01401
1993-07-16,0.01405
1993-07-19,0.01381
1993-07-20,0.01389
1993-07-21,0.01383
1993-07-22,0.01405
1993-07-23,0.01422
1993-07-26,0.01423
1993-07-27,0.01430
1993-07-28,0.01437
1993-07-29,0.01434
1993-07-30,0.01450
1993-08-02,0.01440
1993-08-03,0.01438
1993-08-04,0.01438
1993-08-05,0.01449
1993-08-06,0.01437
1993-08-09,0.01433
1993-08-10,0.01450
1993-08-11,0.01474
1993-08-12,0.01480
1993-08-13,0.01494
1993-08-16,0.01481
1993-08-17,0.01484
1993-08-18,0.01466
1993-08-19,0.01429
1993-08-20,0.01409
1993-08-23,0.01441
1993-08-24,0.01426
1993-08-25,0.01415
1993-08-26,0.01407
1993-08-27,0.01414
1993-08-30,0.01418
1993-08-31,0.01414
1993-09-01,0.01380
1993-09-02,0.01370
1993-09-03,0.01360
1993-09-07,0.01362
1993-09-08,0.01347
1993-09-09,0.01331
1993-09-10,0.01313
1993-09-13,0.01325
1993-09-14,0.01320
1993-09-15,0.01308
1993-09-16,0.01342
1993-09-17,0.01341
1993-09-20,0.01346
1993-09-21,0.01343
1993-09-22,0.01332
1993-09-23,0.01352
1993-09-24,0.01356
1993-09-27,0.01347
1993-09-28,0.01343
1993-09-29,0.01343
1993-09-30,0.01349
1993-10-01,0.01343
1993-10-04,0.01341
1993-10-05,0.01346
1993-10-06,0.01347
1993-10-07,0.01356
1993-10-08,0.01331
1993-10-12,0.01321
1993-10-13,0.01326
1993-10-14,0.01324
1993-10-15,0.01333
1993-10-18,0.01335
1993-10-19,0.01350
1993-10-20,0.01356
1993-10-21,0.01355
1993-10-22,0.01364
1993-10-25,0.01358
1993-10-26,0.01371
1993-10-27,0.01366
1993-10-28,0.01375
1993-10-29,0.01369
1993-11-01,0.01387
1993-11-02,0.01396
1993-11-03,0.01400
1993-11-04,0.01389
1993-11-05,0.01379
1993-11-08,0.01374
1993-11-09,0.01382
1993-11-10,0.01393
1993-11-12,0.01409
1993-11-15,0.01395
1993-11-16,0.01406
1993-11-17,0.01400
1993-11-18,0.01403
1993-11-19,0.01392
1993-11-22,0.01379
1993-11-23,0.01373
1993-11-24,0.01380
1993-11-26,0.01377
1993-11-29,0.01365
1993-11-30,0.01375
1993-12-01,0.01377
1993-12-02,0.01377
1993-12-03,0.01374
1993-12-06,0.01355
1993-12-07,0.01363
1993-12-08,0.01350
1993-12-09,0.01349
1993-12-10,0.01334
1993-12-13,0.01344
1993-12-14,0.01340
1993-12-15,0.01337
1993-12-16,0.01331
1993-12-17,0.01322
1993-12-20,0.01323
1993-12-21,0.01307
1993-12-22,0.01300
1993-12-23,0.01297
1993-12-24,0.01297
1993-12-27,0.01296
1993-12-28,0.01292
1993-12-29,0.01306
1993-12-30,0.01325
1993-12-31,0.01332
1994-01-03,0.01325
1994-01-04,0.01319
1994-01-05,0.01309
1994-01-06,0.01313
1994-01-07,0.01313
1994-01-10,0.01311
1994-01-11,0.01315
1994-01-12,0.01304
1994-01-13,0.01320
1994-01-14,0.01331
1994-01-18,0.01322
1994-01-19,0.01318
1994-01-20,0.01303
1994-01-21,0.01316
1994-01-24,0.01310
1994-01-25,0.01323
1994-01-26,0.01333
1994-01-27,0.01343
1994-01-28,0.01336
1994-01-31,0.01345
1994-02-01,0.01342
1994-02-02,0.01345
1994-02-03,0.01341
1994-02-04,0.01337
1994-02-07,0.01355
1994-02-08,0.01362
1994-02-09,0.01368
1994-02-10,0.01363
1994-02-11,0.01371
1994-02-14,0.01413
1994-02-15,0.01398
1994-02-16,0.01401
1994-02-17,0.01398
1994-02-18,0.01393
1994-02-22,0.01377
1994-02-23,0.01374
1994-02-24,0.01369
1994-02-25,0.01365
1994-02-28,0.01367
1994-03-01,0.01374
1994-03-02,0.01377
1994-03-03,0.01381
1994-03-04,0.01364
1994-03-07,0.01361
1994-03-08,0.01367
1994-03-09,0.01356
1994-03-10,0.01344
1994-03-11,0.01348
1994-03-14,0.01356
1994-03-15,0.01357
1994-03-16,0.01354
1994-03-17,0.01355
1994-03-18,0.01353
1994-03-21,0.01352
1994-03-22,0.01349
1994-03-23,0.01343
1994-03-24,0.01345
1994-03-25,0.01351
1994-03-28,0.01366
1994-03-29,0.01378
1994-03-30,0.01374
1994-03-31,0.01377
1994-04-01,0.01375
1994-04-04,0.01382
1994-04-05,0.01389
1994-04-06,0.01387
1994-04-07,0.01384
1994-04-08,0.01375
1994-04-11,0.01394
1994-04-12,0.01399
1994-04-13,0.01392
1994-04-14,0.01388
1994-04-15,0.01402
1994-04-18,0.01410
1994-04-19,0.01397
1994-04-20,0.01394
1994-04-21,0.01384
1994-04-22,0.01388
1994-04-25,0.01388
1994-04-26,0.01392
1994-04-27,0.01391
1994-04-28,0.01395
1994-04-29,0.01383
1994-05-02,0.01375
1994-05-03,0.01383
1994-05-04,0.01383
1994-05-05,0.01379
1994-05-06,0.01377
1994-05-09,0.01375
1994-05-10,0.01375
1994-05-11,0.01368
1994-05-12,0.01369
1994-05-13,0.01359
1994-05-16,0.01361
1994-05-17,0.01356
1994-05-18,0.01359
1994-05-19,0.01352
1994-05-20,0.01352
1994-05-23,0.01349
1994-05-24,0.01348
1994-05-25,0.01341
1994-05-26,0.01344
1994-05-27,0.01345
1994-05-31,0.01340
1994-06-01,0.01338
1994-06-02,0.01338
1994-06-03,0.01345
1994-06-06,0.01344
1994-06-07,0.01347
1994-06-08,0.01358
1994-06-09,0.01355
1994-06-10,0.01356
1994-06-13,0.01348
1994-06-14,0.01350
1994-06-15,0.01336
1994-06-16,0.01328
1994-06-17,0.01323
1994-06-20,0.01325
1994-06-21,0.01321
1994-06-22,0.01336
1994-06-23,0.01333
1994-06-24,0.01325
1994-06-27,0.01320
1994-06-28,0.01328
1994-06-29,0.01347
1994-06-30,0.01353
1994-07-01,0.01356
1994-07-05,0.01344
1994-07-06,0.01345
1994-07-07,0.01340
1994-07-08,0.01348
1994-07-11,0.01331
1994-07-12,0.01327
1994-07-13,0.01323
1994-07-14,0.01329
1994-07-15,0.01338
1994-07-18,0.01325
1994-07-19,0.01333
1994-07-20,0.01339
1994-07-21,0.01351
1994-07-22,0.01370
1994-07-25,0.01364
1994-07-26,0.01376
1994-07-27,0.01360
1994-07-28,0.01352
1994-07-29,0.01344
1994-08-01,0.01340
1994-08-02,0.01329
1994-08-03,0.01329
1994-08-04,0.01333
1994-08-05,0.01330
1994-08-08,0.01314
1994-08-09,0.01318
1994-08-10,0.01311
1994-08-11,0.01317
1994-08-12,0.01306
1994-08-15,0.01301
1994-08-16,0.01297
1994-08-17,0.01304
1994-08-18,0.01314
1994-08-19,0.01311
1994-08-22,0.01315
1994-08-23,0.01319
1994-08-24,0.01320
1994-08-25,0.01310
1994-08-26,0.01318
1994-08-29,0.01336
1994-08-30,0.01337
1994-08-31,0.01330
1994-09-01,0.01329
1994-09-02,0.01319
1994-09-06,0.01311
1994-09-07,0.01305
1994-09-08,0.01312
1994-09-09,0.01293
1994-09-12,0.01295
1994-09-13,0.01305
1994-09-14,0.01290
1994-09-15,0.01292
1994-09-16,0.01290
1994-09-19,0.01307
1994-09-20,0.01316
1994-09-21,0.01310
1994-09-22,0.01310
1994-09-23,0.01314
1994-09-26,0.01305
1994-09-27,0.01305
1994-09-28,0.01300
1994-09-29,0.01302
1994-09-30,0.01299
1994-10-03,0.01299
1994-10-04,0.01294
1994-10-05,0.01285
1994-10-06,0.01285
1994-10-07,0.01277
1994-10-11,0.01284
1994-10-12,0.01288
1994-10-13,0.01287
1994-10-14,0.01283
1994-10-17,0.01279
1994-10-18,0.01277
1994-10-19,0.01281
1994-10-20,0.01283
1994-10-21,0.01282
1994-10-24,0.01283
1994-10-25,0.01284
1994-10-26,0.01289
1994-10-27,0.01291
1994-10-28,0.01295
1994-10-31,0.01295
1994-11-01,0.01290
1994-11-02,0.01293
1994-11-03,0.01297
1994-11-04,0.01303
1994-11-07,0.01303
1994-11-08,0.01299
1994-11-09,0.01309
1994-11-10,0.01314
1994-11-14,0.01319
1994-11-15,0.01322
1994-11-16,0.01327
1994-11-17,0.01323
1994-11-18,0.01339
1994-11-21,0.01343
1994-11-22,0.01344
1994-11-23,0.01337
1994-11-25,0.01339
1994-11-28,0.01346
1994-11-29,0.01340
1994-11-30,0.01340
1994-12-01,0.01339
1994-12-02,0.01326
1994-12-05,0.01323
1994-12-06,0.01325
1994-12-07,0.01327
1994-12-08,0.01332
1994-12-09,0.01336
1994-12-12,0.01333
1994-12-13,0.01326
1994-12-14,0.01326
1994-12-15,0.01323
1994-12-16,0.01327
1994-12-19,0.01329
1994-12-20,0.01326
1994-12-21,0.01323
1994-12-22,0.01327
1994-12-23,0.01331
1994-12-27,0.01324
1994-12-28,0.01324
1994-12-29,0.01314
1994-12-30,0.01315
1995-01-03,0.01306
1995-01-04,0.01295
1995-01-05,0.01291
1995-01-06,0.01292
1995-01-09,0.01290
1995-01-10,0.01284
1995-01-11,0.01288
1995-01-12,0.01296
1995-01-13,0.01307
1995-01-17,0.01300
1995-01-18,0.01294
1995-01-19,0.01289
1995-01-20,0.01279
1995-01-23,0.01273
1995-01-24,0.01276
1995-01-25,0.01281
1995-01-26,0.01282
1995-01-27,0.01283
1995-01-30,0.01289
1995-01-31,0.01292
1995-02-01,0.01297
1995-02-02,0.01291
1995-02-03,0.01294
1995-02-06,0.01304
1995-02-07,0.01309
1995-02-08,0.01310
1995-02-09,0.01308
1995-02-10,0.01300
1995-02-13,0.01301
1995-02-14,0.01296
1995-02-15,0.01298
1995-02-16,0.01291
1995-02-17,0.01292
1995-02-21,0.01283
1995-02-22,0.01287
1995-02-23,0.01291
1995-02-24,0.01286
1995-02-27,0.01277
1995-02-28,0.01277
1995-03-01,0.01282
1995-03-02,0.01291
1995-03-03,0.01288
1995-03-06,0.01263
1995-03-07,0.01260
1995-03-08,0.01275
1995-03-09,0.01282
1995-03-10,0.01292
1995-03-13,0.01297
1995-03-14,0.01294
1995-03-15,0.01285
1995-03-16,0.01289
1995-03-17,0.01290
1995-03-20,0.01302
1995-03-21,0.01317
1995-03-22,0.01313
1995-03-23,0.01321
1995-03-24,0.01320
1995-03-27,0.01302
1995-03-28,0.01288
1995-03-29,0.01292
1995-03-30,0.01308
1995-03-31,0.01305
1995-04-03,0.01303
1995-04-04,0.01317
1995-04-05,0.01313
1995-04-06,0.01320
1995-04-07,0.01346
1995-04-10,0.01397
1995-04-11,0.01375
1995-04-12,0.01376
1995-04-13,0.01375
1995-04-14,0.01382
1995-04-17,0.01375
1995-04-18,0.01383
1995-04-19,0.01377
1995-04-20,0.01378
1995-04-21,0.01370
1995-04-24,0.01366
1995-04-25,0.01381
1995-04-26,0.01357
1995-04-27,0.01358
1995-04-28,0.01363
1995-05-01,0.01372
1995-05-02,0.01356
1995-05-03,0.01358
1995-05-04,0.01350
1995-05-05,0.01347
1995-05-08,0.01355
1995-05-09,0.01365
1995-05-10,0.01376
1995-05-11,0.01387
1995-05-12,0.01385
1995-05-15,0.01391
1995-05-16,0.01390
1995-05-17,0.01384
1995-05-18,0.01393
1995-05-19,0.01384
1995-05-22,0.01371
1995-05-23,0.01378
1995-05-24,0.01377
1995-05-25,0.01370
1995-05-26,0.01374
1995-05-30,0.01378
1995-05-31,0.01379
1995-06-01,0.01378
1995-06-02,0.01377
1995-06-05,0.01365
1995-06-06,0.01375
1995-06-07,0.01375
1995-06-08,0.01376
1995-06-09,0.01373
1995-06-12,0.01376
1995-06-13,0.01376
1995-06-14,0.01370
1995-06-15,0.01380
1995-06-16,0.01373
1995-06-19,0.01371
1995-06-20,0.01367
1995-06-21,0.01365
1995-06-22,0.01368
1995-06-23,0.01358
1995-06-26,0.01365
1995-06-27,0.01362
1995-06-28,0.01356
1995-06-29,0.01358
1995-06-30,0.01358
1995-07-03,0.01351
1995-07-05,0.01350
1995-07-06,0.01349
1995-07-07,0.01335
1995-07-10,0.01333
1995-07-11,0.01333
1995-07-12,0.01332
1995-07-13,0.01328
1995-07-14,0.01324
1995-07-17,0.01316
1995-07-18,0.01311
1995-07-19,0.01319
1995-07-20,0.01311
1995-07-21,0.01306
1995-07-24,0.01314
1995-07-25,0.01320
1995-07-26,0.01310
1995-07-27,0.01304
1995-07-28,0.01300
1995-07-31,0.01302
1995-08-01,0.01296
1995-08-02,0.01276
1995-08-03,0.01271
1995-08-04,0.01260
1995-08-07,0.01277
1995-08-08,0.01274
1995-08-09,0.01271
1995-08-10,0.01269
1995-08-11,0.01270
1995-08-14,0.01276
1995-08-15,0.01266
1995-08-16,0.01255
1995-08-17,0.01253
1995-08-18,0.01259
1995-08-21,0.01265
1995-08-22,0.01273
1995-08-23,0.01270
1995-08-24,0.01265
1995-08-25,0.01261
1995-08-28,0.01246
1995-08-29,0.01240
1995-08-30,0.01224
1995-08-31,0.01234
1995-09-01,0.01232
1995-09-05,0.01229
1995-09-06,0.01229
1995-09-07,0.01231
1995-09-08,0.01220
1995-09-11,0.01209
1995-09-12,0.01191
1995-09-13,0.01191
1995-09-14,0.01180
1995-09-15,0.01168
1995-09-18,0.01169
1995-09-19,0.01154
1995-09-20,0.01141
1995-09-21,0.01144
1995-09-22,0.01153
1995-09-25,0.01151
1995-09-26,0.01152
1995-09-27,0.01150
1995-09-28,0.01150
1995-09-29,0.01166
1995-10-02,0.01142
1995-10-03,0.01142
1995-10-04,0.01143
1995-10-05,0.01144
1995-10-06,0.01138
1995-10-10,0.01141
1995-10-11,0.01145
1995-10-12,0.01150
1995-10-13,0.01149
1995-10-16,0.01144
1995-10-17,0.01145
1995-10-18,0.01147
1995-10-19,0.01144
1995-10-20,0.01139
1995-10-23,0.01129
1995-10-24,0.01129
1995-10-25,0.01121
1995-10-26,0.01119
1995-10-27,0.01113
1995-10-30,0.01116
1995-10-31,0.01111
1995-11-01,0.01106
1995-11-02,0.01102
1995-11-03,0.01095
1995-11-06,0.01104
1995-11-07,0.01104
1995-11-08,0.01116
1995-11-09,0.01130
1995-11-10,0.01125
1995-11-13,0.01124
1995-11-14,0.01121
1995-11-15,0.01125
1995-11-16,0.01118
1995-11-17,0.01113
1995-11-20,0.01124
1995-11-21,0.01121
1995-11-22,0.01129
1995-11-24,0.01127
1995-11-27,0.01139
1995-11-28,0.01142
1995-11-29,0.01146
1995-11-30,0.01155
1995-12-01,0.01160
1995-12-04,0.01156
1995-12-05,0.01152
1995-12-06,0.01153
1995-12-07,0.01152
1995-12-08,0.01158
1995-12-11,0.01157
1995-12-12,0.01154
1995-12-13,0.01158
1995-12-14,0.01147
1995-12-15,0.01141
1995-12-18,0.01129
1995-12-19,0.01133
1995-12-20,0.01134
1995-12-21,0.01137
1995-12-22,0.01130
1995-12-26,0.01129
1995-12-27,0.01122
1995-12-28,0.01124
1995-12-29,0.01117
1996-01-02,0.01114
1996-01-03,0.01112
1996-01-04,0.01103
1996-01-05,0.01104
1996-01-08,0.01099
1996-01-09,0.01111
1996-01-10,0.01105
1996-01-11,0.01108
1996-01-12,0.01105
1996-01-16,0.01110
1996-01-17,0.01124
1996-01-18,0.01125
1996-01-19,0.01133
1996-01-22,0.01124
1996-01-23,0.01127
1996-01-24,0.01116
1996-01-25,0.01118
1996-01-26,0.01133
1996-01-29,0.01131
1996-01-30,0.01131
1996-01-31,0.01134
1996-02-01,0.01139
1996-02-02,0.01142
1996-02-05,0.01140
1996-02-06,0.01139
1996-02-07,0.01138
1996-02-08,0.01128
1996-02-09,0.01128
1996-02-12,0.01126
1996-02-13,0.01129
1996-02-14,0.01122
1996-02-15,0.01130
1996-02-16,0.01128
1996-02-20,0.01116
1996-02-21,0.01128
1996-02-22,0.01126
1996-02-23,0.01120
1996-02-26,0.01130
1996-02-27,0.01133
1996-02-28,0.01144
1996-02-29,0.01141
1996-03-01,0.01140
1996-03-04,0.01144
1996-03-05,0.01142
1996-03-06,0.01140
1996-03-07,0.01142
1996-03-08,0.01139
1996-03-11,0.01141
1996-03-12,0.01134
1996-03-13,0.01132
1996-03-14,0.01128
1996-03-15,0.01123
1996-03-18,0.01124
1996-03-19,0.01121
1996-03-20,0.01119
1996-03-21,0.01120
1996-03-22,0.01118
1996-03-25,0.01123
1996-03-26,0.01121
1996-03-27,0.01125
1996-03-28,0.01120
1996-03-29,0.01112
1996-04-01,0.01111
1996-04-02,0.01110
1996-04-03,0.01117
1996-04-04,0.01115
1996-04-05,0.01112
1996-04-08,0.01110
1996-04-09,0.01115
1996-04-10,0.01122
1996-04-11,0.01116
1996-04-12,0.01128
1996-04-15,0.01136
1996-04-16,0.01137
1996-04-17,0.01132
1996-04-18,0.01141
1996-04-19,0.01141
1996-04-22,0.01150
1996-04-23,0.01153
1996-04-24,0.01154
1996-04-25,0.01161
1996-04-26,0.01171
1996-04-29,0.01180
1996-04-30,0.01187
1996-05-01,0.01189
1996-05-02,0.01191
1996-05-03,0.01185
1996-05-06,0.01187
1996-05-07,0.01181
1996-05-08,0.01173
1996-05-09,0.01179
1996-05-10,0.01183
1996-05-13,0.01190
1996-05-14,0.01183
1996-05-15,0.01173
1996-05-16,0.01179
1996-05-17,0.01178
1996-05-20,0.01178
1996-05-21,0.01184
1996-05-22,0.01183
1996-05-23,0.01183
1996-05-24,0.01174
1996-05-28,0.01172
1996-05-29,0.01169
1996-05-30,0.01169
1996-05-31,0.01158
1996-06-03,0.01155
1996-06-04,0.01152
1996-06-05,0.01155
1996-06-06,0.01154
1996-06-07,0.01160
1996-06-10,0.01161
1996-06-11,0.01158
1996-06-12,0.01155
1996-06-13,0.01157
1996-06-14,0.01151
1996-06-17,0.01147
1996-06-18,0.01156
1996-06-19,0.01160
1996-06-20,0.01160
1996-06-21,0.01158
1996-06-24,0.01158
1996-06-25,0.01157
1996-06-26,0.01150
1996-06-27,0.01143
1996-06-28,0.01142
1996-07-01,0.01140
1996-07-02,0.01137
1996-07-03,0.01136
1996-07-05,0.01141
1996-07-08,0.01139
1996-07-09,0.01144
1996-07-10,0.01148
1996-07-11,0.01141
1996-07-12,0.01137
1996-07-15,0.01137
1996-07-16,0.01118
1996-07-17,0.01115
1996-07-18,0.01125
1996-07-19,0.01124
1996-07-22,0.01123
1996-07-23,0.01122
1996-07-24,0.01121
1996-07-25,0.01115
1996-07-26,0.01118
1996-07-29,0.01106
1996-07-30,0.01114
1996-07-31,0.01122
1996-08-01,0.01125
1996-08-02,0.01125
1996-08-05,0.01128
1996-08-06,0.01127
1996-08-07,0.01120
1996-08-08,0.01119
1996-08-09,0.01115
1996-08-12,0.01115
1996-08-13,0.01115
1996-08-14,0.01119
1996-08-15,0.01116
1996-08-16,0.01122
1996-08-19,0.01119
1996-08-20,0.01115
1996-08-21,0.01108
1996-08-22,0.01115
1996-08-23,0.01107
1996-08-26,0.01108
1996-08-27,0.01108
1996-08-28,0.01100
1996-08-29,0.01105
1996-08-30,0.01105
1996-09-03,0.01105
1996-09-04,0.01108
1996-09-05,0.01107
1996-09-06,0.01112
1996-09-09,0.01116
1996-09-10,0.01123
1996-09-11,0.01118
1996-09-12,0.01124
1996-09-13,0.01124
1996-09-16,0.01125
1996-09-17,0.01128
1996-09-18,0.01138
1996-09-19,0.01137
1996-09-20,0.01128
1996-09-23,0.01123
1996-09-24,0.01127
1996-09-25,0.01120
1996-09-26,0.01135
1996-09-27,0.01134
1996-09-30,0.01124
1996-10-01,0.01126
1996-10-02,0.01123
1996-10-03,0.01125
1996-10-04,0.01126
1996-10-07,0.01129
1996-10-08,0.01124
1996-10-09,0.01125
1996-10-10,0.01125
1996-10-11,0.01124
1996-10-15,0.01129
1996-10-16,0.01129
1996-10-17,0.01131
1996-10-18,0.01130
1996-10-21,0.01121
1996-10-22,0.01121
1996-10-23,0.01111
1996-10-24,0.01113
1996-10-25,0.01112
1996-10-28,0.01103
1996-10-29,0.01099
1996-10-30,0.01099
1996-10-31,0.01109
1996-11-01,0.01121
1996-11-04,0.01116
1996-11-05,0.01119
1996-11-06,0.01122
1996-11-07,0.01136
1996-11-08,0.01134
1996-11-12,0.01133
1996-11-13,0.01138
1996-11-14,0.01145
1996-11-15,0.01149
1996-11-18,0.01139
1996-11-19,0.01139
1996-11-20,0.01137
1996-11-21,0.01137
1996-11-22,0.01139
1996-11-25,0.01142
1996-11-26,0.01145
1996-11-27,0.01140
1996-11-29,0.01144
1996-12-02,0.01155
1996-12-03,0.01170
1996-12-04,0.01169
1996-12-05,0.01169
1996-12-06,0.01166
1996-12-09,0.01171
1996-12-10,0.01172
1996-12-11,0.01161
1996-12-12,0.01157
1996-12-13,0.01157
1996-12-16,0.01162
1996-12-17,0.01163
1996-12-18,0.01172
1996-12-19,0.01173
1996-12-20,0.01166
1996-12-23,0.01172
1996-12-24,0.01175
1996-12-26,0.01171
1996-12-27,0.01163
1996-12-30,0.01166
1996-12-31,0.01157
1997-01-02,0.01163
1997-01-03,0.01168
1997-01-06,0.01173
1997-01-07,0.01174
1997-01-08,0.01178
1997-01-09,0.01178
1997-01-10,0.01186
1997-01-13,0.01185
1997-01-14,0.01178
1997-01-15,0.01172
1997-01-16,0.01182
1997-01-17,0.01191
1997-01-21,0.01201
1997-01-22,0.01200
1997-01-23,0.01189
1997-01-24,0.01183
1997-01-27,0.01191
1997-01-28,0.01179
1997-01-29,0.01169
1997-01-30,0.01170
1997-01-31,0.01170
1997-02-03,0.01167
1997-02-04,0.01166
1997-02-05,0.01156
1997-02-06,0.01151
1997-02-07,0.01160
1997-02-10,0.01162
1997-02-11,0.01165
1997-02-12,0.01168
1997-02-13,0.01169
1997-02-14,0.01179
1997-02-18,0.01187
1997-02-19,0.01198
1997-02-20,0.01202
1997-02-21,0.01194
1997-02-24,0.01191
1997-02-25,0.01201
1997-02-26,0.01212
1997-02-27,0.01224
1997-02-28,0.01219
1997-03-03,0.01219
1997-03-04,0.01220
1997-03-05,0.01219
1997-03-06,0.01225
1997-03-07,0.01219
1997-03-10,0.01211
1997-03-11,0.01209
1997-03-12,0.01195
1997-03-13,0.01188
1997-03-14,0.01181
1997-03-17,0.01180
1997-03-18,0.01176
1997-03-19,0.01178
1997-03-20,0.01173
1997-03-21,0.01188
1997-03-24,0.01185
1997-03-25,0.01184
1997-03-26,0.01179
1997-03-27,0.01172
1997-03-28,0.01171
1997-03-31,0.01163
1997-04-01,0.01176
1997-04-02,0.01177
1997-04-03,0.01167
1997-04-04,0.01161
1997-04-07,0.01166
1997-04-08,0.01165
1997-04-09,0.01164
1997-04-10,0.01167
1997-04-11,0.01163
1997-04-14,0.01161
1997-04-15,0.01163
1997-04-16,0.01170
1997-04-17,0.01165
1997-04-18,0.01159
1997-04-21,0.01154
1997-04-22,0.01156
1997-04-23,0.01159
1997-04-24,0.01160
1997-04-25,0.01167
1997-04-28,0.01160
1997-04-29,0.01157
1997-04-30,0.01161
1997-05-01,0.01160
1997-05-02,0.01161
1997-05-05,0.01163
1997-05-06,0.01165
1997-05-07,0.01169
1997-05-08,0.01166
1997-05-09,0.01179
1997-05-12,0.01209
1997-05-13,0.01211
1997-05-14,0.01217
1997-05-15,0.01235
1997-05-16,0.01231
1997-05-19,0.01231
1997-05-20,0.01237
1997-05-21,0.01232
1997-05-22,0.01220
1997-05-23,0.01213
1997-05-27,0.01216
1997-05-28,0.01226
1997-05-29,0.01215
1997-05-30,0.01215
1997-06-02,0.01224
1997-06-03,0.01238
1997-06-04,0.01245
1997-06-05,0.01252
1997-06-06,0.01260
1997-06-09,0.01276
1997-06-10,0.01283
1997-06-11,0.01290
1997-06-12,0.01265
1997-06-13,0.01269
1997-06-16,0.01270
1997-06-17,0.01276
1997-06-18,0.01276
1997-06-19,0.01259
1997-06-20,0.01256
1997-06-23,0.01243
1997-06-24,0.01254
1997-06-25,0.01262
1997-06-26,0.01270
1997-06-27,0.01264
1997-06-30,0.01274
1997-07-01,0.01269
1997-07-02,0.01285
1997-07-03,0.01292
1997-07-07,0.01296
1997-07-08,0.01300
1997-07-09,0.01293
1997-07-10,0.01282
1997-07-11,0.01282
1997-07-14,0.01294
1997-07-15,0.01278
1997-07-16,0.01276
1997-07-17,0.01276
1997-07-18,0.01276
1997-07-21,0.01273
1997-07-22,0.01288
1997-07-23,0.01281
1997-07-24,0.01293
1997-07-25,0.01298
1997-07-28,0.01291
1997-07-29,0.01286
1997-07-30,0.01280
1997-07-31,0.01279
1997-08-01,0.01288
1997-08-04,0.01289
1997-08-05,0.01288
1997-08-06,0.01291
1997-08-07,0.01292
1997-08-08,0.01307
1997-08-11,0.01315
1997-08-12,0.01315
1997-08-13,0.01304
1997-08-14,0.01290
1997-08-15,0.01278
1997-08-18,0.01283
1997-08-19,0.01280
1997-08-20,0.01293
1997-08-21,0.01288
1997-08-22,0.01277
1997-08-25,0.01263
1997-08-26,0.01257
1997-08-27,0.01259
1997-08-28,0.01249
1997-08-29,0.01234
1997-09-02,0.01239
1997-09-03,0.01238
1997-09-04,0.01240
1997-09-05,0.01218
1997-09-08,0.01229
1997-09-09,0.01250
1997-09-10,0.01239
1997-09-11,0.01230
1997-09-12,0.01212
1997-09-15,0.01204
1997-09-16,0.01196
1997-09-17,0.01206
1997-09-18,0.01202
1997-09-19,0.01196
1997-09-22,0.01205
1997-09-23,0.01213
1997-09-24,0.01213
1997-09-25,0.01202
1997-09-26,0.01202
1997-09-29,0.01199
1997-09-30,0.01205
1997-10-01,0.01209
1997-10-02,0.01195
1997-10-03,0.01188
1997-10-06,0.01191
1997-10-07,0.01184
1997-10-08,0.01194
1997-10-09,0.01202
1997-10-10,0.01213
1997-10-14,0.01200
1997-10-15,0.01202
1997-10-16,0.01214
1997-10-17,0.01228
1997-10-20,0.01214
1997-10-21,0.01234
1997-10-22,0.01225
1997-10-23,0.01207
1997-10-24,0.01202
1997-10-27,0.01194
1997-10-28,0.01179
1997-10-29,0.01176
1997-10-30,0.01165
1997-10-31,0.01162
1997-11-03,0.01168
1997-11-04,0.01155
1997-11-05,0.01148
1997-11-06,0.01141
1997-11-07,0.01126
1997-11-10,0.01121
1997-11-12,0.01110
1997-11-13,0.01110
1997-11-14,0.01109
1997-11-17,0.01120
1997-11-18,0.01115
1997-11-19,0.01104
1997-11-20,0.01111
1997-11-21,0.01127
1997-11-24,0.01106
1997-11-25,0.01104
1997-11-26,0.01112
1997-11-28,0.01116
1997-12-01,0.01110
1997-12-02,0.01113
1997-12-03,0.01110
1997-12-04,0.01106
1997-12-05,0.01105
1997-12-08,0.01113
1997-12-09,0.01122
1997-12-10,0.01120
1997-12-11,0.01103
1997-12-12,0.01096
1997-12-15,0.01091
1997-12-16,0.01101
1997-12-17,0.01129
1997-12-18,0.01120
1997-12-19,0.01106
1997-12-22,0.01103
1997-12-23,0.01103
1997-12-24,0.01103
1997-12-26,0.01101
1997-12-29,0.01113
1997-12-30,0.01119
1997-12-31,0.01120
1998-01-02,0.01108
1998-01-05,0.01105
1998-01-06,0.01105
1998-01-07,0.01121
1998-01-08,0.01112
1998-01-09,0.01122
1998-01-12,0.01110
1998-01-13,0.01121
1998-01-14,0.01128
1998-01-15,0.01145
1998-01-16,0.01162
1998-01-20,0.01163
1998-01-21,0.01166
1998-01-22,0.01156
1998-01-23,0.01149
1998-01-26,0.01152
1998-01-27,0.01150
1998-01-28,0.01167
1998-01-29,0.01170
1998-01-30,0.01166
1998-02-02,0.01163
1998-02-03,0.01166
1998-02-04,0.01179
1998-02-05,0.01174
1998-02-06,0.01171
1998-02-09,0.01179
1998-02-10,0.01187
1998-02-11,0.01185
1998-02-12,0.01172
1998-02-13,0.01169
1998-02-17,0.01161
1998-02-18,0.01163
1998-02-19,0.01166
1998-02-20,0.01151
1998-02-23,0.01125
1998-02-24,0.01135
1998-02-25,0.01139
1998-02-26,0.01147
1998-02-27,0.01163
1998-03-02,0.01169
1998-03-03,0.01166
1998-03-04,0.01165
1998-03-05,0.01163
1998-03-06,0.01163
1998-03-09,0.01170
1998-03-10,0.01169
1998-03-11,0.01155
1998-03-12,0.01149
1998-03-13,0.01151
1998-03-16,0.01146
1998-03-17,0.01143
1998-03-18,0.01145
1998-03-19,0.01145
1998-03-20,0.01150
1998-03-23,0.01144
1998-03-24,0.01144
1998-03-25,0.01160
1998-03-26,0.01157
1998-03-27,0.01150
1998-03-30,0.01151
1998-03-31,0.01144
1998-04-01,0.01146
1998-04-02,0.01147
1998-04-03,0.01133
1998-04-06,0.01135
1998-04-07,0.01144
1998-04-08,0.01139
1998-04-09,0.01162
1998-04-10,0.01175
1998-04-13,0.01168
1998-04-14,0.01154
1998-04-15,0.01153
1998-04-16,0.01141
1998-04-17,0.01138
1998-04-20,0.01130
1998-04-21,0.01129
1998-04-22,0.01135
1998-04-23,0.01145
1998-04-24,0.01139
1998-04-27,0.01125
1998-04-28,0.01129
1998-04-29,0.01133
1998-04-30,0.01134
1998-05-01,0.01119
1998-05-04,0.01120
1998-05-05,0.01126
1998-05-06,0.01110
1998-05-07,0.01105
1998-05-08,0.01113
1998-05-11,0.01119
1998-05-12,0.01105
1998-05-13,0.01104
1998-05-14,0.01106
1998-05-15,0.01107
1998-05-18,0.01095
1998-05-19,0.01087
1998-05-20,0.01085
1998-05-21,0.01080
1998-05-22,0.01079
1998-05-26,0.01070
1998-05-27,0.01072
1998-05-28,0.01062
1998-05-29,0.01070
1998-06-01,0.01058
1998-06-02,0.01065
1998-06-03,0.01068
1998-06-04,0.01060
1998-06-05,0.01058
1998-06-08,0.01051
1998-06-09,0.01053
1998-06-10,0.01052
1998-06-11,0.01040
1998-06-12,0.01037
1998-06-15,0.01031
1998-06-16,0.01040
1998-06-17,0.01084
1998-06-18,0.01087
1998-06-19,0.01113
1998-06-22,0.01086
1998-06-23,0.01083
1998-06-24,0.01071
1998-06-25,0.01066
1998-06-26,0.01069
1998-06-29,0.01076
1998-06-30,0.01096
1998-07-01,0.01102
1998-07-02,0.01086
1998-07-03,0.01098
1998-07-06,0.01088
1998-07-07,0.01101
1998-07-08,0.01095
1998-07-09,0.01091
1998-07-10,0.01091
1998-07-13,0.01077
1998-07-14,0.01087
1998-07-15,0.01077
1998-07-16,0.01075
1998-07-17,0.01078
1998-07-20,0.01084
1998-07-21,0.01077
1998-07-22,0.01070
1998-07-23,0.01068
1998-07-24,0.01061
1998-07-27,0.01054
1998-07-28,0.01053
1998-07-29,0.01044
1998-07-30,0.01043
1998-07-31,0.01031
1998-08-03,0.01030
1998-08-04,0.01034
1998-08-05,0.01033
1998-08-06,0.01031
1998-08-07,0.01024
1998-08-10,0.01022
1998-08-11,0.01012
1998-08-12,0.01015
1998-08-13,0.01026
1998-08-14,0.01031
1998-08-17,0.01031
1998-08-18,0.01042
1998-08-19,0.01048
1998-08-20,0.01055
1998-08-21,0.01037
1998-08-24,0.01042
1998-08-25,0.01037
1998-08-26,0.01042
1998-08-27,0.01042
1998-08-28,0.01019
1998-08-31,0.01023
1998-09-01,0.01057
1998-09-02,0.01049
1998-09-03,0.01053
1998-09-04,0.01064
1998-09-08,0.01069
1998-09-09,0.01038
1998-09-10,0.01035
1998-09-11,0.01058
1998-09-14,0.01054
1998-09-15,0.01048
1998-09-16,0.01034
1998-09-17,0.01050
1998-09-18,0.01048
1998-09-21,0.01035
1998-09-22,0.01028
1998-09-23,0.01023
1998-09-24,0.01026
1998-09-25,0.01022
1998-09-28,0.01024
1998-09-29,0.01038
1998-09-30,0.01011
1998-10-01,0.01005
1998-10-02,0.00997
1998-10-05,0.01001
1998-10-06,0.01025
1998-10-07,0.01063
1998-10-08,0.01088
1998-10-09,0.01131
1998-10-13,0.01118
1998-10-14,0.01117
1998-10-15,0.01126
1998-10-16,0.01139
1998-10-19,0.01156
1998-10-20,0.01140
1998-10-21,0.01154
1998-10-22,0.01139
1998-10-23,0.01133
1998-10-26,0.01133
1998-10-27,0.01138
1998-10-28,0.01147
1998-10-29,0.01147
1998-10-30,0.01163
1998-11-02,0.01179
1998-11-03,0.01174
1998-11-04,0.01173
1998-11-05,0.01157
1998-11-06,0.01157
1998-11-09,0.01147
1998-11-10,0.01133
1998-11-12,0.01137
1998-11-13,0.01134
1998-11-16,0.01147
1998-11-17,0.01133
1998-11-18,0.01132
1998-11-19,0.01159
1998-11-20,0.01156
1998-11-23,0.01163
1998-11-24,0.01166
1998-11-25,0.01156
1998-11-27,0.01148
1998-11-30,0.01133
1998-12-01,0.01128
1998-12-02,0.01140
1998-12-03,0.01151
1998-12-04,0.01149
1998-12-07,0.01150
1998-12-08,0.01143
1998-12-09,0.01152
1998-12-10,0.01144
1998-12-11,0.01138
1998-12-14,0.01159
1998-12-15,0.01149
1998-12-16,0.01162
1998-12-17,0.01159
1998-12-18,0.01166
1998-12-21,0.01174
1998-12-22,0.01169
1998-12-23,0.01175
1998-12-24,0.01184
1998-12-28,0.01184
1998-12-29,0.01181
1998-12-30,0.01202
1998-12-31,0.01215
1999-01-04,0.01219
1999-01-05,0.01232
1999-01-06,0.01228
1999-01-07,0.01241
1999-01-08,0.01253
1999-01-11,0.01283
1999-01-12,0.01239
1999-01-13,0.01197
1999-01-14,0.01202
1999-01-15,0.01207
1999-01-19,0.01209
1999-01-20,0.01225
1999-01-21,0.01218
1999-01-22,0.01206
1999-01-25,0.01215
1999-01-26,0.01216
1999-01-27,0.01212
1999-01-28,0.01217
1999-01-29,0.01221
1999-02-01,0.01237
1999-02-02,0.01259
1999-02-03,0.01257
1999-02-04,0.01265
1999-02-05,0.01253
1999-02-08,0.01239
1999-02-09,0.01240
1999-02-10,0.01230
1999-02-11,0.01234
1999-02-12,0.01238
1999-02-16,0.01210
1999-02-17,0.01197
1999-02-18,0.01189
1999-02-19,0.01195
1999-02-22,0.01203
1999-02-23,0.01193
1999-02-24,0.01191
1999-02-25,0.01203
1999-02-26,0.01221
1999-03-01,0.01220
1999-03-02,0.01210
1999-03-03,0.01201
1999-03-04,0.01190
1999-03-05,0.01198
1999-03-08,0.01200
1999-03-09,0.01209
1999-03-10,0.01215
1999-03-11,0.01228
1999-03-12,0.01228
1999-03-15,0.01246
1999-03-16,0.01246
1999-03-17,0.01226
1999-03-18,0.01237
1999-03-19,0.01249
1999-03-22,0.01239
1999-03-23,0.01236
1999-03-24,0.01242
1999-03-25,0.01244
1999-03-26,0.01234
1999-03-29,0.01242
1999-03-30,0.01240
1999-03-31,0.01248
1999-04-01,0.01232
1999-04-02,0.01228
1999-04-05,0.01222
1999-04-06,0.01220
1999-04-07,0.01220
1999-04-08,0.01218
1999-04-09,0.01225
1999-04-12,0.01231
1999-04-13,0.01241
1999-04-14,0.01251
1999-04-15,0.01258
1999-04-16,0.01272
1999-04-19,0.01280
1999-04-20,0.01275
1999-04-21,0.01259
1999-04-22,0.01260
1999-04-23,0.01264
1999-04-26,0.01270
1999-04-27,0.01255
1999-04-28,0.01271
1999-04-29,0.01274
1999-04-30,0.01277
1999-05-03,0.01270
1999-05-04,0.01254
1999-05-05,0.01239
1999-05-06,0.01235
1999-05-07,0.01234
1999-05-10,0.01234
1999-05-11,0.01240
1999-05-12,0.01243
1999-05-13,0.01239
1999-05-14,0.01228
1999-05-17,0.01218
1999-05-18,0.01220
1999-05-19,0.01209
1999-05-20,0.01215
1999-05-21,0.01225
1999-05-24,0.01223
1999-05-25,0.01225
1999-05-26,0.01247
1999-05-27,0.01259
1999-05-28,0.01264
1999-06-01,0.01261
1999-06-02,0.01268
1999-06-03,0.01265
1999-06-04,0.01261
1999-06-07,0.01272
1999-06-08,0.01272
1999-06-09,0.01279
1999-06-10,0.01282
1999-06-11,0.01286
1999-06-14,0.01271
1999-06-15,0.01270
1999-06-16,0.01291
1999-06-17,0.01294
1999-06-18,0.01279
1999-06-21,0.01264
1999-06-22,0.01270
1999-06-23,0.01268
1999-06-24,0.01264
1999-06-25,0.01261
1999-06-28,0.01271
1999-06-29,0.01283
1999-06-30,0.01286
1999-07-01,0.01297
1999-07-02,0.01294
1999-07-06,0.01283
1999-07-07,0.01284
1999-07-08,0.01283
1999-07-09,0.01289
1999-07-12,0.01295
1999-07-13,0.01300
1999-07-14,0.01303
1999-07-15,0.01304
1999-07-16,0.01301
1999-07-19,0.01321
1999-07-20,0.01295
1999-07-21,0.01291
1999-07-22,0.01303
1999-07-23,0.01313
1999-07-26,0.01292
1999-07-27,0.01296
1999-07-28,0.01293
1999-07-29,0.01294
1999-07-30,0.01301
1999-08-02,0.01309
1999-08-03,0.01301
1999-08-04,0.01301
1999-08-05,0.01299
1999-08-06,0.01297
1999-08-09,0.01298
1999-08-10,0.01302
1999-08-11,0.01305
1999-08-12,0.01301
1999-08-13,0.01310
1999-08-16,0.01321
1999-08-17,0.01333
1999-08-18,0.01356
1999-08-19,0.01352
1999-08-20,0.01345
1999-08-23,0.01355
1999-08-24,0.01367
1999-08-25,0.01377
1999-08-26,0.01372
1999-08-27,0.01370
1999-08-30,0.01380
1999-08-31,0.01384
1999-09-01,0.01384
1999-09-02,0.01367
1999-09-03,0.01369
1999-09-07,0.01362
1999-09-08,0.01361
1999-09-09,0.01405
1999-09-10,0.01417
1999-09-13,0.01453
1999-09-14,0.01463
1999-09-15,0.01489
1999-09-16,0.01464
1999-09-17,0.01444
1999-09-20,0.01450
1999-09-21,0.01462
1999-09-22,0.01468
1999-09-23,0.01478
1999-09-24,0.01469
1999-09-27,0.01448
1999-09-28,0.01436
1999-09-29,0.01412
1999-09-30,0.01406
1999-10-01,0.01415
1999-10-04,0.01399
1999-10-05,0.01392
1999-10-06,0.01383
1999-10-07,0.01380
1999-10-08,0.01397
1999-10-12,0.01396
1999-10-13,0.01376
1999-10-14,0.01378
1999-10-15,0.01384
1999-10-18,0.01393
1999-10-19,0.01392
1999-10-20,0.01393
1999-10-21,0.01390
1999-10-22,0.01415
1999-10-25,0.01423
1999-10-26,0.01444
1999-10-27,0.01458
1999-10-28,0.01449
1999-10-29,0.01462
1999-11-01,0.01468
1999-11-02,0.01470
1999-11-03,0.01461
1999-11-04,0.01477
1999-11-05,0.01459
1999-11-08,0.01469
1999-11-09,0.01475
1999-11-10,0.01472
1999-11-12,0.01479
1999-11-15,0.01484
1999-11-16,0.01469
1999-11-17,0.01461
1999-11-18,0.01470
1999-11-19,0.01465
1999-11-22,0.01479
1999-11-23,0.01496
1999-11-24,0.01503
1999-11-26,0.01546
1999-11-29,0.01550
1999-11-30,0.01561
1999-12-01,0.01555
1999-12-02,0.01553
1999-12-03,0.01553
1999-12-06,0.01514
1999-12-07,0.01528
1999-12-08,0.01515
1999-12-09,0.01535
1999-12-10,0.01538
1999-12-13,0.01533
1999-12-14,0.01536
1999-12-15,0.01536
1999-12-16,0.01529
1999-12-17,0.01538
1999-12-20,0.01548
1999-12-21,0.01553
1999-12-22,0.01562
1999-12-23,0.01550
1999-12-24,0.01540
1999-12-27,0.01551
1999-12-28,0.01560
1999-12-29,0.01566
1999-12-30,0.01565
1999-12-31,0.01559
2000-01-03,0.01554
2000-01-04,0.01510
2000-01-05,0.01496
2000-01-06,0.01477
2000-01-07,0.01485
2000-01-10,0.01492
2000-01-11,0.01471
2000-01-12,0.01481
2000-01-13,0.01481
2000-01-14,0.01506
2000-01-18,0.01511
2000-01-19,0.01515
2000-01-20,0.01509
2000-01-21,0.01522
2000-01-24,0.01525
2000-01-25,0.01519
2000-01-26,0.01521
2000-01-27,0.01555
2000-01-28,0.01538
2000-01-31,0.01537
2000-02-01,0.01536
2000-02-02,0.01522
2000-02-03,0.01506
2000-02-04,0.01532
2000-02-07,0.01510
2000-02-08,0.01487
2000-02-09,0.01488
2000-02-10,0.01497
2000-02-11,0.01496
2000-02-14,0.01513
2000-02-15,0.01502
2000-02-16,0.01490
2000-02-17,0.01476
2000-02-18,0.01468
2000-02-22,0.01439
2000-02-23,0.01447
2000-02-24,0.01460
2000-02-25,0.01485
2000-02-28,0.01522
2000-02-29,0.01517
2000-03-01,0.01547
2000-03-02,0.01557
2000-03-03,0.01550
2000-03-06,0.01555
2000-03-07,0.01583
2000-03-08,0.01569
2000-03-09,0.01559
2000-03-10,0.01568
2000-03-13,0.01586
2000-03-14,0.01594
2000-03-15,0.01574
2000-03-16,0.01571
2000-03-17,0.01566
2000-03-20,0.01559
2000-03-21,0.01554
2000-03-22,0.01569
2000-03-23,0.01538
2000-03-24,0.01523
2000-03-27,0.01537
2000-03-28,0.01563
2000-03-29,0.01584
2000-03-30,0.01573
2000-03-31,0.01619
2000-04-03,0.01582
2000-04-04,0.01567
2000-04-05,0.01555
2000-04-06,0.01564
2000-04-07,0.01555
2000-04-10,0.01545
2000-04-11,0.01535
2000-04-12,0.01558
2000-04-13,0.01562
2000-04-14,0.01561
2000-04-17,0.01578
2000-04-18,0.01587
2000-04-19,0.01597
2000-04-20,0.01591
2000-04-21,0.01583
2000-04-24,0.01582
2000-04-25,0.01607
2000-04-26,0.01605
2000-04-27,0.01627
2000-04-28,0.01598
2000-05-01,0.01574
2000-05-02,0.01582
2000-05-03,0.01591
2000-05-04,0.01604
2000-05-05,0.01596
2000-05-08,0.01587
2000-05-09,0.01571
2000-05-10,0.01569
2000-05-11,0.01590
2000-05-12,0.01572
2000-05-15,0.01556
2000-05-16,0.01563
2000-05-17,0.01588
2000-05-18,0.01599
2000-05-19,0.01623
2000-05-22,0.01606
2000-05-23,0.01621
2000-05-24,0.01600
2000-05-25,0.01601
2000-05-26,0.01570
2000-05-30,0.01586
2000-05-31,0.01567
2000-06-01,0.01552
2000-06-02,0.01542
2000-06-05,0.01548
2000-06-06,0.01555
2000-06-07,0.01551
2000-06-08,0.01550
2000-06-09,0.01540
2000-06-12,0.01534
2000-06-13,0.01522
2000-06-14,0.01527
2000-06-15,0.01538
2000-06-16,0.01523
2000-06-19,0.01535
2000-06-20,0.01544
2000-06-21,0.01554
2000-06-22,0.01576
2000-06-23,0.01584
2000-06-26,0.01563
2000-06-27,0.01552
2000-06-28,0.01556
2000-06-29,0.01558
2000-06-30,0.01537
2000-07-03,0.01545
2000-07-05,0.01517
2000-07-06,0.01513
2000-07-07,0.01510
2000-07-10,0.01520
2000-07-11,0.01528
2000-07-12,0.01524
2000-07-13,0.01534
2000-07-14,0.01532
2000-07-17,0.01527
2000-07-18,0.01534
2000-07-19,0.01551
2000-07-20,0.01546
2000-07-21,0.01525
2000-07-24,0.01533
2000-07-25,0.01512
2000-07-26,0.01509
2000-07-27,0.01521
2000-07-28,0.01528
2000-07-31,0.01522
2000-08-01,0.01531
2000-08-02,0.01553
2000-08-03,0.01577
2000-08-04,0.01571
2000-08-07,0.01560
2000-08-08,0.01578
2000-08-09,0.01592
2000-08-10,0.01570
2000-08-11,0.01581
2000-08-14,0.01572
2000-08-15,0.01568
2000-08-16,0.01575
2000-08-17,0.01575
2000-08-18,0.01590
2000-08-21,0.01592
2000-08-22,0.01607
2000-08-23,0.01615
2000-08-24,0.01601
2000-08-25,0.01595
2000-08-28,0.01609
2000-08-29,0.01623
2000-08-30,0.01631
2000-08-31,0.01634
2000-09-01,0.01629
2000-09-05,0.01652
2000-09-06,0.01676
2000-09-07,0.01686
2000-09-08,0.01685
2000-09-11,0.01672
2000-09-12,0.01656
2000-09-13,0.01646
2000-09-14,0.01654
2000-09-15,0.01659
2000-09-18,0.01672
2000-09-19,0.01660
2000-09-20,0.01671
2000-09-21,0.01663
2000-09-22,0.01602
2000-09-25,0.01616
2000-09-26,0.01605
2000-09-27,0.01613
2000-09-28,0.01607
2000-09-29,0.01600
2000-10-02,0.01592
2000-10-03,0.01598
2000-10-04,0.01592
2000-10-05,0.01600
2000-10-06,0.01610
2000-10-10,0.01623
2000-10-11,0.01610
2000-10-12,0.01619
2000-10-13,0.01634
2000-10-16,0.01643
2000-10-17,0.01643
2000-10-18,0.01658
2000-10-19,0.01647
2000-10-20,0.01640
2000-10-23,0.01658
2000-10-24,0.01666
2000-10-25,0.01681
2000-10-26,0.01684
2000-10-27,0.01661
2000-10-30,0.01658
2000-10-31,0.01647
2000-11-01,0.01638
2000-11-02,0.01642
2000-11-03,0.01642
2000-11-06,0.01651
2000-11-07,0.01652
2000-11-08,0.01652
2000-11-09,0.01652
2000-11-10,0.01637
2000-11-13,0.01638
2000-11-14,0.01639
2000-11-15,0.01638
2000-11-16,0.01639
2000-11-17,0.01646
2000-11-20,0.01639
2000-11-21,0.01632
2000-11-22,0.01639
2000-11-24,0.01624
2000-11-27,0.01608
2000-11-28,0.01600
2000-11-29,0.01581
2000-11-30,0.01565
2000-12-01,0.01555
2000-12-04,0.01536
2000-12-05,0.01545
2000-12-06,0.01547
2000-12-07,0.01537
2000-12-08,0.01533
2000-12-11,0.01548
2000-12-12,0.01538
2000-12-13,0.01528
2000-12-14,0.01511
2000-12-15,0.01492
2000-12-18,0.01503
2000-12-19,0.01505
2000-12-20,0.01489
2000-12-21,0.01491
2000-12-22,0.01462
2000-12-26,0.01438
2000-12-27,0.01439
2000-12-28,0.01435
2000-12-29,0.01417
2001-01-02,0.01401
2001-01-03,0.01403
2001-01-04,0.01396
2001-01-05,0.01379
2001-01-08,0.01386
2001-01-09,0.01390
2001-01-10,0.01398
2001-01-11,0.01371
2001-01-12,0.01378
2001-01-16,0.01398
2001-01-17,0.01396
2001-01-18,0.01375
2001-01-19,0.01393
2001-01-22,0.01404
2001-01-23,0.01396
2001-01-24,0.01400
2001-01-25,0.01416
2001-01-26,0.01415
2001-01-29,0.01419
2001-01-30,0.01422
2001-01-31,0.01411
2001-02-01,0.01416
2001-02-02,0.01420
2001-02-05,0.01422
2001-02-06,0.01440
2001-02-07,0.01418
2001-02-08,0.01437
2001-02-09,0.01409
2001-02-12,0.01408
2001-02-13,0.01422
2001-02-14,0.01431
2001-02-15,0.01463
2001-02-16,0.01452
2001-02-20,0.01460
2001-02-21,0.01451
2001-02-22,0.01451
2001-02-23,0.01454
2001-02-26,0.01449
2001-02-27,0.01449
2001-02-28,0.01427
2001-03-01,0.01411
2001-03-02,0.01383
2001-03-05,0.01389
2001-03-06,0.01390
2001-03-07,0.01383
2001-03-08,0.01388
2001-03-09,0.01382
2001-03-12,0.01372
2001-03-13,0.01401
2001-03-14,0.01392
2001-03-15,0.01391
2001-03-16,0.01397
2001-03-19,0.01393
2001-03-20,0.01382
2001-03-21,0.01382
2001-03-22,0.01392
2001-03-23,0.01399
2001-03-26,0.01397
2001-03-27,0.01398
2001-03-28,0.01406
2001-03-29,0.01403
2001-03-30,0.01383
2001-04-02,0.01366
2001-04-03,0.01365
2001-04-04,0.01352
2001-04-05,0.01369
2001-04-06,0.01371
2001-04-09,0.01358
2001-04-10,0.01379
2001-04-11,0.01375
2001-04-12,0.01381
2001-04-13,0.01380
2001-04-16,0.01378
2001-04-17,0.01400
2001-04-18,0.01420
2001-04-19,0.01409
2001-04-20,0.01381
2001-04-23,0.01404
2001-04-24,0.01402
2001-04-25,0.01397
2001-04-26,0.01386
2001-04-27,0.01392
2001-04-30,0.01404
2001-05-01,0.01415
2001-05-02,0.01422
2001-05-03,0.01432
2001-05-04,0.01429
2001-05-07,0.01426
2001-05-08,0.01432
2001-05-09,0.01426
2001-05-10,0.01425
2001-05-11,0.01430
2001-05-14,0.01423
2001-05-15,0.01414
2001-05-16,0.01402
2001-05-17,0.01418
2001-05-18,0.01414
2001-05-21,0.01423
2001-05-22,0.01439
2001-05-23,0.01475
2001-05-24,0.01481
2001-05-25,0.01473
2001-05-29,0.01485
2001-05-30,0.01478
2001-05-31,0.01512
2001-06-01,0.01510
2001-06-04,0.01504
2001-06-05,0.01480
2001-06-06,0.01495
2001-06-07,0.01495
2001-06-08,0.01486
2001-06-11,0.01479
2001-06-12,0.01475
2001-06-13,0.01469
2001-06-14,0.01462
2001-06-15,0.01441
2001-06-18,0.01442
2001-06-19,0.01452
2001-06-20,0.01454
2001-06-21,0.01431
2001-06-22,0.01427
2001-06-25,0.01424
2001-06-26,0.01426
2001-06-27,0.01420
2001-06-28,0.01443
2001-06-29,0.01441
2001-07-02,0.01449
2001-07-03,0.01444
2001-07-05,0.01446
2001-07-06,0.01426
2001-07-09,0.01432
2001-07-10,0.01418
2001-07-11,0.01419
2001-07-12,0.01428
2001-07-13,0.01422
2001-07-16,0.01410
2001-07-17,0.01418
2001-07-18,0.01392
2001-07-19,0.01402
2001-07-20,0.01405
2001-07-23,0.01397
2001-07-24,0.01388
2001-07-25,0.01387
2001-07-26,0.01392
2001-07-27,0.01399
2001-07-30,0.01379
2001-07-31,0.01383
2001-08-01,0.01374
2001-08-02,0.01384
2001-08-03,0.01381
2001-08-06,0.01384
2001-08-07,0.01386
2001-08-08,0.01390
2001-08-09,0.01378
2001-08-10,0.01387
2001-08-13,0.01379
2001-08-14,0.01382
2001-08-15,0.01390
2001-08-16,0.01383
2001-08-17,0.01378
2001-08-20,0.01378
2001-08-21,0.01388
2001-08-22,0.01380
2001-08-23,0.01384
2001-08-24,0.01387
2001-08-27,0.01390
2001-08-28,0.01383
2001-08-29,0.01393
2001-08-30,0.01388
2001-08-31,0.01406
2001-09-04,0.01429
2001-09-05,0.01407
2001-09-06,0.01398
2001-09-07,0.01397
2001-09-10,0.01393
2001-09-12,0.01388
2001-09-13,0.01391
2001-09-14,0.01384
2001-09-17,0.01373
2001-09-18,0.01367
2001-09-19,0.01352
2001-09-20,0.01374
2001-09-21,0.01360
2001-09-24,0.01365
2001-09-25,0.01351
2001-09-26,0.01356
2001-09-27,0.01348
2001-09-28,0.01358
2001-10-01,0.01347
2001-10-02,0.01344
2001-10-03,0.01339
2001-10-04,0.01347
2001-10-05,0.01346
2001-10-09,0.01347
2001-10-10,0.01352
2001-10-11,0.01355
2001-10-12,0.01350
2001-10-15,0.01347
2001-10-16,0.01344
2001-10-17,0.01351
2001-10-18,0.01352
2001-10-19,0.01356
2001-10-22,0.01357
2001-10-23,0.01355
2001-10-24,0.01350
2001-10-25,0.01344
2001-10-26,0.01344
2001-10-29,0.01337
2001-10-30,0.01331
2001-10-31,0.01334
2001-11-01,0.01337
2001-11-02,0.01341
2001-11-05,0.01349
2001-11-06,0.01354
2001-11-07,0.01349
2001-11-08,0.01371
2001-11-09,0.01364
2001-11-13,0.01372
2001-11-14,0.01368
2001-11-15,0.01360
2001-11-16,0.01349
2001-11-19,0.01349
2001-11-20,0.01345
2001-11-21,0.01345
2001-11-23,0.01340
2001-11-26,0.01339
2001-11-27,0.01337
2001-11-28,0.01337
2001-11-29,0.01336
2001-11-30,0.01331
2001-12-03,0.01336
2001-12-04,0.01331
2001-12-05,0.01338
2001-12-06,0.01326
2001-12-07,0.01320
2001-12-10,0.01320
2001-12-11,0.01314
2001-12-12,0.01304
2001-12-13,0.01300
2001-12-14,0.01282
2001-12-17,0.01280
2001-12-18,0.01277
2001-12-19,0.01278
2001-12-20,0.01273
2001-12-21,0.01277
2001-12-24,0.01303
2001-12-26,0.01293
2001-12-27,0.01276
2001-12-28,0.01279
2001-12-31,0.01267
2002-01-02,0.01244
2002-01-03,0.01252
2002-01-04,0.01260
2002-01-07,0.01261
2002-01-08,0.01249
2002-01-09,0.01253
2002-01-10,0.01254
2002-01-11,0.01256
2002-01-14,0.01257
2002-01-15,0.01266
2002-01-16,0.01263
2002-01-17,0.01263
2002-01-18,0.01254
2002-01-22,0.01241
2002-01-23,0.01241
2002-01-24,0.01245
2002-01-25,0.01266
2002-01-28,0.01281
2002-01-29,0.01276
2002-01-30,0.01283
2002-01-31,0.01282
2002-02-01,0.01284
2002-02-04,0.01283
2002-02-05,0.01267
2002-02-06,0.01267
2002-02-07,0.01270
2002-02-08,0.01254
2002-02-11,0.01260
2002-02-12,0.01269
2002-02-13,0.01274
2002-02-14,0.01286
2002-02-15,0.01279
2002-02-19,0.01266
2002-02-20,0.01271
2002-02-21,0.01265
2002-02-22,0.01262
2002-02-25,0.01266
2002-02-26,0.01265
2002-02-27,0.01269
2002-02-28,0.01271
2002-03-01,0.01279
2002-03-04,0.01284
2002-03-05,0.01283
2002-03-06,0.01285
2002-03-07,0.01317
2002-03-08,0.01311
2002-03-11,0.01310
2002-03-12,0.01303
2002-03-13,0.01293
2002-03-14,0.01287
2002-03-15,0.01286
2002-03-18,0.01263
2002-03-19,0.01256
2002-03-20,0.01259
2002-03-21,0.01255
2002-03-22,0.01251
2002-03-25,0.01248
2002-03-26,0.01257
2002-03-27,0.01266
2002-03-28,0.01271
2002-03-29,0.01268
2002-04-01,0.01246
2002-04-02,0.01249
2002-04-03,0.01252
2002-04-04,0.01259
2002-04-05,0.01263
2002-04-08,0.01275
2002-04-09,0.01273
2002-04-10,0.01277
2002-04-11,0.01262
2002-04-12,0.01263
2002-04-15,0.01263
2002-04-16,0.01268
2002-04-17,0.01266
2002-04-18,0.01270
2002-04-19,0.01265
2002-04-22,0.01274
2002-04-23,0.01270
2002-04-24,0.01267
2002-04-25,0.01270
2002-04-26,0.01271
2002-04-29,0.01266
2002-04-30,0.01262
2002-05-01,0.01256
2002-05-02,0.01257
2002-05-03,0.01251
2002-05-06,0.01249
2002-05-07,0.01246
2002-05-08,0.01252
2002-05-09,0.01247
2002-05-10,0.01247
2002-05-13,0.01252
2002-05-14,0.01256
2002-05-15,0.01255
2002-05-16,0.01248
2002-05-17,0.01254
2002-05-20,0.01256
2002-05-21,0.01276
2002-05-22,0.01263
2002-05-23,0.01262
2002-05-24,0.01269
2002-05-28,0.01266
2002-05-29,0.01267
2002-05-30,0.01269
2002-05-31,0.01264
2002-06-03,0.01264
2002-06-04,0.01258
2002-06-05,0.01260
2002-06-06,0.01254
2002-06-07,0.01249
2002-06-10,0.01251
2002-06-11,0.01244
2002-06-12,0.01241
2002-06-13,0.01250
2002-06-14,0.01258
2002-06-17,0.01257
2002-06-18,0.01250
2002-06-19,0.01243
2002-06-20,0.01235
2002-06-21,0.01248
2002-06-24,0.01237
2002-06-25,0.01242
2002-06-26,0.01247
2002-06-27,0.01247
2002-06-28,0.01245
2002-07-01,0.01237
2002-07-02,0.01240
2002-07-03,0.01245
2002-07-05,0.01253
2002-07-08,0.01255
2002-07-09,0.01258
2002-07-10,0.01262
2002-07-11,0.01268
2002-07-12,0.01271
2002-07-15,0.01256
2002-07-16,0.01257
2002-07-17,0.01251
2002-07-18,0.01243
2002-07-19,0.01243
2002-07-22,0.01240
2002-07-23,0.01248
2002-07-24,0.01252
2002-07-25,0.01241
2002-07-26,0.01236
2002-07-29,0.01242
2002-07-30,0.01230
2002-07-31,0.01238
2002-08-01,0.01235
2002-08-02,0.01236
2002-08-05,0.01238
2002-08-06,0.01249
2002-08-07,0.01244
2002-08-08,0.01251
2002-08-09,0.01251
2002-08-12,0.01259
2002-08-13,0.01256
2002-08-14,0.01271
2002-08-15,0.01271
2002-08-16,0.01269
2002-08-19,0.01267
2002-08-20,0.01264
2002-08-21,0.01265
2002-08-22,0.01267
2002-08-23,0.01266
2002-08-26,0.01265
2002-08-27,0.01265
2002-08-28,0.01265
2002-08-29,0.01263
2002-08-30,0.01264
2002-09-03,0.01258
2002-09-04,0.01250
2002-09-05,0.01245
2002-09-06,0.01251
2002-09-09,0.01249
2002-09-10,0.01249
2002-09-11,0.01249
2002-09-12,0.01246
2002-09-13,0.01236
2002-09-16,0.01236
2002-09-17,0.01240
2002-09-18,0.01233
2002-09-19,0.01228
2002-09-20,0.01208
2002-09-23,0.01203
2002-09-24,0.01209
2002-09-25,0.01217
2002-09-26,0.01226
2002-09-27,0.01222
2002-09-30,0.01212
2002-10-01,0.01205
2002-10-02,0.01204
2002-10-03,0.01202
2002-10-04,0.01211
2002-10-07,0.01197
2002-10-08,0.01204
2002-10-09,0.01201
2002-10-10,0.01200
2002-10-11,0.01198
2002-10-15,0.01200
2002-10-16,0.01201
2002-10-17,0.01211
2002-10-18,0.01206
2002-10-21,0.01212
2002-10-22,0.01200
2002-10-23,0.01208
2002-10-24,0.01207
2002-10-25,0.01209
2002-10-28,0.01204
2002-10-29,0.01213
2002-10-30,0.01212
2002-10-31,0.01206
2002-11-01,0.01201
2002-11-04,0.01200
2002-11-05,0.01201
2002-11-06,0.01200
2002-11-07,0.01196
2002-11-08,0.01206
2002-11-12,0.01210
2002-11-13,0.01212
2002-11-14,0.01213
2002-11-15,0.01208
2002-11-18,0.01201
2002-11-19,0.01194
2002-11-20,0.01196
2002-11-21,0.01197
2002-11-22,0.01202
2002-11-25,0.01213
2002-11-26,0.01221
2002-11-27,0.01219
2002-11-29,0.01211
2002-12-02,0.01191
2002-12-03,0.01187
2002-12-04,0.01180
2002-12-05,0.01179
2002-12-06,0.01181
2002-12-09,0.01183
2002-12-10,0.01183
2002-12-11,0.01184
2002-12-12,0.01180
2002-12-13,0.01195
2002-12-16,0.01191
2002-12-17,0.01181
2002-12-18,0.01180
2002-12-19,0.01184
2002-12-20,0.01182
2002-12-23,0.01180
2002-12-24,0.01172
2002-12-26,0.01169
2002-12-27,0.01164
2002-12-30,0.01176
2002-12-31,0.01165
2003-01-02,0.01169
2003-01-03,0.01166
2003-01-06,0.01170
2003-01-07,0.01164
2003-01-08,0.01170
2003-01-09,0.01166
2003-01-10,0.01160
2003-01-13,0.01165
2003-01-14,0.01173
2003-01-15,0.01173
2003-01-16,0.01172
2003-01-17,0.01160
2003-01-21,0.01154
2003-01-22,0.01154
2003-01-23,0.01153
2003-01-24,0.01148
2003-01-27,0.01142
2003-01-28,0.01143
2003-01-29,0.01144
2003-01-30,0.01143
2003-01-31,0.01141
2003-02-03,0.01131
2003-02-04,0.01127
2003-02-05,0.01130
2003-02-06,0.01129
2003-02-07,0.01128
2003-02-10,0.01127
2003-02-11,0.01127
2003-02-12,0.01129
2003-02-13,0.01125
2003-02-14,0.01131
2003-02-18,0.01156
2003-02-19,0.01154
2003-02-20,0.01147
2003-02-21,0.01146
2003-02-24,0.01154
2003-02-25,0.01156
2003-02-26,0.01156
2003-02-27,0.01156
2003-02-28,0.01147
2003-03-03,0.01142
2003-03-04,0.01136
2003-03-05,0.01134
2003-03-06,0.01136
2003-03-07,0.01145
2003-03-10,0.01137
2003-03-11,0.01137
2003-03-12,0.01136
2003-03-13,0.01140
2003-03-14,0.01154
2003-03-17,0.01169
2003-03-18,0.01164
2003-03-19,0.01157
2003-03-20,0.01155
2003-03-21,0.01153
2003-03-24,0.01147
2003-03-25,0.01150
2003-03-26,0.01151
2003-03-27,0.01153
2003-03-28,0.01142
2003-03-31,0.01147
2003-04-01,0.01145
2003-04-02,0.01158
2003-04-03,0.01155
2003-04-04,0.01156
2003-04-07,0.01162
2003-04-08,0.01160
2003-04-09,0.01150
2003-04-10,0.01158
2003-04-11,0.01157
2003-04-14,0.01155
2003-04-15,0.01157
2003-04-16,0.01148
2003-04-17,0.01154
2003-04-18,0.01154
2003-04-21,0.01153
2003-04-22,0.01145
2003-04-23,0.01143
2003-04-24,0.01134
2003-04-25,0.01132
2003-04-28,0.01138
2003-04-29,0.01139
2003-04-30,0.01138
2003-05-01,0.01132
2003-05-02,0.01132
2003-05-05,0.01133
2003-05-06,0.01130
2003-05-07,0.01138
2003-05-08,0.01129
2003-05-09,0.01119
2003-05-12,0.01121
2003-05-13,0.01130
2003-05-14,0.01133
2003-05-15,0.01134
2003-05-16,0.01129
2003-05-19,0.01110
2003-05-20,0.01108
2003-05-21,0.01101
2003-05-22,0.01104
2003-05-23,0.01106
2003-05-27,0.01097
2003-05-28,0.01094
2003-05-29,0.01089
2003-05-30,0.01090
2003-06-02,0.01095
2003-06-03,0.01101
2003-06-04,0.01107
2003-06-05,0.01103
2003-06-06,0.01114
2003-06-09,0.01112
2003-06-10,0.01121
2003-06-11,0.01110
2003-06-12,0.01114
2003-06-13,0.01111
2003-06-16,0.01104
2003-06-17,0.01104
2003-06-18,0.01115
2003-06-19,0.01116
2003-06-20,0.01123
2003-06-23,0.01129
2003-06-24,0.01128
2003-06-25,0.01128
2003-06-26,0.01130
2003-06-27,0.01128
2003-06-30,0.01128
2003-07-01,0.01123
2003-07-02,0.01136
2003-07-03,0.01139
2003-07-07,0.01159
2003-07-08,0.01161
2003-07-09,0.01160
2003-07-10,0.01156
2003-07-11,0.01165
2003-07-14,0.01167
2003-07-15,0.01179
2003-07-16,0.01164
2003-07-17,0.01159
2003-07-18,0.01155
2003-07-21,0.01145
2003-07-22,0.01142
2003-07-23,0.01133
2003-07-24,0.01134
2003-07-25,0.01130
2003-07-28,0.01127
2003-07-29,0.01127
2003-07-30,0.01132
2003-07-31,0.01141
2003-08-01,0.01139
2003-08-04,0.01121
2003-08-05,0.01127
2003-08-06,0.01121
2003-08-07,0.01133
2003-08-08,0.01140
2003-08-11,0.01148
2003-08-12,0.01152
2003-08-13,0.01147
2003-08-14,0.01151
2003-08-15,0.01151
2003-08-18,0.01166
2003-08-19,0.01167
2003-08-20,0.01176
2003-08-21,0.01196
2003-08-22,0.01206
2003-08-25,0.01204
2003-08-26,0.01199
2003-08-27,0.01197
2003-08-28,0.01203
2003-08-29,0.01200
2003-09-02,0.01216
2003-09-03,0.01218
2003-09-04,0.01210
2003-09-05,0.01187
2003-09-08,0.01188
2003-09-09,0.01188
2003-09-10,0.01185
2003-09-11,0.01184
2003-09-12,0.01173
2003-09-15,0.01174
2003-09-16,0.01199
2003-09-17,0.01192
2003-09-18,0.01201
2003-09-19,0.01203
2003-09-22,0.01210
2003-09-23,0.01212
2003-09-24,0.01213
2003-09-25,0.01204
2003-09-26,0.01202
2003-09-29,0.01199
2003-09-30,0.01185
2003-10-01,0.01189
2003-10-02,0.01188
2003-10-03,0.01204
2003-10-06,0.01193
2003-10-07,0.01197
2003-10-08,0.01198
2003-10-09,0.01211
2003-10-10,0.01208
2003-10-14,0.01208
2003-10-15,0.01213
2003-10-16,0.01214
2003-10-17,0.01218
2003-10-20,0.01207
2003-10-21,0.01212
2003-10-22,0.01206
2003-10-23,0.01198
2003-10-24,0.01196
2003-10-27,0.01214
2003-10-28,0.01227
2003-10-29,0.01229
2003-10-30,0.01224
2003-10-31,0.01215
2003-11-03,0.01224
2003-11-04,0.01240
2003-11-05,0.01242
2003-11-06,0.01247
2003-11-07,0.01248
2003-11-10,0.01265
2003-11-12,0.01241
2003-11-13,0.01239
2003-11-14,0.01230
2003-11-17,0.01215
2003-11-18,0.01208
2003-11-19,0.01195
2003-11-20,0.01195
2003-11-21,0.01193
2003-11-24,0.01207
2003-11-25,0.01201
2003-11-26,0.01191
2003-11-28,0.01179
2003-12-01,0.01186
2003-12-02,0.01183
2003-12-03,0.01191
2003-12-04,0.01193
2003-12-05,0.01183
2003-12-08,0.01181
2003-12-09,0.01180
2003-12-10,0.01168
2003-12-11,0.01179
2003-12-12,0.01172
2003-12-15,0.01175
2003-12-16,0.01171
2003-12-17,0.01169
2003-12-18,0.01163
2003-12-19,0.01164
2003-12-22,0.01168
2003-12-23,0.01171
2003-12-24,0.01162
2003-12-26,0.01168
2003-12-29,0.01168
2003-12-30,0.01164
2003-12-31,0.01156
2004-01-02,0.01158
2004-01-05,0.01161
2004-01-06,0.01156
2004-01-07,0.01166
2004-01-08,0.01154
2004-01-09,0.01144
2004-01-12,0.01148
2004-01-13,0.01154
2004-01-14,0.01157
2004-01-15,0.01171
2004-01-16,0.01185
2004-01-20,0.01163
2004-01-21,0.01163
2004-01-22,0.01163
2004-01-23,0.01170
2004-01-26,0.01176
2004-01-27,0.01174
2004-01-28,0.01178
2004-01-29,0.01190
2004-01-30,0.01190
2004-02-02,0.01196
2004-02-03,0.01184
2004-02-04,0.01184
2004-02-05,0.01179
2004-02-06,0.01169
2004-02-09,0.01171
2004-02-10,0.01168
2004-02-11,0.01167
2004-02-12,0.01167
2004-02-13,0.01172
2004-02-17,0.01160
2004-02-18,0.01156
2004-02-19,0.01160
2004-02-20,0.01155
2004-02-23,0.01160
2004-02-24,0.01147
2004-02-25,0.01155
2004-02-26,0.01155
2004-02-27,0.01161
2004-03-01,0.01166
2004-03-02,0.01176
2004-03-03,0.01183
2004-03-04,0.01165
2004-03-05,0.01142
2004-03-08,0.01141
2004-03-09,0.01143
2004-03-10,0.01162
2004-03-11,0.01153
2004-03-12,0.01161
2004-03-15,0.01157
2004-03-16,0.01175
2004-03-17,0.01187
2004-03-18,0.01179
2004-03-19,0.01188
2004-03-22,0.01176
2004-03-23,0.01182
2004-03-24,0.01194
2004-03-25,0.01202
2004-03-26,0.01216
2004-03-29,0.01220
2004-03-30,0.01211
2004-03-31,0.01217
2004-04-01,0.01218
2004-04-02,0.01237
2004-04-05,0.01239
2004-04-06,0.01221
2004-04-07,0.01214
2004-04-08,0.01209
2004-04-09,0.01204
2004-04-12,0.01217
2004-04-13,0.01218
2004-04-14,0.01197
2004-04-15,0.01201
2004-04-16,0.01199
2004-04-19,0.01190
2004-04-20,0.01206
2004-04-21,0.01198
2004-04-22,0.01196
2004-04-23,0.01207
2004-04-26,0.01208
2004-04-27,0.01185
2004-04-28,0.01192
2004-04-29,0.01178
2004-04-30,0.01176
2004-05-03,0.01179
2004-05-04,0.01166
2004-05-05,0.01175
2004-05-06,0.01171
2004-05-07,0.01159
2004-05-10,0.01143
2004-05-11,0.01148
2004-05-12,0.01139
2004-05-13,0.01145
2004-05-14,0.01138
2004-05-17,0.01121
2004-05-18,0.01124
2004-05-19,0.01133
2004-05-20,0.01138
2004-05-21,0.01142
2004-05-24,0.01138
2004-05-25,0.01131
2004-05-26,0.01139
2004-05-27,0.01125
2004-05-28,0.01138
2004-06-01,0.01133
2004-06-02,0.01130
2004-06-03,0.01127
2004-06-04,0.01118
2004-06-07,0.01129
2004-06-08,0.01127
2004-06-09,0.01141
2004-06-10,0.01138
2004-06-11,0.01144
2004-06-14,0.01131
2004-06-15,0.01141
2004-06-16,0.01151
2004-06-17,0.01146
2004-06-18,0.01145
2004-06-21,0.01148
2004-06-22,0.01148
2004-06-23,0.01154
2004-06-24,0.01160
2004-06-25,0.01160
2004-06-28,0.01156
2004-06-29,0.01166
2004-06-30,0.01144
2004-07-01,0.01156
2004-07-02,0.01136
2004-07-06,0.01130
2004-07-07,0.01132
2004-07-08,0.01126
2004-07-09,0.01133
2004-07-12,0.01131
2004-07-13,0.01133
2004-07-14,0.01126
2004-07-15,0.01127
2004-07-16,0.01128
2004-07-19,0.01134
2004-07-20,0.01142
2004-07-21,0.01140
2004-07-22,0.01136
2004-07-23,0.01147
2004-07-26,0.01148
2004-07-27,0.01148
2004-07-28,0.01142
2004-07-29,0.01140
2004-07-30,0.01149
2004-08-02,0.01151
2004-08-03,0.01156
2004-08-04,0.01145
2004-08-05,0.01144
2004-08-06,0.01137
2004-08-09,0.01135
2004-08-10,0.01131
2004-08-11,0.01138
2004-08-12,0.01133
2004-08-13,0.01121
2004-08-16,0.01124
2004-08-17,0.01133
2004-08-18,0.01139
2004-08-19,0.01136
2004-08-20,0.01142
2004-08-23,0.01156
2004-08-24,0.01161
2004-08-25,0.01154
2004-08-26,0.01162
2004-08-27,0.01172
2004-08-30,0.01164
2004-08-31,0.01160
2004-09-01,0.01151
2004-09-02,0.01152
2004-09-03,0.01151
2004-09-07,0.01162
2004-09-08,0.01156
2004-09-09,0.01152
2004-09-10,0.01149
2004-09-13,0.01143
2004-09-14,0.01150
2004-09-15,0.01151
2004-09-16,0.01158
2004-09-17,0.01155
2004-09-20,0.01159
2004-09-21,0.01146
2004-09-22,0.01141
2004-09-23,0.01140
2004-09-24,0.01141
2004-09-27,0.01133
2004-09-28,0.01131
2004-09-29,0.01138
2004-09-30,0.01132
2004-10-01,0.01131
2004-10-04,0.01139
2004-10-05,0.01135
2004-10-06,0.01135
2004-10-07,0.01138
2004-10-08,0.01141
2004-10-12,0.01144
2004-10-13,0.01148
2004-10-14,0.01136
2004-10-15,0.01129
2004-10-18,0.01126
2004-10-19,0.01135
2004-10-20,0.01126
2004-10-21,0.01133
2004-10-22,0.01132
2004-10-25,0.01124
2004-10-26,0.01127
2004-10-27,0.01130
2004-10-28,0.01128
2004-10-29,0.01131
2004-11-01,0.01130
2004-11-02,0.01136
2004-11-03,0.01127
2004-11-04,0.01118
2004-11-05,0.01118
2004-11-08,0.01118
2004-11-09,0.01118
2004-11-10,0.01103
2004-11-12,0.01111
2004-11-15,0.01117
2004-11-16,0.01115
2004-11-17,0.01118
2004-11-18,0.01122
2004-11-19,0.01127
2004-11-22,0.01126
2004-11-23,0.01120
2004-11-24,0.01117
2004-11-26,0.01110
2004-11-29,0.01111
2004-11-30,0.01108
2004-12-01,0.01113
2004-12-02,0.01116
2004-12-03,0.01111
2004-12-06,0.01108
2004-12-07,0.01108
2004-12-08,0.01106
2004-12-09,0.01100
2004-12-10,0.01101
2004-12-13,0.01102
2004-12-14,0.01095
2004-12-15,0.01095
2004-12-16,0.01107
2004-12-17,0.01110
2004-12-20,0.01104
2004-12-21,0.01105
2004-12-22,0.01109
2004-12-23,0.01103
2004-12-24,0.01102
2004-12-27,0.01102
2004-12-28,0.01099
2004-12-29,0.01091
2004-12-30,0.01100
2004-12-31,0.01111
2005-01-03,0.01115
2005-01-04,0.01120
2005-01-05,0.01123
2005-01-06,0.01119
2005-01-07,0.01130
2005-01-10,0.01130
2005-01-11,0.01137
2005-01-12,0.01139
2005-01-13,0.01143
2005-01-14,0.01153
2005-01-18,0.01157
2005-01-19,0.01154
2005-01-20,0.01152
2005-01-21,0.01152
2005-01-24,0.01155
2005-01-25,0.01148
2005-01-26,0.01149
2005-01-27,0.01150
2005-01-28,0.01148
2005-01-31,0.01147
2005-02-01,0.01149
2005-02-02,0.01148
2005-02-03,0.01151
2005-02-04,0.01163
2005-02-07,0.01168
2005-02-08,0.01155
2005-02-09,0.01150
2005-02-10,0.01144
2005-02-11,0.01144
2005-02-14,0.01141
2005-02-15,0.01143
2005-02-16,0.01128
2005-02-17,0.01122
2005-02-18,0.01119
2005-02-22,0.01115
2005-02-23,0.01109
2005-02-24,0.01109
2005-02-25,0.01111
2005-02-28,0.01111
2005-03-01,0.01117
2005-03-02,0.01123
2005-03-03,0.01122
2005-03-04,0.01118
2005-03-07,0.01117
2005-03-08,0.01111
2005-03-09,0.01118
2005-03-10,0.01109
2005-03-11,0.01107
2005-03-14,0.01107
2005-03-15,0.01115
2005-03-16,0.01107
2005-03-17,0.01106
2005-03-18,0.01113
2005-03-21,0.01121
2005-03-22,0.01120
2005-03-23,0.01130
2005-03-24,0.01128
2005-03-25,0.01128
2005-03-28,0.01125
2005-03-29,0.01120
2005-03-30,0.01115
2005-03-31,0.01115
2005-04-01,0.01119
2005-04-04,0.01118
2005-04-05,0.01114
2005-04-06,0.01110
2005-04-07,0.01108
2005-04-08,0.01107
2005-04-11,0.01107
2005-04-12,0.01112
2005-04-13,0.01118
2005-04-14,0.01122
2005-04-15,0.01116
2005-04-18,0.01104
2005-04-19,0.01107
2005-04-20,0.01104
2005-04-21,0.01103
2005-04-22,0.01117
2005-04-25,0.01125
2005-04-26,0.01122
2005-04-27,0.01125
2005-04-28,0.01125
2005-04-29,0.01137
2005-05-02,0.01140
2005-05-03,0.01138
2005-05-04,0.01138
2005-05-05,0.01146
2005-05-06,0.01149
2005-05-09,0.01142
2005-05-10,0.01138
2005-05-11,0.01141
2005-05-12,0.01139
2005-05-13,0.01141
2005-05-16,0.01142
2005-05-17,0.01139
2005-05-18,0.01139
2005-05-19,0.01139
2005-05-20,0.01140
2005-05-23,0.01143
2005-05-24,0.01144
2005-05-25,0.01138
2005-05-26,0.01145
2005-05-27,0.01142
2005-05-31,0.01153
2005-06-01,0.01156
2005-06-02,0.01155
2005-06-03,0.01163
2005-06-06,0.01169
2005-06-07,0.01169
2005-06-08,0.01165
2005-06-09,0.01167
2005-06-10,0.01170
2005-06-13,0.01166
2005-06-14,0.01168
2005-06-15,0.01162
2005-06-16,0.01168
2005-06-17,0.01161
2005-06-20,0.01163
2005-06-21,0.01170
2005-06-22,0.01167
2005-06-23,0.01174
2005-06-24,0.01167
2005-06-27,0.01160
2005-06-28,0.01164
2005-06-29,0.01160
2005-06-30,0.01157
2005-07-01,0.01161
2005-07-05,0.01168
2005-07-06,0.01164
2005-07-07,0.01158
2005-07-08,0.01161
2005-07-11,0.01153
2005-07-12,0.01150
2005-07-13,0.01151
2005-07-14,0.01150
2005-07-15,0.01154
2005-07-18,0.01157
2005-07-19,0.01154
2005-07-20,0.01144
2005-07-21,0.01167
2005-07-22,0.01167
2005-07-25,0.01162
2005-07-26,0.01158
2005-07-27,0.01156
2005-07-28,0.01147
2005-07-29,0.01147
2005-08-01,0.01140
2005-08-02,0.01146
2005-08-03,0.01136
2005-08-04,0.01132
2005-08-05,0.01130
2005-08-08,0.01127
2005-08-09,0.01126
2005-08-10,0.01139
2005-08-11,0.01136
2005-08-12,0.01140
2005-08-15,0.01147
2005-08-16,0.01150
2005-08-17,0.01149
2005-08-18,0.01149
2005-08-19,0.01153
2005-08-22,0.01156
2005-08-23,0.01158
2005-08-24,0.01149
2005-08-25,0.01142
2005-08-26,0.01142
2005-08-29,0.01144
2005-08-30,0.01139
2005-08-31,0.01132
2005-09-01,0.01126
2005-09-02,0.01120
2005-09-06,0.01128
2005-09-07,0.01127
2005-09-08,0.01126
2005-09-09,0.01132
2005-09-12,0.01144
2005-09-13,0.01139
2005-09-14,0.01141
2005-09-15,0.01147
2005-09-16,0.01141
2005-09-19,0.01147
2005-09-20,0.01144
2005-09-21,0.01142
2005-09-22,0.01145
2005-09-23,0.01149
2005-09-26,0.01151
2005-09-27,0.01144
2005-09-28,0.01144
2005-09-29,0.01146
2005-09-30,0.01138
2005-10-03,0.01141
2005-10-04,0.01139
2005-10-05,0.01136
2005-10-06,0.01123
2005-10-07,0.01124
2005-10-11,0.01128
2005-10-12,0.01124
2005-10-13,0.01129
2005-10-14,0.01126
2005-10-17,0.01124
2005-10-18,0.01125
2005-10-19,0.01121
2005-10-20,0.01118
2005-10-21,0.01114
2005-10-24,0.01116
2005-10-25,0.01112
2005-10-26,0.01106
2005-10-27,0.01106
2005-10-28,0.01105
2005-10-31,0.01109
2005-11-01,0.01106
2005-11-02,0.01095
2005-11-03,0.01100
2005-11-04,0.01104
2005-11-07,0.01113
2005-11-08,0.01119
2005-11-09,0.01116
2005-11-10,0.01110
2005-11-14,0.01111
2005-11-15,0.01110
2005-11-16,0.01112
2005-11-17,0.01113
2005-11-18,0.01106
2005-11-21,0.01108
2005-11-22,0.01107
2005-11-23,0.01107
2005-11-25,0.01103
2005-11-28,0.01099
2005-11-29,0.01099
2005-11-30,0.01099
2005-12-01,0.01095
2005-12-02,0.01093
2005-12-05,0.01083
2005-12-06,0.01081
2005-12-07,0.01086
2005-12-08,0.01081
2005-12-09,0.01080
2005-12-12,0.01074
2005-12-13,0.01078
2005-12-14,0.01095
2005-12-15,0.01106
2005-12-16,0.01114
2005-12-19,0.01115
2005-12-20,0.01120
2005-12-21,0.01120
2005-12-22,0.01124
2005-12-23,0.01129
2005-12-27,0.01123
2005-12-28,0.01116
2005-12-29,0.01115
2005-12-30,0.01115
2006-01-03,0.01112
2006-01-04,0.01101
2006-01-05,0.01101
2006-01-06,0.01109
2006-01-09,0.01116
2006-01-10,0.01117
2006-01-11,0.01117
2006-01-12,0.01125
2006-01-13,0.01119
2006-01-17,0.01108
2006-01-18,0.01112
2006-01-19,0.01114
2006-01-20,0.01111
2006-01-23,0.01099
2006-01-24,0.01100
2006-01-25,0.01092
2006-01-26,0.01091
2006-01-27,0.01092
2006-01-30,0.01094
2006-01-31,0.01094
2006-02-01,0.01090
2006-02-02,0.01086
2006-02-03,0.01088
2006-02-06,0.01094
2006-02-07,0.01100
2006-02-08,0.01098
2006-02-09,0.01096
2006-02-10,0.01109
2006-02-13,0.01111
2006-02-14,0.01115
2006-02-15,0.01111
2006-02-16,0.01113
2006-02-17,0.01108
2006-02-21,0.01101
2006-02-22,0.01107
2006-02-23,0.01118
2006-02-24,0.01126
2006-02-27,0.01138
2006-02-28,0.01132
2006-03-01,0.01133
2006-03-02,0.01124
2006-03-03,0.01115
2006-03-06,0.01107
2006-03-07,0.01115
2006-03-08,0.01110
2006-03-09,0.01114
2006-03-10,0.01109
2006-03-13,0.01104
2006-03-14,0.01108
2006-03-15,0.01108
2006-03-16,0.01104
2006-03-17,0.01113
2006-03-20,0.01111
2006-03-21,0.01112
2006-03-22,0.01116
2006-03-23,0.01119
2006-03-24,0.01115
2006-03-27,0.01123
2006-03-28,0.01109
2006-03-29,0.01111
2006-03-30,0.01106
2006-03-31,0.01109
2006-04-03,0.01107
2006-04-04,0.01098
2006-04-05,0.01093
2006-04-06,0.01097
2006-04-07,0.01101
2006-04-10,0.01099
2006-04-11,0.01096
2006-04-12,0.01097
2006-04-13,0.01096
2006-04-14,0.01095
2006-04-17,0.01086
2006-04-18,0.01084
2006-04-19,0.01081
2006-04-20,0.01087
2006-04-21,0.01091
2006-04-24,0.01105
2006-04-25,0.01105
2006-04-26,0.01105
2006-04-27,0.01106
2006-04-28,0.01091
2006-05-01,0.01096
2006-05-02,0.01090
2006-05-03,0.01089
2006-05-04,0.01084
2006-05-05,0.01090
2006-05-08,0.01100
2006-05-09,0.01098
2006-05-10,0.01102
2006-05-11,0.01098
2006-05-12,0.01088
2006-05-15,0.01097
2006-05-16,0.01101
2006-05-17,0.01101
2006-05-18,0.01093
2006-05-19,0.01090
2006-05-22,0.01079
2006-05-23,0.01085
2006-05-24,0.01080
2006-05-25,0.01089
2006-05-26,0.01089
2006-05-30,0.01080
2006-05-31,0.01083
2006-06-01,0.01085
2006-06-02,0.01082
2006-06-05,0.01077
2006-06-06,0.01073
2006-06-07,0.01077
2006-06-08,0.01079
2006-06-09,0.01082
2006-06-12,0.01081
2006-06-13,0.01074
2006-06-14,0.01068
2006-06-15,0.01070
2006-06-16,0.01071
2006-06-19,0.01077
2006-06-20,0.01078
2006-06-21,0.01074
2006-06-22,0.01071
2006-06-23,0.01073
2006-06-26,0.01070
2006-06-27,0.01069
2006-06-28,0.01072
2006-06-29,0.01075
2006-06-30,0.01070
2006-07-03,0.01066
2006-07-05,0.01067
2006-07-06,0.01068
2006-07-07,0.01072
2006-07-10,0.01079
2006-07-11,0.01076
2006-07-12,0.01070
2006-07-13,0.01068
2006-07-14,0.01062
2006-07-17,0.01066
2006-07-18,0.01067
2006-07-19,0.01067
2006-07-20,0.01064
2006-07-21,0.01064
2006-07-24,0.01068
2006-07-25,0.01069
2006-07-26,0.01069
2006-07-27,0.01069
2006-07-28,0.01075
2006-07-31,0.01076
2006-08-01,0.01071
2006-08-02,0.01073
2006-08-03,0.01070
2006-08-04,0.01069
2006-08-07,0.01064
2006-08-08,0.01066
2006-08-09,0.01062
2006-08-10,0.01070
2006-08-11,0.01066
2006-08-14,0.01064
2006-08-15,0.01067
2006-08-16,0.01061
2006-08-17,0.01063
2006-08-18,0.01066
2006-08-21,0.01055
2006-08-22,0.01058
2006-08-23,0.01061
2006-08-24,0.01064
2006-08-25,0.01055
2006-08-28,0.01055
2006-08-29,0.01057
2006-08-30,0.01050
2006-08-31,0.01051
2006-09-01,0.01050
2006-09-05,0.01064
2006-09-06,0.01060
2006-09-07,0.01067
2006-09-08,0.01068
2006-09-11,0.01059
2006-09-12,0.01059
2006-09-13,0.01063
2006-09-14,0.01064
2006-09-15,0.01069
2006-09-18,0.01063
2006-09-19,0.01064
2006-09-20,0.01066
2006-09-21,0.01072
2006-09-22,0.01060
2006-09-25,0.01064
2006-09-26,0.01061
2006-09-27,0.01059
2006-09-28,0.01059
2006-09-29,0.01060
2006-10-02,0.01056
2006-10-03,0.01057
2006-10-04,0.01061
2006-10-05,0.01065
2006-10-06,0.01060
2006-10-10,0.01060
2006-10-11,0.01063
2006-10-12,0.01063
2006-10-13,0.01064
2006-10-16,0.01066
2006-10-17,0.01066
2006-10-18,0.01068
2006-10-19,0.01066
2006-10-20,0.01060
2006-10-23,0.01063
2006-10-24,0.01061
2006-10-25,0.01062
2006-10-26,0.01059
2006-10-27,0.01062
2006-10-30,0.01064
2006-10-31,0.01064
2006-11-01,0.01063
2006-11-02,0.01062
2006-11-03,0.01063
2006-11-06,0.01061
2006-11-07,0.01061
2006-11-08,0.01061
2006-11-09,0.01053
2006-11-10,0.01055
2006-11-13,0.01053
2006-11-14,0.01058
2006-11-15,0.01056
2006-11-16,0.01055
2006-11-17,0.01057
2006-11-20,0.01052
2006-11-21,0.01052
2006-11-22,0.01053
2006-11-24,0.01045
2006-11-27,0.01041
2006-11-28,0.01039
2006-11-29,0.01040
2006-11-30,0.01036
2006-12-01,0.01036
2006-12-04,0.01036
2006-12-05,0.01036
2006-12-06,0.01037
2006-12-07,0.01038
2006-12-08,0.01036
2006-12-11,0.01029
2006-12-12,0.01027
2006-12-13,0.01027
2006-12-14,0.01031
2006-12-15,0.01036
2006-12-18,0.01036
2006-12-19,0.01030
2006-12-20,0.01028
2006-12-21,0.01029
2006-12-22,0.01027
2006-12-26,0.01026
2006-12-27,0.01032
2006-12-28,0.01026
2006-12-29,0.01025
2007-01-02,0.01020
2007-01-03,0.01026
2007-01-04,0.01032
2007-01-05,0.01041
2007-01-08,0.01043
2007-01-09,0.01040
2007-01-10,0.01042
2007-01-11,0.01036
2007-01-12,0.01037
2007-01-16,0.01034
2007-01-17,0.01033
2007-01-18,0.01030
2007-01-19,0.01029
2007-01-22,0.01027
2007-01-23,0.01021
2007-01-24,0.01033
2007-01-25,0.01028
2007-01-26,0.01031
2007-01-29,0.01028
2007-01-30,0.01030
2007-01-31,0.01030
2007-02-01,0.01030
2007-02-02,0.01031
2007-02-05,0.01037
2007-02-06,0.01031
2007-02-07,0.01028
2007-02-08,0.01029
2007-02-09,0.01027
2007-02-12,0.01029
2007-02-13,0.01030
2007-02-14,0.01026
2007-02-15,0.01035
2007-02-16,0.01035
2007-02-20,0.01030
2007-02-21,0.01024
2007-02-22,0.01021
2007-02-23,0.01018
2007-02-26,0.01021
2007-02-27,0.01028
2007-02-28,0.01030
2007-03-01,0.01040
2007-03-02,0.01042
2007-03-05,0.01053
2007-03-06,0.01051
2007-03-07,0.01049
2007-03-08,0.01047
2007-03-09,0.01044
2007-03-12,0.01042
2007-03-13,0.01045
2007-03-14,0.01043
2007-03-15,0.01035
2007-03-16,0.01034
2007-03-19,0.01031
2007-03-20,0.01035
2007-03-21,0.01031
2007-03-22,0.01029
2007-03-23,0.01033
2007-03-26,0.01031
2007-03-27,0.01030
2007-03-28,0.01040
2007-03-29,0.01033
2007-03-30,0.01031
2007-04-02,0.01031
2007-04-03,0.01026
2007-04-04,0.01027
2007-04-05,0.01024
2007-04-06,0.01024
2007-04-09,0.01027
2007-04-10,0.01022
2007-04-11,0.01022
2007-04-12,0.01022
2007-04-13,0.01019
2007-04-16,0.01012
2007-04-17,0.01016
2007-04-18,0.01019
2007-04-19,0.01018
2007-04-20,0.01017
2007-04-23,0.01020
2007-04-24,0.01015
2007-04-25,0.01014
2007-04-26,0.01012
2007-04-27,0.01010
2007-04-30,0.01010
2007-05-01,0.01015
2007-05-02,0.01011
2007-05-03,0.01010
2007-05-04,0.01008
2007-05-07,0.01008
2007-05-08,0.01016
2007-05-09,0.01015
2007-05-10,0.01013
2007-05-11,0.01014
2007-05-14,0.01013
2007-05-15,0.01009
2007-05-16,0.01012
2007-05-17,0.01011
2007-05-18,0.01013
2007-05-21,0.01012
2007-05-22,0.01013
2007-05-23,0.01009
2007-05-24,0.01012
2007-05-25,0.01009
2007-05-29,0.01004
2007-05-30,0.01009
2007-05-31,0.01006
2007-06-01,0.01007
2007-06-04,0.01005
2007-06-05,0.01003
2007-06-06,0.01006
2007-06-07,0.01009
2007-06-08,0.01015
2007-06-11,0.01017
2007-06-12,0.01020
2007-06-13,0.01017
2007-06-14,0.01013
2007-06-15,0.01006
2007-06-18,0.01003
2007-06-19,0.01005
2007-06-20,0.01001
2007-06-21,0.01003
2007-06-22,0.00993
2007-06-25,0.00994
2007-06-26,0.00995
2007-06-27,0.01003
2007-06-28,0.00999
2007-06-29,0.00992
2007-07-02,0.00990
2007-07-03,0.00993
2007-07-05,0.00992
2007-07-06,0.00988
2007-07-09,0.00987
2007-07-10,0.00988
2007-07-11,0.00986
2007-07-12,0.00982
2007-07-13,0.00985
2007-07-16,0.00986
2007-07-17,0.00983
2007-07-18,0.00985
2007-07-19,0.00985
2007-07-20,0.00990
2007-07-23,0.00994
2007-07-24,0.00999
2007-07-25,0.01009
2007-07-26,0.01013
2007-07-27,0.01018
2007-07-30,0.01015
2007-07-31,0.01009
2007-08-01,0.01012
2007-08-02,0.01010
2007-08-03,0.01008
2007-08-06,0.01006
2007-08-07,0.01009
2007-08-08,0.00997
2007-08-09,0.01008
2007-08-10,0.01014
2007-08-13,0.01018
2007-08-14,0.01023
2007-08-15,0.01039
2007-08-16,0.01068
2007-08-17,0.01058
2007-08-20,0.01054
2007-08-21,0.01052
2007-08-22,0.01049
2007-08-23,0.01041
2007-08-24,0.01035
2007-08-27,0.01037
2007-08-28,0.01047
2007-08-29,0.01038
2007-08-30,0.01039
2007-08-31,0.01042
2007-09-03,0.01042
2007-09-04,0.01042
2007-09-05,0.01044
2007-09-06,0.01041
2007-09-07,0.01046
2007-09-10,0.01046
2007-09-11,0.01041
2007-09-12,0.01037
2007-09-13,0.01029
2007-09-14,0.01033
2007-09-17,0.01033
2007-09-18,0.01027
2007-09-19,0.01020
2007-09-20,0.01024
2007-09-21,0.01015
2007-09-24,0.01021
2007-09-25,0.01020
2007-09-26,0.01012
2007-09-27,0.01014
2007-09-28,0.01015
2007-10-01,0.01008
2007-10-02,0.01014
2007-10-03,0.01010
2007-10-04,0.01008
2007-10-05,0.01007
2007-10-08,0.01007
2007-10-09,0.01012
2007-10-10,0.01008
2007-10-11,0.01003
2007-10-12,0.01009
2007-10-15,0.01005
2007-10-16,0.01015
2007-10-17,0.01013
2007-10-18,0.01012
2007-10-19,0.01018
2007-10-22,0.01032
2007-10-23,0.01023
2007-10-24,0.01029
2007-10-25,0.01023
2007-10-26,0.01020
2007-10-29,0.01016
2007-10-30,0.01012
2007-10-31,0.01005
2007-11-01,0.01009
2007-11-02,0.01006
2007-11-05,0.01007
2007-11-06,0.01000
2007-11-07,0.01001
2007-11-08,0.01000
2007-11-09,0.01013
2007-11-13,0.01020
2007-11-14,0.01008
2007-11-15,0.01013
2007-11-16,0.01006
2007-11-19,0.01014
2007-11-20,0.01009
2007-11-21,0.01017
2007-11-22,0.01017
2007-11-23,0.01019
2007-11-26,0.01017
2007-11-27,0.01017
2007-11-28,0.01013
2007-11-29,0.01017
2007-11-30,0.01017
2007-12-03,0.01022
2007-12-04,0.01019
2007-12-05,0.01015
2007-12-06,0.01015
2007-12-07,0.01011
2007-12-10,0.01010
2007-12-11,0.01014
2007-12-12,0.01011
2007-12-13,0.01018
2007-12-14,0.01018
2007-12-17,0.01018
2007-12-18,0.01019
2007-12-19,0.01019
2007-12-20,0.01024
2007-12-21,0.01015
2007-12-24,0.01011
2007-12-26,0.01008
2007-12-27,0.01001
2007-12-28,0.00998
2007-12-31,0.01014
2008-01-02,0.01019
2008-01-03,0.01016
2008-01-04,0.01021
2008-01-07,0.01024
2008-01-08,0.01019
2008-01-09,0.01019
2008-01-10,0.01012
2008-01-11,0.01011
2008-01-14,0.01010
2008-01-15,0.01020
2008-01-16,0.01026
2008-01-17,0.01027
2008-01-18,0.01031
2008-01-22,0.01029
2008-01-23,0.01034
2008-01-24,0.01019
2008-01-25,0.01024
2008-01-28,0.01020
2008-01-29,0.01022
2008-01-30,0.01019
2008-01-31,0.01016
2008-02-01,0.01018
2008-02-04,0.01021
2008-02-05,0.01029
2008-02-06,0.01028
2008-02-07,0.01034
2008-02-08,0.01028
2008-02-11,0.01034
2008-02-12,0.01025
2008-02-13,0.01024
2008-02-14,0.01017
2008-02-15,0.01014
2008-02-19,0.01017
2008-02-20,0.01019
2008-02-21,0.01014
2008-02-22,0.01015
2008-02-25,0.01006
2008-02-26,0.01007
2008-02-27,0.01000
2008-02-28,0.00997
2008-02-29,0.01002
2008-03-03,0.01007
2008-03-04,0.01008
2008-03-05,0.00997
2008-03-06,0.00998
2008-03-07,0.00998
2008-03-10,0.01001
2008-03-11,0.01000
2008-03-12,0.00998
2008-03-13,0.01006
2008-03-14,0.01005
2008-03-17,0.01018
2008-03-18,0.01008
2008-03-19,0.01007
2008-03-20,0.01023
2008-03-21,0.01015
2008-03-24,0.01015
2008-03-25,0.01008
2008-03-26,0.01004
2008-03-27,0.00994
2008-03-28,0.01001
2008-03-31,0.00994
2008-04-01,0.00993
2008-04-02,0.00987
2008-04-03,0.00986
2008-04-04,0.00988
2008-04-07,0.00989
2008-04-08,0.00989
2008-04-09,0.00984
2008-04-10,0.00988
2008-04-11,0.00991
2008-04-14,0.00989
2008-04-15,0.00989
2008-04-16,0.00984
2008-04-17,0.00981
2008-04-18,0.00981
2008-04-21,0.00979
2008-04-22,0.00974
2008-04-23,0.00980
2008-04-24,0.00992
2008-04-25,0.00992
2008-04-28,0.00991
2008-04-29,0.00999
2008-04-30,0.00997
2008-05-01,0.01007
2008-05-02,0.01003
2008-05-05,0.01003
2008-05-06,0.01003
2008-05-07,0.01005
2008-05-08,0.01012
2008-05-09,0.01013
2008-05-12,0.01006
2008-05-13,0.01005
2008-05-14,0.01004
2008-05-15,0.01007
2008-05-16,0.01006
2008-05-19,0.01009
2008-05-20,0.01001
2008-05-21,0.00996
2008-05-22,0.00992
2008-05-23,0.00992
2008-05-27,0.00989
2008-05-28,0.00992
2008-05-29,0.00993
2008-05-30,0.00989
2008-06-02,0.00994
2008-06-03,0.00991
2008-06-04,0.00991
2008-06-05,0.00981
2008-06-06,0.00972
2008-06-09,0.00965
2008-06-10,0.00971
2008-06-11,0.00967
2008-06-12,0.00967
2008-06-13,0.00972
2008-06-16,0.00965
2008-06-17,0.00965
2008-06-18,0.00964
2008-06-19,0.00969
2008-06-20,0.00963
2008-06-23,0.00971
2008-06-24,0.00964
2008-06-25,0.00963
2008-06-26,0.00958
2008-06-27,0.00960
2008-06-30,0.00961
2008-07-01,0.00963
2008-07-02,0.00959
2008-07-03,0.00962
2008-07-07,0.00960
2008-07-08,0.00962
2008-07-09,0.00962
2008-07-10,0.00961
2008-07-11,0.00959
2008-07-14,0.00957
2008-07-15,0.00963
2008-07-16,0.00970
2008-07-17,0.00964
2008-07-18,0.00956
2008-07-21,0.00956
2008-07-22,0.00960
2008-07-23,0.00963
2008-07-24,0.00965
2008-07-25,0.00963
2008-07-28,0.00961
2008-07-29,0.00966
2008-07-30,0.00969
2008-07-31,0.00970
2008-08-01,0.00974
2008-08-04,0.00969
2008-08-05,0.00975
2008-08-06,0.00969
2008-08-07,0.00970
2008-08-08,0.00981
2008-08-11,0.00984
2008-08-12,0.00991
2008-08-13,0.00999
2008-08-14,0.00994
2008-08-15,0.00992
2008-08-18,0.00996
2008-08-19,0.00996
2008-08-20,0.01001
2008-08-21,0.01002
2008-08-22,0.00998
2008-08-25,0.01001
2008-08-26,0.01002
2008-08-27,0.01003
2008-08-28,0.01003
2008-08-29,0.01014
2008-09-02,0.01017
2008-09-03,0.01022
2008-09-04,0.01030
2008-09-05,0.01039
2008-09-08,0.01048
2008-09-09,0.01050
2008-09-10,0.01053
2008-09-11,0.01068
2008-09-12,0.01054
2008-09-15,0.01059
2008-09-16,0.01065
2008-09-17,0.01070
2008-09-18,0.01048
2008-09-19,0.01036
2008-09-22,0.01019
2008-09-23,0.01022
2008-09-24,0.01027
2008-09-25,0.01022
2008-09-26,0.01027
2008-09-29,0.01043
2008-09-30,0.01056
2008-10-01,0.01057
2008-10-02,0.01077
2008-10-03,0.01068
2008-10-06,0.01131
2008-10-07,0.01114
2008-10-08,0.01130
2008-10-09,0.01124
2008-10-10,0.01128
2008-10-14,0.01111
2008-10-15,0.01118
2008-10-16,0.01128
2008-10-17,0.01118
2008-10-20,0.01131
2008-10-21,0.01153
2008-10-22,0.01182
2008-10-23,0.01191
2008-10-24,0.01244
2008-10-27,0.01242
2008-10-28,0.01214
2008-10-29,0.01166
2008-10-30,0.01175
2008-10-31,0.01187
2008-11-03,0.01180
2008-11-04,0.01157
2008-11-05,0.01173
2008-11-06,0.01198
2008-11-07,0.01198
2008-11-10,0.01203
2008-11-12,0.01234
2008-11-13,0.01250
2008-11-14,0.01228
2008-11-17,0.01232
2008-11-18,0.01230
2008-11-19,0.01251
2008-11-20,0.01284
2008-11-21,0.01282
2008-11-24,0.01238
2008-11-25,0.01242
2008-11-26,0.01264
2008-11-28,0.01274
2008-12-01,0.01289
2008-12-02,0.01288
2008-12-03,0.01302
2008-12-04,0.01290
2008-12-05,0.01328
2008-12-08,0.01297
2008-12-09,0.01305
2008-12-10,0.01286
2008-12-11,0.01291
2008-12-12,0.01293
2008-12-15,0.01278
2008-12-16,0.01268
2008-12-17,0.01235
2008-12-18,0.01200
2008-12-19,0.01241
2008-12-22,0.01216
2008-12-23,0.01199
2008-12-24,0.01190
2008-12-26,0.01180
2008-12-29,0.01155
2008-12-30,0.01169
2008-12-31,0.01176
2009-01-02,0.01173
2009-01-05,0.01189
2009-01-06,0.01190
2009-01-07,0.01180
2009-01-08,0.01199
2009-01-09,0.01229
2009-01-12,0.01253
2009-01-13,0.01251
2009-01-14,0.01252
2009-01-15,0.01254
2009-01-16,0.01238
2009-01-20,0.01268
2009-01-21,0.01307
2009-01-22,0.01302
2009-01-23,0.01311
2009-01-26,0.01281
2009-01-27,0.01280
2009-01-28,0.01287
2009-01-29,0.01282
2009-01-30,0.01293
2009-02-02,0.01295
2009-02-03,0.01282
2009-02-04,0.01293
2009-02-05,0.01281
2009-02-06,0.01272
2009-02-09,0.01264
2009-02-10,0.01272
2009-02-11,0.01279
2009-02-12,0.01285
2009-02-13,0.01261
2009-02-17,0.01274
2009-02-18,0.01259
2009-02-19,0.01248
2009-02-20,0.01244
2009-02-23,0.01229
2009-02-24,0.01208
2009-02-25,0.01197
2009-02-26,0.01182
2009-02-27,0.01194
2009-03-02,0.01206
2009-03-03,0.01198
2009-03-04,0.01184
2009-03-05,0.01193
2009-03-06,0.01177
2009-03-09,0.01177
2009-03-10,0.01173
2009-03-11,0.01185
2009-03-12,0.01215
2009-03-13,0.01212
2009-03-16,0.01204
2009-03-17,0.01196
2009-03-18,0.01190
2009-03-19,0.01192
2009-03-20,0.01169
2009-03-23,0.01160
2009-03-24,0.01153
2009-03-25,0.01150
2009-03-26,0.01145
2009-03-27,0.01167
2009-03-30,0.01183
2009-03-31,0.01149
2009-04-01,0.01159
2009-04-02,0.01141
2009-04-03,0.01133
2009-04-06,0.01131
2009-04-07,0.01136
2009-04-08,0.01146
2009-04-09,0.01153
2009-04-10,0.01154
2009-04-13,0.01134
2009-04-14,0.01149
2009-04-15,0.01153
2009-04-16,0.01155
2009-04-17,0.01177
2009-04-20,0.01192
2009-04-21,0.01182
2009-04-22,0.01185
2009-04-23,0.01183
2009-04-24,0.01171
2009-04-27,0.01188
2009-04-28,0.01194
2009-04-29,0.01166
2009-04-30,0.01155
2009-05-01,0.01145
2009-05-04,0.01139
2009-05-05,0.01144
2009-05-06,0.01147
2009-05-07,0.01139
2009-05-08,0.01131
2009-05-11,0.01136
2009-05-12,0.01144
2009-05-13,0.01155
2009-05-14,0.01157
2009-05-15,0.01173
2009-05-18,0.01164
2009-05-19,0.01157
2009-05-20,0.01158
2009-05-21,0.01159
2009-05-22,0.01148
2009-05-26,0.01143
2009-05-27,0.01143
2009-05-28,0.01120
2009-05-29,0.01119
2009-06-01,0.01107
2009-06-02,0.01110
2009-06-03,0.01116
2009-06-04,0.01108
2009-06-05,0.01105
2009-06-08,0.01109
2009-06-09,0.01109
2009-06-10,0.01102
2009-06-11,0.01096
2009-06-12,0.01096
2009-06-15,0.01116
2009-06-16,0.01127
2009-06-17,0.01136
2009-06-18,0.01124
2009-06-19,0.01120
2009-06-22,0.01134
2009-06-23,0.01123
2009-06-24,0.01137
2009-06-25,0.01139
2009-06-26,0.01140
2009-06-29,0.01132
2009-06-30,0.01127
2009-07-01,0.01112
2009-07-02,0.01130
2009-07-03,0.01132
2009-07-06,0.01145
2009-07-07,0.01142
2009-07-08,0.01176
2009-07-09,0.01161
2009-07-10,0.01176
2009-07-13,0.01169
2009-07-14,0.01166
2009-07-15,0.01142
2009-07-16,0.01149
2009-07-17,0.01144
2009-07-20,0.01131
2009-07-21,0.01144
2009-07-22,0.01137
2009-07-23,0.01126
2009-07-24,0.01128
2009-07-27,0.01126
2009-07-28,0.01132
2009-07-29,0.01144
2009-07-30,0.01139
2009-07-31,0.01128
2009-08-03,0.01111
2009-08-04,0.01112
2009-08-05,0.01119
2009-08-06,0.01115
2009-08-07,0.01109
2009-08-10,0.01116
2009-08-11,0.01128
2009-08-12,0.01119
2009-08-13,0.01122
2009-08-14,0.01133
2009-08-17,0.01144
2009-08-18,0.01140
2009-08-19,0.01132
2009-08-20,0.01132
2009-08-21,0.01122
2009-08-24,0.01123
2009-08-25,0.01122
2009-08-26,0.01135
2009-08-27,0.01140
2009-08-28,0.01129
2009-08-31,0.01139
2009-09-01,0.01144
2009-09-02,0.01150
2009-09-03,0.01145
2009-09-04,0.01144
2009-09-08,0.01135
2009-09-09,0.01133
2009-09-10,0.01132
2009-09-11,0.01149
2009-09-14,0.01140
2009-09-15,0.01141
2009-09-16,0.01135
2009-09-17,0.01129
2009-09-18,0.01127
2009-09-21,0.01123
2009-09-22,0.01124
2009-09-23,0.01122
2009-09-24,0.01128
2009-09-25,0.01144
2009-09-28,0.01153
2009-09-29,0.01151
2009-09-30,0.01159
2009-10-01,0.01162
2009-10-02,0.01154
2009-10-05,0.01153
2009-10-06,0.01154
2009-10-07,0.01164
2009-10-08,0.01161
2009-10-09,0.01150
2009-10-13,0.01140
2009-10-14,0.01137
2009-10-15,0.01121
2009-10-16,0.01123
2009-10-19,0.01117
2009-10-20,0.01117
2009-10-21,0.01105
2009-10-22,0.01101
2009-10-23,0.01096
2009-10-26,0.01102
2009-10-27,0.01110
2009-10-28,0.01124
2009-10-29,0.01115
2009-10-30,0.01131
2009-11-02,0.01124
2009-11-03,0.01141
2009-11-04,0.01120
2009-11-05,0.01124
2009-11-06,0.01133
2009-11-09,0.01121
2009-11-10,0.01124
2009-11-12,0.01124
2009-11-13,0.01132
2009-11-16,0.01128
2009-11-17,0.01140
2009-11-18,0.01128
2009-11-19,0.01141
2009-11-20,0.01145
2009-11-23,0.01133
2009-11-24,0.01142
2009-11-25,0.01141
2009-11-27,0.01158
2009-11-30,0.01167
2009-12-01,0.01153
2009-12-02,0.01148
2009-12-03,0.01133
2009-12-04,0.01128
2009-12-07,0.01140
2009-12-08,0.01159
2009-12-09,0.01168
2009-12-10,0.01164
2009-12-11,0.01161
2009-12-14,0.01164
2009-12-15,0.01159
2009-12-16,0.01157
2009-12-17,0.01161
2009-12-18,0.01155
2009-12-21,0.01148
2009-12-22,0.01144
2009-12-23,0.01134
2009-12-24,0.01131
2009-12-28,0.01129
2009-12-29,0.01127
2009-12-30,0.01121
2009-12-31,0.01113
2010-01-04,0.01112
2010-01-05,0.01128
2010-01-06,0.01111
2010-01-07,0.01108
2010-01-08,0.01111
2010-01-11,0.01105
2010-01-12,0.01117
2010-01-13,0.01116
2010-01-14,0.01121
2010-01-15,0.01131
2010-01-19,0.01135
2010-01-20,0.01146
2010-01-21,0.01155
2010-01-22,0.01155
2010-01-25,0.01154
2010-01-26,0.01168
2010-01-27,0.01171
2010-01-28,0.01168
2010-01-29,0.01168
2010-02-01,0.01166
2010-02-02,0.01168
2010-02-03,0.01162
2010-02-04,0.01196
2010-02-05,0.01208
2010-02-08,0.01197
2010-02-09,0.01190
2010-02-10,0.01188
2010-02-11,0.01197
2010-02-12,0.01196
2010-02-16,0.01181
2010-02-17,0.01186
2010-02-18,0.01182
2010-02-19,0.01177
2010-02-22,0.01182
2010-02-23,0.01201
2010-02-24,0.01197
2010-02-25,0.01222
2010-02-26,0.01206
2010-03-01,0.01213
2010-03-02,0.01213
2010-03-03,0.01205
2010-03-04,0.01211
2010-03-05,0.01190
2010-03-08,0.01190
2010-03-09,0.01198
2010-03-10,0.01181
2010-03-11,0.01180
2010-03-12,0.01172
2010-03-15,0.01176
2010-03-16,0.01167
2010-03-17,0.01167
2010-03-18,0.01175
2010-03-19,0.01173
2010-03-22,0.01175
2010-03-23,0.01170
2010-03-24,0.01164
2010-03-25,0.01154
2010-03-26,0.01152
2010-03-29,0.01148
2010-03-30,0.01149
2010-03-31,0.01127
2010-04-01,0.01125
2010-04-02,0.01125
2010-04-05,0.01126
2010-04-06,0.01141
2010-04-07,0.01145
2010-04-08,0.01151
2010-04-09,0.01144
2010-04-12,0.01137
2010-04-13,0.01140
2010-04-14,0.01130
2010-04-15,0.01139
2010-04-16,0.01154
2010-04-19,0.01155
2010-04-20,0.01144
2010-04-21,0.01148
2010-04-22,0.01159
2010-04-23,0.01141
2010-04-26,0.01143
2010-04-27,0.01165
2010-04-28,0.01160
2010-04-29,0.01150
2010-04-30,0.01143
2010-05-03,0.01148
2010-05-04,0.01162
2010-05-05,0.01179
2010-05-06,0.01203
2010-05-07,0.01209
2010-05-10,0.01185
2010-05-11,0.01191
2010-05-12,0.01195
2010-05-13,0.01202
2010-05-14,0.01229
2010-05-17,0.01237
2010-05-18,0.01226
2010-05-19,0.01269
2010-05-20,0.01277
2010-05-21,0.01273
2010-05-24,0.01278
2010-05-25,0.01290
2010-05-26,0.01285
2010-05-27,0.01268
2010-05-28,0.01270
2010-06-01,0.01267
2010-06-02,0.01255
2010-06-03,0.01250
2010-06-04,0.01265
2010-06-07,0.01262
2010-06-08,0.01261
2010-06-09,0.01251
2010-06-10,0.01254
2010-06-11,0.01256
2010-06-14,0.01239
2010-06-15,0.01239
2010-06-16,0.01233
2010-06-17,0.01225
2010-06-18,0.01223
2010-06-21,0.01215
2010-06-22,0.01219
2010-06-23,0.01231
2010-06-24,0.01236
2010-06-25,0.01224
2010-06-28,0.01217
2010-06-29,0.01223
2010-06-30,0.01218
2010-07-01,0.01221
2010-07-02,0.01213
2010-07-06,0.01209
2010-07-07,0.01210
2010-07-08,0.01187
2010-07-09,0.01195
2010-07-12,0.01200
2010-07-13,0.01193
2010-07-14,0.01192
2010-07-15,0.01192
2010-07-16,0.01218
2010-07-19,0.01213
2010-07-20,0.01202
2010-07-21,0.01205
2010-07-22,0.01196
2010-07-23,0.01206
2010-07-26,0.01202
2010-07-27,0.01209
2010-07-28,0.01207
2010-07-29,0.01199
2010-07-30,0.01204
2010-08-02,0.01201
2010-08-03,0.01209
2010-08-04,0.01219
2010-08-05,0.01220
2010-08-06,0.01216
2010-08-09,0.01218
2010-08-10,0.01231
2010-08-11,0.01240
2010-08-12,0.01222
2010-08-13,0.01221
2010-08-16,0.01216
2010-08-17,0.01220
2010-08-18,0.01220
2010-08-19,0.01209
2010-08-20,0.01211
2010-08-23,0.01220
2010-08-24,0.01225
2010-08-25,0.01215
2010-08-26,0.01212
2010-08-27,0.01207
2010-08-30,0.01210
2010-08-31,0.01207
2010-09-01,0.01201
2010-09-02,0.01202
2010-09-03,0.01205
2010-09-07,0.01208
2010-09-08,0.01205
2010-09-09,0.01211
2010-09-10,0.01209
2010-09-13,0.01207
2010-09-14,0.01197
2010-09-15,0.01172
2010-09-16,0.01183
2010-09-17,0.01177
2010-09-20,0.01172
2010-09-21,0.01176
2010-09-22,0.01169
2010-09-23,0.01167
2010-09-24,0.01167
2010-09-27,0.01168
2010-09-28,0.01164
2010-09-29,0.01166
2010-09-30,0.01174
2010-10-01,0.01172
2010-10-04,0.01167
2010-10-05,0.01162
2010-10-06,0.01160
2010-10-07,0.01174
2010-10-08,0.01174
2010-10-12,0.01174
2010-10-13,0.01172
2010-10-14,0.01170
2010-10-15,0.01176
2010-10-18,0.01178
2010-10-19,0.01189
2010-10-20,0.01185
2010-10-21,0.01188
2010-10-22,0.01202
2010-10-25,0.01205
2010-10-26,0.01209
2010-10-27,0.01213
2010-10-28,0.01214
2010-10-29,0.01224
2010-11-01,0.01232
2010-11-02,0.01211
2010-11-03,0.01203
2010-11-04,0.01195
2010-11-05,0.01178
2010-11-08,0.01188
2010-11-09,0.01189
2010-11-10,0.01180
2010-11-12,0.01184
2010-11-15,0.01187
2010-11-16,0.01190
2010-11-17,0.01190
2010-11-18,0.01192
2010-11-19,0.01195
2010-11-22,0.01188
2010-11-23,0.01201
2010-11-24,0.01193
2010-11-26,0.01191
2010-11-29,0.01187
2010-11-30,0.01195
2010-12-01,0.01190
2010-12-02,0.01185
2010-12-03,0.01180
2010-12-06,0.01191
2010-12-07,0.01184
2010-12-08,0.01174
2010-12-09,0.01174
2010-12-10,0.01168
2010-12-13,0.01157
2010-12-14,0.01151
2010-12-15,0.01145
2010-12-16,0.01147
2010-12-17,0.01154
2010-12-20,0.01151
2010-12-21,0.01144
2010-12-22,0.01137
2010-12-23,0.01159
2010-12-27,0.01161
2010-12-28,0.01158
2010-12-29,0.01159
2010-12-30,0.01147
2011-01-03,0.01144
2011-01-04,0.01156
2011-01-05,0.01159
2011-01-06,0.01158
2011-01-07,0.01162
2011-01-10,0.01170
2011-01-11,0.01170
2011-01-12,0.01167
2011-01-13,0.01163
2011-01-14,0.01164
2011-01-18,0.01165
2011-01-19,0.01168
2011-01-20,0.01163
2011-01-21,0.01161
2011-01-24,0.01151
2011-01-25,0.01148
2011-01-26,0.01147
2011-01-27,0.01140
2011-01-28,0.01149
2011-01-31,0.01147
2011-02-01,0.01152
2011-02-02,0.01150
2011-02-03,0.01158
2011-02-04,0.01166
2011-02-07,0.01161
2011-02-08,0.01168
2011-02-09,0.01165
2011-02-10,0.01162
2011-02-11,0.01168
2011-02-14,0.01165
2011-02-15,0.01155
2011-02-16,0.01148
2011-02-17,0.01142
2011-02-18,0.01140
2011-02-22,0.01133
2011-02-23,0.01131
2011-02-24,0.01133
2011-02-25,0.01135
2011-02-28,0.01136
2011-03-01,0.01134
2011-03-02,0.01130
2011-03-03,0.01129
2011-03-04,0.01125
2011-03-07,0.01127
2011-03-08,0.01130
2011-03-09,0.01123
2011-03-10,0.01123
2011-03-11,0.01134
2011-03-14,0.01133
2011-03-15,0.01137
2011-03-16,0.01138
2011-03-17,0.01143
2011-03-18,0.01112
2011-03-21,0.01117
2011-03-22,0.01116
2011-03-23,0.01120
2011-03-24,0.01121
2011-03-25,0.01127
2011-03-28,0.01123
2011-03-29,0.01117
2011-03-30,0.01110
2011-03-31,0.01106
2011-04-01,0.01100
2011-04-04,0.01098
2011-04-05,0.01092
2011-04-06,0.01076
2011-04-07,0.01080
2011-04-08,0.01071
2011-04-11,0.01072
2011-04-12,0.01072
2011-04-13,0.01069
2011-04-14,0.01072
2011-04-15,0.01075
2011-04-18,0.01090
2011-04-19,0.01091
2011-04-20,0.01079
2011-04-21,0.01078
2011-04-22,0.01082
2011-04-25,0.01075
2011-04-26,0.01074
2011-04-27,0.01066
2011-04-28,0.01071
2011-04-29,0.01066
2011-05-02,0.01064
2011-05-03,0.01063
2011-05-04,0.01064
2011-05-05,0.01086
2011-05-06,0.01085
2011-05-09,0.01085
2011-05-10,0.01090
2011-05-11,0.01095
2011-05-12,0.01095
2011-05-13,0.01103
2011-05-16,0.01091
2011-05-17,0.01087
2011-05-18,0.01080
2011-05-19,0.01081
2011-05-20,0.01075
2011-05-23,0.01079
2011-05-24,0.01072
2011-05-25,0.01064
2011-05-26,0.01064
2011-05-27,0.01055
2011-05-31,0.01049
2011-06-01,0.01039
2011-06-02,0.01042
2011-06-03,0.01039
2011-06-06,0.01043
2011-06-07,0.01046
2011-06-08,0.01048
2011-06-09,0.01051
2011-06-10,0.01049
2011-06-13,0.01044
2011-06-14,0.01049
2011-06-15,0.01054
2011-06-16,0.01054
2011-06-17,0.01056
2011-06-20,0.01049
2011-06-21,0.01052
2011-06-22,0.01044
2011-06-23,0.01042
2011-06-24,0.01042
2011-06-27,0.01034
2011-06-28,0.01026
2011-06-29,0.01033
2011-06-30,0.01043
2011-07-01,0.01049
2011-07-05,0.01042
2011-07-06,0.01037
2011-07-07,0.01039
2011-07-08,0.01039
2011-07-11,0.01039
2011-07-12,0.01048
2011-07-13,0.01040
2011-07-14,0.01032
2011-07-15,0.01032
2011-07-18,0.01034
2011-07-19,0.01035
2011-07-20,0.01042
2011-07-21,0.01041
2011-07-22,0.01041
2011-07-25,0.01029
2011-07-26,0.01029
2011-07-27,0.01029
2011-07-28,0.01033
2011-07-29,0.01021
2011-08-01,0.01016
2011-08-02,0.01000
2011-08-03,0.00996
2011-08-04,0.00971
2011-08-05,0.00968
2011-08-08,0.00974
2011-08-09,0.00948
2011-08-10,0.00955
2011-08-11,0.00986
2011-08-12,0.01004
2011-08-15,0.01017
2011-08-16,0.01033
2011-08-17,0.01032
2011-08-18,0.01033
2011-08-19,0.01027
2011-08-22,0.01026
2011-08-23,0.01030
2011-08-24,0.01035
2011-08-25,0.01029
2011-08-26,0.01051
2011-08-29,0.01064
2011-08-30,0.01065
2011-08-31,0.01051
2011-09-01,0.01035
2011-09-02,0.01024
2011-09-06,0.01109
2011-09-07,0.01111
2011-09-08,0.01125
2011-09-09,0.01143
2011-09-12,0.01145
2011-09-13,0.01144
2011-09-14,0.01144
2011-09-15,0.01135
2011-09-16,0.01138
2011-09-19,0.01156
2011-09-20,0.01160
2011-09-21,0.01169
2011-09-22,0.01189
2011-09-23,0.01184
2011-09-26,0.01182
2011-09-27,0.01170
2011-09-28,0.01170
2011-09-29,0.01167
2011-09-30,0.01174
2011-10-03,0.01194
2011-10-04,0.01200
2011-10-05,0.01201
2011-10-06,0.01203
2011-10-07,0.01192
2011-10-11,0.01182
2011-10-12,0.01157
2011-10-13,0.01171
2011-10-14,0.01155
2011-10-17,0.01169
2011-10-18,0.01174
2011-10-19,0.01175
2011-10-20,0.01170
2011-10-21,0.01163
2011-10-24,0.01157
2011-10-25,0.01159
2011-10-26,0.01163
2011-10-27,0.01136
2011-10-28,0.01139
2011-10-31,0.01117
2011-11-01,0.01137
2011-11-02,0.01129
2011-11-03,0.01133
2011-11-04,0.01136
2011-11-07,0.01154
2011-11-08,0.01153
2011-11-09,0.01165
2011-11-10,0.01168
2011-11-14,0.01178
2011-11-15,0.01192
2011-11-16,0.01190
2011-11-17,0.01191
2011-11-18,0.01191
2011-11-21,0.01190
2011-11-22,0.01187
2011-11-23,0.01189
2011-11-25,0.01196
2011-11-28,0.01181
2011-11-29,0.01181
2011-11-30,0.01174
2011-12-01,0.01177
2011-12-02,0.01184
2011-12-05,0.01180
2011-12-06,0.01192
2011-12-07,0.01191
2011-12-08,0.01194
2011-12-09,0.01191
2011-12-12,0.01202
2011-12-13,0.01210
2011-12-14,0.01221
2011-12-15,0.01207
2011-12-16,0.01207
2011-12-19,0.01201
2011-12-20,0.01197
2011-12-21,0.01202
2011-12-22,0.01199
2011-12-23,0.01200
2011-12-27,0.01200
2011-12-28,0.01209
2011-12-29,0.01211
2011-12-30,0.01218
2012-01-03,0.01215
2012-01-04,0.01228
2012-01-05,0.01235
2012-01-06,0.01240
2012-01-09,0.01238
2012-01-10,0.01235
2012-01-11,0.01242
2012-01-12,0.01230
2012-01-13,0.01240
2012-01-17,0.01236
2012-01-18,0.01227
2012-01-19,0.01209
2012-01-20,0.01212
2012-01-23,0.01205
2012-01-24,0.01194
2012-01-25,0.01192
2012-01-26,0.01184
2012-01-27,0.01192
2012-01-30,0.01203
2012-01-31,0.01208
2012-02-01,0.01201
2012-02-02,0.01201
2012-02-03,0.01203
2012-02-06,0.01200
2012-02-07,0.01187
2012-02-08,0.01187
2012-02-09,0.01176
2012-02-10,0.01183
2012-02-13,0.01180
2012-02-14,0.01172
2012-02-15,0.01179
2012-02-16,0.01169
2012-02-17,0.01157
2012-02-21,0.01143
2012-02-22,0.01134
2012-02-23,0.01129
2012-02-24,0.01106
2012-02-27,0.01118
2012-02-28,0.01114
2012-02-29,0.01113
2012-03-01,0.01115
2012-03-02,0.01120
2012-03-05,0.01119
2012-03-06,0.01136
2012-03-07,0.01131
2012-03-08,0.01116
2012-03-09,0.01114
2012-03-12,0.01116
2012-03-13,0.01113
2012-03-14,0.01112
2012-03-15,0.01109
2012-03-16,0.01099
2012-03-19,0.01093
2012-03-20,0.01091
2012-03-21,0.01093
2012-03-22,0.01107
2012-03-23,0.01103
2012-03-26,0.01091
2012-03-27,0.01087
2012-03-28,0.01095
2012-03-29,0.01104
2012-03-30,0.01095
2012-04-02,0.01100
2012-04-03,0.01098
2012-04-04,0.01110
2012-04-05,0.01117
2012-04-06,0.01125
2012-04-09,0.01128
2012-04-10,0.01136
2012-04-11,0.01133
2012-04-12,0.01128
2012-04-13,0.01135
2012-04-16,0.01143
2012-04-17,0.01134
2012-04-18,0.01127
2012-04-19,0.01122
2012-04-20,0.01115
2012-04-23,0.01128
2012-04-24,0.01120
2012-04-25,0.01119
2012-04-26,0.01124
2012-04-27,0.01126
2012-04-30,0.01138
2012-05-01,0.01133
2012-05-02,0.01139
2012-05-03,0.01137
2012-05-04,0.01149
2012-05-07,0.01152
2012-05-08,0.01157
2012-05-09,0.01164
2012-05-10,0.01160
2012-05-11,0.01162
2012-05-14,0.01171
2012-05-15,0.01174
2012-05-16,0.01175
2012-05-17,0.01192
2012-05-18,0.01193
2012-05-21,0.01186
2012-05-22,0.01179
2012-05-23,0.01204
2012-05-24,0.01203
2012-05-25,0.01204
2012-05-29,0.01211
2012-05-30,0.01227
2012-05-31,0.01241
2012-06-01,0.01237
2012-06-04,0.01227
2012-06-05,0.01229
2012-06-06,0.01211
2012-06-07,0.01200
2012-06-08,0.01211
2012-06-11,0.01208
2012-06-12,0.01211
2012-06-13,0.01201
2012-06-14,0.01201
2012-06-15,0.01209
2012-06-18,0.01209
2012-06-19,0.01199
2012-06-20,0.01188
2012-06-21,0.01190
2012-06-22,0.01189
2012-06-25,0.01210
2012-06-26,0.01212
2012-06-27,0.01208
2012-06-28,0.01218
2012-06-29,0.01188
2012-07-02,0.01202
2012-07-03,0.01193
2012-07-05,0.01213
2012-07-06,0.01228
2012-07-09,0.01226
2012-07-10,0.01233
2012-07-11,0.01231
2012-07-12,0.01241
2012-07-13,0.01240
2012-07-16,0.01243
2012-07-17,0.01242
2012-07-18,0.01243
2012-07-19,0.01247
2012-07-20,0.01257
2012-07-23,0.01264
2012-07-24,0.01273
2012-07-25,0.01266
2012-07-26,0.01250
2012-07-27,0.01236
2012-07-30,0.01254
2012-07-31,0.01249
2012-08-01,0.01249
2012-08-02,0.01264
2012-08-03,0.01234
2012-08-06,0.01237
2012-08-07,0.01229
2012-08-08,0.01238
2012-08-09,0.01244
2012-08-10,0.01248
2012-08-13,0.01242
2012-08-14,0.01236
2012-08-15,0.01239
2012-08-16,0.01226
2012-08-17,0.01227
2012-08-20,0.01225
2012-08-21,0.01212
2012-08-22,0.01216
2012-08-23,0.01216
2012-08-24,0.01218
2012-08-27,0.01220
2012-08-28,0.01218
2012-08-29,0.01217
2012-08-30,0.01223
2012-08-31,0.01219
2012-09-04,0.01220
2012-09-05,0.01219
2012-09-06,0.01208
2012-09-07,0.01210
2012-09-10,0.01206
2012-09-11,0.01207
2012-09-12,0.01204
2012-09-13,0.01214
2012-09-14,0.01183
2012-09-17,0.01178
2012-09-18,0.01182
2012-09-19,0.01182
2012-09-20,0.01192
2012-09-21,0.01193
2012-09-24,0.01203
2012-09-25,0.01200
2012-09-26,0.01209
2012-09-27,0.01209
2012-09-28,0.01206
2012-10-01,0.01202
2012-10-02,0.01198
2012-10-03,0.01194
2012-10-04,0.01188
2012-10-05,0.01180
2012-10-09,0.01202
2012-10-10,0.01200
2012-10-11,0.01192
2012-10-12,0.01192
2012-10-15,0.01185
2012-10-16,0.01175
2012-10-17,0.01171
2012-10-18,0.01164
2012-10-19,0.01172
2012-10-22,0.01160
2012-10-23,0.01169
2012-10-24,0.01170
2012-10-25,0.01166
2012-10-26,0.01174
2012-10-29,0.01174
2012-10-30,0.01170
2012-10-31,0.01165
2012-11-01,0.01164
2012-11-02,0.01167
2012-11-05,0.01177
2012-11-06,0.01174
2012-11-07,0.01184
2012-11-08,0.01187
2012-11-09,0.01193
2012-11-13,0.01192
2012-11-14,0.01178
2012-11-15,0.01160
2012-11-16,0.01165
2012-11-19,0.01158
2012-11-20,0.01151
2012-11-21,0.01141
2012-11-23,0.01129
2012-11-26,0.01131
2012-11-27,0.01132
2012-11-28,0.01138
2012-11-29,0.01132
2012-11-30,0.01122
2012-12-03,0.01125
2012-12-04,0.01133
2012-12-05,0.01124
2012-12-06,0.01134
2012-12-07,0.01133
2012-12-10,0.01133
2012-12-11,0.01132
2012-12-12,0.01117
2012-12-13,0.01106
2012-12-14,0.01101
2012-12-17,0.01096
2012-12-18,0.01087
2012-12-19,0.01081
2012-12-20,0.01083
2012-12-21,0.01091
2012-12-24,0.01080
2012-12-26,0.01066
2012-12-27,0.01062
2012-12-28,0.01060
2012-12-31,0.01057
2013-01-02,0.01052
2013-01-03,0.01061
2013-01-04,0.01051
2013-01-07,0.01052
2013-01-08,0.01059
2013-01-09,0.01052
2013-01-10,0.01039
2013-01-11,0.01022
2013-01-14,0.01027
2013-01-15,0.01046
2013-01-16,0.01051
2013-01-17,0.01044
2013-01-18,0.01040
2013-01-22,0.01047
2013-01-23,0.01051
2013-01-24,0.01032
2013-01-25,0.01016
2013-01-28,0.01022
2013-01-29,0.01017
2013-01-30,0.01002
2013-01-31,0.00996
2013-02-01,0.00976
2013-02-04,0.00982
2013-02-05,0.00973
2013-02-06,0.00973
2013-02-07,0.00984
2013-02-08,0.00990
2013-02-11,0.00983
2013-02-12,0.00985
2013-02-13,0.00983
2013-02-14,0.00992
2013-02-15,0.00985
2013-02-19,0.00986
2013-02-20,0.00988
2013-02-21,0.01002
2013-02-22,0.00998
2013-02-25,0.00998
2013-02-26,0.01021
2013-02-27,0.01013
2013-02-28,0.01011
2013-03-01,0.01012
2013-03-04,0.01010
2013-03-05,0.01010
2013-03-06,0.01011
2013-03-07,0.00993
2013-03-08,0.00993
2013-03-11,0.00988
2013-03-12,0.00987
2013-03-13,0.00991
2013-03-14,0.00989
2013-03-15,0.00986
2013-03-18,0.00995
2013-03-19,0.00997
2013-03-20,0.00988
2013-03-21,0.00995
2013-03-22,0.00995
2013-03-25,0.01004
2013-03-26,0.01007
2013-03-27,0.01010
2013-03-28,0.01007
2013-03-29,0.01008
2013-04-01,0.01014
2013-04-02,0.01015
2013-04-03,0.01017
2013-04-04,0.00984
2013-04-05,0.00963
2013-04-08,0.00945
2013-04-09,0.00941
2013-04-10,0.00937
2013-04-11,0.00935
2013-04-12,0.00939
2013-04-15,0.00949
2013-04-16,0.00946
2013-04-17,0.00952
2013-04-18,0.00947
2013-04-19,0.00939
2013-04-22,0.00942
2013-04-23,0.00948
2013-04-24,0.00954
2013-04-25,0.00951
2013-04-26,0.00962
2013-04-29,0.00955
2013-04-30,0.00953
2013-05-01,0.00953
2013-05-02,0.00954
2013-05-03,0.00942
2013-05-06,0.00945
2013-05-07,0.00950
2013-05-08,0.00945
2013-05-09,0.00947
2013-05-10,0.00943
2013-05-13,0.00940
2013-05-14,0.00940
2013-05-15,0.00945
2013-05-16,0.00941
2013-05-17,0.00945
2013-05-20,0.00944
2013-05-21,0.00946
2013-05-22,0.00948
2013-05-23,0.00951
2013-05-24,0.00953
2013-05-28,0.00954
2013-05-29,0.00953
2013-05-30,0.00946
2013-05-31,0.00950
2013-06-03,0.00952
2013-06-04,0.00947
2013-06-05,0.00950
2013-06-06,0.00951
2013-06-07,0.00961
2013-06-10,0.00946
2013-06-11,0.00958
2013-06-12,0.00963
2013-06-13,0.00979
2013-06-14,0.00978
2013-06-17,0.00975
2013-06-18,0.00965
2013-06-19,0.00965
2013-06-20,0.00947
2013-06-21,0.00960
2013-06-24,0.00956
2013-06-25,0.00959
2013-06-26,0.00968
2013-06-27,0.00962
2013-06-28,0.00953
2013-07-01,0.00949
2013-07-02,0.00945
2013-07-03,0.00949
2013-07-05,0.00953
2013-07-08,0.00954
2013-07-09,0.00963
2013-07-10,0.00967
2013-07-11,0.00961
2013-07-12,0.00953
2013-07-15,0.00950
2013-07-16,0.00947
2013-07-17,0.00946
2013-07-18,0.00941
2013-07-19,0.00937
2013-07-22,0.00939
2013-07-23,0.00939
2013-07-24,0.00933
2013-07-25,0.00938
2013-07-26,0.00946
2013-07-29,0.00952
2013-07-30,0.00949
2013-07-31,0.00944
2013-08-01,0.00942
2013-08-02,0.00938
2013-08-05,0.00944
2013-08-06,0.00947
2013-08-07,0.00953
2013-08-08,0.00957
2013-08-09,0.00958
2013-08-12,0.00959
2013-08-13,0.00952
2013-08-14,0.00953
2013-08-15,0.00954
2013-08-16,0.00950
2013-08-19,0.00944
2013-08-20,0.00945
2013-08-21,0.00943
2013-08-22,0.00937
2013-08-23,0.00934
2013-08-26,0.00936
2013-08-27,0.00944
2013-08-28,0.00944
2013-08-29,0.00946
2013-08-30,0.00948
2013-09-03,0.00942
2013-09-04,0.00939
2013-09-05,0.00943
2013-09-06,0.00948
2013-09-09,0.00936
2013-09-10,0.00932
2013-09-11,0.00931
2013-09-12,0.00936
2013-09-13,0.00938
2013-09-16,0.00935
2013-09-17,0.00934
2013-09-18,0.00935
2013-09-19,0.00917
2013-09-20,0.00916
2013-09-23,0.00921
2013-09-24,0.00923
2013-09-25,0.00921
2013-09-26,0.00920
2013-09-27,0.00921
2013-09-30,0.00920
2013-10-01,0.00924
2013-10-02,0.00926
2013-10-03,0.00924
2013-10-04,0.00931
2013-10-07,0.00933
2013-10-08,0.00933
2013-10-09,0.00936
2013-10-10,0.00928
2013-10-11,0.00925
2013-10-15,0.00928
2013-10-16,0.00926
2013-10-17,0.00923
2013-10-18,0.00922
2013-10-21,0.00919
2013-10-22,0.00911
2013-10-23,0.00917
2013-10-24,0.00916
2013-10-25,0.00917
2013-10-28,0.00916
2013-10-29,0.00916
2013-10-30,0.00913
2013-10-31,0.00923
2013-11-01,0.00924
2013-11-04,0.00923
2013-11-05,0.00926
2013-11-06,0.00924
2013-11-07,0.00932
2013-11-08,0.00931
2013-11-12,0.00921
2013-11-13,0.00922
2013-11-14,0.00916
2013-11-15,0.00914
2013-11-18,0.00912
2013-11-19,0.00910
2013-11-20,0.00916
2013-11-21,0.00906
2013-11-22,0.00896
2013-11-25,0.00897
2013-11-26,0.00896
2013-11-27,0.00890
2013-11-29,0.00883
2013-12-02,0.00881
2013-12-03,0.00882
2013-12-04,0.00883
2013-12-05,0.00882
2013-12-06,0.00869
2013-12-09,0.00864
2013-12-10,0.00863
2013-12-11,0.00865
2013-12-12,0.00863
2013-12-13,0.00862
2013-12-16,0.00863
2013-12-17,0.00864
2013-12-18,0.00860
2013-12-19,0.00861
2013-12-20,0.00860
2013-12-23,0.00859
2013-12-24,0.00859
2013-12-26,0.00856
2013-12-27,0.00847
2013-12-30,0.00844
2013-12-31,0.00846
2014-01-02,0.00858
2014-01-03,0.00866
2014-01-06,0.00866
2014-01-07,0.00869
2014-01-08,0.00868
2014-01-09,0.00867
2014-01-10,0.00868
2014-01-13,0.00874
2014-01-14,0.00868
2014-01-15,0.00870
2014-01-16,0.00869
2014-01-17,0.00872
2014-01-21,0.00873
2014-01-22,0.00874
2014-01-23,0.00868
2014-01-24,0.00874
2014-01-27,0.00876
2014-01-28,0.00874
2014-01-29,0.00876
2014-01-30,0.00879
2014-01-31,0.00885
2014-02-03,0.00892
2014-02-04,0.00891
2014-02-05,0.00892
2014-02-06,0.00883
2014-02-07,0.00879
2014-02-10,0.00878
2014-02-11,0.00874
2014-02-12,0.00879
2014-02-13,0.00875
2014-02-14,0.00877
2014-02-18,0.00868
2014-02-19,0.00867
2014-02-20,0.00871
2014-02-21,0.00865
2014-02-24,0.00867
2014-02-25,0.00868
2014-02-26,0.00872
2014-02-27,0.00869
2014-02-28,0.00863
2014-03-03,0.00869
2014-03-04,0.00868
2014-03-05,0.00867
2014-03-06,0.00855
2014-03-07,0.00850
2014-03-10,0.00851
2014-03-11,0.00851
2014-03-12,0.00851
2014-03-13,0.00854
2014-03-14,0.00859
2014-03-17,0.00859
2014-03-18,0.00862
2014-03-19,0.00861
2014-03-20,0.00863
2014-03-21,0.00863
2014-03-24,0.00865
2014-03-25,0.00866
2014-03-26,0.00865
2014-03-27,0.00868
2014-03-28,0.00862
2014-03-31,0.00858
2014-04-01,0.00852
2014-04-02,0.00854
2014-04-03,0.00858
2014-04-04,0.00863
2014-04-07,0.00861
2014-04-08,0.00865
2014-04-09,0.00866
2014-04-10,0.00863
2014-04-11,0.00861
2014-04-14,0.00863
2014-04-15,0.00867
2014-04-16,0.00861
2014-04-17,0.00862
2014-04-18,0.00862
2014-04-21,0.00863
2014-04-22,0.00863
2014-04-23,0.00863
2014-04-24,0.00862
2014-04-25,0.00863
2014-04-28,0.00860
2014-04-29,0.00862
2014-04-30,0.00862
2014-05-01,0.00860
2014-05-02,0.00859
2014-05-05,0.00860
2014-05-06,0.00861
2014-05-07,0.00861
2014-05-08,0.00864
2014-05-09,0.00871
2014-05-12,0.00869
2014-05-13,0.00870
2014-05-14,0.00874
2014-05-15,0.00877
2014-05-16,0.00878
2014-05-19,0.00881
2014-05-20,0.00881
2014-05-21,0.00882
2014-05-22,0.00879
2014-05-23,0.00879
2014-05-27,0.00879
2014-05-28,0.00882
2014-05-29,0.00883
2014-05-30,0.00879
2014-06-02,0.00878
2014-06-03,0.00875
2014-06-04,0.00872
2014-06-05,0.00873
2014-06-06,0.00872
2014-06-09,0.00875
2014-06-10,0.00879
2014-06-11,0.00883
2014-06-12,0.00882
2014-06-13,0.00883
2014-06-16,0.00881
2014-06-17,0.00881
2014-06-18,0.00879
2014-06-19,0.00877
2014-06-20,0.00877
2014-06-23,0.00878
2014-06-24,0.00877
2014-06-25,0.00876
2014-06-26,0.00879
2014-06-27,0.00880
2014-06-30,0.00876
2014-07-01,0.00874
2014-07-02,0.00873
2014-07-03,0.00874
2014-07-07,0.00877
2014-07-08,0.00879
2014-07-09,0.00877
2014-07-10,0.00881
2014-07-11,0.00881
2014-07-14,0.00878
2014-07-15,0.00881
2014-07-16,0.00883
2014-07-17,0.00886
2014-07-18,0.00887
2014-07-21,0.00886
2014-07-22,0.00889
2014-07-23,0.00889
2014-07-24,0.00886
2014-07-25,0.00888
2014-07-28,0.00888
2014-07-29,0.00888
2014-07-30,0.00884
2014-07-31,0.00884
2014-08-01,0.00883
2014-08-04,0.00885
2014-08-05,0.00886
2014-08-06,0.00889
2014-08-07,0.00890
2014-08-08,0.00888
2014-08-11,0.00887
2014-08-12,0.00888
2014-08-13,0.00886
2014-08-14,0.00884
2014-08-15,0.00883
2014-08-18,0.00884
2014-08-19,0.00884
2014-08-20,0.00882
2014-08-21,0.00878
2014-08-22,0.00879
2014-08-25,0.00880
2014-08-26,0.00880
2014-08-27,0.00880
2014-08-28,0.00882
2014-08-29,0.00882
2014-09-02,0.00875
2014-09-03,0.00876
2014-09-04,0.00886
2014-09-05,0.00887
2014-09-08,0.00882
2014-09-09,0.00879
2014-09-10,0.00879
2014-09-11,0.00875
2014-09-12,0.00871
2014-09-15,0.00872
2014-09-16,0.00871
2014-09-17,0.00869
2014-09-18,0.00860
2014-09-19,0.00863
2014-09-22,0.00864
2014-09-23,0.00863
2014-09-24,0.00867
2014-09-25,0.00871
2014-09-26,0.00870
2014-09-29,0.00869
2014-09-30,0.00871
2014-10-01,0.00875
2014-10-02,0.00882
2014-10-03,0.00881
2014-10-06,0.00882
2014-10-07,0.00887
2014-10-08,0.00882
2014-10-09,0.00884
2014-10-10,0.00887
2014-10-14,0.00890
2014-10-15,0.00890
2014-10-16,0.00889
2014-10-17,0.00887
2014-10-20,0.00883
2014-10-21,0.00889
2014-10-22,0.00888
2014-10-23,0.00882
2014-10-24,0.00880
2014-10-27,0.00881
2014-10-28,0.00876
2014-10-29,0.00874
2014-10-30,0.00877
2014-10-31,0.00859
2014-11-03,0.00848
2014-11-04,0.00846
2014-11-05,0.00841
2014-11-06,0.00845
2014-11-07,0.00844
2014-11-10,0.00843
2014-11-12,0.00836
2014-11-13,0.00833
2014-11-14,0.00825
2014-11-17,0.00829
2014-11-18,0.00821
2014-11-19,0.00813
2014-11-20,0.00812
2014-11-21,0.00824
2014-11-24,0.00817
2014-11-25,0.00817
2014-11-26,0.00818
2014-11-28,0.00814
2014-12-01,0.00815
2014-12-02,0.00816
2014-12-03,0.00816
2014-12-04,0.00808
2014-12-05,0.00805
2014-12-08,0.00809
2014-12-09,0.00814
2014-12-10,0.00817
2014-12-11,0.00811
2014-12-12,0.00814
2014-12-15,0.00818
2014-12-16,0.00819
2014-12-17,0.00823
2014-12-18,0.00824
2014-12-19,0.00822
2014-12-22,0.00819
2014-12-23,0.00818
2014-12-24,0.00819
2014-12-29,0.00819
2014-12-30,0.00828
2014-12-31,0.00829
2015-01-02,0.00832
2015-01-05,0.00842
2015-01-06,0.00851
2015-01-07,0.00850
2015-01-08,0.00851
2015-01-09,0.00855
2015-01-12,0.00858
2015-01-13,0.00863
2015-01-14,0.00871
2015-01-15,0.00764
2015-01-16,0.00723
2015-01-20,0.00739
2015-01-21,0.00729
2015-01-22,0.00736
2015-01-23,0.00744
2015-01-26,0.00759
2015-01-27,0.00769
2015-01-28,0.00769
2015-01-29,0.00780
2015-01-30,0.00784
2015-02-02,0.00789
2015-02-03,0.00786
2015-02-04,0.00786
2015-02-05,0.00788
2015-02-06,0.00774
2015-02-09,0.00780
2015-02-10,0.00776
2015-02-11,0.00772
2015-02-12,0.00782
2015-02-13,0.00784
2015-02-17,0.00785
2015-02-18,0.00793
2015-02-19,0.00797
2015-02-20,0.00794
2015-02-23,0.00799
2015-02-24,0.00799
2015-02-25,0.00799
2015-02-26,0.00799
2015-02-27,0.00795
2015-03-02,0.00796
2015-03-03,0.00803
2015-03-04,0.00805
2015-03-05,0.00810
2015-03-06,0.00814
2015-03-09,0.00815
2015-03-10,0.00825
2015-03-11,0.00829
2015-03-12,0.00827
2015-03-13,0.00829
2015-03-16,0.00831
2015-03-17,0.00828
2015-03-18,0.00823
2015-03-19,0.00821
2015-03-20,0.00812
2015-03-23,0.00807
2015-03-24,0.00799
2015-03-25,0.00802
2015-03-26,0.00808
2015-03-27,0.00805
2015-03-30,0.00806
2015-03-31,0.00810
2015-04-01,0.00808
2015-04-02,0.00800
2015-04-03,0.00799
2015-04-06,0.00800
2015-04-07,0.00801
2015-04-08,0.00803
2015-04-09,0.00811
2015-04-10,0.00815
2015-04-13,0.00813
2015-04-14,0.00814
2015-04-15,0.00815
2015-04-16,0.00804
2015-04-17,0.00801
2015-04-20,0.00800
2015-04-21,0.00798
2015-04-22,0.00806
2015-04-23,0.00798
2015-04-24,0.00801
2015-04-27,0.00800
2015-04-28,0.00803
2015-04-29,0.00788
2015-04-30,0.00785
2015-05-01,0.00777
2015-05-04,0.00778
2015-05-05,0.00773
2015-05-06,0.00766
2015-05-07,0.00768
2015-05-08,0.00774
2015-05-11,0.00778
2015-05-12,0.00773
2015-05-13,0.00769
2015-05-14,0.00767
2015-05-15,0.00769
2015-05-18,0.00770
2015-05-19,0.00777
2015-05-20,0.00775
2015-05-21,0.00772
2015-05-22,0.00776
2015-05-26,0.00772
2015-05-27,0.00768
2015-05-28,0.00762
2015-05-29,0.00759
2015-06-01,0.00760
2015-06-02,0.00752
2015-06-03,0.00753
2015-06-04,0.00750
2015-06-05,0.00751
2015-06-08,0.00746
2015-06-09,0.00749
2015-06-10,0.00757
2015-06-11,0.00757
2015-06-12,0.00751
2015-06-15,0.00758
2015-06-16,0.00756
2015-06-17,0.00746
2015-06-18,0.00748
2015-06-19,0.00750
2015-06-22,0.00745
2015-06-23,0.00755
2015-06-24,0.00753
2015-06-25,0.00758
2015-06-26,0.00755
2015-06-29,0.00758
2015-06-30,0.00765
2015-07-01,0.00769
2015-07-02,0.00766
2015-07-06,0.00770
2015-07-07,0.00776
2015-07-08,0.00785
2015-07-09,0.00783
2015-07-10,0.00767
2015-07-13,0.00770
2015-07-14,0.00767
2015-07-15,0.00769
2015-07-16,0.00771
2015-07-17,0.00775
2015-07-20,0.00775
2015-07-21,0.00774
2015-07-22,0.00775
2015-07-23,0.00773
2015-07-24,0.00777
2015-07-27,0.00779
2015-07-28,0.00780
2015-07-29,0.00777
2015-07-30,0.00780
2015-07-31,0.00777
2015-08-03,0.00781
2015-08-04,0.00785
2015-08-05,0.00786
2015-08-06,0.00787
2015-08-07,0.00791
2015-08-10,0.00791
2015-08-11,0.00790
2015-08-12,0.00782
2015-08-13,0.00785
2015-08-14,0.00787
2015-08-17,0.00786
2015-08-18,0.00785
2015-08-19,0.00782
2015-08-20,0.00779
2015-08-21,0.00777
2015-08-24,0.00788
2015-08-25,0.00791
2015-08-26,0.00795
2015-08-27,0.00797
2015-08-28,0.00793
2015-08-31,0.00798
2015-09-01,0.00802
2015-09-02,0.00808
2015-09-03,0.00812
2015-09-04,0.00819
2015-09-08,0.00817
2015-09-09,0.00808
2015-09-10,0.00806
2015-09-11,0.00807
2015-09-14,0.00808
2015-09-15,0.00811
2015-09-16,0.00803
2015-09-17,0.00803
2015-09-18,0.00802
2015-09-21,0.00805
2015-09-22,0.00811
2015-09-23,0.00814
2015-09-24,0.00814
2015-09-25,0.00808
2015-09-28,0.00812
2015-09-29,0.00811
2015-09-30,0.00816
2015-10-01,0.00815
2015-10-02,0.00811
2015-10-05,0.00810
2015-10-06,0.00805
2015-10-07,0.00810
2015-10-08,0.00807
2015-10-09,0.00799
2015-10-13,0.00801
2015-10-14,0.00798
2015-10-15,0.00802
2015-10-16,0.00797
2015-10-19,0.00800
2015-10-20,0.00796
2015-10-21,0.00798
2015-10-22,0.00806
2015-10-23,0.00806
2015-10-26,0.00812
2015-10-27,0.00819
2015-10-28,0.00817
2015-10-29,0.00818
2015-10-30,0.00817
2015-11-02,0.00816
2015-11-03,0.00819
2015-11-04,0.00817
2015-11-05,0.00819
2015-11-06,0.00816
2015-11-09,0.00814
2015-11-10,0.00818
2015-11-12,0.00815
2015-11-13,0.00821
2015-11-16,0.00819
2015-11-17,0.00824
2015-11-18,0.00826
2015-11-19,0.00826
2015-11-20,0.00829
2015-11-23,0.00830
2015-11-24,0.00830
2015-11-25,0.00833
2015-11-27,0.00839
2015-11-30,0.00834
2015-12-01,0.00838
2015-12-02,0.00832
2015-12-03,0.00812
2015-12-04,0.00811
2015-12-07,0.00813
2015-12-08,0.00808
2015-12-09,0.00810
2015-12-10,0.00814
2015-12-11,0.00813
2015-12-14,0.00815
2015-12-15,0.00815
2015-12-16,0.00808
2015-12-17,0.00814
2015-12-18,0.00820
2015-12-21,0.00819
2015-12-22,0.00816
2015-12-23,0.00822
2015-12-24,0.00820
2015-12-28,0.00821
2015-12-29,0.00824
2015-12-30,0.00820
2015-12-31,0.00833
2016-01-04,0.00842
2016-01-05,0.00849
2016-01-06,0.00851
2016-01-07,0.00849
2016-01-08,0.00847
2016-01-11,0.00851
2016-01-12,0.00852
2016-01-13,0.00852
2016-01-14,0.00853
2016-01-15,0.00855
2016-01-19,0.00853
2016-01-20,0.00862
2016-01-21,0.00860
2016-01-22,0.00857
2016-01-25,0.00856
2016-01-26,0.00860
2016-01-27,0.00856
2016-01-28,0.00854
2016-01-29,0.00845
2016-02-01,0.00843
2016-02-02,0.00847
2016-02-03,0.00854
2016-02-04,0.00850
2016-02-05,0.00849
2016-02-08,0.00854
2016-02-09,0.00847
2016-02-10,0.00858
2016-02-11,0.00869
2016-02-12,0.00865
2016-02-16,0.00868
2016-02-17,0.00870
2016-02-18,0.00875
2016-02-19,0.00880
2016-02-22,0.00883
2016-02-23,0.00884
2016-02-24,0.00885
2016-02-25,0.00878
2016-02-26,0.00876
2016-02-29,0.00882
2016-03-01,0.00877
2016-03-02,0.00877
2016-03-03,0.00874
2016-03-04,0.00871
2016-03-07,0.00878
2016-03-08,0.00883
2016-03-09,0.00881
2016-03-10,0.00872
2016-03-11,0.00863
2016-03-14,0.00868
2016-03-15,0.00873
2016-03-16,0.00869
2016-03-17,0.00870
2016-03-18,0.00869
2016-03-21,0.00867
2016-03-22,0.00868
2016-03-23,0.00864
2016-03-24,0.00867
2016-03-25,0.00865
2016-03-28,0.00859
2016-03-29,0.00860
2016-03-30,0.00856
2016-03-31,0.00852
2016-04-01,0.00856
2016-04-04,0.00863
2016-04-05,0.00868
2016-04-06,0.00870
2016-04-07,0.00885
2016-04-08,0.00880
2016-04-11,0.00883
2016-04-12,0.00879
2016-04-13,0.00884
2016-04-14,0.00885
2016-04-15,0.00889
2016-04-18,0.00885
2016-04-19,0.00879
2016-04-20,0.00883
2016-04-21,0.00889
2016-04-22,0.00877
2016-04-25,0.00877
2016-04-26,0.00873
2016-04-27,0.00873
2016-04-28,0.00892
2016-04-29,0.00898
2016-05-02,0.00897
2016-05-03,0.00897
2016-05-04,0.00894
2016-05-05,0.00903
2016-05-06,0.00909
2016-05-09,0.00895
2016-05-10,0.00892
2016-05-11,0.00894
2016-05-12,0.00891
2016-05-13,0.00894
2016-05-16,0.00897
2016-05-17,0.00895
2016-05-18,0.00896
2016-05-19,0.00901
2016-05-20,0.00898
2016-05-23,0.00906
2016-05-24,0.00903
2016-05-25,0.00899
2016-05-26,0.00902
2016-05-27,0.00903
2016-05-31,0.00897
2016-06-01,0.00903
2016-06-02,0.00911
2016-06-03,0.00915
2016-06-06,0.00906
2016-06-07,0.00901
2016-06-08,0.00899
2016-06-09,0.00905
2016-06-10,0.00900
2016-06-13,0.00911
2016-06-14,0.00909
2016-06-15,0.00911
2016-06-16,0.00929
2016-06-17,0.00922
2016-06-20,0.00922
2016-06-21,0.00918
2016-06-22,0.00917
2016-06-23,0.00903
2016-06-24,0.00949
2016-06-27,0.00963
2016-06-28,0.00955
2016-06-29,0.00954
2016-06-30,0.00953
2016-07-01,0.00949
2016-07-05,0.00962
2016-07-06,0.00967
2016-07-07,0.00971
2016-07-08,0.00978
2016-07-11,0.00958
2016-07-12,0.00942
2016-07-13,0.00945
2016-07-14,0.00930
2016-07-15,0.00931
2016-07-18,0.00927
2016-07-19,0.00928
2016-07-20,0.00926
2016-07-21,0.00931
2016-07-22,0.00931
2016-07-25,0.00931
2016-07-26,0.00947
2016-07-27,0.00940
2016-07-28,0.00935
2016-07-29,0.00947
2016-08-01,0.00946
2016-08-02,0.00956
2016-08-03,0.00959
2016-08-04,0.00963
2016-08-05,0.00963
2016-08-08,0.00960
2016-08-09,0.00964
2016-08-10,0.00964
2016-08-11,0.00958
2016-08-12,0.00964
2016-08-15,0.00962
2016-08-16,0.00960
2016-08-17,0.00962
2016-08-18,0.00957
2016-08-19,0.00957
2016-08-22,0.00960
2016-08-23,0.00960
2016-08-24,0.00962
2016-08-25,0.00963
2016-08-26,0.00960
2016-08-29,0.00958
2016-08-30,0.00954
2016-08-31,0.00951
2016-09-01,0.00949
2016-09-02,0.00941
2016-09-06,0.00950
2016-09-07,0.00954
2016-09-08,0.00951
2016-09-09,0.00950
2016-09-12,0.00955
2016-09-13,0.00954
2016-09-14,0.00949
2016-09-15,0.00950
2016-09-16,0.00957
2016-09-19,0.00962
2016-09-20,0.00962
2016-09-21,0.00970
2016-09-22,0.00960
2016-09-23,0.00960
2016-09-26,0.00964
2016-09-27,0.00968
2016-09-28,0.00967
2016-09-29,0.00951
2016-09-30,0.00958
2016-10-03,0.00959
2016-10-04,0.00953
2016-10-05,0.00944
2016-10-06,0.00942
2016-10-07,0.00948
2016-10-11,0.00956
2016-10-12,0.00948
2016-10-13,0.00953
2016-10-14,0.00951
2016-10-17,0.00950
2016-10-18,0.00952
2016-10-19,0.00958
2016-10-20,0.00954
2016-10-21,0.00957
2016-10-24,0.00952
2016-10-25,0.00953
2016-10-26,0.00951
2016-10-27,0.00945
2016-10-28,0.00942
2016-10-31,0.00941
2016-11-01,0.00936
2016-11-02,0.00940
2016-11-03,0.00945
2016-11-04,0.00940
2016-11-07,0.00933
2016-11-08,0.00929
2016-11-09,0.00936
2016-11-10,0.00927
2016-11-14,0.00921
2016-11-15,0.00919
2016-11-16,0.00918
2016-11-17,0.00916
2016-11-18,0.00913
2016-11-21,0.00910
2016-11-22,0.00910
2016-11-23,0.00902
2016-11-25,0.00896
2016-11-28,0.00904
2016-11-29,0.00898
2016-11-30,0.00891
2016-12-01,0.00886
2016-12-02,0.00889
2016-12-05,0.00885
2016-12-06,0.00886
2016-12-07,0.00887
2016-12-08,0.00889
2016-12-09,0.00884
2016-12-12,0.00881
2016-12-13,0.00878
2016-12-14,0.00878
2016-12-15,0.00873
2016-12-16,0.00871
2016-12-19,0.00877
2016-12-20,0.00872
2016-12-21,0.00871
2016-12-22,0.00872
2016-12-23,0.00876
2016-12-27,0.00875
2016-12-28,0.00877
2016-12-29,0.00879
2016-12-30,0.00870
2017-01-03,0.00872
2017-01-04,0.00871
2017-01-05,0.00875
2017-01-06,0.00869
2017-01-09,0.00874
2017-01-10,0.00878
2017-01-11,0.00878
2017-01-12,0.00884
2017-01-13,0.00878
2017-01-17,0.00888
2017-01-18,0.00884
2017-01-19,0.00875
2017-01-23,0.00885
2017-01-24,0.00880
2017-01-25,0.00880
2017-01-26,0.00873
2017-01-27,0.00868
2017-01-30,0.00876
2017-01-31,0.00877
2017-02-01,0.00877
2017-02-02,0.00880
2017-02-03,0.00882
2017-02-06,0.00884
2017-02-07,0.00889
2017-02-08,0.00889
2017-02-09,0.00884
2017-02-10,0.00886
2017-02-13,0.00884
2017-02-14,0.00881
2017-02-15,0.00881
2017-02-16,0.00881
2017-02-17,0.00888
2017-02-21,0.00889
2017-02-22,0.00891
2017-02-23,0.00893
2017-02-24,0.00896
2017-02-27,0.00897
2017-02-28,0.00894
2017-03-01,0.00886
2017-03-02,0.00884
2017-03-03,0.00883
2017-03-06,0.00888
2017-03-07,0.00889
2017-03-08,0.00885
2017-03-09,0.00883
2017-03-10,0.00878
2017-03-13,0.00878
2017-03-14,0.00879
2017-03-15,0.00879
2017-03-16,0.00881
2017-03-17,0.00886
2017-03-20,0.00885
2017-03-21,0.00888
2017-03-22,0.00891
2017-03-23,0.00893
2017-03-24,0.00893
2017-03-27,0.00890
2017-03-28,0.00891
2017-03-29,0.00897
2017-03-30,0.00895
2017-03-31,0.00897
2017-04-03,0.00904
2017-04-04,0.00905
2017-04-05,0.00904
2017-04-06,0.00905
2017-04-07,0.00909
2017-04-10,0.00908
2017-04-11,0.00918
2017-04-12,0.00918
2017-04-13,0.00920
2017-04-14,0.00924
2017-04-17,0.00924
2017-04-18,0.00920
2017-04-19,0.00916
2017-04-20,0.00911
2017-04-21,0.00916
2017-04-24,0.00908
2017-04-25,0.00895
2017-04-26,0.00893
2017-04-27,0.00895
2017-04-28,0.00892
2017-05-01,0.00891
2017-05-02,0.00885
2017-05-03,0.00882
2017-05-04,0.00878
2017-05-05,0.00877
2017-05-08,0.00884
2017-05-09,0.00882
2017-05-10,0.00885
2017-05-11,0.00884
2017-05-12,0.00883
2017-05-15,0.00878
2017-05-16,0.00872
2017-05-17,0.00880
2017-05-18,0.00881
2017-05-19,0.00875
2017-05-22,0.00876
2017-05-23,0.00872
2017-05-24,0.00872
2017-05-25,0.00870
2017-05-26,0.00876
2017-05-30,0.00880
2017-05-31,0.00875
2017-06-01,0.00873
2017-06-02,0.00873
2017-06-05,0.00874
2017-06-06,0.00881
2017-06-07,0.00882
2017-06-08,0.00879
2017-06-09,0.00877
2017-06-12,0.00883
2017-06-13,0.00880
2017-06-14,0.00885
2017-06-15,0.00881
2017-06-16,0.00879
2017-06-19,0.00875
2017-06-20,0.00876
2017-06-21,0.00873
2017-06-22,0.00874
2017-06-23,0.00871
2017-06-26,0.00871
2017-06-27,0.00857
2017-06-28,0.00856
2017-06-29,0.00852
2017-06-30,0.00853
2017-07-03,0.00850
2017-07-05,0.00853
2017-07-06,0.00850
2017-07-07,0.00845
2017-07-10,0.00847
2017-07-11,0.00847
2017-07-12,0.00852
2017-07-13,0.00854
2017-07-14,0.00857
2017-07-17,0.00854
2017-07-18,0.00851
2017-07-19,0.00854
2017-07-20,0.00851
2017-07-21,0.00852
2017-07-24,0.00851
2017-07-25,0.00851
2017-07-26,0.00855
2017-07-27,0.00865
2017-07-28,0.00874
2017-07-31,0.00874
2017-08-01,0.00875
2017-08-02,0.00877
2017-08-03,0.00880
2017-08-04,0.00878
2017-08-07,0.00878
2017-08-08,0.00882
2017-08-09,0.00877
2017-08-10,0.00882
2017-08-11,0.00882
2017-08-14,0.00887
2017-08-15,0.00880
2017-08-16,0.00879
2017-08-17,0.00877
2017-08-18,0.00882
2017-08-21,0.00884
2017-08-22,0.00884
2017-08-23,0.00886
2017-08-24,0.00882
2017-08-25,0.00876
2017-08-28,0.00875
2017-08-29,0.00870
2017-08-30,0.00870
2017-08-31,0.00873
2017-09-01,0.00874
2017-09-05,0.00879
2017-09-06,0.00877
2017-09-07,0.00877
2017-09-08,0.00878
2017-09-11,0.00874
2017-09-12,0.00872
2017-09-13,0.00872
2017-09-14,0.00873
2017-09-15,0.00866
2017-09-18,0.00864
2017-09-19,0.00864
2017-09-20,0.00863
2017-09-21,0.00863
2017-09-22,0.00865
2017-09-25,0.00867
2017-09-26,0.00865
2017-09-27,0.00864
2017-09-28,0.00862
2017-09-29,0.00860
2017-10-02,0.00865
2017-10-03,0.00863
2017-10-04,0.00865
2017-10-05,0.00869
2017-10-06,0.00868
2017-10-10,0.00869
2017-10-11,0.00866
2017-10-12,0.00868
2017-10-13,0.00871
2017-10-16,0.00871
2017-10-17,0.00873
2017-10-18,0.00869
2017-10-19,0.00866
2017-10-20,0.00867
2017-10-23,0.00868
2017-10-24,0.00868
2017-10-25,0.00870
2017-10-26,0.00875
2017-10-27,0.00878
2017-10-30,0.00880
2017-10-31,0.00877
2017-11-01,0.00878
2017-11-02,0.00876
2017-11-03,0.00875
2017-11-06,0.00877
2017-11-07,0.00878
2017-11-08,0.00880
2017-11-09,0.00878
2017-11-13,0.00878
2017-11-14,0.00873
2017-11-15,0.00875
2017-11-16,0.00879
2017-11-17,0.00882
2017-11-20,0.00882
2017-11-21,0.00882
2017-11-22,0.00881
2017-11-24,0.00878
2017-11-27,0.00883
2017-11-28,0.00885
2017-11-29,0.00880
2017-11-30,0.00876
2017-12-01,0.00873
2017-12-04,0.00874
2017-12-05,0.00875
2017-12-06,0.00882
2017-12-07,0.00880
2017-12-08,0.00874
2017-12-11,0.00873
2017-12-12,0.00874
2017-12-13,0.00874
2017-12-14,0.00880
2017-12-15,0.00879
2017-12-18,0.00877
2017-12-19,0.00872
2017-12-20,0.00870
2017-12-21,0.00872
2017-12-22,0.00874
2017-12-26,0.00874
2017-12-27,0.00871
2017-12-28,0.00866
2017-12-29,0.00864
2018-01-02,0.00866
2018-01-03,0.00869
2018-01-04,0.00865
2018-01-05,0.00862
2018-01-08,0.00863
2018-01-09,0.00873
2018-01-10,0.00877
2018-01-11,0.00875
2018-01-12,0.00873
2018-01-16,0.00869
2018-01-17,0.00868
2018-01-18,0.00865
2018-01-19,0.00869
2018-01-22,0.00867
2018-01-23,0.00869
2018-01-24,0.00866
2018-01-25,0.00861
2018-01-26,0.00862
2018-01-29,0.00860
2018-01-30,0.00859
2018-01-31,0.00853
2018-02-01,0.00848
2018-02-02,0.00844
2018-02-05,0.00851
2018-02-06,0.00858
2018-02-07,0.00862
2018-02-08,0.00861
2018-02-09,0.00866
2018-02-12,0.00864
2018-02-13,0.00868
2018-02-14,0.00871
2018-02-15,0.00868
2018-02-16,0.00873
2018-02-20,0.00872
2018-02-21,0.00871
2018-02-22,0.00874
2018-02-23,0.00877
2018-02-26,0.00878
2018-02-27,0.00874
2018-02-28,0.00884
2018-03-01,0.00885
2018-03-02,0.00888
2018-03-05,0.00887
2018-03-06,0.00885
2018-03-07,0.00890
2018-03-08,0.00895
2018-03-09,0.00889
2018-03-12,0.00891
2018-03-13,0.00885
2018-03-14,0.00891
2018-03-15,0.00896
2018-03-16,0.00898
2018-03-19,0.00899
2018-03-20,0.00897
2018-03-21,0.00897
2018-03-22,0.00901
2018-03-23,0.00903
2018-03-26,0.00899
2018-03-27,0.00896
2018-03-28,0.00897
2018-03-29,0.00900
2018-03-30,0.00898
2018-04-02,0.00902
2018-04-03,0.00901
2018-04-04,0.00900
2018-04-05,0.00896
2018-04-06,0.00897
2018-04-09,0.00894
2018-04-10,0.00892
2018-04-11,0.00897
2018-04-12,0.00897
2018-04-13,0.00896
2018-04-16,0.00895
2018-04-17,0.00903
2018-04-18,0.00902
2018-04-19,0.00904
2018-04-20,0.00906
2018-04-23,0.00900
2018-04-24,0.00899
2018-04-25,0.00899
2018-04-26,0.00904
2018-04-27,0.00906
2018-04-30,0.00907
2018-05-01,0.00907
2018-05-02,0.00908
2018-05-03,0.00915
2018-05-04,0.00917
2018-05-07,0.00918
2018-05-08,0.00918
2018-05-09,0.00916
2018-05-10,0.00916
2018-05-11,0.00915
2018-05-14,0.00911
2018-05-15,0.00907
2018-05-16,0.00908
2018-05-17,0.00904
2018-05-18,0.00901
2018-05-21,0.00898
2018-05-22,0.00895
2018-05-23,0.00904
2018-05-24,0.00907
2018-05-25,0.00906
2018-05-29,0.00914
2018-05-30,0.00907
2018-05-31,0.00905
2018-06-01,0.00901
2018-06-04,0.00901
2018-06-05,0.00899
2018-06-06,0.00895
2018-06-07,0.00894
2018-06-08,0.00901
2018-06-11,0.00896
2018-06-12,0.00893
2018-06-13,0.00892
2018-06-14,0.00900
2018-06-15,0.00901
2018-06-18,0.00901
2018-06-19,0.00904
2018-06-20,0.00904
2018-06-21,0.00901
2018-06-22,0.00900
2018-06-25,0.00901
2018-06-26,0.00901
2018-06-27,0.00903
2018-06-28,0.00904
2018-06-29,0.00896
2018-07-02,0.00898
2018-07-03,0.00898
2018-07-05,0.00897
2018-07-06,0.00896
2018-07-09,0.00895
2018-07-10,0.00892
2018-07-11,0.00891
2018-07-12,0.00890
2018-07-13,0.00892
2018-07-16,0.00888
2018-07-17,0.00886
2018-07-18,0.00886
2018-07-19,0.00887
2018-07-20,0.00890
2018-07-23,0.00891
2018-07-24,0.00894
2018-07-25,0.00896
2018-07-26,0.00894
2018-07-27,0.00896
2018-07-30,0.00891
2018-07-31,0.00884
2018-08-01,0.00888
2018-08-02,0.00892
2018-08-03,0.00893
2018-08-06,0.00894
2018-08-07,0.00894
2018-08-08,0.00896
2018-08-09,0.00893
2018-08-10,0.00900
2018-08-13,0.00898
2018-08-14,0.00895
2018-08-15,0.00899
2018-08-16,0.00898
2018-08-17,0.00900
2018-08-20,0.00901
2018-08-21,0.00894
2018-08-22,0.00890
2018-08-23,0.00886
2018-08-24,0.00883
2018-08-27,0.00882
2018-08-28,0.00878
2018-08-29,0.00870
2018-08-30,0.00873
2018-08-31,0.00874
2018-09-04,0.00875
2018-09-05,0.00872
2018-09-06,0.00873
2018-09-07,0.00871
2018-09-10,0.00877
2018-09-11,0.00873
2018-09-12,0.00872
2018-09-13,0.00865
2018-09-14,0.00862
2018-09-17,0.00859
2018-09-18,0.00857
2018-09-19,0.00862
2018-09-20,0.00855
2018-09-21,0.00852
2018-09-24,0.00854
2018-09-25,0.00855
2018-09-26,0.00857
2018-09-27,0.00862
2018-09-28,0.00860
2018-10-01,0.00863
2018-10-02,0.00866
2018-10-03,0.00866
2018-10-04,0.00872
2018-10-05,0.00874
2018-10-09,0.00878
2018-10-10,0.00879
2018-10-11,0.00884
2018-10-12,0.00885
2018-10-15,0.00882
2018-10-16,0.00882
2018-10-17,0.00885
2018-10-18,0.00887
2018-10-19,0.00886
2018-10-22,0.00883
2018-10-23,0.00887
2018-10-24,0.00887
2018-10-25,0.00889
2018-10-26,0.00894
2018-10-29,0.00890
2018-10-30,0.00891
2018-10-31,0.00891
2018-11-01,0.00890
2018-11-02,0.00887
2018-11-05,0.00888
2018-11-06,0.00886
2018-11-07,0.00882
2018-11-08,0.00881
2018-11-09,0.00884
2018-11-13,0.00885
2018-11-14,0.00885
2018-11-15,0.00886
2018-11-16,0.00888
2018-11-19,0.00883
2018-11-20,0.00883
2018-11-21,0.00880
2018-11-23,0.00884
2018-11-26,0.00879
2018-11-27,0.00878
2018-11-28,0.00877
2018-11-29,0.00879
2018-11-30,0.00880
2018-12-03,0.00879
2018-12-04,0.00883
2018-12-06,0.00883
2018-12-07,0.00880
2018-12-10,0.00876
2018-12-11,0.00876
2018-12-12,0.00876
2018-12-13,0.00874
2018-12-14,0.00880
2018-12-17,0.00879
2018-12-18,0.00882
2018-12-19,0.00884
2018-12-20,0.00891
2018-12-21,0.00892
2018-12-26,0.00897
2018-12-27,0.00894
2018-12-28,0.00892
2018-12-31,0.00896
2019-01-02,0.00905
2019-01-03,0.00915
2019-01-04,0.00910
2019-01-07,0.00903
2019-01-08,0.00904
2019-01-09,0.00901
2019-01-10,0.00907
2019-01-11,0.00907
2019-01-15,0.00909
2019-01-16,0.00910
2019-01-17,0.00912
2019-01-18,0.00907
2019-01-22,0.00912
2019-01-23,0.00909
2019-01-24,0.00908
2019-01-25,0.00906
2019-01-28,0.00908
2019-01-29,0.00910
2019-01-30,0.00912
2019-01-31,0.00913
2019-02-01,0.00907
2019-02-04,0.00907
2019-02-05,0.00910
2019-02-06,0.00912
2019-02-07,0.00912
2019-02-08,0.00911
2019-02-11,0.00909
2019-02-12,0.00911
2019-02-13,0.00909
2019-02-14,0.00909
2019-02-15,0.00910
2019-02-19,0.00905
2019-02-21,0.00904
2019-02-22,0.00903
2019-02-25,0.00901
2019-02-26,0.00903
2019-02-27,0.00902
2019-02-28,0.00895
2019-03-01,0.00893
2019-03-04,0.00895
2019-03-05,0.00897
2019-03-06,0.00899
2019-03-07,0.00906
2019-03-08,0.00907
2019-03-11,0.00909
2019-03-12,0.00905
2019-03-13,0.00903
2019-03-14,0.00899
2019-03-15,0.00899
2019-03-18,0.00898
2019-03-19,0.00898
2019-03-20,0.00895
2019-03-21,0.00895
2019-03-22,0.00906
2019-03-25,0.00901
2019-03-26,0.00900
2019-03-27,0.00901
2019-03-28,0.00900
2019-03-29,0.00900
2019-04-01,0.00897
2019-04-02,0.00897
2019-04-03,0.00894
2019-04-04,0.00897
2019-04-05,0.00895
2019-04-08,0.00897
2019-04-09,0.00900
2019-04-10,0.00903
2019-04-11,0.00899
2019-04-12,0.00894
2019-04-15,0.00896
2019-04-16,0.00899
2019-04-17,0.00902
2019-04-18,0.00907
2019-04-19,0.00906
2019-04-22,0.00907
2019-04-23,0.00913
2019-04-24,0.00911
2019-04-25,0.00914
2019-04-26,0.00913
2019-04-29,0.00912
2019-04-30,0.00916
2019-05-01,0.00912
2019-05-02,0.00914
2019-05-03,0.00915
2019-05-06,0.00918
2019-05-07,0.00926
2019-05-08,0.00925
2019-05-09,0.00925
2019-05-10,0.00923
2019-05-13,0.00922
2019-05-14,0.00920
2019-05-15,0.00921
2019-05-16,0.00919
2019-05-17,0.00920
2019-05-20,0.00917
2019-05-21,0.00914
2019-05-22,0.00915
2019-05-23,0.00916
2019-05-24,0.00916
2019-05-28,0.00921
2019-05-29,0.00921
2019-05-30,0.00919
2019-05-31,0.00923
2019-06-03,0.00922
2019-06-04,0.00918
2019-06-05,0.00917
2019-06-06,0.00915
2019-06-07,0.00913
2019-06-10,0.00912
2019-06-11,0.00915
2019-06-12,0.00917
2019-06-13,0.00917
2019-06-14,0.00921
2019-06-17,0.00919
2019-06-18,0.00922
2019-06-19,0.00919
2019-06-20,0.00913
2019-06-21,0.00910
2019-06-24,0.00905
2019-06-25,0.00910
2019-06-26,0.00907
2019-06-27,0.00907
2019-06-28,0.00905
2019-07-01,0.00910
2019-07-02,0.00913
2019-07-03,0.00915
2019-07-05,0.00914
2019-07-08,0.00914
2019-07-09,0.00913
2019-07-10,0.00912
2019-07-11,0.00913
2019-07-12,0.00912
2019-07-15,0.00913
2019-07-16,0.00913
2019-07-17,0.00913
2019-07-18,0.00915
2019-07-19,0.00911
2019-07-22,0.00910
2019-07-23,0.00911
2019-07-24,0.00912
2019-07-25,0.00912
2019-07-26,0.00914
2019-07-29,0.00911
2019-07-30,0.00912
2019-07-31,0.00912
2019-08-01,0.00918
2019-08-02,0.00921
2019-08-05,0.00917
2019-08-06,0.00919
2019-08-07,0.00919
2019-08-08,0.00920
2019-08-09,0.00922
2019-08-12,0.00920
2019-08-13,0.00914
2019-08-14,0.00920
2019-08-15,0.00920
2019-08-16,0.00922
2019-08-19,0.00921
2019-08-20,0.00921
2019-08-21,0.00922
2019-08-22,0.00924
2019-08-23,0.00926
2019-08-26,0.00923
2019-08-27,0.00928
2019-08-28,0.00926
2019-08-29,0.00925
2019-08-30,0.00931
2019-09-03,0.00932
2019-09-04,0.00924
2019-09-05,0.00923
2019-09-06,0.00924
2019-09-09,0.00925
2019-09-10,0.00923
2019-09-11,0.00922
2019-09-12,0.00916
2019-09-13,0.00915
2019-09-16,0.00919
2019-09-17,0.00918
2019-09-18,0.00920
2019-09-19,0.00919
2019-09-20,0.00920
2019-09-23,0.00921
2019-09-24,0.00920
2019-09-25,0.00919
2019-09-26,0.00922
2019-09-27,0.00918
2019-09-30,0.00923
2019-10-01,0.00923
2019-10-02,0.00930
2019-10-03,0.00934
2019-10-04,0.00931
2019-10-07,0.00929
2019-10-08,0.00928
2019-10-09,0.00926
2019-10-10,0.00922
2019-10-11,0.00918
2019-10-15,0.00917
2019-10-16,0.00916
2019-10-17,0.00910
2019-10-18,0.00909
2019-10-21,0.00909
2019-10-22,0.00911
2019-10-23,0.00912
2019-10-24,0.00914
2019-10-25,0.00914
2019-10-28,0.00914
2019-10-29,0.00913
2019-10-30,0.00910
2019-10-31,0.00913
2019-11-01,0.00911
2019-11-04,0.00909
2019-11-05,0.00910
2019-11-06,0.00911
2019-11-07,0.00910
2019-11-08,0.00914
2019-11-12,0.00910
2019-11-13,0.00909
2019-11-14,0.00912
2019-11-15,0.00910
2019-11-18,0.00910
2019-11-19,0.00913
2019-11-20,0.00913
2019-11-21,0.00914
2019-11-22,0.00917
2019-11-25,0.00915
2019-11-26,0.00914
2019-11-27,0.00914
2019-11-29,0.00914
2019-12-02,0.00909
2019-12-03,0.00909
2019-12-04,0.00909
2019-12-05,0.00908
2019-12-06,0.00912
2019-12-09,0.00910
2019-12-10,0.00906
2019-12-11,0.00907
2019-12-12,0.00903
2019-12-13,0.00900
2019-12-16,0.00897
2019-12-17,0.00896
2019-12-18,0.00896
2019-12-19,0.00895
2019-12-20,0.00898
2019-12-23,0.00898
2019-12-24,0.00897
2019-12-26,0.00894
2019-12-27,0.00890
2019-12-30,0.00889
2019-12-31,0.00890
2020-01-02,0.00897
2020-01-03,0.00899
2020-01-06,0.00894
2020-01-07,0.00895
2020-01-08,0.00892
2020-01-09,0.00888
2020-01-10,0.00888
2020-01-13,0.00883
2020-01-14,0.00879
2020-01-15,0.00876
2020-01-16,0.00876
2020-01-17,0.00879
2020-01-21,0.00880
2020-01-22,0.00882
2020-01-23,0.00887
2020-01-24,0.00888
2020-01-27,0.00890
2020-01-28,0.00892
2020-01-29,0.00893
2020-01-30,0.00891
2020-01-31,0.00889
2020-02-03,0.00889
2020-02-04,0.00886
2020-02-05,0.00887
2020-02-06,0.00887
2020-02-07,0.00890
2020-02-10,0.00891
2020-02-11,0.00889
2020-02-12,0.00888
2020-02-13,0.00891
2020-02-14,0.00894
2020-02-18,0.00894
2020-02-19,0.00885
2020-02-20,0.00879
2020-02-21,0.00875
2020-02-24,0.00884
2020-02-25,0.00886
2020-02-26,0.00884
2020-02-27,0.00882
2020-02-28,0.00894
2020-03-02,0.00887
2020-03-03,0.00891
2020-03-04,0.00890
2020-03-05,0.00890
2020-03-06,0.00889
2020-03-09,0.00907
2020-03-10,0.00900
2020-03-11,0.00895
2020-03-12,0.00903
2020-03-13,0.00890
2020-03-16,0.00896
2020-03-17,0.00898
2020-03-18,0.00897
2020-03-19,0.00895
2020-03-20,0.00886
2020-03-23,0.00882
2020-03-24,0.00881
2020-03-25,0.00878
2020-03-26,0.00881
2020-03-27,0.00884
2020-03-30,0.00889
2020-03-31,0.00895
2020-04-01,0.00904
2020-04-02,0.00902
2020-04-03,0.00901
2020-04-06,0.00895
2020-04-07,0.00891
2020-04-08,0.00893
2020-04-09,0.00891
2020-04-10,0.00890
2020-04-13,0.00899
2020-04-14,0.00897
2020-04-15,0.00898
2020-04-16,0.00900
2020-04-17,0.00899
2020-04-20,0.00898
2020-04-21,0.00900
2020-04-22,0.00901
2020-04-23,0.00904
2020-04-24,0.00907
2020-04-27,0.00910
2020-04-28,0.00912
2020-04-29,0.00914
2020-04-30,0.00904
2020-05-01,0.00899
2020-05-04,0.00903
2020-05-05,0.00913
2020-05-06,0.00919
2020-05-07,0.00916
2020-05-08,0.00911
2020-05-11,0.00903
2020-05-12,0.00902
2020-05-13,0.00908
2020-05-14,0.00908
2020-05-15,0.00907
2020-05-18,0.00904
2020-05-19,0.00901
2020-05-20,0.00898
2020-05-21,0.00901
2020-05-22,0.00904
2020-05-26,0.00898
2020-05-27,0.00900
2020-05-28,0.00896
2020-05-29,0.00892
2020-06-01,0.00894
2020-06-02,0.00886
2020-06-03,0.00883
2020-06-04,0.00878
2020-06-05,0.00877
2020-06-08,0.00882
2020-06-09,0.00881
2020-06-10,0.00881
2020-06-11,0.00880
2020-06-12,0.00886
2020-06-15,0.00885
2020-06-16,0.00884
2020-06-17,0.00887
2020-06-18,0.00891
2020-06-19,0.00891
2020-06-22,0.00887
2020-06-23,0.00887
2020-06-24,0.00887
2020-06-25,0.00885
2020-06-26,0.00884
2020-06-29,0.00882
2020-06-30,0.00878
2020-07-01,0.00880
2020-07-02,0.00879
2020-07-06,0.00876
2020-07-07,0.00875
2020-07-08,0.00874
2020-07-09,0.00876
2020-07-10,0.00880
2020-07-13,0.00878
2020-07-14,0.00875
2020-07-15,0.00883
2020-07-16,0.00881
2020-07-17,0.00877
2020-07-20,0.00876
2020-07-21,0.00874
2020-07-22,0.00867
2020-07-23,0.00866
2020-07-24,0.00872
2020-07-27,0.00874
2020-07-28,0.00873
2020-07-29,0.00870
2020-07-30,0.00868
2020-07-31,0.00862
2020-08-03,0.00866
2020-08-04,0.00865
2020-08-05,0.00859
2020-08-06,0.00862
2020-08-07,0.00863
2020-08-10,0.00865
2020-08-11,0.00860
2020-08-12,0.00853
2020-08-13,0.00851
2020-08-14,0.00854
2020-08-17,0.00855
2020-08-18,0.00857
2020-08-19,0.00862
2020-08-20,0.00858
2020-08-21,0.00862
2020-08-24,0.00860
2020-08-25,0.00854
2020-08-26,0.00856
2020-08-27,0.00853
2020-08-28,0.00859
2020-08-31,0.00851
2020-09-01,0.00856
2020-09-02,0.00858
2020-09-03,0.00858
2020-09-04,0.00860
2020-09-08,0.00865
2020-09-09,0.00860
2020-09-10,0.00855
2020-09-11,0.00856
2020-09-14,0.00858
2020-09-15,0.00861
2020-09-16,0.00865
2020-09-17,0.00868
2020-09-18,0.00871
2020-09-21,0.00875
2020-09-22,0.00876
2020-09-23,0.00876
2020-09-24,0.00879
2020-09-25,0.00880
2020-09-28,0.00876
2020-09-29,0.00872
2020-09-30,0.00870
2020-10-01,0.00870
2020-10-02,0.00874
2020-10-05,0.00866
2020-10-06,0.00866
2020-10-07,0.00865
2020-10-08,0.00866
2020-10-09,0.00861
2020-10-13,0.00867
2020-10-14,0.00869
2020-10-15,0.00868
2020-10-16,0.00868
2020-10-19,0.00862
2020-10-20,0.00859
2020-10-21,0.00865
2020-10-22,0.00865
2020-10-23,0.00864
2020-10-26,0.00865
2020-10-27,0.00868
2020-10-28,0.00872
2020-10-29,0.00876
2020-10-30,0.00877
2020-11-02,0.00878
2020-11-03,0.00873
2020-11-04,0.00872
2020-11-05,0.00874
2020-11-06,0.00870
2020-11-09,0.00864
2020-11-10,0.00867
2020-11-12,0.00869
2020-11-13,0.00873
2020-11-16,0.00872
2020-11-17,0.00874
2020-11-18,0.00877
2020-11-19,0.00878
2020-11-20,0.00878
2020-11-23,0.00874
2020-11-24,0.00872
2020-11-25,0.00871
2020-11-30,0.00868
2020-12-01,0.00863
2020-12-02,0.00857
2020-12-03,0.00858
2020-12-04,0.00855
2020-12-07,0.00855
2020-12-08,0.00853
2020-12-09,0.00854
2020-12-10,0.00851
2020-12-11,0.00857
2020-12-14,0.00853
2020-12-15,0.00854
2020-12-16,0.00855
2020-12-17,0.00857
2020-12-18,0.00856
2020-12-21,0.00856
2020-12-22,0.00858
2020-12-23,0.00858
2020-12-28,0.00857
2020-12-29,0.00854
2020-12-30,0.00855
2020-12-31,0.00857
2021-01-04,0.00854
2021-01-05,0.00855
2021-01-06,0.00853
2021-01-07,0.00851
2021-01-08,0.00851
2021-01-11,0.00854
2021-01-12,0.00854
2021-01-13,0.00854
2021-01-14,0.00856
2021-01-15,0.00857
2021-01-19,0.00856
2021-01-21,0.00856
2021-01-22,0.00853
2021-01-25,0.00856
2021-01-26,0.00856
2021-01-27,0.00854
2021-01-28,0.00852
2021-01-29,0.00851
2021-02-01,0.00854
2021-02-02,0.00855
2021-02-03,0.00856
2021-02-04,0.00857
2021-02-05,0.00853
2021-02-08,0.00854
2021-02-09,0.00854
2021-02-10,0.00849
2021-02-11,0.00850
2021-02-12,0.00849
2021-02-16,0.00843
2021-02-17,0.00849
2021-02-18,0.00849
2021-02-19,0.00848
2021-02-22,0.00853
2021-02-23,0.00858
2021-02-24,0.00857
2021-02-25,0.00850
2021-02-26,0.00853
2021-03-01,0.00857
2021-03-02,0.00856
2021-03-03,0.00859
2021-03-04,0.00860
2021-03-05,0.00860
2021-03-08,0.00859
2021-03-09,0.00855
2021-03-10,0.00858
2021-03-11,0.00852
2021-03-12,0.00852
2021-03-15,0.00851
2021-03-16,0.00850
2021-03-17,0.00849
2021-03-18,0.00852
2021-03-19,0.00854
2021-03-22,0.00850
2021-03-23,0.00859
2021-03-24,0.00860
2021-03-25,0.00861
2021-03-26,0.00858
2021-03-29,0.00855
2021-03-30,0.00856
2021-03-31,0.00851
2021-04-01,0.00851
2021-04-02,0.00851
2021-04-05,0.00850
2021-04-06,0.00849
2021-04-07,0.00846
2021-04-08,0.00847
2021-04-09,0.00844
2021-04-12,0.00843
2021-04-13,0.00844
2021-04-14,0.00847
2021-04-15,0.00848
2021-04-16,0.00845
2021-04-19,0.00847
2021-04-20,0.00846
2021-04-21,0.00848
2021-04-22,0.00849
2021-04-23,0.00848
2021-04-26,0.00846
2021-04-27,0.00841
2021-04-28,0.00839
2021-04-29,0.00835
2021-04-30,0.00835
2021-05-03,0.00836
2021-05-04,0.00836
2021-05-05,0.00836
2021-05-06,0.00833
2021-05-07,0.00830
2021-05-10,0.00827
2021-05-11,0.00831
2021-05-12,0.00830
2021-05-13,0.00828
2021-05-14,0.00825
2021-05-17,0.00826
2021-05-18,0.00824
2021-05-19,0.00828
2021-05-20,0.00826
2021-05-21,0.00825
2021-05-24,0.00825
2021-05-25,0.00823
2021-05-26,0.00822
2021-05-27,0.00818
2021-05-28,0.00819
2021-06-01,0.00818
2021-06-02,0.00819
2021-06-03,0.00821
2021-06-04,0.00822
2021-06-07,0.00821
2021-06-08,0.00819
2021-06-09,0.00817
2021-06-10,0.00818
2021-06-11,0.00819
2021-06-14,0.00818
2021-06-15,0.00816
2021-06-16,0.00818
2021-06-17,0.00832
2021-06-18,0.00836
2021-06-21,0.00833
2021-06-22,0.00831
2021-06-23,0.00827
2021-06-24,0.00828
2021-06-25,0.00828
2021-06-28,0.00831
2021-06-29,0.00832
2021-06-30,0.00833
2021-07-01,0.00829
2021-07-02,0.00829
2021-07-06,0.00835
2021-07-07,0.00836
2021-07-08,0.00833
2021-07-09,0.00831
2021-07-12,0.00829
2021-07-13,0.00830
2021-07-14,0.00832
2021-07-15,0.00835
2021-07-16,0.00835
2021-07-19,0.00839
2021-07-20,0.00839
2021-07-21,0.00833
2021-07-22,0.00835
2021-07-23,0.00833
2021-07-26,0.00830
2021-07-27,0.00833
2021-07-28,0.00830
2021-07-29,0.00827
2021-07-30,0.00826
2021-08-02,0.00829
2021-08-03,0.00829
2021-08-04,0.00828
2021-08-05,0.00826
2021-08-06,0.00829
2021-08-09,0.00834
2021-08-10,0.00835
2021-08-11,0.00834
2021-08-12,0.00836
2021-08-13,0.00835
2021-08-16,0.00835
2021-08-17,0.00834
2021-08-18,0.00835
2021-08-19,0.00836
2021-08-20,0.00836
2021-08-23,0.00832
2021-08-24,0.00832
2021-08-25,0.00830
2021-08-26,0.00833
2021-08-27,0.00830
2021-08-30,0.00835
2021-08-31,0.00832
2021-09-01,0.00831
2021-09-02,0.00833
2021-09-03,0.00833
2021-09-07,0.00833
2021-09-08,0.00836
2021-09-09,0.00836
2021-09-10,0.00835
2021-09-13,0.00838
2021-09-14,0.00838
2021-09-15,0.00841
2021-09-16,0.00844
2021-09-17,0.00847
2021-09-20,0.00847
2021-09-21,0.00845
2021-09-22,0.00842
2021-09-23,0.00839
2021-09-24,0.00835
2021-09-27,0.00834
2021-09-28,0.00834
2021-09-29,0.00835
2021-09-30,0.00838
2021-10-01,0.00838
2021-10-04,0.00834
2021-10-05,0.00832
2021-10-06,0.00833
2021-10-07,0.00832
2021-10-08,0.00827
2021-10-12,0.00818
2021-10-13,0.00816
2021-10-14,0.00813
2021-10-15,0.00808
2021-10-18,0.00808
2021-10-19,0.00807
2021-10-20,0.00805
2021-10-21,0.00806
2021-10-22,0.00807
2021-10-25,0.00809
2021-10-26,0.00806
2021-10-27,0.00807
2021-10-28,0.00805
2021-10-29,0.00804
2021-11-01,0.00797
2021-11-02,0.00804
2021-11-03,0.00800
2021-11-04,0.00803
2021-11-05,0.00805
2021-11-08,0.00807
2021-11-09,0.00808
2021-11-10,0.00805
2021-11-12,0.00809
2021-11-15,0.00809
2021-11-16,0.00811
2021-11-17,0.00812
2021-11-18,0.00811
2021-11-19,0.00814
2021-11-22,0.00811
2021-11-23,0.00811
2021-11-24,0.00811
2021-11-26,0.00814
2021-11-29,0.00813
2021-11-30,0.00814
2021-12-01,0.00815
2021-12-02,0.00814
2021-12-03,0.00814
2021-12-06,0.00817
2021-12-07,0.00815
2021-12-08,0.00810
2021-12-09,0.00816
2021-12-10,0.00812
2021-12-13,0.00812
2021-12-14,0.00813
2021-12-15,0.00813
2021-12-16,0.00811
2021-12-17,0.00812
2021-12-20,0.00811
2021-12-21,0.00810
2021-12-22,0.00806
2021-12-23,0.00803
2021-12-27,0.00799
2021-12-28,0.00799
2021-12-29,0.00796
2021-12-30,0.00794
2022-01-03,0.00797
2022-01-04,0.00788
2022-01-05,0.00790
2022-01-06,0.00794
2022-01-07,0.00795
2022-01-10,0.00804
2022-01-11,0.00801
2022-01-12,0.00796
2022-01-13,0.00798
2022-01-14,0.00802
2022-01-18,0.00800
2022-01-19,0.00801
2022-01-20,0.00803
2022-01-21,0.00802
2022-01-24,0.00804
2022-01-25,0.00807
2022-01-26,0.00806
2022-01-27,0.00807
2022-01-28,0.00807
2022-01-31,0.00807
2022-02-01,0.00804
2022-02-02,0.00803
2022-02-03,0.00802
2022-02-04,0.00803
2022-02-07,0.00803
2022-02-08,0.00800
2022-02-09,0.00800
2022-02-10,0.00797
2022-02-11,0.00798
2022-02-14,0.00801
2022-02-15,0.00801
2022-02-16,0.00799
2022-02-17,0.00800
2022-02-18,0.00800
2022-02-22,0.00801
2022-02-23,0.00797
2022-02-24,0.00803
2022-02-25,0.00802
2022-02-28,0.00797
2022-03-01,0.00800
2022-03-02,0.00797
2022-03-03,0.00796
2022-03-04,0.00801
2022-03-07,0.00803
2022-03-08,0.00804
2022-03-09,0.00800
2022-03-10,0.00801
2022-03-11,0.00797
2022-03-14,0.00793
2022-03-15,0.00797
2022-03-16,0.00795
2022-03-17,0.00789
2022-03-18,0.00784
2022-03-21,0.00781
2022-03-22,0.00773
2022-03-23,0.00770
2022-03-24,0.00762
2022-03-25,0.00763
2022-03-28,0.00758
2022-03-29,0.00759
2022-03-30,0.00757
2022-03-31,0.00758
2022-04-01,0.00755
2022-04-04,0.00754
2022-04-05,0.00753
2022-04-06,0.00754
2022-04-07,0.00754
2022-04-08,0.00751
2022-04-11,0.00741
2022-04-12,0.00743
2022-04-13,0.00744
2022-04-14,0.00749
2022-04-15,0.00747
2022-04-18,0.00745
2022-04-19,0.00738
2022-04-20,0.00741
2022-04-21,0.00741
2022-04-22,0.00744
2022-04-25,0.00751
2022-04-26,0.00754
2022-04-27,0.00755
2022-04-28,0.00743
2022-04-29,0.00749
2022-05-02,0.00750
2022-05-03,0.00752
2022-05-04,0.00756
2022-05-05,0.00757
2022-05-06,0.00756
2022-05-09,0.00761
2022-05-10,0.00764
2022-05-11,0.00761
2022-05-12,0.00781
2022-05-13,0.00775
2022-05-16,0.00776
2022-05-17,0.00768
2022-05-18,0.00772
2022-05-19,0.00762
2022-05-20,0.00762
2022-05-23,0.00756
2022-05-24,0.00758
2022-05-25,0.00757
2022-05-26,0.00754
2022-05-27,0.00753
2022-05-31,0.00745
2022-06-01,0.00741
2022-06-02,0.00739
2022-06-03,0.00736
2022-06-06,0.00737
2022-06-07,0.00734
2022-06-08,0.00727
2022-06-09,0.00729
2022-06-10,0.00737
2022-06-13,0.00743
2022-06-14,0.00743
2022-06-15,0.00745
2022-06-16,0.00734
2022-06-17,0.00719
2022-06-21,0.00709
2022-06-22,0.00707
2022-06-23,0.00713
2022-06-24,0.00708
2022-06-27,0.00706
2022-06-28,0.00702
2022-06-29,0.00699
2022-06-30,0.00704
2022-07-01,0.00712
2022-07-05,0.00714
2022-07-06,0.00716
2022-07-07,0.00716
2022-07-08,0.00718
2022-07-11,0.00713
2022-07-12,0.00718
2022-07-13,0.00712
2022-07-14,0.00707
2022-07-15,0.00705
2022-07-18,0.00706
2022-07-19,0.00702
2022-07-20,0.00704
2022-07-21,0.00703
2022-07-22,0.00706
2022-07-25,0.00706
2022-07-26,0.00705
2022-07-27,0.00703
2022-07-28,0.00712
2022-07-29,0.00714
2022-08-01,0.00720
2022-08-02,0.00721
2022-08-03,0.00718
2022-08-04,0.00718
2022-08-05,0.00712
2022-08-08,0.00708
2022-08-09,0.00706
2022-08-10,0.00710
2022-08-11,0.00708
2022-08-12,0.00706
2022-08-15,0.00710
2022-08-16,0.00707
2022-08-17,0.00704
2022-08-18,0.00706
2022-08-19,0.00700
2022-08-22,0.00702
2022-08-23,0.00706
2022-08-24,0.00706
2022-08-25,0.00705
2022-08-26,0.00703
2022-08-29,0.00698
2022-08-30,0.00703
2022-08-31,0.00703
2022-09-01,0.00703
2022-09-02,0.00700
2022-09-06,0.00688
2022-09-07,0.00679
2022-09-08,0.00675
2022-09-09,0.00674
2022-09-12,0.00668
2022-09-13,0.00666
2022-09-14,0.00672
2022-09-15,0.00669
2022-09-16,0.00674
2022-09-19,0.00674
2022-09-20,0.00670
2022-09-21,0.00670
2022-09-22,0.00690
2022-09-23,0.00686
2022-09-26,0.00687
2022-09-27,0.00684
2022-09-28,0.00677
2022-09-29,0.00678
2022-09-30,0.00680
2022-10-03,0.00687
2022-10-04,0.00679
2022-10-05,0.00680
2022-10-06,0.00683
2022-10-07,0.00683
2022-10-11,0.00683
2022-10-12,0.00680
2022-10-13,0.00679
2022-10-14,0.00677
2022-10-17,0.00669
2022-10-18,0.00668
2022-10-19,0.00670
2022-10-20,0.00668
2022-10-21,0.00682
2022-10-24,0.00673
2022-10-25,0.00674
2022-10-26,0.00673
2022-10-27,0.00678
2022-10-28,0.00675
2022-10-31,0.00673
2022-11-01,0.00675
2022-11-02,0.00679
2022-11-03,0.00684
2022-11-04,0.00678
2022-11-07,0.00676
2022-11-08,0.00677
2022-11-09,0.00673
2022-11-10,0.00682
2022-11-14,0.00671
2022-11-15,0.00678
2022-11-16,0.00677
2022-11-17,0.00679
2022-11-18,0.00680
2022-11-21,0.00675
2022-11-22,0.00675
2022-11-23,0.00675
2022-11-25,0.00679
2022-11-28,0.00682
2022-11-29,0.00687
2022-11-30,0.00681
2022-12-01,0.00692
2022-12-02,0.00695
2022-12-05,0.00690
2022-12-06,0.00688
2022-12-07,0.00688
2022-12-08,0.00686
2022-12-09,0.00683
2022-12-12,0.00681
2022-12-13,0.00686
2022-12-14,0.00685
2022-12-15,0.00673
2022-12-16,0.00683
2022-12-19,0.00680
2022-12-20,0.00706
2022-12-21,0.00701
2022-12-22,0.00703
2022-12-23,0.00703
2022-12-27,0.00696
2022-12-28,0.00691
2022-12-29,0.00693
2022-12-30,0.00701
2023-01-03,0.00716
2023-01-04,0.00702
2023-01-05,0.00701
2023-01-06,0.00703
2023-01-09,0.00698
2023-01-10,0.00698
2023-01-11,0.00701
2023-01-12,0.00716
2023-01-13,0.00726
2023-01-17,0.00719
2023-01-18,0.00712
2023-01-19,0.00713
2023-01-20,0.00709
2023-01-23,0.00706
2023-01-24,0.00710
2023-01-25,0.00710
2023-01-26,0.00706
2023-01-27,0.00709
2023-01-30,0.00708
2023-01-31,0.00706
2023-02-01,0.00708
2023-02-02,0.00710
2023-02-03,0.00706
2023-02-06,0.00699
2023-02-07,0.00703
2023-02-08,0.00701
2023-02-09,0.00702
2023-02-10,0.00703
2023-02-13,0.00694
2023-02-14,0.00693
2023-02-15,0.00688
2023-02-16,0.00690
2023-02-17,0.00690
2023-02-21,0.00687
2023-02-22,0.00690
2023-02-23,0.00693
2023-02-24,0.00689
2023-02-27,0.00688
2023-02-28,0.00689
2023-03-01,0.00691
2023-03-02,0.00688
2023-03-03,0.00689
2023-03-06,0.00685
2023-03-07,0.00688
2023-03-08,0.00685
2023-03-09,0.00686
2023-03-10,0.00682
2023-03-13,0.00685
2023-03-14,0.00680
2023-03-15,0.00696
2023-03-16,0.00699
2023-03-17,0.00703
2023-03-20,0.00704
2023-03-21,0.00698
2023-03-22,0.00696
2023-03-23,0.00698
2023-03-24,0.00703
2023-03-27,0.00697
2023-03-28,0.00702
2023-03-29,0.00693
2023-03-30,0.00689
2023-03-31,0.00688
2023-04-03,0.00690
2023-04-04,0.00689
2023-04-05,0.00690
2023-04-06,0.00687
2023-04-07,0.00685
2023-04-10,0.00681
2023-04-11,0.00676
2023-04-12,0.00673
2023-04-13,0.00670
2023-04-14,0.00670
2023-04-17,0.00669
2023-04-18,0.00670
2023-04-19,0.00667
2023-04-20,0.00667
2023-04-21,0.00665
2023-04-24,0.00661
2023-04-25,0.00666
2023-04-26,0.00666
2023-04-27,0.00668
2023-04-28,0.00655
2023-05-01,0.00652
2023-05-02,0.00654
2023-05-03,0.00656
2023-05-04,0.00662
2023-05-05,0.00661
2023-05-08,0.00660
2023-05-09,0.00660
2023-05-10,0.00662
2023-05-11,0.00666
2023-05-12,0.00661
2023-05-15,0.00658
2023-05-16,0.00656
2023-05-17,0.00654
2023-05-18,0.00653
2023-05-19,0.00653
2023-05-22,0.00648
2023-05-23,0.00650
2023-05-24,0.00651
2023-05-25,0.00648
2023-05-26,0.00645
2023-05-30,0.00647
2023-05-31,0.00653
2023-06-01,0.00654
2023-06-02,0.00649
2023-06-05,0.00649
2023-06-06,0.00650
2023-06-07,0.00649
2023-06-08,0.00648
2023-06-09,0.00648
2023-06-12,0.00651
2023-06-13,0.00647
2023-06-14,0.00644
2023-06-15,0.00635
2023-06-16,0.00631
2023-06-20,0.00636
2023-06-21,0.00630
2023-06-22,0.00628
2023-06-23,0.00624
2023-06-26,0.00623
2023-06-27,0.00621
2023-06-28,0.00622
2023-06-29,0.00621
2023-06-30,0.00619
2023-07-03,0.00620
2023-07-05,0.00621
2023-07-06,0.00622
2023-07-07,0.00625
2023-07-10,0.00627
2023-07-11,0.00627
2023-07-12,0.00628
2023-07-13,0.00622
2023-07-14,0.00621
2023-07-17,0.00619
2023-07-18,0.00618
2023-07-19,0.00615
2023-07-20,0.00618
2023-07-21,0.00611
2023-07-24,0.00614
2023-07-25,0.00613
2023-07-26,0.00614
2023-07-27,0.00616
2023-07-28,0.00617
2023-07-31,0.00611
2023-08-01,0.00611
2023-08-02,0.00613
2023-08-03,0.00614
2023-08-04,0.00615
2023-08-07,0.00614
2023-08-08,0.00612
2023-08-09,0.00611
2023-08-10,0.00605
2023-08-11,0.00605
2023-08-14,0.00604
2023-08-15,0.00603
2023-08-16,0.00603
2023-08-17,0.00602
2023-08-18,0.00607
2023-08-21,0.00602
2023-08-22,0.00604
2023-08-23,0.00607
2023-08-24,0.00605
2023-08-25,0.00605
2023-08-28,0.00603
2023-08-29,0.00603
2023-08-30,0.00601
2023-08-31,0.00607
2023-09-01,0.00606
2023-09-05,0.00602
2023-09-06,0.00604
2023-09-07,0.00607
2023-09-08,0.00604
2023-09-11,0.00608
2023-09-12,0.00606
2023-09-13,0.00605
2023-09-14,0.00608
2023-09-15,0.00606
2023-09-18,0.00607
2023-09-19,0.00608
2023-09-20,0.00606
2023-09-21,0.00613
2023-09-22,0.00611
2023-09-25,0.00613
2023-09-26,0.00614
2023-09-27,0.00615
2023-09-28,0.00613
2023-09-29,0.00612
2023-10-02,0.00613
2023-10-03,0.00619
2023-10-04,0.00615
2023-10-05,0.00616
2023-10-06,0.00609
2023-10-10,0.00608
2023-10-11,0.00605
2023-10-12,0.00605
2023-10-13,0.00603
2023-10-16,0.00602
2023-10-17,0.00601
2023-10-18,0.00600
2023-10-19,0.00597
2023-10-20,0.00595
2023-10-23,0.00595
2023-10-24,0.00596
2023-10-25,0.00597
2023-10-26,0.00598
2023-10-27,0.00603
2023-10-30,0.00605
2023-10-31,0.00601
2023-11-01,0.00603
2023-11-02,0.00602
2023-11-03,0.00601
2023-11-06,0.00599
2023-11-07,0.00598
2023-11-08,0.00596
2023-11-09,0.00596
2023-11-13,0.00595
2023-11-14,0.00591
2023-11-15,0.00587
2023-11-16,0.00590
2023-11-17,0.00592
2023-11-20,0.00596
2023-11-21,0.00597
2023-11-22,0.00592
2023-11-24,0.00590
2023-11-27,0.00592
2023-11-28,0.00594
2023-11-29,0.00594
2023-11-30,0.00590
2023-12-01,0.00592
2023-12-04,0.00593
2023-12-05,0.00595
2023-12-06,0.00594
2023-12-07,0.00608
2023-12-08,0.00608
2023-12-11,0.00601
2023-12-12,0.00602
2023-12-13,0.00603
2023-12-14,0.00610
2023-12-15,0.00613
2023-12-18,0.00607
2023-12-19,0.00599
2023-12-20,0.00599
2023-12-21,0.00603
2023-12-22,0.00601
2023-12-26,0.00600
2023-12-27,0.00593
2023-12-28,0.00595
2023-12-29,0.00596
2024-01-02,0.00598
2024-01-03,0.00594
2024-01-04,0.00588
2024-01-05,0.00587
2024-01-08,0.00588
2024-01-09,0.00590
2024-01-10,0.00584
2024-01-11,0.00586
2024-01-12,0.00588
2024-01-16,0.00585
2024-01-17,0.00584
2024-01-18,0.00586
2024-01-19,0.00587
2024-01-22,0.00587
2024-01-23,0.00587
2024-01-24,0.00586
2024-01-25,0.00587
2024-01-26,0.00584
2024-01-29,0.00585
2024-01-30,0.00584
2024-01-31,0.00587
2024-02-01,0.00587
2024-02-02,0.00584
2024-02-05,0.00585
2024-02-06,0.00588
2024-02-07,0.00590
2024-02-08,0.00585
2024-02-09,0.00586
2024-02-12,0.00586
2024-02-13,0.00588
2024-02-14,0.00588
2024-02-15,0.00586
2024-02-16,0.00586
2024-02-20,0.00588
2024-02-21,0.00585
2024-02-22,0.00585
2024-02-23,0.00586
2024-02-26,0.00584
2024-02-27,0.00584
2024-02-28,0.00583
2024-02-29,0.00589
2024-03-01,0.00589
2024-03-04,0.00588
2024-03-05,0.00589
2024-03-06,0.00591
2024-03-07,0.00593
2024-03-08,0.00596
2024-03-11,0.00598
2024-03-12,0.00595
2024-03-13,0.00594
2024-03-14,0.00596
2024-03-15,0.00593
2024-03-18,0.00594
2024-03-19,0.00589
2024-03-20,0.00588
2024-03-21,0.00593
2024-03-22,0.00594
2024-03-25,0.00593
2024-03-26,0.00596
2024-03-27,0.00598
2024-03-28,0.00595
2024-03-29,0.00596
2024-04-01,0.00597
2024-04-02,0.00599
2024-04-03,0.00596
2024-04-04,0.00597
2024-04-05,0.00594
2024-04-08,0.00596
2024-04-09,0.00595
2024-04-10,0.00597
2024-04-11,0.00594
2024-04-12,0.00596
2024-04-15,0.00592
2024-04-16,0.00591
2024-04-17,0.00590
2024-04-18,0.00590
2024-04-19,0.00588
2024-04-22,0.00589
2024-04-23,0.00589
2024-04-24,0.00589
2024-04-25,0.00587
2024-04-26,0.00580
2024-04-29,0.00581
2024-04-30,0.00582
2024-05-01,0.00583
2024-05-02,0.00593
2024-05-03,0.00592
2024-05-06,0.00588
2024-05-07,0.00587
2024-05-08,0.00584
2024-05-09,0.00583
2024-05-10,0.00582
2024-05-13,0.00581
2024-05-14,0.00579
2024-05-15,0.00583
2024-05-16,0.00583
2024-05-17,0.00584
2024-05-20,0.00583
2024-05-21,0.00584
2024-05-22,0.00584
2024-05-23,0.00582
2024-05-24,0.00583
2024-05-28,0.00580
2024-05-29,0.00580
2024-05-30,0.00577
2024-05-31,0.00575
2024-06-03,0.00574
2024-06-04,0.00575
2024-06-05,0.00572
2024-06-06,0.00572
2024-06-07,0.00572
2024-06-10,0.00571
2024-06-11,0.00571
2024-06-12,0.00572
2024-06-13,0.00570
2024-06-14,0.00566
2024-06-17,0.00565
2024-06-18,0.00560
2024-06-20,0.00561
2024-06-21,0.00561
2024-06-24,0.00560
2024-06-25,0.00560
2024-06-26,0.00558
2024-06-27,0.00559
2024-06-28,0.00559
2024-07-01,0.00560
2024-07-02,0.00560
2024-07-03,0.00558
2024-07-05,0.00558
2024-07-08,0.00558
2024-07-09,0.00556
2024-07-10,0.00556
2024-07-11,0.00564
2024-07-12,0.00566
2024-07-15,0.00567
2024-07-16,0.00565
2024-07-17,0.00565
2024-07-18,0.00564
2024-07-19,0.00564
2024-07-22,0.00567
2024-07-23,0.00571
2024-07-24,0.00576
2024-07-25,0.00572
2024-07-26,0.00574
2024-07-29,0.00575
2024-07-30,0.00576
2024-07-31,0.00585
2024-08-01,0.00583
2024-08-02,0.00585
2024-08-05,0.00592
2024-08-06,0.00588
2024-08-07,0.00587
2024-08-08,0.00589
2024-08-09,0.00590
2024-08-12,0.00588
2024-08-13,0.00589
2024-08-14,0.00588
2024-08-15,0.00585
2024-08-16,0.00586
2024-08-19,0.00589
2024-08-20,0.00589
2024-08-21,0.00586
2024-08-22,0.00584
2024-08-23,0.00586
2024-08-26,0.00587
2024-08-27,0.00585
2024-08-28,0.00583
2024-08-29,0.00584
2024-08-30,0.00582
2024-09-03,0.00583
2024-09-04,0.00588
2024-09-05,0.00589
2024-09-06,0.00593
2024-09-09,0.00593
2024-09-10,0.00595
2024-09-11,0.00600
2024-09-12,0.00599
2024-09-13,0.00603
2024-09-16,0.00600
2024-09-17,0.00597
2024-09-18,0.00596
2024-09-19,0.00593
2024-09-20,0.00590
2024-09-23,0.00590
2024-09-24,0.00588
2024-09-25,0.00588
2024-09-26,0.00585
2024-09-27,0.00591
2024-09-30,0.00589
2024-10-01,0.00589
2024-10-02,0.00582
2024-10-03,0.00582
2024-10-04,0.00578
2024-10-07,0.00578
2024-10-08,0.00579
2024-10-09,0.00576
2024-10-10,0.00577
2024-10-11,0.00575
2024-10-15,0.00578
2024-10-16,0.00577
2024-10-17,0.00576
2024-10-18,0.00579
2024-10-21,0.00575
2024-10-22,0.00573
2024-10-23,0.00567
2024-10-24,0.00571
2024-10-25,0.00570
2024-10-28,0.00565
2024-10-29,0.00566
2024-10-30,0.00566
2024-10-31,0.00568
2024-11-01,0.00569
2024-11-04,0.00568
2024-11-05,0.00568
2024-11-06,0.00567
2024-11-07,0.00570
2024-11-08,0.00574
2024-11-12,0.00570
2024-11-13,0.00570
2024-11-14,0.00569
2024-11-15,0.00574
2024-11-18,0.00572
2024-11-19,0.00572
2024-11-20,0.00570
2024-11-21,0.00573
2024-11-22,0.00578
2024-11-25,0.00575
2024-11-26,0.00578
2024-11-27,0.00584
2024-11-29,0.00587
2024-12-02,0.00594
2024-12-03,0.00594
2024-12-04,0.00588
2024-12-05,0.00586
2024-12-06,0.00586
2024-12-09,0.00580
2024-12-10,0.00580
2024-12-11,0.00580
2024-12-12,0.00584
2024-12-13,0.00581
2024-12-16,0.00579
2024-12-17,0.00582
2024-12-18,0.00580
2024-12-19,0.00570
2024-12-20,0.00572
2024-12-23,0.00573
2024-12-24,0.00573
2024-12-26,0.00570
2024-12-27,0.00572
2024-12-30,0.00576
2024-12-31,0.00576
2025-01-02,0.00579
2025-01-03,0.00579
2025-01-06,0.00574
2025-01-07,0.00575
2025-01-08,0.00575
2025-01-09,0.00577
2025-01-10,0.00582
2025-01-13,0.00584
2025-01-14,0.00579
2025-01-15,0.00583
2025-01-16,0.00586
2025-01-17,0.00585
2025-01-21,0.00583
2025-01-22,0.00579
2025-01-23,0.00582
2025-01-24,0.00581
2025-01-27,0.00584
2025-01-28,0.00581
2025-01-29,0.00585
2025-01-30,0.00588
2025-01-31,0.00587
2025-02-03,0.00591
2025-02-04,0.00586
2025-02-05,0.00591
2025-02-06,0.00596
2025-02-07,0.00602
2025-02-10,0.00600
2025-02-11,0.00599
2025-02-12,0.00590
2025-02-13,0.00591
2025-02-14,0.00590
2025-02-18,0.00594
2025-02-19,0.00597
2025-02-20,0.00601
2025-02-21,0.00601
2025-02-24,0.00599
2025-02-25,0.00599
2025-02-26,0.00599
2025-02-27,0.00600
2025-02-28,0.00599
2025-03-03,0.00597
2025-03-04,0.00598
2025-03-05,0.00598
2025-03-06,0.00598
2025-03-07,0.00596
2025-03-10,0.00599
2025-03-11,0.00597
2025-03-12,0.00595
2025-03-13,0.00599
2025-03-14,0.00596
2025-03-17,0.00593
2025-03-18,0.00587
2025-03-19,0.00587
2025-03-20,0.00593
2025-03-21,0.00593
2025-03-24,0.00587
2025-03-25,0.00589
2025-03-26,0.00587
2025-03-27,0.00584
2025-03-28,0.00586
2025-03-31,0.00590
2025-04-01,0.00591
2025-04-02,0.00588
2025-04-03,0.00588
2025-04-04,0.00586
2025-04-07,0.00581
2025-04-08,0.00582
2025-04-09,0.00580
2025-04-10,0.00574
2025-04-11,0.00568
2025-04-14,0.00569
2025-04-15,0.00574
2025-04-16,0.00571
2025-04-17,0.00576
2025-04-18,0.00575
2025-04-21,0.00573
2025-04-22,0.00579
2025-04-23,0.00580
2025-04-24,0.00580
2025-04-25,0.00576
2025-04-28,0.00578
2025-04-29,0.00579
2025-04-30,0.00577
2025-05-01,0.00572
2025-05-02,0.00572
2025-05-05,0.00572
2025-05-06,0.00577
2025-05-07,0.00573
2025-05-08,0.00570
2025-05-09,0.00572
2025-05-12,0.00569
2025-05-13,0.00569
2025-05-14,0.00573
2025-05-15,0.00574
2025-05-16,0.00575
2025-05-19,0.00575
2025-05-20,0.00575
2025-05-21,0.00574
2025-05-22,0.00576
2025-05-23,0.00576
2025-05-27,0.00573
2025-05-28,0.00571
2025-05-29,0.00571
2025-05-30,0.00571
2025-06-02,0.00572
2025-06-03,0.00573
2025-06-04,0.00573
2025-06-05,0.00571
2025-06-06,0.00567
2025-06-09,0.00568
2025-06-10,0.00567
2025-06-11,0.00567
2025-06-12,0.00566
2025-06-13,0.00563
2025-06-16,0.00563
2025-06-17,0.00561
2025-06-18,0.00565
2025-06-20,0.00560
2025-06-23,0.00555
2025-06-24,0.00555
2025-06-25,0.00553
2025-06-26,0.00554
2025-06-27,0.00552
2025-06-30,0.00551
2025-07-01,0.00552
2025-07-02,0.00551
2025-07-03,0.00548
2025-07-07,0.00546
2025-07-08,0.00543
2025-07-09,0.00543
2025-07-10,0.00544
2025-07-11,0.00541
2025-07-14,0.00540
2025-07-15,0.00538
2025-07-16,0.00541
2025-07-17,0.00541
2025-07-18,0.00539
2025-07-21,0.00541
2025-07-22,0.00542
2025-07-23,0.00542
2025-07-24,0.00542
2025-07-25,0.00539
2025-07-28,0.00541
2025-07-29,0.00543
2025-07-30,0.00544
2025-07-31,0.00539
2025-08-01,0.00545
2025-08-04,0.00550
2025-08-05,0.00547
2025-08-06,0.00547
2025-08-07,0.00548
2025-08-08,0.00547
2025-08-11,0.00549
2025-08-12,0.00547
2025-08-13,0.00546
2025-08-14,0.00547
2025-08-15,0.00548
2025-08-18,0.00546
2025-08-19,0.00546
2025-08-20,0.00547
2025-08-21,0.00545
2025-08-22,0.00546
2025-08-25,0.00544
2025-08-26,0.00545
2025-08-27,0.00544
2025-08-28,0.00545
2025-08-29,0.00544
2025-09-02,0.00542
2025-09-03,0.00543
2025-09-04,0.00542
2025-09-05,0.00542
2025-09-08,0.00538
2025-09-09,0.00541
2025-09-10,0.00541
2025-09-11,0.00541
2025-09-12,0.00539
2025-09-15,0.00539
2025-09-16,0.00537
2025-09-17,0.00538
2025-09-18,0.00536
2025-09-19,0.00538
2025-09-22,0.00537
2025-09-23,0.00536
2025-09-24,0.00535
2025-09-25,0.00535
2025-09-26,0.00534
2025-09-29,0.00536
2025-09-30,0.00538
2025-10-01,0.00543
2025-10-02,0.00543
2025-10-03,0.00540
2025-10-06,0.00530
2025-10-07,0.00527
2025-10-08,0.00525
2025-10-09,0.00527
2025-10-10,0.00528
2025-10-14,0.00528
2025-10-15,0.00527
2025-10-16,0.00528
2025-10-17,0.00527
2025-10-20,0.00526
2025-10-21,0.00524
2025-10-22,0.00524
2025-10-23,0.00521
2025-10-24,0.00521
2025-10-27,0.00520
2025-10-28,0.00521
2025-10-29,0.00524
2025-10-30,0.00520
2025-10-31,0.00521
2025-11-03,0.00524
2025-11-04,0.00527
2025-11-05,0.00526
2025-11-06,0.00527
2025-11-07,0.00525
2025-11-10,0.00524
2025-11-12,0.00516
2025-11-13,0.00513
2025-11-14,0.00513
2025-11-17,0.00513
2025-11-18,0.00514
2025-11-19,0.00514
2025-11-20,0.00512
2025-11-21,0.00516
2025-11-24,0.00515
2025-11-25,0.00518
2025-11-26,0.00515
2025-11-28,0.00515
2025-12-01,0.00517
2025-12-02,0.00516
2025-12-03,0.00516
2025-12-04,0.00518
2025-12-05,0.00518
2025-12-08,0.00518
2025-12-09,0.00514
2025-12-10,0.00513
2025-12-11,0.00511
2025-12-12,0.00511
2025-12-15,0.00513
2025-12-16,0.00514
2025-12-17,0.00511
2025-12-18,0.00511
2025-12-19,0.00505
2025-12-22,0.00505
2025-12-23,0.00505
2025-12-24,0.00506
2025-12-26,0.00504
2025-12-29,0.00506
2025-12-30,0.00506
2025-12-31,0.00506
2026-01-02,0.00505
2026-01-05,0.00507
2026-01-06,0.00508
2026-01-07,0.00508
2026-01-08,0.00509
2026-01-09,0.00507
2026-01-12,0.00504
2026-01-13,0.00503
2026-01-14,0.00505
2026-01-15,0.00507
2026-01-16,0.00508
2026-01-20,0.00500
2026-01-21,0.00501
2026-01-22,0.00499
2026-01-23,0.00500
2026-01-26,0.00504
2026-01-27,0.00501
2026-01-28,0.00501
2026-01-29,0.00502
2026-01-30,0.00500
2026-02-02,0.00501
2026-02-03,0.00498
2026-02-04,0.00496
2026-02-05,0.00495
2026-02-06,0.00494
2026-02-09,0.00492
2026-02-10,0.00497
2026-02-11,0.00503
2026-02-12,0.00504
2026-02-13,0.00503
2026-02-17,0.00503
2026-02-18,0.00500
2026-02-19,0.00501
2026-02-20,0.00500
2026-02-23,0.00501
2026-02-24,0.00497
2026-02-25,0.00494
2026-02-26,0.00496
2026-02-27,0.00493
2026-03-02,0.00495
2026-03-03,0.00496
2026-03-04,0.00497
2026-03-05,0.00496
2026-03-06,0.00493
2026-03-09,0.00493
2026-03-10,0.00492
2026-03-11,0.00491
2026-03-12,0.00493
2026-03-13,0.00495
2026-03-16,0.00495
2026-03-17,0.00494
2026-03-18,0.00495
2026-03-19,0.00501
2026-03-20,0.00495
2026-03-23,0.00496
2026-03-24,0.00498
2026-03-25,0.00497
2026-03-26,0.00497
2026-03-27,0.00498
2026-03-30,0.00502
2026-03-31,0.00505
2026-04-01,0.00500
2026-04-02,0.00501
2026-04-03,0.00501
2026-04-06,0.00500
2026-04-07,0.00500
2026-04-08,0.00499
2026-04-09,0.00497
2026-04-10,0.00496
2026-04-13,0.00493
2026-04-14,0.00491
2026-04-15,0.00491
2026-04-16,0.00492
2026-04-17,0.00493
2026-04-20,0.00490
2026-04-21,0.00489
2026-04-22,0.00491
2026-04-23,0.00492
2026-04-24,0.00493
2026-04-27,0.00492
2026-04-28,0.00494
2026-04-29,0.00493
2026-04-30,0.00499
2026-05-01,0.00497
2026-05-04,0.00498
2026-05-05,0.00496
2026-05-06,0.00498
2026-05-07,0.00497
2026-05-08,0.00496
2026-05-11,0.00495
2026-05-12,0.00496
2026-05-13,0.00496
2026-05-14,0.00495
2026-05-15,0.00496
2026-05-18,0.00495
2026-05-19,0.00496
2026-05-20,0.00496
2026-05-21,0.00496
2026-05-22,0.00494
2026-05-26,0.00493
2026-05-27,0.00494
2026-05-28,0.00492
2026-05-29,0.00491
