date,value
1971-01-04,4.31800
1971-01-05,4.31170
1971-01-06,4.31130
1971-01-07,4.31030
1971-01-08,4.31090
1971-01-11,4.31020
1971-01-12,4.30990
1971-01-13,4.30950
1971-01-14,4.30950
1971-01-15,4.30760
1971-01-18,4.30290
1971-01-19,4.30060
1971-01-20,4.30100
1971-01-21,4.30170
1971-01-22,4.29960
1971-01-25,4.30050
1971-01-26,4.29870
1971-01-27,4.29730
1971-01-28,4.29780
1971-01-29,4.29630
1971-02-01,4.29680
1971-02-02,4.29690
1971-02-03,4.29650
1971-02-04,4.29660
1971-02-05,4.29690
1971-02-08,4.29790
1971-02-09,4.29690
1971-02-10,4.29720
1971-02-11,4.29670
1971-02-16,4.29680
1971-02-17,4.29680
1971-02-18,4.29670
1971-02-19,4.29630
1971-02-22,4.29580
1971-02-23,4.29570
1971-02-24,4.30150
1971-02-25,4.30730
1971-02-26,4.30700
1971-03-01,4.30730
1971-03-02,4.30540
1971-03-03,4.30390
1971-03-04,4.30680
1971-03-05,4.30660
1971-03-08,4.30200
1971-03-09,4.30110
1971-03-10,4.30400
1971-03-11,4.30120
1971-03-12,4.30100
1971-03-15,4.30040
1971-03-16,4.30020
1971-03-17,4.29950
1971-03-18,4.29830
1971-03-19,4.29720
1971-03-22,4.29710
1971-03-23,4.29720
1971-03-24,4.29680
1971-03-25,4.29690
1971-03-26,4.29590
1971-03-29,4.29660
1971-03-30,4.29580
1971-03-31,4.29540
1971-04-01,4.29550
1971-04-02,4.29470
1971-04-05,4.29710
1971-04-06,4.29740
1971-04-07,4.29600
1971-04-08,4.29370
1971-04-09,4.29510
1971-04-12,4.29690
1971-04-13,4.30190
1971-04-14,4.30240
1971-04-15,4.29920
1971-04-16,4.30190
1971-04-19,4.30520
1971-04-20,4.30390
1971-04-21,4.30080
1971-04-22,4.29950
1971-04-23,4.30250
1971-04-26,4.30080
1971-04-27,4.29900
1971-04-28,4.29570
1971-04-29,4.29570
1971-04-30,4.29590
1971-05-03,4.29550
1971-05-04,4.29520
1971-05-05,4.18410
1971-05-06,4.16670
1971-05-07,4.13740
1971-05-10,4.10760
1971-05-11,4.11640
1971-05-12,4.10950
1971-05-13,4.09500
1971-05-14,4.09500
1971-05-17,4.09140
1971-05-18,4.08720
1971-05-19,4.08660
1971-05-20,4.08690
1971-05-21,4.07330
1971-05-24,4.07710
1971-05-25,4.08680
1971-05-26,4.08820
1971-05-27,4.09840
1971-05-28,4.10580
1971-06-01,4.10590
1971-06-02,4.09950
1971-06-03,4.08980
1971-06-04,4.09400
1971-06-07,4.08790
1971-06-08,4.08960
1971-06-09,4.09090
1971-06-10,4.08510
1971-06-11,4.08850
1971-06-14,4.09010
1971-06-15,4.09480
1971-06-16,4.09070
1971-06-17,4.09400
1971-06-18,4.09310
1971-06-21,4.09290
1971-06-22,4.09610
1971-06-23,4.09430
1971-06-24,4.09400
1971-06-25,4.09440
1971-06-28,4.09810
1971-06-29,4.10170
1971-06-30,4.09890
1971-07-01,4.09660
1971-07-02,4.09890
1971-07-06,4.10370
1971-07-07,4.10490
1971-07-08,4.10500
1971-07-09,4.10610
1971-07-12,4.10600
1971-07-13,4.10380
1971-07-14,4.09800
1971-07-15,4.09390
1971-07-16,4.09340
1971-07-19,4.09150
1971-07-20,4.09090
1971-07-21,4.08860
1971-07-22,4.08660
1971-07-23,4.08660
1971-07-26,4.08620
1971-07-27,4.08620
1971-07-28,4.08540
1971-07-29,4.08710
1971-07-30,4.08620
1971-08-02,4.08780
1971-08-03,4.08870
1971-08-04,4.06070
1971-08-05,4.06160
1971-08-06,4.06990
1971-08-09,4.05320
1971-08-10,4.05820
1971-08-11,4.06000
1971-08-12,4.05270
1971-08-13,4.06330
1971-08-23,3.99320
1971-08-24,3.97610
1971-08-25,3.97480
1971-08-26,3.96510
1971-08-27,3.97320
1971-08-30,3.98780
1971-08-31,3.99360
1971-09-01,4.00240
1971-09-02,3.99920
1971-09-03,3.97900
1971-09-07,3.99990
1971-09-08,3.99630
1971-09-09,3.99480
1971-09-10,3.99330
1971-09-13,3.99840
1971-09-14,3.98970
1971-09-15,3.98530
1971-09-16,3.98600
1971-09-17,3.98640
1971-09-20,3.97140
1971-09-21,3.97510
1971-09-22,3.97140
1971-09-23,3.95630
1971-09-24,3.96980
1971-09-27,3.96890
1971-09-28,3.96810
1971-09-29,3.95940
1971-09-30,3.95410
1971-10-01,3.95880
1971-10-04,3.95990
1971-10-05,3.95960
1971-10-06,3.96030
1971-10-07,3.96040
1971-10-08,3.96590
1971-10-12,3.96990
1971-10-13,3.97810
1971-10-14,3.98240
1971-10-15,3.98330
1971-10-18,3.97270
1971-10-19,3.97490
1971-10-20,3.97550
1971-10-21,3.97740
1971-10-22,3.97990
1971-10-26,3.99140
1971-10-27,3.99480
1971-10-28,3.98800
1971-10-29,3.99270
1971-11-01,3.99600
1971-11-03,3.99170
1971-11-04,3.99120
1971-11-05,3.99110
1971-11-08,3.99460
1971-11-09,3.99460
1971-11-10,3.99600
1971-11-11,3.99520
1971-11-12,3.99430
1971-11-15,3.99440
1971-11-16,3.99480
1971-11-17,3.99600
1971-11-18,3.99650
1971-11-19,3.98390
1971-11-22,3.97610
1971-11-23,3.96470
1971-11-24,3.95260
1971-11-26,3.95550
1971-11-29,3.95390
1971-11-30,3.95550
1971-12-01,3.94890
1971-12-02,3.93350
1971-12-03,3.91700
1971-12-06,3.89480
1971-12-07,3.89970
1971-12-08,3.89860
1971-12-09,3.90000
1971-12-10,3.89980
1971-12-13,3.90270
1971-12-14,3.88500
1971-12-15,3.87560
1971-12-16,3.88260
1971-12-17,3.87540
1971-12-21,3.88420
1971-12-22,3.88500
1971-12-23,3.90430
1971-12-24,3.90920
1971-12-27,3.91930
1971-12-28,3.91920
1971-12-29,3.92120
1971-12-30,3.91960
1971-12-31,3.91470
1972-01-03,3.91770
1972-01-04,3.92000
1972-01-05,3.92160
1972-01-06,3.91850
1972-01-07,3.92080
1972-01-10,3.91980
1972-01-11,3.92160
1972-01-12,3.91640
1972-01-13,3.90020
1972-01-14,3.88350
1972-01-17,3.86550
1972-01-18,3.87750
1972-01-19,3.87280
1972-01-20,3.87750
1972-01-21,3.87780
1972-01-24,3.87280
1972-01-25,3.86550
1972-01-26,3.86850
1972-01-27,3.87070
1972-01-28,3.87300
1972-01-31,3.87450
1972-02-01,3.86770
1972-02-02,3.84620
1972-02-03,3.85800
1972-02-04,3.87450
1972-02-07,3.87300
1972-02-08,3.86920
1972-02-09,3.86100
1972-02-10,3.86100
1972-02-11,3.85800
1972-02-14,3.86100
1972-02-15,3.86400
1972-02-16,3.84470
1972-02-17,3.84840
1972-02-18,3.84910
1972-02-22,3.85950
1972-02-23,3.85650
1972-02-24,3.85650
1972-02-25,3.86920
1972-02-28,3.87520
1972-02-29,3.86850
1972-03-01,3.87110
1972-03-02,3.86850
1972-03-03,3.87150
1972-03-06,3.86100
1972-03-07,3.85730
1972-03-08,3.84100
1972-03-09,3.81830
1972-03-10,3.81750
1972-03-13,3.98170
1972-03-14,3.83580
1972-03-15,3.83880
1972-03-16,3.84320
1972-03-17,3.85800
1972-03-20,3.86250
1972-03-21,3.85130
1972-03-22,3.86030
1972-03-23,3.86550
1972-03-24,3.87000
1972-03-27,3.85910
1972-03-28,3.85280
1972-03-29,3.84760
1972-03-30,3.83660
1972-03-31,3.83580
1972-04-03,3.83730
1972-04-04,3.84760
1972-04-05,3.84910
1972-04-06,3.85210
1972-04-07,3.85210
1972-04-10,3.70920
1972-04-11,3.84990
1972-04-12,3.84840
1972-04-13,3.85060
1972-04-14,3.85580
1972-04-17,3.85880
1972-04-18,3.87370
1972-04-19,3.87900
1972-04-20,3.86700
1972-04-21,3.87000
1972-04-24,3.86320
1972-04-25,3.86250
1972-04-26,3.86400
1972-04-27,3.86290
1972-04-28,3.86470
1972-05-01,3.86400
1972-05-02,3.86400
1972-05-03,3.86250
1972-05-04,3.86170
1972-05-05,3.86320
1972-05-08,3.86320
1972-05-09,3.85730
1972-05-10,3.85510
1972-05-11,3.86100
1972-05-12,3.86250
1972-05-15,3.86700
1972-05-16,3.87070
1972-05-17,3.86550
1972-05-18,3.86550
1972-05-19,3.86510
1972-05-22,3.86550
1972-05-23,3.85650
1972-05-24,3.85650
1972-05-25,3.85950
1972-05-26,3.85620
1972-05-30,3.84620
1972-05-31,3.84320
1972-06-01,3.83510
1972-06-02,3.83730
1972-06-05,3.84320
1972-06-06,3.84210
1972-06-07,3.83660
1972-06-08,3.83290
1972-06-09,3.83290
1972-06-12,3.82780
1972-06-13,3.81790
1972-06-14,3.81970
1972-06-15,3.81570
1972-06-16,3.80880
1972-06-19,3.80590
1972-06-20,3.79790
1972-06-21,3.79400
1972-06-22,3.77860
1972-06-23,3.74390
1972-06-26,3.73550
1972-06-27,3.75940
1972-06-28,3.73830
1972-06-29,3.74950
1972-06-30,3.74250
1972-07-03,3.74810
1972-07-05,3.77070
1972-07-06,3.75940
1972-07-07,3.75590
1972-07-10,3.75520
1972-07-11,3.75450
1972-07-12,3.75230
1972-07-13,3.75200
1972-07-14,3.75300
1972-07-17,3.75380
1972-07-18,3.77070
1972-07-19,3.77710
1972-07-20,3.77000
1972-07-21,3.77500
1972-07-24,3.78110
1972-07-25,3.77500
1972-07-26,3.77180
1972-07-27,3.77500
1972-07-28,3.77500
1972-07-31,3.77360
1972-08-01,3.77360
1972-08-02,3.77860
1972-08-03,3.77930
1972-08-04,3.77790
1972-08-07,3.77570
1972-08-08,3.77680
1972-08-09,3.77860
1972-08-10,3.77860
1972-08-11,3.77930
1972-08-14,3.77930
1972-08-15,3.78210
1972-08-16,3.78360
1972-08-17,3.78860
1972-08-18,3.78790
1972-08-21,3.79150
1972-08-22,3.78210
1972-08-23,3.77930
1972-08-24,3.77930
1972-08-25,3.78640
1972-08-28,3.77770
1972-08-29,3.78210
1972-08-30,3.77860
1972-08-31,3.78180
1972-09-01,3.77930
1972-09-05,3.78210
1972-09-06,3.78110
1972-09-07,3.77750
1972-09-08,3.77870
1972-09-11,3.78000
1972-09-12,3.78070
1972-09-13,3.77930
1972-09-14,3.78360
1972-09-15,3.78470
1972-09-18,3.79180
1972-09-19,3.79040
1972-09-20,3.79040
1972-09-21,3.79150
1972-09-22,3.79000
1972-09-25,3.79250
1972-09-26,3.79580
1972-09-27,3.79510
1972-09-28,3.80190
1972-09-29,3.80230
1972-10-02,3.80660
1972-10-03,3.80450
1972-10-04,3.79650
1972-10-05,3.78820
1972-10-06,3.78720
1972-10-10,3.79220
1972-10-11,3.79710
1972-10-12,3.79940
1972-10-13,3.79940
1972-10-16,3.79830
1972-10-17,3.79790
1972-10-18,3.79610
1972-10-19,3.79400
1972-10-20,3.79760
1972-10-24,3.80430
1972-10-25,3.79940
1972-10-26,3.79900
1972-10-27,3.79870
1972-10-30,3.79790
1972-10-31,3.79940
1972-11-01,3.79810
1972-11-02,3.79650
1972-11-03,3.79720
1972-11-06,3.80100
1972-11-08,3.80190
1972-11-09,3.80080
1972-11-10,3.80230
1972-11-13,3.80190
1972-11-14,3.80300
1972-11-15,3.79940
1972-11-16,3.80120
1972-11-17,3.80230
1972-11-20,3.80230
1972-11-21,3.80080
1972-11-22,3.79900
1972-11-24,3.79250
1972-11-27,3.77390
1972-11-28,3.78500
1972-11-29,3.77640
1972-11-30,3.77610
1972-12-01,3.76580
1972-12-04,3.77290
1972-12-05,3.77180
1972-12-06,3.77430
1972-12-07,3.77430
1972-12-08,3.77470
1972-12-11,3.77500
1972-12-12,3.77750
1972-12-13,3.77430
1972-12-14,3.77180
1972-12-15,3.77180
1972-12-18,3.77360
1972-12-19,3.77450
1972-12-20,3.77000
1972-12-21,3.76150
1972-12-22,3.75940
1972-12-26,3.75800
1972-12-27,3.75940
1972-12-28,3.76790
1972-12-29,3.77070
1973-01-02,3.77140
1973-01-03,3.76360
1973-01-04,3.76720
1973-01-05,3.76510
1973-01-08,3.76930
1973-01-09,3.76310
1973-01-10,3.75850
1973-01-11,3.76120
1973-01-12,3.76190
1973-01-15,3.76440
1973-01-16,3.76330
1973-01-17,3.76010
1973-01-18,3.76010
1973-01-19,3.75900
1973-01-22,3.72020
1973-01-23,3.73130
1973-01-24,3.69500
1973-01-25,3.67780
1973-01-26,3.67110
1973-01-29,3.62250
1973-01-30,3.61860
1973-01-31,3.62060
1973-02-01,3.60490
1973-02-02,3.61400
1973-02-05,3.60100
1973-02-06,3.58680
1973-02-07,3.58550
1973-02-08,3.56000
1973-02-09,3.56510
1973-02-13,3.45900
1973-02-14,3.38750
1973-02-15,3.35800
1973-02-16,3.36700
1973-02-20,3.36360
1973-02-21,3.34220
1973-02-22,3.25200
1973-02-23,3.27330
1973-02-26,3.25630
1973-02-27,3.20000
1973-02-28,3.12990
1973-03-01,3.12990
1973-03-02,3.12990
1973-03-05,3.21130
1973-03-06,3.19280
1973-03-07,3.17960
1973-03-08,3.17260
1973-03-09,3.18270
1973-03-12,3.23100
1973-03-13,3.26800
1973-03-14,3.24360
1973-03-15,3.20410
1973-03-16,3.23940
1973-03-19,3.25200
1973-03-20,3.24250
1973-03-21,3.24680
1973-03-22,3.24780
1973-03-23,3.24040
1973-03-26,3.23000
1973-03-27,3.22480
1973-03-28,3.22790
1973-03-29,3.23520
1973-03-30,3.24360
1973-04-02,3.26480
1973-04-03,3.26000
1973-04-04,3.23520
1973-04-05,3.23310
1973-04-06,3.24040
1973-04-09,3.23730
1973-04-10,3.23730
1973-04-11,3.23050
1973-04-12,3.23000
1973-04-13,3.23620
1973-04-16,3.23730
1973-04-17,3.23000
1973-04-18,3.23620
1973-04-19,3.24100
1973-04-20,3.24150
1973-04-23,3.24100
1973-04-24,3.24520
1973-04-25,3.24360
1973-04-26,3.24680
1973-04-27,3.24360
1973-04-30,3.24150
1973-05-01,3.24040
1973-05-02,3.24150
1973-05-03,3.24570
1973-05-04,3.24890
1973-05-07,3.25150
1973-05-08,3.24150
1973-05-09,3.23940
1973-05-10,3.24250
1973-05-11,3.23680
1973-05-14,3.17960
1973-05-15,3.14470
1973-05-16,3.15760
1973-05-17,3.16360
1973-05-18,3.14470
1973-05-21,3.09600
1973-05-22,3.10270
1973-05-23,3.09790
1973-05-24,3.10750
1973-05-25,3.12600
1973-05-29,3.11240
1973-05-30,3.09410
1973-05-31,3.08640
1973-06-01,3.07410
1973-06-04,3.03030
1973-06-05,3.04880
1973-06-06,3.07030
1973-06-07,3.08830
1973-06-08,3.08070
1973-06-11,3.08830
1973-06-12,3.07310
1973-06-13,3.09790
1973-06-14,3.07980
1973-06-15,3.06370
1973-06-18,3.04320
1973-06-19,3.05620
1973-06-20,3.06370
1973-06-21,3.04230
1973-06-22,3.04040
1973-06-25,3.04970
1973-06-26,3.04230
1973-06-27,3.03400
1973-06-28,3.02110
1973-06-29,2.92830
1973-07-02,2.89020
1973-07-03,2.83130
1973-07-05,2.79020
1973-07-06,2.69910
1973-07-09,2.76470
1973-07-10,2.87360
1973-07-11,2.88520
1973-07-12,2.86530
1973-07-13,2.86860
1973-07-16,2.84980
1973-07-17,2.81690
1973-07-18,2.78710
1973-07-19,2.84900
1973-07-20,2.82250
1973-07-23,2.81210
1973-07-24,2.80500
1973-07-25,2.80430
1973-07-26,2.79330
1973-07-27,2.80500
1973-07-30,2.83610
1973-07-31,2.84090
1973-08-01,2.84090
1973-08-02,2.85310
1973-08-03,2.84740
1973-08-06,2.88180
1973-08-07,2.86610
1973-08-08,2.86290
1973-08-09,2.89180
1973-08-10,2.94990
1973-08-13,2.95330
1973-08-14,3.01480
1973-08-15,3.02660
1973-08-16,3.04880
1973-08-17,3.03860
1973-08-20,2.94990
1973-08-21,3.04600
1973-08-22,3.03770
1973-08-23,3.06280
1973-08-24,3.03670
1973-08-27,3.04320
1973-08-28,3.04780
1973-08-29,3.02110
1973-08-30,3.03030
1973-08-31,3.03490
1973-09-04,3.03120
1973-09-05,3.01570
1973-09-06,3.02570
1973-09-07,3.00030
1973-09-10,3.01200
1973-09-11,3.02850
1973-09-12,3.01930
1973-09-13,3.03670
1973-09-14,3.03210
1973-09-17,3.00570
1973-09-18,3.00750
1973-09-19,3.01660
1973-09-20,2.99310
1973-09-21,3.01390
1973-09-24,3.00840
1973-09-25,3.00930
1973-09-26,3.01480
1973-09-27,3.02210
1973-09-28,3.03030
1973-10-01,3.02480
1973-10-02,3.01660
1973-10-03,3.02020
1973-10-04,3.02110
1973-10-05,3.01840
1973-10-09,3.01840
1973-10-10,3.00570
1973-10-11,3.00030
1973-10-12,3.00660
1973-10-15,3.01660
1973-10-16,3.01110
1973-10-17,3.00390
1973-10-18,3.00750
1973-10-19,3.02750
1973-10-23,3.01200
1973-10-24,3.02020
1973-10-25,3.02480
1973-10-26,3.05250
1973-10-29,3.09890
1973-10-30,3.09890
1973-10-31,3.09980
1973-11-01,3.09980
1973-11-02,3.07690
1973-11-05,3.09500
1973-11-07,3.11620
1973-11-08,3.12110
1973-11-09,3.13280
1973-11-12,3.18670
1973-11-13,3.18570
1973-11-14,3.15760
1973-11-15,3.17660
1973-11-16,3.17260
1973-11-19,3.16960
1973-11-20,3.17560
1973-11-21,3.18370
1973-11-23,3.23000
1973-11-26,3.20620
1973-11-27,3.19590
1973-11-28,3.19690
1973-11-29,3.21030
1973-11-30,3.20510
1973-12-03,3.20310
1973-12-04,3.21030
1973-12-05,3.19490
1973-12-06,3.17260
1973-12-07,3.17560
1973-12-10,3.19280
1973-12-11,3.19800
1973-12-12,3.19080
1973-12-13,3.19390
1973-12-14,3.19900
1973-12-17,3.19900
1973-12-18,3.19800
1973-12-19,3.19900
1973-12-20,3.19180
1973-12-21,3.17660
1973-12-24,3.18470
1973-12-26,3.18980
1973-12-27,3.23100
1973-12-28,3.24780
1973-12-31,3.25100
1974-01-02,3.33110
1974-01-03,3.32450
1974-01-04,3.33110
1974-01-07,3.42700
1974-01-08,3.41410
1974-01-09,3.38410
1974-01-10,3.35570
1974-01-11,3.36810
1974-01-14,3.38750
1974-01-15,3.39790
1974-01-16,3.37720
1974-01-17,3.38750
1974-01-18,3.36930
1974-01-21,3.39670
1974-01-22,3.38290
1974-01-23,3.39790
1974-01-24,3.37380
1974-01-25,3.37610
1974-01-28,3.36130
1974-01-29,3.32340
1974-01-30,3.29490
1974-01-31,3.25520
1974-02-01,3.26580
1974-02-04,3.22060
1974-02-05,3.24680
1974-02-06,3.25200
1974-02-07,3.23730
1974-02-08,3.23100
1974-02-11,3.20820
1974-02-13,3.19800
1974-02-14,3.19280
1974-02-15,3.19080
1974-02-19,3.14660
1974-02-20,3.12990
1974-02-21,3.09890
1974-02-22,3.06560
1974-02-25,3.12110
1974-02-26,3.09500
1974-02-27,3.14070
1974-02-28,3.13280
1974-03-01,3.15060
1974-03-04,3.15860
1974-03-05,3.13970
1974-03-06,3.13480
1974-03-07,3.13480
1974-03-08,3.11530
1974-03-11,3.07880
1974-03-12,3.08830
1974-03-13,3.08550
1974-03-14,3.11530
1974-03-15,3.10750
1974-03-18,3.09500
1974-03-19,3.08070
1974-03-20,3.05810
1974-03-21,3.03030
1974-03-22,3.05810
1974-03-25,2.99310
1974-03-26,3.00480
1974-03-27,3.02390
1974-03-28,2.98510
1974-03-29,3.01570
1974-04-01,3.04230
1974-04-02,3.02940
1974-04-03,3.06750
1974-04-04,3.07500
1974-04-05,3.05720
1974-04-08,3.06470
1974-04-09,3.07690
1974-04-10,3.07500
1974-04-11,3.06000
1974-04-12,3.06280
1974-04-15,3.06370
1974-04-16,3.05810
1974-04-17,3.04410
1974-04-18,3.02300
1974-04-19,3.02660
1974-04-22,3.01300
1974-04-23,2.98330
1974-04-24,2.96560
1974-04-25,2.97970
1974-04-26,2.96910
1974-04-29,2.92400
1974-04-30,2.93250
1974-05-01,2.93770
1974-05-02,2.95160
1974-05-03,2.96030
1974-05-06,2.91800
1974-05-07,2.93600
1974-05-08,2.89520
1974-05-09,2.88430
1974-05-10,2.87360
1974-05-13,2.82490
1974-05-14,2.80900
1974-05-15,2.89850
1974-05-16,2.89270
1974-05-17,2.89440
1974-05-20,2.94550
1974-05-21,2.91970
1974-05-22,2.89600
1974-05-23,2.89100
1974-05-24,2.92740
1974-05-28,2.95250
1974-05-29,3.00120
1974-05-30,2.99040
1974-05-31,2.97970
1974-06-03,2.96120
1974-06-04,2.97180
1974-06-05,2.95330
1974-06-06,2.92830
1974-06-07,2.94290
1974-06-10,2.96380
1974-06-11,2.98240
1974-06-12,3.00930
1974-06-13,3.00120
1974-06-14,2.99580
1974-06-17,2.98950
1974-06-18,2.99760
1974-06-19,3.00120
1974-06-20,3.00570
1974-06-21,3.01930
1974-06-24,3.04410
1974-06-25,3.01480
1974-06-26,3.01570
1974-06-27,2.99940
1974-06-28,3.00030
1974-07-01,3.01200
1974-07-02,2.98510
1974-07-03,2.97000
1974-07-05,2.97880
1974-07-08,2.98510
1974-07-09,2.99310
1974-07-10,2.99940
1974-07-11,3.00120
1974-07-12,2.98330
1974-07-15,2.97180
1974-07-16,2.97530
1974-07-17,2.94290
1974-07-18,2.95160
1974-07-19,2.95420
1974-07-22,2.93940
1974-07-23,2.92310
1974-07-24,2.88600
1974-07-25,2.93770
1974-07-26,2.94380
1974-07-29,2.94200
1974-07-30,2.97180
1974-07-31,2.96470
1974-08-01,2.95510
1974-08-02,2.95420
1974-08-05,2.94550
1974-08-06,2.95600
1974-08-07,2.96300
1974-08-08,2.97710
1974-08-09,2.95680
1974-08-12,2.97090
1974-08-13,2.98950
1974-08-14,2.97350
1974-08-15,2.98150
1974-08-16,2.98860
1974-08-19,3.00750
1974-08-20,2.99490
1974-08-21,3.00840
1974-08-22,3.01110
1974-08-23,3.00210
1974-08-26,2.99130
1974-08-27,3.01570
1974-08-28,3.00030
1974-08-29,3.00750
1974-08-30,3.01110
1974-09-03,3.01110
1974-09-04,3.01110
1974-09-05,3.02480
1974-09-06,3.01840
1974-09-09,3.01390
1974-09-10,3.00030
1974-09-11,3.01660
1974-09-12,3.00570
1974-09-13,3.00840
1974-09-16,3.00570
1974-09-17,2.99400
1974-09-18,2.98420
1974-09-19,2.99400
1974-09-20,2.99580
1974-09-23,2.98510
1974-09-24,2.98600
1974-09-25,2.98330
1974-09-26,2.97710
1974-09-27,2.96910
1974-09-30,2.94990
1974-10-01,2.94120
1974-10-02,2.95160
1974-10-03,2.94290
1974-10-04,2.92400
1974-10-07,2.92740
1974-10-08,2.93080
1974-10-09,2.90530
1974-10-10,2.91890
1974-10-11,2.92400
1974-10-15,2.91630
1974-10-16,2.89850
1974-10-17,2.89600
1974-10-18,2.88850
1974-10-21,2.89020
1974-10-22,2.87360
1974-10-23,2.85060
1974-10-24,2.85060
1974-10-25,2.84980
1974-10-28,2.85060
1974-10-29,2.85060
1974-10-30,2.87270
1974-10-31,2.87030
1974-11-01,2.85710
1974-11-04,2.83610
1974-11-06,2.81690
1974-11-07,2.78780
1974-11-08,2.79800
1974-11-12,2.83530
1974-11-13,2.80900
1974-11-14,2.73070
1974-11-15,2.71000
1974-11-18,2.60760
1974-11-19,2.65110
1974-11-20,2.76240
1974-11-21,2.81690
1974-11-22,2.73820
1974-11-25,2.68820
1974-11-26,2.66310
1974-11-27,2.68460
1974-11-29,2.71220
1974-12-02,2.74350
1974-12-03,2.72110
1974-12-04,2.67880
1974-12-05,2.65110
1974-12-06,2.66670
1974-12-09,2.64130
1974-12-10,2.63160
1974-12-11,2.62600
1974-12-12,2.59810
1974-12-13,2.61230
1974-12-16,2.59670
1974-12-17,2.54450
1974-12-18,2.56410
1974-12-19,2.60620
1974-12-20,2.56410
1974-12-23,2.56740
1974-12-24,2.53810
1974-12-26,2.52840
1974-12-27,2.51260
1974-12-30,2.52210
1974-12-31,2.54450
1975-01-02,2.57270
1975-01-03,2.53040
1975-01-06,2.53420
1975-01-07,2.53420
1975-01-08,2.57730
1975-01-09,2.56150
1975-01-10,2.56210
1975-01-13,2.55950
1975-01-14,2.57600
1975-01-15,2.57000
1975-01-16,2.56410
1975-01-17,2.56080
1975-01-20,2.51950
1975-01-21,2.50880
1975-01-22,2.52840
1975-01-23,2.50000
1975-01-24,2.47220
1975-01-27,2.41250
1975-01-28,2.46910
1975-01-29,2.50940
1975-01-30,2.49380
1975-01-31,2.49560
1975-02-03,2.52020
1975-02-04,2.54780
1975-02-05,2.54070
1975-02-06,2.52780
1975-02-07,2.52080
1975-02-10,2.50310
1975-02-11,2.50630
1975-02-13,2.47220
1975-02-14,2.46790
1975-02-18,2.46730
1975-02-19,2.48020
1975-02-20,2.45100
1975-02-21,2.44920
1975-02-24,2.43070
1975-02-25,2.42480
1975-02-26,2.40730
1975-02-27,2.39520
1975-02-28,2.40330
1975-03-03,2.40210
1975-03-04,2.44260
1975-03-05,2.43660
1975-03-06,2.44260
1975-03-07,2.47400
1975-03-10,2.47100
1975-03-11,2.47040
1975-03-12,2.48630
1975-03-13,2.49070
1975-03-14,2.48760
1975-03-17,2.48940
1975-03-18,2.46910
1975-03-19,2.46120
1975-03-20,2.47830
1975-03-21,2.49250
1975-03-24,2.50880
1975-03-25,2.50820
1975-03-26,2.52210
1975-03-27,2.54320
1975-03-28,2.53940
1975-03-31,2.53810
1975-04-01,2.52020
1975-04-02,2.53360
1975-04-03,2.53940
1975-04-04,2.56410
1975-04-07,2.55170
1975-04-08,2.54840
1975-04-09,2.55620
1975-04-10,2.57670
1975-04-11,2.57000
1975-04-14,2.57930
1975-04-15,2.56940
1975-04-16,2.56670
1975-04-17,2.56810
1975-04-18,2.57000
1975-04-21,2.57000
1975-04-22,2.56340
1975-04-23,2.54780
1975-04-24,2.54970
1975-04-25,2.56870
1975-04-28,2.56740
1975-04-29,2.55750
1975-04-30,2.55820
1975-05-01,2.55750
1975-05-02,2.55950
1975-05-05,2.54970
1975-05-06,2.54580
1975-05-07,2.52910
1975-05-08,2.50500
1975-05-09,2.50940
1975-05-12,2.51070
1975-05-13,2.47590
1975-05-14,2.47830
1975-05-15,2.51830
1975-05-16,2.52140
1975-05-19,2.51830
1975-05-20,2.51320
1975-05-21,2.49500
1975-05-22,2.48140
1975-05-23,2.48080
1975-05-27,2.47650
1975-05-28,2.48200
1975-05-29,2.49190
1975-05-30,2.50190
1975-06-02,2.49810
1975-06-03,2.48760
1975-06-04,2.49630
1975-06-05,2.49440
1975-06-06,2.50310
1975-06-09,2.50690
1975-06-10,2.50060
1975-06-11,2.49190
1975-06-12,2.48820
1975-06-13,2.49070
1975-06-16,2.48260
1975-06-17,2.48200
1975-06-18,2.49070
1975-06-19,2.49310
1975-06-20,2.49380
1975-06-23,2.49810
1975-06-24,2.49750
1975-06-25,2.49560
1975-06-26,2.49380
1975-06-27,2.50000
1975-06-30,2.50250
1975-07-01,2.51190
1975-07-02,2.53420
1975-07-03,2.53810
1975-07-07,2.56020
1975-07-08,2.55040
1975-07-09,2.55300
1975-07-10,2.57000
1975-07-11,2.57730
1975-07-14,2.58200
1975-07-15,2.58930
1975-07-16,2.60420
1975-07-17,2.62190
1975-07-18,2.63990
1975-07-21,2.64410
1975-07-22,2.64970
1975-07-23,2.67740
1975-07-24,2.67170
1975-07-25,2.66100
1975-07-28,2.68380
1975-07-29,2.69250
1975-07-30,2.70270
1975-07-31,2.69690
1975-08-01,2.69830
1975-08-04,2.68600
1975-08-05,2.66600
1975-08-06,2.67880
1975-08-07,2.69470
1975-08-08,2.68820
1975-08-11,2.68820
1975-08-12,2.68960
1975-08-13,2.68240
1975-08-14,2.65820
1975-08-15,2.66880
1975-08-18,2.66380
1975-08-19,2.66100
1975-08-20,2.67310
1975-08-21,2.67170
1975-08-22,2.67740
1975-08-25,2.68460
1975-08-26,2.67950
1975-08-27,2.67670
1975-08-28,2.68170
1975-08-29,2.68460
1975-09-02,2.68380
1975-09-03,2.67380
1975-09-04,2.68240
1975-09-05,2.68380
1975-09-08,2.68310
1975-09-09,2.68310
1975-09-10,2.68740
1975-09-11,2.69250
1975-09-12,2.69830
1975-09-15,2.69830
1975-09-16,2.71370
1975-09-17,2.72330
1975-09-18,2.72330
1975-09-19,2.72110
1975-09-22,2.73220
1975-09-23,2.73000
1975-09-24,2.72700
1975-09-25,2.72630
1975-09-26,2.74570
1975-09-29,2.75330
1975-09-30,2.74500
1975-10-01,2.71220
1975-10-02,2.70420
1975-10-03,2.72330
1975-10-06,2.70930
1975-10-07,2.69690
1975-10-08,2.69980
1975-10-09,2.69030
1975-10-10,2.65960
1975-10-14,2.68240
1975-10-15,2.66170
1975-10-16,2.64550
1975-10-17,2.65110
1975-10-20,2.64620
1975-10-21,2.63780
1975-10-22,2.62740
1975-10-23,2.63440
1975-10-24,2.63230
1975-10-27,2.63640
1975-10-28,2.64550
1975-10-29,2.63850
1975-10-30,2.62880
1975-10-31,2.62470
1975-11-03,2.62330
1975-11-05,2.64340
1975-11-06,2.63230
1975-11-07,2.63440
1975-11-10,2.63570
1975-11-12,2.63780
1975-11-13,2.64830
1975-11-14,2.66170
1975-11-17,2.67880
1975-11-18,2.66670
1975-11-19,2.66030
1975-11-20,2.65040
1975-11-21,2.66600
1975-11-24,2.66520
1975-11-25,2.66240
1975-11-26,2.67090
1975-11-28,2.67670
1975-12-01,2.66670
1975-12-02,2.66030
1975-12-03,2.65320
1975-12-04,2.64270
1975-12-05,2.63920
1975-12-08,2.62120
1975-12-09,2.63440
1975-12-10,2.63370
1975-12-11,2.63780
1975-12-12,2.63920
1975-12-15,2.63920
1975-12-16,2.63440
1975-12-17,2.62810
1975-12-18,2.62540
1975-12-19,2.62610
1975-12-22,2.62400
1975-12-23,2.61920
1975-12-24,2.62540
1975-12-26,2.62540
1975-12-29,2.62260
1975-12-30,2.62260
1975-12-31,2.62120
1976-01-02,2.61780
1976-01-05,2.59070
1976-01-06,2.59400
1976-01-07,2.59880
1976-01-08,2.60080
1976-01-09,2.60690
1976-01-12,2.60550
1976-01-13,2.60690
1976-01-14,2.60080
1976-01-15,2.60150
1976-01-16,2.60080
1976-01-19,2.60210
1976-01-20,2.60420
1976-01-21,2.61030
1976-01-22,2.60420
1976-01-23,2.60480
1976-01-26,2.60280
1976-01-27,2.60280
1976-01-28,2.60280
1976-01-29,2.60210
1976-01-30,2.60210
1976-02-02,2.56810
1976-02-03,2.59000
1976-02-04,2.59200
1976-02-05,2.59270
1976-02-06,2.59470
1976-02-09,2.57600
1976-02-10,2.57470
1976-02-11,2.55300
1976-02-13,2.55100
1976-02-17,2.57200
1976-02-18,2.56410
1976-02-19,2.55690
1976-02-20,2.56410
1976-02-23,2.55950
1976-02-24,2.55620
1976-02-25,2.56150
1976-02-26,2.56410
1976-02-27,2.56870
1976-03-01,2.59070
1976-03-02,2.58670
1976-03-03,2.58130
1976-03-04,2.59200
1976-03-05,2.58930
1976-03-08,2.57730
1976-03-09,2.57930
1976-03-10,2.57600
1976-03-11,2.58930
1976-03-12,2.58670
1976-03-15,2.58130
1976-03-16,2.58130
1976-03-17,2.54190
1976-03-18,2.53290
1976-03-19,2.53550
1976-03-22,2.54070
1976-03-23,2.56480
1976-03-24,2.55690
1976-03-25,2.54780
1976-03-26,2.54970
1976-03-29,2.55100
1976-03-30,2.53810
1976-03-31,2.53870
1976-04-01,2.52650
1976-04-02,2.54130
1976-04-05,2.54000
1976-04-06,2.53610
1976-04-07,2.54450
1976-04-08,2.52840
1976-04-09,2.53610
1976-04-12,2.53870
1976-04-13,2.53160
1976-04-14,2.52140
1976-04-15,2.52590
1976-04-16,2.53550
1976-04-19,2.52720
1976-04-20,2.52330
1976-04-21,2.53160
1976-04-22,2.52840
1976-04-23,2.52840
1976-04-26,2.52590
1976-04-27,2.52910
1976-04-28,2.52270
1976-04-29,2.51380
1976-04-30,2.51570
1976-05-03,2.50250
1976-05-04,2.49870
1976-05-05,2.49130
1976-05-06,2.46790
1976-05-07,2.47770
1976-05-10,2.48320
1976-05-11,2.48080
1976-05-12,2.49630
1976-05-13,2.49310
1976-05-14,2.50060
1976-05-17,2.52210
1976-05-18,2.51890
1976-05-19,2.49690
1976-05-20,2.48260
1976-05-21,2.49440
1976-05-24,2.47220
1976-05-25,2.47400
1976-05-26,2.46730
1976-05-27,2.46550
1976-05-28,2.46060
1976-06-01,2.42600
1976-06-02,2.39410
1976-06-03,2.40560
1976-06-04,2.45640
1976-06-07,2.46000
1976-06-08,2.50190
1976-06-09,2.50380
1976-06-10,2.48820
1976-06-11,2.48570
1976-06-14,2.49190
1976-06-15,2.47710
1976-06-16,2.46730
1976-06-17,2.48690
1976-06-18,2.48760
1976-06-21,2.48820
1976-06-22,2.48880
1976-06-23,2.48820
1976-06-24,2.47040
1976-06-25,2.47280
1976-06-28,2.46610
1976-06-29,2.47400
1976-06-30,2.46850
1976-07-01,2.46970
1976-07-02,2.46910
1976-07-06,2.47220
1976-07-07,2.47770
1976-07-08,2.47950
1976-07-09,2.47770
1976-07-12,2.48320
1976-07-13,2.48140
1976-07-14,2.47520
1976-07-15,2.48020
1976-07-16,2.48200
1976-07-19,2.48260
1976-07-20,2.48760
1976-07-21,2.49190
1976-07-22,2.50940
1976-07-23,2.51260
1976-07-26,2.50820
1976-07-27,2.50500
1976-07-28,2.47220
1976-07-29,2.48570
1976-07-30,2.48200
1976-08-02,2.47590
1976-08-03,2.48450
1976-08-04,2.47710
1976-08-05,2.47890
1976-08-06,2.48200
1976-08-09,2.49440
1976-08-10,2.50500
1976-08-11,2.49130
1976-08-12,2.49690
1976-08-13,2.48880
1976-08-16,2.48690
1976-08-17,2.47100
1976-08-18,2.47040
1976-08-19,2.47460
1976-08-20,2.47590
1976-08-23,2.47460
1976-08-24,2.47400
1976-08-25,2.47830
1976-08-26,2.47460
1976-08-27,2.47770
1976-08-30,2.47770
1976-08-31,2.47830
1976-09-01,2.47160
1976-09-02,2.48020
1976-09-03,2.48320
1976-09-07,2.48200
1976-09-08,2.48320
1976-09-09,2.47770
1976-09-10,2.48020
1976-09-13,2.47950
1976-09-14,2.47890
1976-09-15,2.46970
1976-09-16,2.47520
1976-09-17,2.47400
1976-09-20,2.47710
1976-09-21,2.47400
1976-09-22,2.47160
1976-09-23,2.47400
1976-09-24,2.47160
1976-09-27,2.46730
1976-09-28,2.46610
1976-09-29,2.45820
1976-09-30,2.44500
1976-10-01,2.45160
1976-10-04,2.46060
1976-10-05,2.45640
1976-10-06,2.44740
1976-10-07,2.44980
1976-10-08,2.45100
1976-10-12,2.44980
1976-10-13,2.44260
1976-10-14,2.44500
1976-10-15,2.45340
1976-10-18,2.45760
1976-10-19,2.44800
1976-10-20,2.44200
1976-10-21,2.44860
1976-10-22,2.44800
1976-10-25,2.43720
1976-10-26,2.44200
1976-10-27,2.43610
1976-10-28,2.42900
1976-10-29,2.43310
1976-11-01,2.43960
1976-11-03,2.43720
1976-11-04,2.44380
1976-11-05,2.44380
1976-11-08,2.44020
1976-11-09,2.44260
1976-11-10,2.43900
1976-11-12,2.44200
1976-11-15,2.44260
1976-11-16,2.44320
1976-11-17,2.44800
1976-11-18,2.44500
1976-11-19,2.44680
1976-11-22,2.42780
1976-11-23,2.43430
1976-11-24,2.44620
1976-11-26,2.44020
1976-11-29,2.44200
1976-11-30,2.44500
1976-12-01,2.45280
1976-12-02,2.45460
1976-12-03,2.45400
1976-12-06,2.44560
1976-12-07,2.45580
1976-12-08,2.45400
1976-12-09,2.45100
1976-12-10,2.45280
1976-12-13,2.45280
1976-12-14,2.45400
1976-12-15,2.45400
1976-12-16,2.44980
1976-12-17,2.45100
1976-12-20,2.44620
1976-12-21,2.43610
1976-12-22,2.44440
1976-12-23,2.44860
1976-12-24,2.44740
1976-12-27,2.44740
1976-12-28,2.45100
1976-12-29,2.44620
1976-12-30,2.44380
1976-12-31,2.44740
1977-01-03,2.44200
1977-01-04,2.44560
1977-01-05,2.45160
1977-01-06,2.45580
1977-01-07,2.46370
1977-01-10,2.48260
1977-01-11,2.47950
1977-01-12,2.47520
1977-01-13,2.48630
1977-01-14,2.49250
1977-01-17,2.49250
1977-01-18,2.50750
1977-01-19,2.50750
1977-01-20,2.50440
1977-01-21,2.50500
1977-01-24,2.52080
1977-01-25,2.52530
1977-01-26,2.52460
1977-01-27,2.54320
1977-01-28,2.52840
1977-01-31,2.50630
1977-02-01,2.51510
1977-02-02,2.51450
1977-02-03,2.51700
1977-02-04,2.51950
1977-02-07,2.51190
1977-02-08,2.51830
1977-02-09,2.51450
1977-02-10,2.51700
1977-02-11,2.51570
1977-02-14,2.50380
1977-02-15,2.51510
1977-02-16,2.51510
1977-02-17,2.51260
1977-02-18,2.51000
1977-02-22,2.52330
1977-02-23,2.52970
1977-02-24,2.54580
1977-02-25,2.54320
1977-02-28,2.55490
1977-03-01,2.55300
1977-03-02,2.55360
1977-03-03,2.55230
1977-03-04,2.54710
1977-03-07,2.55100
1977-03-08,2.55690
1977-03-09,2.56210
1977-03-10,2.55820
1977-03-11,2.55820
1977-03-14,2.55560
1977-03-15,2.55820
1977-03-16,2.55750
1977-03-17,2.55170
1977-03-18,2.54840
1977-03-21,2.54710
1977-03-22,2.53420
1977-03-23,2.54070
1977-03-24,2.55300
1977-03-25,2.54650
1977-03-28,2.54260
1977-03-29,2.54520
1977-03-30,2.54390
1977-03-31,2.54390
1977-04-01,2.54450
1977-04-04,2.54070
1977-04-05,2.54190
1977-04-06,2.53810
1977-04-07,2.53420
1977-04-08,2.53420
1977-04-11,2.53490
1977-04-12,2.52210
1977-04-13,2.51700
1977-04-14,2.52330
1977-04-15,2.51320
1977-04-18,2.51190
1977-04-19,2.51890
1977-04-20,2.52530
1977-04-21,2.52210
1977-04-22,2.52210
1977-04-25,2.52080
1977-04-26,2.53290
1977-04-27,2.52270
1977-04-28,2.51760
1977-04-29,2.51700
1977-05-02,2.52020
1977-05-03,2.52720
1977-05-04,2.51830
1977-05-05,2.51950
1977-05-06,2.52080
1977-05-09,2.52590
1977-05-10,2.52330
1977-05-11,2.52780
1977-05-12,2.52330
1977-05-13,2.52650
1977-05-16,2.52650
1977-05-17,2.52080
1977-05-18,2.52020
1977-05-19,2.51950
1977-05-20,2.51950
1977-05-23,2.51890
1977-05-24,2.51670
1977-05-25,2.51380
1977-05-26,2.50440
1977-05-27,2.50750
1977-05-31,2.50470
1977-06-01,2.50000
1977-06-02,2.49310
1977-06-03,2.48820
1977-06-06,2.48510
1977-06-07,2.49440
1977-06-08,2.49280
1977-06-09,2.49000
1977-06-10,2.49220
1977-06-13,2.49190
1977-06-14,2.49130
1977-06-15,2.49070
1977-06-16,2.48830
1977-06-17,2.48910
1977-06-20,2.49630
1977-06-21,2.50190
1977-06-22,2.49590
1977-06-23,2.49310
1977-06-24,2.49350
1977-06-27,2.48630
1977-06-28,2.48390
1977-06-29,2.46340
1977-06-30,2.46670
1977-07-01,2.46120
1977-07-05,2.43460
1977-07-06,2.43490
1977-07-07,2.42570
1977-07-08,2.42370
1977-07-11,2.40910
1977-07-12,2.41900
1977-07-13,2.41140
1977-07-15,2.41400
1977-07-18,2.40180
1977-07-19,2.40100
1977-07-20,2.39870
1977-07-21,2.40410
1977-07-22,2.39640
1977-07-25,2.38410
1977-07-26,2.38320
1977-07-27,2.38720
1977-07-28,2.40040
1977-07-29,2.40960
1977-08-01,2.40990
1977-08-02,2.40100
1977-08-03,2.40300
1977-08-04,2.40910
1977-08-05,2.39870
1977-08-08,2.41200
1977-08-09,2.40760
1977-08-10,2.41750
1977-08-11,2.41430
1977-08-12,2.42250
1977-08-15,2.42540
1977-08-16,2.44380
1977-08-17,2.43520
1977-08-18,2.42780
1977-08-19,2.41950
1977-08-22,2.41310
1977-08-23,2.40150
1977-08-24,2.37760
1977-08-25,2.39210
1977-08-26,2.37450
1977-08-29,2.40040
1977-08-30,2.39230
1977-08-31,2.39460
1977-09-01,2.39410
1977-09-02,2.39430
1977-09-06,2.39460
1977-09-07,2.38270
1977-09-08,2.38150
1977-09-09,2.38690
1977-09-12,2.38890
1977-09-13,2.38890
1977-09-14,2.39060
1977-09-15,2.38610
1977-09-16,2.38350
1977-09-19,2.38040
1977-09-20,2.36770
1977-09-21,2.36660
1977-09-22,2.36130
1977-09-23,2.35900
1977-09-26,2.35130
1977-09-27,2.36570
1977-09-28,2.35180
1977-09-29,2.34190
1977-09-30,2.34740
1977-10-03,2.33640
1977-10-04,2.33590
1977-10-05,2.33550
1977-10-06,2.32130
1977-10-07,2.31320
1977-10-11,2.31270
1977-10-12,2.30520
1977-10-13,2.29620
1977-10-14,2.28000
1977-10-17,2.26710
1977-10-18,2.25910
1977-10-19,2.25780
1977-10-20,2.26070
1977-10-21,2.25680
1977-10-24,2.23210
1977-10-25,2.23860
1977-10-26,2.23660
1977-10-27,2.24270
1977-10-28,2.23940
1977-10-31,2.23290
1977-11-01,2.21480
1977-11-02,2.22420
1977-11-03,2.21460
1977-11-04,2.22170
1977-11-07,2.22420
1977-11-09,2.22320
1977-11-10,2.21140
1977-11-14,2.20430
1977-11-15,2.20600
1977-11-16,2.19680
1977-11-17,2.20950
1977-11-18,2.20120
1977-11-21,2.19880
1977-11-22,2.19350
1977-11-23,2.18940
1977-11-25,2.15980
1977-11-28,2.14550
1977-11-29,2.15680
1977-11-30,2.16120
1977-12-01,2.14410
1977-12-02,2.13860
1977-12-05,2.12490
1977-12-06,2.12630
1977-12-07,2.12130
1977-12-08,2.12720
1977-12-09,2.13900
1977-12-12,2.12360
1977-12-13,2.10610
1977-12-14,2.07810
1977-12-15,2.06950
1977-12-16,2.05970
1977-12-19,2.02510
1977-12-20,2.02920
1977-12-21,2.01490
1977-12-22,2.04500
1977-12-23,2.05130
1977-12-27,2.05760
1977-12-28,2.03420
1977-12-29,2.01210
1977-12-30,1.99320
1978-01-03,1.92600
1978-01-04,1.92750
1978-01-05,2.04290
1978-01-06,2.00000
1978-01-09,2.02020
1978-01-10,2.01090
1978-01-11,1.97900
1978-01-12,1.99200
1978-01-13,1.97820
1978-01-16,1.96850
1978-01-17,1.99400
1978-01-18,2.01410
1978-01-19,2.00250
1978-01-20,2.00400
1978-01-23,1.98410
1978-01-24,1.97080
1978-01-25,1.95810
1978-01-26,1.97710
1978-01-27,1.98810
1978-01-30,1.98690
1978-01-31,1.98810
1978-02-01,1.98610
1978-02-02,1.97860
1978-02-03,1.96770
1978-02-06,1.96390
1978-02-07,1.96000
1978-02-08,1.96500
1978-02-09,1.95830
1978-02-10,1.94820
1978-02-14,1.92010
1978-02-15,1.92010
1978-02-16,1.89970
1978-02-17,1.88320
1978-02-21,1.83820
1978-02-22,1.82650
1978-02-23,1.79600
1978-02-24,1.85190
1978-02-27,1.88680
1978-02-28,1.82050
1978-03-01,1.83650
1978-03-02,1.83650
1978-03-03,1.85870
1978-03-06,1.87790
1978-03-07,1.87900
1978-03-08,1.89180
1978-03-09,1.97010
1978-03-10,1.95690
1978-03-13,1.94860
1978-03-14,1.94360
1978-03-15,1.93570
1978-03-16,1.87970
1978-03-17,1.90010
1978-03-20,1.92050
1978-03-21,1.93540
1978-03-22,1.91530
1978-03-23,1.91020
1978-03-24,1.90110
1978-03-27,1.88470
1978-03-28,1.89040
1978-03-29,1.88250
1978-03-30,1.87970
1978-03-31,1.83150
1978-04-03,1.85010
1978-04-04,1.88150
1978-04-05,1.87090
1978-04-06,1.86530
1978-04-07,1.86920
1978-04-10,1.85600
1978-04-11,1.85870
1978-04-12,1.86570
1978-04-13,1.87790
1978-04-14,1.88680
1978-04-17,1.90110
1978-04-18,1.91090
1978-04-19,1.92980
1978-04-20,1.97940
1978-04-21,1.95050
1978-04-24,1.95690
1978-04-25,1.95810
1978-04-26,1.96270
1978-04-27,1.92860
1978-04-28,1.94440
1978-05-01,1.94550
1978-05-02,1.96620
1978-05-03,1.96270
1978-05-04,1.94590
1978-05-05,1.95010
1978-05-08,1.97550
1978-05-09,1.97510
1978-05-10,1.96460
1978-05-11,1.97450
1978-05-12,1.99120
1978-05-15,1.99100
1978-05-16,1.99600
1978-05-17,1.99100
1978-05-18,1.97160
1978-05-19,1.98020
1978-05-22,1.97510
1978-05-23,1.97360
1978-05-24,1.96970
1978-05-25,1.95690
1978-05-26,1.94890
1978-05-29,1.93840
1978-05-31,1.89040
1978-06-01,1.89210
1978-06-02,1.88390
1978-06-05,1.93800
1978-06-06,1.91310
1978-06-07,1.90950
1978-06-08,1.89650
1978-06-09,1.89470
1978-06-12,1.88930
1978-06-13,1.89650
1978-06-14,1.88860
1978-06-15,1.90440
1978-06-16,1.89300
1978-06-19,1.89250
1978-06-20,1.87510
1978-06-21,1.86430
1978-06-22,1.88220
1978-06-23,1.86460
1978-06-26,1.86460
1978-06-27,1.86850
1978-06-28,1.85980
1978-06-29,1.85600
1978-06-30,1.85120
1978-07-03,1.83050
1978-07-05,1.81720
1978-07-06,1.83450
1978-07-07,1.82050
1978-07-10,1.80850
1978-07-11,1.81410
1978-07-12,1.82020
1978-07-13,1.81490
1978-07-14,1.81520
1978-07-17,1.83550
1978-07-18,1.82920
1978-07-19,1.81410
1978-07-20,1.80340
1978-07-21,1.79310
1978-07-24,1.77900
1978-07-25,1.77780
1978-07-26,1.78540
1978-07-27,1.79210
1978-07-28,1.75900
1978-07-31,1.73610
1978-08-01,1.73310
1978-08-02,1.71230
1978-08-03,1.70790
1978-08-04,1.72710
1978-08-07,1.70710
1978-08-08,1.69200
1978-08-09,1.68610
1978-08-10,1.67980
1978-08-11,1.64800
1978-08-14,1.58730
1978-08-15,1.60770
1978-08-16,1.59360
1978-08-17,1.65290
1978-08-18,1.64470
1978-08-21,1.66810
1978-08-22,1.66530
1978-08-23,1.66810
1978-08-24,1.65850
1978-08-25,1.68110
1978-08-28,1.69150
1978-08-29,1.64470
1978-08-30,1.64740
1978-08-31,1.64070
1978-09-01,1.60500
1978-09-05,1.61700
1978-09-06,1.61600
1978-09-07,1.61750
1978-09-08,1.63300
1978-09-11,1.62150
1978-09-12,1.61950
1978-09-13,1.59600
1978-09-14,1.59700
1978-09-15,1.59400
1978-09-18,1.58000
1978-09-19,1.57100
1978-09-20,1.53900
1978-09-21,1.51600
1978-09-22,1.52300
1978-09-25,1.49200
1978-09-26,1.49000
1978-09-27,1.49700
1978-09-28,1.52000
1978-09-29,1.55000
1978-10-02,1.59200
1978-10-03,1.57400
1978-10-04,1.59100
1978-10-05,1.58900
1978-10-06,1.59100
1978-10-10,1.57200
1978-10-11,1.54450
1978-10-12,1.54400
1978-10-13,1.52650
1978-10-16,1.52000
1978-10-17,1.51250
1978-10-18,1.50950
1978-10-19,1.53000
1978-10-20,1.51500
1978-10-23,1.52450
1978-10-24,1.53000
1978-10-25,1.51600
1978-10-26,1.50900
1978-10-27,1.50400
1978-10-30,1.47100
1978-10-31,1.50000
1978-11-01,1.59000
1978-11-02,1.60250
1978-11-03,1.62100
1978-11-06,1.65000
1978-11-08,1.61600
1978-11-09,1.62750
1978-11-10,1.62300
1978-11-13,1.62800
1978-11-14,1.63200
1978-11-15,1.64150
1978-11-16,1.68900
1978-11-17,1.72400
1978-11-20,1.74100
1978-11-21,1.72300
1978-11-22,1.72400
1978-11-24,1.73750
1978-11-27,1.73600
1978-11-28,1.73600
1978-11-29,1.72200
1978-11-30,1.73500
1978-12-01,1.73550
1978-12-04,1.71150
1978-12-05,1.70850
1978-12-06,1.70800
1978-12-07,1.70650
1978-12-08,1.70200
1978-12-11,1.69300
1978-12-12,1.69700
1978-12-13,1.70550
1978-12-14,1.68900
1978-12-15,1.68500
1978-12-18,1.65850
1978-12-19,1.64300
1978-12-20,1.64400
1978-12-21,1.65400
1978-12-22,1.66000
1978-12-26,1.64750
1978-12-27,1.61950
1978-12-28,1.62500
1978-12-29,1.62000
1979-01-02,1.62300
1979-01-03,1.64500
1979-01-04,1.64900
1979-01-05,1.64700
1979-01-08,1.64400
1979-01-09,1.66550
1979-01-10,1.66150
1979-01-11,1.67700
1979-01-12,1.68600
1979-01-15,1.70100
1979-01-16,1.68200
1979-01-17,1.66900
1979-01-18,1.66500
1979-01-19,1.67350
1979-01-22,1.67400
1979-01-23,1.68000
1979-01-24,1.67500
1979-01-25,1.68900
1979-01-26,1.68750
1979-01-29,1.68600
1979-01-30,1.69000
1979-01-31,1.70000
1979-02-01,1.71000
1979-02-02,1.70900
1979-02-05,1.69100
1979-02-06,1.68550
1979-02-07,1.65950
1979-02-08,1.65800
1979-02-09,1.66300
1979-02-13,1.66850
1979-02-14,1.67620
1979-02-15,1.66700
1979-02-16,1.67450
1979-02-20,1.67250
1979-02-21,1.67450
1979-02-22,1.67200
1979-02-23,1.66750
1979-02-26,1.66320
1979-02-27,1.66780
1979-02-28,1.67400
1979-03-01,1.67600
1979-03-02,1.67700
1979-03-05,1.67950
1979-03-06,1.67740
1979-03-07,1.66850
1979-03-08,1.66900
1979-03-09,1.67000
1979-03-12,1.67360
1979-03-13,1.68350
1979-03-14,1.67900
1979-03-15,1.68150
1979-03-16,1.68180
1979-03-19,1.68250
1979-03-20,1.68500
1979-03-21,1.68950
1979-03-22,1.68760
1979-03-23,1.69100
1979-03-26,1.68180
1979-03-27,1.68800
1979-03-28,1.68500
1979-03-29,1.69000
1979-03-30,1.69500
1979-04-02,1.70450
1979-04-03,1.70640
1979-04-04,1.70550
1979-04-05,1.70950
1979-04-06,1.71420
1979-04-09,1.72620
1979-04-10,1.72050
1979-04-11,1.71530
1979-04-12,1.72780
1979-04-13,1.72950
1979-04-16,1.73000
1979-04-17,1.72600
1979-04-18,1.71450
1979-04-19,1.71400
1979-04-20,1.72380
1979-04-23,1.72100
1979-04-24,1.71800
1979-04-25,1.71400
1979-04-26,1.71250
1979-04-27,1.71600
1979-04-30,1.72150
1979-05-01,1.71770
1979-05-02,1.72500
1979-05-03,1.72200
1979-05-04,1.71900
1979-05-07,1.71350
1979-05-08,1.71400
1979-05-09,1.71350
1979-05-10,1.71870
1979-05-11,1.72130
1979-05-14,1.71950
1979-05-15,1.72850
1979-05-16,1.72740
1979-05-17,1.73350
1979-05-18,1.73950
1979-05-21,1.74050
1979-05-22,1.73800
1979-05-23,1.73600
1979-05-24,1.73350
1979-05-25,1.73630
1979-05-28,1.73800
1979-05-29,1.74100
1979-05-31,1.72500
1979-06-01,1.73400
1979-06-04,1.72860
1979-06-05,1.73580
1979-06-06,1.73630
1979-06-07,1.72920
1979-06-08,1.73020
1979-06-11,1.73300
1979-06-12,1.73250
1979-06-13,1.73020
1979-06-14,1.72740
1979-06-15,1.70030
1979-06-18,1.71000
1979-06-19,1.68350
1979-06-20,1.67800
1979-06-21,1.66000
1979-06-22,1.65400
1979-06-25,1.64400
1979-06-26,1.66250
1979-06-27,1.65800
1979-06-28,1.65650
1979-06-29,1.65400
1979-07-02,1.65600
1979-07-03,1.65750
1979-07-05,1.65250
1979-07-06,1.66350
1979-07-09,1.66530
1979-07-10,1.66200
1979-07-11,1.65650
1979-07-12,1.65600
1979-07-13,1.65500
1979-07-16,1.64700
1979-07-17,1.63500
1979-07-18,1.63050
1979-07-19,1.63650
1979-07-20,1.64200
1979-07-23,1.63240
1979-07-24,1.63350
1979-07-25,1.64000
1979-07-26,1.64480
1979-07-27,1.64350
1979-07-30,1.65800
1979-07-31,1.65900
1979-08-01,1.65720
1979-08-02,1.65800
1979-08-03,1.65980
1979-08-06,1.65600
1979-08-07,1.65900
1979-08-08,1.65800
1979-08-09,1.65150
1979-08-10,1.64670
1979-08-13,1.65250
1979-08-14,1.65770
1979-08-15,1.65700
1979-08-16,1.65500
1979-08-17,1.65950
1979-08-20,1.66060
1979-08-21,1.65950
1979-08-22,1.65930
1979-08-23,1.65680
1979-08-24,1.65520
1979-08-27,1.66020
1979-08-28,1.65940
1979-08-29,1.66260
1979-08-30,1.65410
1979-08-31,1.65620
1979-09-04,1.65550
1979-09-05,1.65330
1979-09-06,1.63930
1979-09-07,1.62800
1979-09-10,1.62750
1979-09-11,1.63550
1979-09-12,1.62800
1979-09-13,1.63550
1979-09-14,1.63350
1979-09-17,1.63200
1979-09-18,1.62800
1979-09-19,1.62150
1979-09-20,1.58250
1979-09-21,1.57150
1979-09-24,1.57940
1979-09-25,1.57480
1979-09-26,1.57800
1979-09-27,1.55700
1979-09-28,1.55400
1979-10-01,1.54800
1979-10-02,1.56400
1979-10-03,1.58200
1979-10-04,1.58400
1979-10-05,1.58000
1979-10-09,1.62300
1979-10-10,1.61100
1979-10-11,1.61950
1979-10-12,1.62200
1979-10-15,1.63000
1979-10-16,1.63750
1979-10-17,1.65300
1979-10-18,1.64050
1979-10-19,1.64450
1979-10-22,1.66500
1979-10-23,1.67300
1979-10-24,1.65900
1979-10-25,1.65650
1979-10-26,1.66950
1979-10-29,1.68200
1979-10-30,1.67450
1979-10-31,1.66050
1979-11-01,1.64950
1979-11-02,1.64100
1979-11-05,1.64650
1979-11-07,1.63400
1979-11-08,1.64550
1979-11-09,1.65300
1979-11-13,1.65900
1979-11-14,1.64500
1979-11-15,1.65800
1979-11-16,1.64800
1979-11-19,1.63950
1979-11-20,1.64400
1979-11-21,1.64100
1979-11-23,1.65250
1979-11-26,1.65250
1979-11-27,1.65050
1979-11-28,1.63650
1979-11-29,1.62200
1979-11-30,1.59800
1979-12-03,1.56450
1979-12-04,1.58950
1979-12-05,1.60950
1979-12-06,1.60450
1979-12-07,1.61650
1979-12-10,1.61350
1979-12-11,1.59800
1979-12-12,1.60000
1979-12-13,1.59800
1979-12-14,1.61000
1979-12-17,1.60750
1979-12-18,1.60750
1979-12-19,1.59900
1979-12-20,1.60550
1979-12-21,1.60650
1979-12-24,1.59800
1979-12-26,1.58450
1979-12-27,1.57800
1979-12-28,1.59500
1979-12-31,1.59500
1980-01-02,1.57750
1980-01-03,1.57200
1980-01-04,1.57550
1980-01-07,1.57000
1980-01-08,1.57700
1980-01-09,1.57400
1980-01-10,1.57900
1980-01-11,1.58300
1980-01-14,1.58300
1980-01-15,1.59500
1980-01-16,1.58500
1980-01-17,1.59300
1980-01-18,1.59300
1980-01-21,1.60450
1980-01-22,1.60900
1980-01-23,1.60600
1980-01-24,1.60850
1980-01-25,1.61600
1980-01-28,1.61880
1980-01-29,1.61700
1980-01-30,1.62150
1980-01-31,1.63800
1980-02-01,1.63350
1980-02-04,1.63100
1980-02-05,1.62600
1980-02-06,1.60600
1980-02-07,1.61600
1980-02-08,1.61900
1980-02-11,1.61700
1980-02-13,1.61330
1980-02-14,1.61700
1980-02-15,1.62900
1980-02-19,1.63850
1980-02-20,1.64400
1980-02-21,1.64030
1980-02-22,1.66200
1980-02-25,1.66950
1980-02-26,1.67050
1980-02-27,1.66500
1980-02-28,1.67200
1980-02-29,1.70250
1980-03-03,1.71500
1980-03-04,1.72100
1980-03-05,1.71050
1980-03-06,1.71500
1980-03-07,1.71500
1980-03-10,1.73500
1980-03-11,1.73450
1980-03-12,1.72950
1980-03-13,1.74400
1980-03-14,1.75400
1980-03-17,1.78800
1980-03-18,1.78100
1980-03-19,1.77350
1980-03-20,1.76180
1980-03-21,1.77900
1980-03-24,1.78900
1980-03-25,1.79800
1980-03-26,1.79450
1980-03-27,1.82850
1980-03-28,1.83250
1980-03-31,1.85150
1980-04-01,1.86400
1980-04-02,1.85600
1980-04-03,1.86350
1980-04-04,1.87000
1980-04-07,1.87700
1980-04-08,1.84100
1980-04-09,1.78600
1980-04-10,1.75500
1980-04-11,1.74800
1980-04-14,1.74300
1980-04-15,1.76950
1980-04-16,1.73100
1980-04-17,1.73700
1980-04-18,1.74000
1980-04-21,1.72400
1980-04-22,1.74400
1980-04-23,1.69900
1980-04-24,1.70050
1980-04-25,1.69400
1980-04-28,1.67150
1980-04-29,1.67000
1980-04-30,1.66750
1980-05-01,1.66800
1980-05-02,1.69500
1980-05-05,1.66250
1980-05-06,1.65550
1980-05-07,1.65000
1980-05-08,1.66200
1980-05-09,1.68200
1980-05-12,1.66100
1980-05-13,1.66700
1980-05-14,1.66000
1980-05-15,1.66450
1980-05-16,1.67100
1980-05-19,1.67650
1980-05-20,1.67950
1980-05-21,1.66250
1980-05-22,1.66150
1980-05-23,1.65000
1980-05-27,1.63750
1980-05-28,1.64500
1980-05-29,1.65300
1980-05-30,1.66200
1980-06-02,1.66020
1980-06-03,1.65400
1980-06-04,1.64700
1980-06-05,1.64800
1980-06-06,1.63500
1980-06-09,1.62250
1980-06-10,1.62250
1980-06-11,1.62900
1980-06-12,1.62400
1980-06-13,1.61350
1980-06-16,1.63400
1980-06-17,1.63000
1980-06-18,1.62300
1980-06-19,1.63800
1980-06-20,1.63200
1980-06-23,1.63450
1980-06-24,1.64000
1980-06-25,1.63820
1980-06-26,1.62870
1980-06-27,1.62750
1980-06-30,1.62980
1980-07-01,1.62650
1980-07-02,1.61950
1980-07-03,1.61300
1980-07-07,1.58750
1980-07-08,1.59100
1980-07-09,1.59550
1980-07-10,1.59480
1980-07-11,1.59500
1980-07-14,1.60500
1980-07-15,1.61000
1980-07-16,1.60450
1980-07-17,1.59700
1980-07-18,1.61070
1980-07-21,1.60250
1980-07-22,1.59800
1980-07-23,1.60050
1980-07-24,1.59500
1980-07-25,1.59880
1980-07-28,1.60750
1980-07-29,1.62350
1980-07-30,1.64800
1980-07-31,1.64800
1980-08-01,1.66300
1980-08-04,1.64950
1980-08-05,1.63950
1980-08-06,1.63000
1980-08-07,1.64450
1980-08-08,1.65050
1980-08-11,1.65050
1980-08-12,1.64100
1980-08-13,1.64400
1980-08-14,1.64450
1980-08-15,1.64400
1980-08-18,1.65850
1980-08-19,1.66080
1980-08-20,1.65850
1980-08-21,1.65650
1980-08-22,1.67400
1980-08-25,1.66950
1980-08-26,1.66220
1980-08-27,1.66150
1980-08-28,1.64500
1980-08-29,1.64900
1980-09-02,1.63600
1980-09-03,1.62900
1980-09-04,1.63000
1980-09-05,1.63500
1980-09-08,1.62580
1980-09-09,1.63130
1980-09-10,1.63020
1980-09-11,1.62850
1980-09-12,1.63050
1980-09-15,1.63220
1980-09-16,1.63400
1980-09-17,1.63030
1980-09-18,1.64180
1980-09-19,1.64450
1980-09-22,1.65800
1980-09-23,1.66100
1980-09-24,1.64450
1980-09-25,1.64500
1980-09-26,1.64550
1980-09-29,1.65430
1980-09-30,1.65350
1980-10-01,1.64200
1980-10-02,1.64600
1980-10-03,1.64550
1980-10-06,1.63300
1980-10-07,1.63820
1980-10-08,1.63800
1980-10-09,1.63600
1980-10-10,1.63600
1980-10-14,1.64500
1980-10-15,1.64750
1980-10-16,1.65050
1980-10-17,1.65800
1980-10-20,1.65800
1980-10-21,1.65700
1980-10-22,1.66400
1980-10-23,1.66250
1980-10-24,1.67550
1980-10-27,1.69950
1980-10-28,1.70750
1980-10-29,1.69600
1980-10-30,1.71200
1980-10-31,1.71500
1980-11-03,1.71700
1980-11-05,1.74200
1980-11-06,1.74530
1980-11-07,1.74500
1980-11-10,1.70750
1980-11-12,1.71050
1980-11-13,1.70400
1980-11-14,1.71400
1980-11-17,1.73700
1980-11-18,1.72700
1980-11-19,1.71550
1980-11-20,1.72350
1980-11-21,1.72800
1980-11-24,1.73150
1980-11-25,1.72650
1980-11-26,1.72850
1980-11-28,1.73850
1980-12-01,1.75250
1980-12-02,1.75750
1980-12-03,1.75050
1980-12-04,1.75150
1980-12-05,1.77150
1980-12-08,1.77500
1980-12-09,1.79250
1980-12-10,1.82000
1980-12-11,1.82700
1980-12-12,1.81650
1980-12-15,1.80900
1980-12-16,1.83050
1980-12-17,1.80300
1980-12-18,1.80700
1980-12-19,1.80100
1980-12-22,1.77300
1980-12-23,1.77500
1980-12-24,1.76300
1980-12-26,1.77250
1980-12-29,1.77500
1980-12-30,1.76700
1980-12-31,1.78750
1981-01-02,1.79000
1981-01-05,1.75700
1981-01-06,1.75050
1981-01-07,1.76700
1981-01-08,1.77460
1981-01-09,1.79700
1981-01-12,1.80500
1981-01-13,1.81200
1981-01-14,1.80700
1981-01-15,1.81550
1981-01-16,1.82200
1981-01-19,1.82900
1981-01-20,1.81900
1981-01-21,1.81200
1981-01-22,1.83350
1981-01-23,1.84050
1981-01-26,1.85100
1981-01-27,1.86950
1981-01-28,1.88250
1981-01-29,1.90300
1981-01-30,1.93200
1981-02-02,1.92000
1981-02-03,1.93700
1981-02-04,1.91600
1981-02-05,1.94400
1981-02-06,1.94200
1981-02-09,1.94100
1981-02-10,1.94850
1981-02-11,1.95200
1981-02-13,2.01750
1981-02-17,1.99550
1981-02-18,1.98800
1981-02-19,1.92500
1981-02-20,1.88500
1981-02-23,1.90250
1981-02-24,1.91900
1981-02-25,1.91650
1981-02-26,1.94800
1981-02-27,1.96200
1981-03-02,1.98250
1981-03-03,1.97100
1981-03-04,1.94750
1981-03-05,1.94500
1981-03-06,1.95750
1981-03-09,1.92900
1981-03-10,1.92300
1981-03-11,1.93700
1981-03-12,1.93700
1981-03-13,1.92700
1981-03-16,1.90200
1981-03-17,1.90050
1981-03-18,1.86500
1981-03-19,1.87000
1981-03-20,1.88650
1981-03-23,1.89820
1981-03-24,1.89650
1981-03-25,1.90400
1981-03-26,1.92800
1981-03-27,1.93500
1981-03-30,1.91200
1981-03-31,1.92800
1981-04-01,1.91650
1981-04-02,1.92450
1981-04-03,1.94250
1981-04-06,1.96900
1981-04-07,1.93900
1981-04-08,1.94300
1981-04-09,1.95400
1981-04-10,1.96100
1981-04-13,1.98050
1981-04-14,1.97400
1981-04-15,1.98850
1981-04-16,1.99400
1981-04-17,1.99850
1981-04-20,1.99000
1981-04-21,1.99300
1981-04-22,1.97350
1981-04-23,1.98300
1981-04-24,1.98300
1981-04-27,1.99100
1981-04-28,1.98700
1981-04-29,2.02100
1981-04-30,2.02100
1981-05-01,2.01800
1981-05-04,2.05100
1981-05-05,2.06750
1981-05-06,2.06050
1981-05-07,2.07550
1981-05-08,2.05400
1981-05-11,2.07550
1981-05-12,2.07550
1981-05-13,2.07800
1981-05-14,2.08100
1981-05-15,2.06900
1981-05-18,2.05330
1981-05-19,2.05800
1981-05-20,2.04800
1981-05-21,2.07600
1981-05-22,2.07300
1981-05-26,2.07600
1981-05-27,2.08600
1981-05-28,2.07280
1981-05-29,2.07580
1981-06-01,2.07600
1981-06-02,2.10200
1981-06-03,2.09000
1981-06-04,2.14400
1981-06-05,2.13500
1981-06-08,2.11500
1981-06-09,2.11200
1981-06-10,2.08800
1981-06-11,2.11500
1981-06-12,2.09600
1981-06-15,2.04450
1981-06-16,2.05050
1981-06-17,2.04800
1981-06-18,2.07200
1981-06-19,2.06800
1981-06-22,2.05400
1981-06-23,2.03400
1981-06-24,2.03750
1981-06-25,2.03900
1981-06-26,2.02800
1981-06-29,2.03350
1981-06-30,2.04950
1981-07-01,2.07500
1981-07-02,2.07350
1981-07-03,2.07500
1981-07-06,2.09100
1981-07-07,2.09150
1981-07-08,2.11500
1981-07-09,2.10600
1981-07-10,2.07800
1981-07-13,2.07100
1981-07-14,2.09400
1981-07-15,2.07000
1981-07-16,2.07400
1981-07-17,2.08450
1981-07-20,2.09650
1981-07-21,2.11600
1981-07-22,2.10150
1981-07-23,2.10850
1981-07-24,2.10500
1981-07-27,2.11250
1981-07-28,2.11500
1981-07-29,2.12200
1981-07-30,2.13200
1981-07-31,2.14850
1981-08-03,2.19800
1981-08-04,2.20400
1981-08-05,2.18100
1981-08-06,2.18890
1981-08-07,2.18500
1981-08-10,2.20000
1981-08-11,2.19500
1981-08-12,2.16000
1981-08-13,2.16900
1981-08-14,2.18600
1981-08-17,2.17150
1981-08-18,2.17650
1981-08-19,2.17000
1981-08-20,2.15200
1981-08-21,2.13800
1981-08-24,2.14650
1981-08-25,2.17500
1981-08-26,2.14800
1981-08-27,2.14800
1981-08-28,2.13200
1981-08-31,2.14200
1981-09-01,2.15950
1981-09-02,2.15000
1981-09-03,2.11700
1981-09-04,2.08950
1981-09-08,2.11800
1981-09-09,2.09850
1981-09-10,2.06300
1981-09-11,2.05200
1981-09-14,2.03300
1981-09-15,1.99800
1981-09-16,1.98000
1981-09-17,1.96150
1981-09-18,1.94800
1981-09-21,1.90700
1981-09-22,1.96000
1981-09-23,1.96400
1981-09-24,1.97500
1981-09-25,1.97700
1981-09-28,1.97900
1981-09-29,1.96300
1981-09-30,1.97500
1981-10-01,1.96900
1981-10-02,1.93500
1981-10-05,1.88700
1981-10-06,1.90500
1981-10-07,1.87800
1981-10-08,1.86600
1981-10-09,1.84000
1981-10-13,1.86000
1981-10-14,1.86200
1981-10-15,1.87000
1981-10-16,1.87000
1981-10-19,1.86450
1981-10-20,1.87600
1981-10-21,1.89650
1981-10-22,1.90200
1981-10-23,1.88900
1981-10-26,1.91700
1981-10-27,1.90850
1981-10-28,1.88300
1981-10-29,1.86000
1981-10-30,1.83500
1981-11-02,1.80250
1981-11-04,1.78800
1981-11-05,1.79300
1981-11-06,1.79050
1981-11-09,1.77000
1981-11-10,1.79250
1981-11-12,1.75900
1981-11-13,1.75700
1981-11-16,1.76600
1981-11-17,1.80150
1981-11-18,1.78900
1981-11-19,1.79700
1981-11-20,1.81800
1981-11-23,1.80600
1981-11-24,1.78550
1981-11-25,1.78000
1981-11-27,1.77750
1981-11-30,1.77250
1981-12-01,1.78650
1981-12-02,1.77850
1981-12-03,1.79300
1981-12-04,1.78850
1981-12-07,1.80700
1981-12-08,1.82700
1981-12-09,1.83000
1981-12-10,1.84650
1981-12-11,1.84600
1981-12-14,1.84700
1981-12-15,1.83300
1981-12-16,1.82750
1981-12-17,1.82300
1981-12-18,1.83000
1981-12-21,1.82100
1981-12-22,1.81400
1981-12-23,1.81400
1981-12-24,1.81500
1981-12-28,1.80900
1981-12-29,1.80500
1981-12-30,1.80400
1981-12-31,1.78800
1982-01-04,1.79150
1982-01-05,1.81100
1982-01-06,1.81050
1982-01-07,1.82850
1982-01-08,1.82700
1982-01-11,1.85500
1982-01-12,1.85800
1982-01-13,1.86000
1982-01-14,1.85450
1982-01-15,1.85600
1982-01-18,1.84900
1982-01-19,1.84700
1982-01-20,1.86050
1982-01-21,1.84350
1982-01-22,1.85300
1982-01-25,1.86950
1982-01-26,1.85100
1982-01-27,1.85550
1982-01-28,1.85750
1982-01-29,1.84600
1982-02-01,1.87500
1982-02-02,1.88300
1982-02-03,1.89700
1982-02-04,1.87700
1982-02-05,1.88500
1982-02-08,1.89500
1982-02-09,1.91150
1982-02-10,1.90400
1982-02-11,1.89730
1982-02-16,1.91100
1982-02-17,1.91450
1982-02-18,1.89500
1982-02-19,1.88400
1982-02-22,1.87200
1982-02-23,1.87900
1982-02-24,1.87700
1982-02-25,1.88000
1982-02-26,1.89900
1982-03-01,1.89350
1982-03-02,1.87750
1982-03-03,1.88050
1982-03-04,1.87050
1982-03-05,1.85000
1982-03-08,1.84200
1982-03-09,1.86550
1982-03-10,1.85900
1982-03-11,1.86950
1982-03-12,1.88050
1982-03-15,1.87750
1982-03-16,1.88200
1982-03-17,1.88200
1982-03-18,1.88550
1982-03-19,1.89750
1982-03-22,1.90550
1982-03-23,1.89600
1982-03-24,1.89900
1982-03-25,1.90650
1982-03-26,1.91300
1982-03-29,1.93850
1982-03-30,1.92850
1982-03-31,1.93850
1982-04-01,1.94100
1982-04-02,1.93950
1982-04-05,1.95400
1982-04-06,1.96700
1982-04-07,1.96300
1982-04-08,1.98600
1982-04-09,1.98300
1982-04-12,1.97850
1982-04-13,1.95600
1982-04-14,1.96950
1982-04-15,1.97950
1982-04-16,1.97800
1982-04-19,1.95750
1982-04-20,1.94900
1982-04-21,1.95350
1982-04-22,1.96600
1982-04-23,1.97100
1982-04-26,1.95650
1982-04-27,1.95600
1982-04-28,1.95100
1982-04-29,1.96000
1982-04-30,1.95700
1982-05-03,1.94400
1982-05-04,1.95750
1982-05-05,1.93850
1982-05-06,1.91850
1982-05-07,1.88800
1982-05-10,1.89850
1982-05-11,1.91100
1982-05-12,1.92800
1982-05-13,1.93800
1982-05-14,1.94600
1982-05-17,1.95750
1982-05-18,1.97450
1982-05-19,1.97500
1982-05-20,1.97300
1982-05-21,1.96400
1982-05-24,1.95700
1982-05-25,1.96200
1982-05-26,1.97300
1982-05-27,1.99900
1982-05-28,1.99750
1982-06-01,2.02500
1982-06-02,2.02000
1982-06-03,2.02400
1982-06-04,2.02900
1982-06-07,2.03200
1982-06-08,2.04500
1982-06-09,2.05700
1982-06-10,2.06300
1982-06-11,2.04900
1982-06-14,2.07150
1982-06-15,2.07700
1982-06-16,2.09550
1982-06-17,2.11550
1982-06-18,2.12600
1982-06-21,2.12900
1982-06-22,2.08900
1982-06-23,2.11550
1982-06-24,2.10300
1982-06-25,2.12600
1982-06-28,2.13650
1982-06-29,2.10700
1982-06-30,2.09950
1982-07-01,2.10250
1982-07-02,2.10400
1982-07-06,2.11950
1982-07-07,2.14400
1982-07-08,2.14700
1982-07-09,2.12300
1982-07-12,2.10800
1982-07-13,2.13000
1982-07-14,2.13100
1982-07-15,2.12300
1982-07-16,2.10400
1982-07-19,2.10500
1982-07-20,2.08500
1982-07-21,2.06000
1982-07-22,2.06250
1982-07-23,2.02100
1982-07-26,2.02850
1982-07-27,2.04850
1982-07-28,2.07400
1982-07-29,2.09550
1982-07-30,2.10000
1982-08-02,2.06600
1982-08-03,2.07200
1982-08-04,2.11700
1982-08-05,2.11950
1982-08-06,2.13100
1982-08-09,2.14950
1982-08-10,2.14650
1982-08-11,2.15450
1982-08-12,2.15900
1982-08-13,2.14500
1982-08-16,2.16000
1982-08-17,2.14750
1982-08-18,2.11000
1982-08-19,2.11500
1982-08-20,2.07600
1982-08-23,2.07600
1982-08-24,2.04000
1982-08-25,2.04300
1982-08-26,2.07000
1982-08-27,2.09800
1982-08-30,2.14000
1982-08-31,2.12700
1982-09-01,2.12500
1982-09-02,2.10850
1982-09-03,2.10300
1982-09-07,2.10600
1982-09-08,2.12500
1982-09-09,2.11400
1982-09-10,2.14400
1982-09-13,2.14800
1982-09-14,2.14500
1982-09-15,2.14500
1982-09-16,2.13900
1982-09-17,2.13200
1982-09-20,2.14000
1982-09-21,2.14500
1982-09-22,2.13800
1982-09-23,2.15150
1982-09-24,2.16600
1982-09-27,2.18050
1982-09-28,2.18150
1982-09-29,2.16950
1982-09-30,2.17100
1982-10-01,2.17400
1982-10-04,2.20250
1982-10-05,2.19850
1982-10-06,2.18800
1982-10-07,2.15600
1982-10-08,2.15400
1982-10-12,2.11750
1982-10-13,2.14150
1982-10-14,2.15500
1982-10-15,2.15150
1982-10-18,2.14950
1982-10-19,2.15800
1982-10-20,2.17050
1982-10-21,2.17500
1982-10-22,2.17700
1982-10-25,2.19800
1982-10-26,2.19500
1982-10-27,2.19200
1982-10-28,2.21200
1982-10-29,2.20750
1982-11-01,2.19100
1982-11-03,2.20000
1982-11-04,2.22200
1982-11-05,2.21800
1982-11-08,2.24050
1982-11-09,2.21050
1982-11-10,2.21700
1982-11-12,2.22400
1982-11-15,2.22000
1982-11-16,2.19250
1982-11-17,2.20350
1982-11-18,2.19850
1982-11-19,2.18150
1982-11-22,2.19200
1982-11-23,2.19100
1982-11-24,2.16550
1982-11-26,2.15100
1982-11-29,2.13300
1982-11-30,2.11750
1982-12-01,2.11100
1982-12-02,2.09750
1982-12-03,2.07600
1982-12-06,2.06950
1982-12-07,2.05900
1982-12-08,2.06600
1982-12-09,2.09350
1982-12-10,2.08300
1982-12-13,2.11900
1982-12-14,2.08000
1982-12-15,2.09200
1982-12-16,2.05500
1982-12-17,2.04900
1982-12-20,2.03600
1982-12-21,2.02100
1982-12-22,2.01900
1982-12-23,2.01000
1982-12-24,2.00100
1982-12-27,2.00100
1982-12-28,1.99900
1982-12-29,1.99500
1982-12-30,2.01250
1982-12-31,2.00750
1983-01-03,1.99400
1983-01-04,1.98900
1983-01-05,1.95750
1983-01-06,1.96000
1983-01-07,1.93600
1983-01-10,1.91750
1983-01-11,1.93600
1983-01-12,1.94600
1983-01-13,1.91600
1983-01-14,1.93400
1983-01-17,1.93350
1983-01-18,1.96400
1983-01-19,1.97600
1983-01-20,1.97800
1983-01-21,1.99100
1983-01-24,2.02500
1983-01-25,1.99050
1983-01-26,1.98750
1983-01-27,1.98800
1983-01-28,1.99100
1983-01-31,2.01500
1983-02-01,2.01550
1983-02-02,2.04850
1983-02-03,2.01850
1983-02-04,2.03600
1983-02-07,2.01900
1983-02-08,2.01850
1983-02-09,2.02100
1983-02-10,2.01200
1983-02-11,2.00600
1983-02-14,2.00650
1983-02-15,1.99950
1983-02-16,1.97850
1983-02-17,1.99150
1983-02-18,1.99700
1983-02-22,2.01900
1983-02-23,2.03600
1983-02-24,2.02450
1983-02-25,2.03200
1983-02-28,2.06250
1983-03-01,2.06750
1983-03-02,2.05450
1983-03-03,2.05450
1983-03-04,2.04300
1983-03-07,2.04500
1983-03-08,2.06250
1983-03-09,2.06200
1983-03-10,2.05200
1983-03-11,2.07200
1983-03-14,2.06350
1983-03-15,2.05200
1983-03-16,2.05000
1983-03-17,2.06100
1983-03-18,2.06700
1983-03-21,2.08000
1983-03-22,2.07800
1983-03-23,2.08700
1983-03-24,2.07100
1983-03-25,2.06500
1983-03-28,2.08550
1983-03-29,2.08150
1983-03-30,2.08400
1983-03-31,2.08550
1983-04-01,2.08750
1983-04-04,2.07200
1983-04-05,2.05150
1983-04-06,2.04500
1983-04-07,2.05000
1983-04-08,2.05800
1983-04-11,2.05100
1983-04-12,2.04450
1983-04-13,2.05600
1983-04-14,2.04900
1983-04-15,2.04000
1983-04-18,2.06050
1983-04-19,2.06400
1983-04-20,2.07300
1983-04-21,2.06350
1983-04-22,2.06100
1983-04-25,2.05550
1983-04-26,2.05700
1983-04-27,2.05250
1983-04-28,2.06800
1983-04-29,2.07300
1983-05-02,2.06850
1983-05-03,2.06780
1983-05-04,2.05700
1983-05-05,2.05350
1983-05-06,2.05300
1983-05-09,2.03900
1983-05-10,2.04200
1983-05-11,2.02400
1983-05-12,2.02250
1983-05-13,2.02300
1983-05-16,2.04300
1983-05-17,2.04800
1983-05-18,2.02300
1983-05-19,2.06950
1983-05-20,2.07850
1983-05-23,2.07850
1983-05-24,2.08250
1983-05-25,2.07300
1983-05-26,2.07450
1983-05-27,2.08500
1983-05-31,2.09600
1983-06-01,2.10900
1983-06-02,2.10400
1983-06-03,2.10850
1983-06-06,2.12050
1983-06-07,2.13000
1983-06-08,2.13150
1983-06-09,2.12900
1983-06-10,2.12700
1983-06-13,2.12700
1983-06-14,2.13500
1983-06-15,2.13750
1983-06-16,2.12450
1983-06-17,2.11850
1983-06-20,2.10500
1983-06-21,2.11050
1983-06-22,2.08150
1983-06-23,2.08450
1983-06-24,2.08650
1983-06-27,2.09600
1983-06-28,2.09650
1983-06-29,2.10600
1983-06-30,2.10250
1983-07-01,2.10600
1983-07-05,2.12900
1983-07-06,2.12500
1983-07-07,2.13150
1983-07-08,2.12900
1983-07-11,2.13000
1983-07-12,2.11700
1983-07-13,2.11250
1983-07-14,2.11500
1983-07-15,2.12850
1983-07-18,2.12200
1983-07-19,2.11850
1983-07-20,2.09950
1983-07-21,2.09750
1983-07-22,2.10700
1983-07-25,2.11500
1983-07-26,2.11200
1983-07-27,2.11500
1983-07-28,2.12300
1983-07-29,2.13450
1983-08-01,2.15500
1983-08-02,2.14100
1983-08-03,2.15400
1983-08-04,2.16050
1983-08-05,2.17050
1983-08-08,2.17850
1983-08-09,2.17750
1983-08-10,2.19550
1983-08-11,2.19200
1983-08-12,2.18450
1983-08-15,2.16850
1983-08-16,2.14150
1983-08-17,2.14100
1983-08-18,2.14500
1983-08-19,2.15500
1983-08-22,2.14150
1983-08-23,2.13800
1983-08-24,2.14650
1983-08-25,2.14600
1983-08-26,2.17100
1983-08-29,2.17920
1983-08-30,2.18450
1983-08-31,2.18700
1983-09-01,2.18850
1983-09-02,2.19000
1983-09-06,2.17750
1983-09-07,2.18100
1983-09-08,2.17400
1983-09-09,2.16950
1983-09-12,2.16400
1983-09-13,2.17950
1983-09-14,2.18500
1983-09-15,2.17800
1983-09-16,2.16500
1983-09-19,2.15300
1983-09-20,2.15900
1983-09-21,2.16100
1983-09-22,2.17150
1983-09-23,2.14500
1983-09-26,2.14500
1983-09-27,2.13850
1983-09-28,2.13300
1983-09-29,2.13060
1983-09-30,2.12000
1983-10-03,2.11300
1983-10-04,2.11750
1983-10-05,2.10150
1983-10-06,2.09450
1983-10-07,2.08700
1983-10-11,2.10350
1983-10-12,2.12300
1983-10-13,2.11550
1983-10-14,2.12100
1983-10-17,2.11030
1983-10-18,2.09800
1983-10-19,2.09950
1983-10-20,2.10400
1983-10-21,2.10100
1983-10-24,2.12080
1983-10-25,2.11450
1983-10-26,2.12300
1983-10-27,2.12450
1983-10-28,2.12950
1983-10-31,2.14300
1983-11-01,2.16150
1983-11-02,2.15050
1983-11-03,2.15800
1983-11-04,2.17000
1983-11-07,2.17700
1983-11-09,2.16750
1983-11-10,2.15200
1983-11-14,2.16300
1983-11-15,2.16340
1983-11-16,2.16650
1983-11-17,2.18300
1983-11-18,2.18650
1983-11-21,2.18300
1983-11-22,2.16950
1983-11-23,2.17900
1983-11-25,2.18150
1983-11-28,2.17700
1983-11-29,2.18150
1983-11-30,2.16150
1983-12-01,2.16300
1983-12-02,2.17400
1983-12-05,2.19000
1983-12-06,2.18650
1983-12-07,2.19050
1983-12-08,2.19400
1983-12-09,2.21150
1983-12-12,2.21200
1983-12-13,2.22000
1983-12-14,2.21250
1983-12-15,2.21350
1983-12-16,2.21600
1983-12-19,2.21150
1983-12-20,2.20800
1983-12-21,2.21050
1983-12-22,2.21150
1983-12-23,2.19800
1983-12-27,2.19000
1983-12-28,2.18900
1983-12-29,2.18400
1983-12-30,2.17900
1984-01-03,2.21650
1984-01-04,2.23300
1984-01-05,2.23150
1984-01-06,2.23830
1984-01-09,2.25200
1984-01-10,2.23550
1984-01-11,2.25300
1984-01-12,2.25000
1984-01-13,2.22750
1984-01-16,2.22200
1984-01-17,2.23650
1984-01-18,2.23250
1984-01-19,2.22300
1984-01-20,2.24050
1984-01-23,2.23700
1984-01-24,2.24700
1984-01-25,2.24400
1984-01-26,2.23830
1984-01-27,2.24600
1984-01-30,2.24150
1984-01-31,2.25300
1984-02-01,2.23500
1984-02-02,2.21750
1984-02-03,2.19700
1984-02-06,2.21300
1984-02-07,2.23500
1984-02-08,2.22950
1984-02-09,2.22750
1984-02-10,2.24000
1984-02-14,2.22300
1984-02-15,2.19700
1984-02-16,2.19250
1984-02-17,2.19450
1984-02-21,2.22050
1984-02-22,2.19400
1984-02-23,2.19300
1984-02-24,2.17400
1984-02-27,2.17800
1984-02-28,2.16650
1984-02-29,2.16800
1984-03-01,2.17600
1984-03-02,2.15450
1984-03-05,2.12800
1984-03-06,2.10950
1984-03-07,2.11600
1984-03-08,2.13600
1984-03-09,2.13400
1984-03-12,2.15300
1984-03-13,2.12600
1984-03-14,2.12800
1984-03-15,2.14300
1984-03-16,2.15600
1984-03-19,2.16300
1984-03-20,2.16700
1984-03-21,2.17670
1984-03-22,2.17500
1984-03-23,2.17200
1984-03-26,2.15700
1984-03-27,2.15220
1984-03-28,2.15800
1984-03-29,2.14400
1984-03-30,2.15250
1984-04-02,2.15350
1984-04-03,2.16750
1984-04-04,2.17150
1984-04-05,2.18100
1984-04-06,2.17500
1984-04-09,2.17600
1984-04-10,2.16950
1984-04-11,2.16550
1984-04-12,2.17150
1984-04-13,2.17650
1984-04-16,2.18680
1984-04-17,2.19300
1984-04-18,2.19030
1984-04-19,2.20200
1984-04-20,2.20200
1984-04-23,2.19600
1984-04-24,2.21750
1984-04-25,2.21600
1984-04-26,2.22620
1984-04-27,2.23450
1984-04-30,2.24650
1984-05-01,2.24480
1984-05-02,2.24770
1984-05-03,2.24200
1984-05-04,2.25050
1984-05-07,2.28200
1984-05-08,2.28200
1984-05-09,2.28000
1984-05-10,2.28800
1984-05-11,2.29020
1984-05-14,2.28000
1984-05-15,2.27150
1984-05-16,2.26800
1984-05-17,2.27350
1984-05-18,2.28100
1984-05-21,2.26950
1984-05-22,2.26700
1984-05-23,2.27750
1984-05-24,2.26800
1984-05-25,2.24900
1984-05-29,2.25900
1984-05-30,2.26500
1984-05-31,2.26000
1984-06-01,2.22950
1984-06-04,2.22600
1984-06-05,2.23450
1984-06-06,2.23350
1984-06-07,2.24500
1984-06-08,2.24900
1984-06-11,2.26700
1984-06-12,2.27870
1984-06-13,2.27100
1984-06-14,2.27200
1984-06-15,2.28050
1984-06-18,2.29300
1984-06-19,2.28800
1984-06-20,2.30600
1984-06-21,2.31300
1984-06-22,2.31350
1984-06-25,2.33600
1984-06-26,2.32200
1984-06-27,2.33200
1984-06-28,2.32700
1984-06-29,2.33100
1984-07-02,2.34250
1984-07-03,2.36450
1984-07-05,2.37400
1984-07-06,2.38700
1984-07-09,2.39200
1984-07-10,2.38350
1984-07-11,2.40300
1984-07-12,2.40850
1984-07-13,2.40000
1984-07-16,2.38700
1984-07-17,2.40750
1984-07-18,2.42150
1984-07-19,2.40750
1984-07-20,2.42300
1984-07-23,2.44000
1984-07-24,2.44020
1984-07-25,2.43400
1984-07-26,2.42750
1984-07-27,2.46200
1984-07-30,2.46350
1984-07-31,2.47250
1984-08-01,2.46500
1984-08-02,2.45100
1984-08-03,2.40400
1984-08-06,2.42050
1984-08-07,2.45500
1984-08-08,2.44500
1984-08-09,2.44150
1984-08-10,2.44250
1984-08-13,2.45050
1984-08-14,2.42150
1984-08-15,2.41150
1984-08-16,2.37550
1984-08-17,2.38350
1984-08-20,2.39600
1984-08-21,2.40900
1984-08-22,2.40050
1984-08-23,2.38400
1984-08-24,2.39300
1984-08-27,2.40050
1984-08-28,2.39250
1984-08-29,2.39100
1984-08-30,2.40150
1984-08-31,2.40950
1984-09-04,2.44750
1984-09-05,2.46400
1984-09-06,2.46150
1984-09-07,2.48700
1984-09-10,2.49200
1984-09-11,2.49900
1984-09-12,2.49000
1984-09-13,2.51300
1984-09-14,2.50500
1984-09-17,2.52750
1984-09-18,2.54300
1984-09-19,2.53450
1984-09-20,2.55700
1984-09-21,2.51250
1984-09-24,2.49200
1984-09-25,2.52250
1984-09-26,2.50800
1984-09-27,2.50500
1984-09-28,2.53300
1984-10-01,2.52300
1984-10-02,2.50950
1984-10-03,2.49500
1984-10-04,2.50800
1984-10-05,2.52100
1984-10-09,2.54300
1984-10-10,2.53750
1984-10-11,2.54700
1984-10-12,2.56200
1984-10-15,2.57200
1984-10-16,2.56900
1984-10-17,2.55800
1984-10-18,2.55400
1984-10-19,2.53350
1984-10-22,2.52900
1984-10-23,2.50450
1984-10-24,2.48500
1984-10-25,2.47500
1984-10-26,2.49200
1984-10-29,2.52100
1984-10-30,2.50650
1984-10-31,2.49400
1984-11-01,2.45800
1984-11-02,2.42600
1984-11-05,2.41000
1984-11-07,2.41700
1984-11-08,2.41500
1984-11-09,2.42600
1984-11-13,2.41400
1984-11-14,2.45000
1984-11-15,2.44150
1984-11-16,2.45300
1984-11-19,2.47400
1984-11-20,2.49000
1984-11-21,2.50200
1984-11-23,2.50150
1984-11-26,2.52500
1984-11-27,2.52300
1984-11-28,2.52100
1984-11-29,2.52850
1984-11-30,2.55500
1984-12-03,2.56550
1984-12-04,2.53000
1984-12-05,2.54500
1984-12-06,2.52600
1984-12-07,2.54400
1984-12-10,2.55350
1984-12-11,2.55100
1984-12-12,2.55500
1984-12-13,2.56200
1984-12-14,2.54500
1984-12-17,2.55000
1984-12-18,2.54350
1984-12-19,2.55800
1984-12-20,2.57150
1984-12-21,2.56700
1984-12-24,2.57000
1984-12-26,2.57600
1984-12-27,2.59900
1984-12-28,2.59100
1984-12-31,2.60100
1985-01-02,2.61700
1985-01-03,2.62150
1985-01-04,2.63400
1985-01-07,2.64750
1985-01-08,2.63650
1985-01-09,2.65200
1985-01-10,2.63600
1985-01-11,2.64500
1985-01-14,2.67700
1985-01-15,2.68050
1985-01-16,2.67650
1985-01-17,2.67900
1985-01-18,2.68150
1985-01-22,2.67200
1985-01-23,2.68350
1985-01-24,2.65650
1985-01-25,2.66350
1985-01-28,2.66250
1985-01-29,2.66700
1985-01-30,2.67600
1985-01-31,2.67500
1985-02-01,2.70450
1985-02-04,2.73950
1985-02-05,2.74150
1985-02-06,2.73750
1985-02-07,2.76000
1985-02-08,2.77500
1985-02-11,2.79500
1985-02-13,2.81200
1985-02-14,2.79850
1985-02-15,2.77700
1985-02-19,2.81100
1985-02-20,2.82300
1985-02-21,2.82800
1985-02-22,2.85800
1985-02-25,2.91700
1985-02-26,2.90600
1985-02-27,2.84000
1985-02-28,2.85700
1985-03-01,2.86100
1985-03-04,2.89300
1985-03-05,2.92450
1985-03-06,2.89800
1985-03-07,2.90100
1985-03-08,2.90300
1985-03-11,2.84900
1985-03-12,2.84000
1985-03-13,2.85000
1985-03-14,2.88000
1985-03-15,2.87600
1985-03-18,2.84300
1985-03-19,2.78250
1985-03-20,2.75500
1985-03-21,2.72000
1985-03-22,2.73100
1985-03-25,2.74200
1985-03-26,2.72000
1985-03-27,2.65000
1985-03-28,2.65000
1985-03-29,2.60000
1985-04-01,2.63900
1985-04-02,2.66000
1985-04-03,2.64200
1985-04-04,2.68900
1985-04-05,2.67500
1985-04-08,2.66600
1985-04-09,2.65300
1985-04-10,2.65300
1985-04-11,2.59300
1985-04-12,2.56900
1985-04-15,2.52900
1985-04-16,2.52900
1985-04-17,2.53100
1985-04-18,2.48000
1985-04-19,2.47650
1985-04-22,2.50300
1985-04-23,2.55700
1985-04-24,2.59500
1985-04-25,2.62150
1985-04-26,2.61200
1985-04-29,2.61300
1985-04-30,2.60000
1985-05-01,2.64000
1985-05-02,2.66000
1985-05-03,2.71100
1985-05-06,2.70600
1985-05-07,2.66300
1985-05-08,2.68600
1985-05-09,2.61600
1985-05-10,2.63000
1985-05-13,2.58400
1985-05-14,2.56700
1985-05-15,2.58100
1985-05-16,2.59100
1985-05-17,2.58200
1985-05-20,2.56700
1985-05-21,2.58200
1985-05-22,2.58800
1985-05-23,2.58600
1985-05-24,2.60800
1985-05-28,2.61750
1985-05-29,2.59000
1985-05-30,2.59900
1985-05-31,2.57500
1985-06-03,2.56100
1985-06-04,2.57100
1985-06-05,2.58400
1985-06-06,2.57200
1985-06-07,2.59800
1985-06-10,2.61300
1985-06-11,2.59900
1985-06-12,2.60100
1985-06-13,2.61000
1985-06-14,2.57300
1985-06-17,2.57450
1985-06-18,2.53900
1985-06-19,2.53000
1985-06-20,2.57500
1985-06-21,2.56500
1985-06-24,2.56600
1985-06-25,2.57100
1985-06-26,2.53500
1985-06-27,2.56400
1985-06-28,2.54100
1985-07-01,2.54900
1985-07-02,2.54800
1985-07-03,2.54200
1985-07-05,2.52000
1985-07-08,2.50050
1985-07-09,2.47400
1985-07-10,2.45100
1985-07-11,2.43600
1985-07-12,2.39900
1985-07-15,2.39350
1985-07-16,2.39350
1985-07-17,2.33500
1985-07-18,2.36900
1985-07-19,2.37800
1985-07-22,2.37900
1985-07-23,2.34000
1985-07-24,2.36900
1985-07-25,2.34000
1985-07-26,2.33500
1985-07-29,2.29000
1985-07-30,2.29700
1985-07-31,2.29400
1985-08-01,2.32000
1985-08-02,2.31400
1985-08-05,2.32450
1985-08-06,2.36250
1985-08-07,2.36200
1985-08-08,2.34050
1985-08-09,2.34100
1985-08-12,2.30350
1985-08-13,2.29900
1985-08-14,2.30200
1985-08-15,2.26700
1985-08-16,2.25900
1985-08-19,2.26150
1985-08-20,2.27900
1985-08-21,2.26800
1985-08-22,2.24400
1985-08-23,2.25300
1985-08-26,2.27000
1985-08-27,2.28800
1985-08-28,2.26650
1985-08-29,2.28050
1985-08-30,2.31000
1985-09-03,2.35200
1985-09-04,2.34600
1985-09-05,2.35650
1985-09-06,2.41800
1985-09-09,2.42300
1985-09-10,2.42600
1985-09-11,2.44000
1985-09-12,2.42500
1985-09-13,2.39300
1985-09-16,2.38300
1985-09-17,2.37900
1985-09-18,2.38900
1985-09-19,2.38300
1985-09-20,2.34200
1985-09-23,2.24100
1985-09-24,2.23200
1985-09-25,2.20600
1985-09-26,2.19200
1985-09-27,2.19700
1985-09-30,2.19500
1985-10-01,2.16800
1985-10-02,2.16500
1985-10-03,2.14700
1985-10-04,2.16200
1985-10-07,2.17100
1985-10-08,2.17100
1985-10-09,2.17600
1985-10-10,2.18600
1985-10-11,2.17800
1985-10-15,2.18300
1985-10-16,2.20500
1985-10-17,2.17500
1985-10-18,2.16900
1985-10-21,2.16400
1985-10-22,2.17300
1985-10-23,2.16500
1985-10-24,2.17200
1985-10-25,2.17500
1985-10-28,2.16700
1985-10-29,2.15000
1985-10-30,2.15000
1985-10-31,2.15100
1985-11-01,2.13600
1985-11-04,2.13900
1985-11-05,2.15200
1985-11-06,2.14150
1985-11-07,2.16000
1985-11-08,2.15750
1985-11-12,2.15300
1985-11-13,2.14350
1985-11-14,2.14400
1985-11-15,2.15000
1985-11-18,2.14200
1985-11-19,2.12800
1985-11-20,2.14200
1985-11-21,2.12150
1985-11-22,2.10750
1985-11-25,2.10150
1985-11-26,2.09100
1985-11-27,2.09000
1985-11-29,2.08100
1985-12-02,2.10500
1985-12-03,2.11350
1985-12-04,2.09550
1985-12-05,2.09600
1985-12-06,2.10500
1985-12-09,2.11650
1985-12-10,2.12050
1985-12-11,2.12900
1985-12-12,2.10350
1985-12-13,2.10650
1985-12-16,2.11300
1985-12-17,2.10600
1985-12-18,2.11400
1985-12-19,2.11500
1985-12-20,2.11100
1985-12-23,2.10500
1985-12-24,2.10400
1985-12-26,2.10300
1985-12-27,2.08500
1985-12-30,2.08100
1985-12-31,2.06000
1986-01-02,2.05000
1986-01-03,2.06950
1986-01-06,2.06900
1986-01-07,2.07350
1986-01-08,2.08600
1986-01-09,2.07800
1986-01-10,2.08400
1986-01-13,2.09400
1986-01-14,2.09000
1986-01-15,2.08100
1986-01-16,2.08500
1986-01-17,2.09300
1986-01-21,2.08650
1986-01-22,2.08000
1986-01-23,2.07650
1986-01-24,2.04500
1986-01-27,2.03450
1986-01-28,2.03150
1986-01-29,2.02300
1986-01-30,2.02000
1986-01-31,2.03600
1986-02-03,2.03550
1986-02-04,2.04350
1986-02-05,2.01950
1986-02-06,2.02200
1986-02-07,2.03850
1986-02-10,2.00650
1986-02-11,1.98200
1986-02-12,1.96900
1986-02-13,1.94550
1986-02-14,1.94500
1986-02-18,1.93900
1986-02-19,1.90800
1986-02-20,1.92000
1986-02-21,1.93300
1986-02-24,1.90200
1986-02-25,1.88550
1986-02-26,1.88050
1986-02-27,1.87600
1986-02-28,1.88800
1986-03-03,1.88000
1986-03-04,1.87200
1986-03-05,1.91600
1986-03-06,1.89900
1986-03-07,1.89650
1986-03-10,1.93700
1986-03-11,1.92200
1986-03-12,1.93300
1986-03-13,1.93300
1986-03-14,1.90500
1986-03-17,1.88500
1986-03-18,1.88350
1986-03-19,1.89500
1986-03-20,1.89350
1986-03-21,1.87250
1986-03-24,1.91850
1986-03-25,1.96100
1986-03-26,1.95600
1986-03-27,1.94700
1986-03-28,1.95300
1986-03-31,1.95600
1986-04-01,1.95200
1986-04-02,1.98100
1986-04-03,2.00100
1986-04-04,1.99200
1986-04-07,2.01300
1986-04-08,1.97650
1986-04-09,1.95650
1986-04-10,1.94500
1986-04-11,1.92400
1986-04-14,1.93500
1986-04-15,1.93400
1986-04-16,1.88850
1986-04-17,1.84700
1986-04-18,1.85700
1986-04-21,1.85000
1986-04-22,1.84500
1986-04-23,1.83700
1986-04-24,1.84100
1986-04-25,1.81800
1986-04-28,1.80850
1986-04-29,1.82050
1986-04-30,1.81300
1986-05-01,1.84600
1986-05-02,1.85500
1986-05-05,1.83200
1986-05-06,1.84600
1986-05-07,1.83250
1986-05-08,1.81500
1986-05-09,1.81000
1986-05-12,1.80450
1986-05-13,1.82600
1986-05-14,1.81750
1986-05-15,1.82900
1986-05-16,1.84150
1986-05-19,1.86050
1986-05-20,1.86800
1986-05-21,1.86350
1986-05-22,1.89100
1986-05-23,1.88500
1986-05-27,1.88100
1986-05-28,1.88350
1986-05-29,1.90880
1986-05-30,1.93350
1986-06-02,1.92950
1986-06-03,1.88100
1986-06-04,1.88600
1986-06-05,1.84350
1986-06-06,1.84100
1986-06-09,1.84400
1986-06-10,1.82900
1986-06-11,1.82750
1986-06-12,1.82800
1986-06-13,1.82200
1986-06-16,1.81600
1986-06-17,1.85300
1986-06-18,1.85000
1986-06-19,1.84000
1986-06-20,1.84750
1986-06-23,1.84900
1986-06-24,1.82400
1986-06-25,1.81800
1986-06-26,1.81950
1986-06-27,1.80800
1986-06-30,1.79650
1986-07-01,1.77300
1986-07-02,1.78400
1986-07-03,1.76720
1986-07-07,1.78100
1986-07-08,1.77500
1986-07-09,1.78500
1986-07-10,1.77780
1986-07-11,1.79000
1986-07-14,1.78100
1986-07-15,1.75950
1986-07-16,1.74250
1986-07-17,1.74470
1986-07-18,1.72400
1986-07-21,1.71300
1986-07-22,1.72850
1986-07-23,1.72700
1986-07-24,1.72500
1986-07-25,1.73150
1986-07-28,1.70250
1986-07-29,1.69150
1986-07-30,1.69700
1986-07-31,1.67800
1986-08-01,1.67050
1986-08-04,1.67800
1986-08-05,1.68750
1986-08-06,1.67800
1986-08-07,1.66650
1986-08-08,1.66900
1986-08-11,1.65550
1986-08-12,1.67850
1986-08-13,1.67080
1986-08-14,1.66150
1986-08-15,1.66350
1986-08-18,1.67600
1986-08-19,1.66000
1986-08-20,1.64750
1986-08-21,1.64550
1986-08-22,1.65050
1986-08-25,1.64550
1986-08-26,1.65200
1986-08-27,1.64550
1986-08-28,1.65150
1986-08-29,1.64100
1986-09-02,1.63900
1986-09-03,1.63600
1986-09-04,1.64300
1986-09-05,1.66450
1986-09-08,1.68980
1986-09-09,1.67500
1986-09-10,1.67450
1986-09-11,1.69950
1986-09-12,1.67100
1986-09-15,1.65800
1986-09-16,1.65750
1986-09-17,1.64000
1986-09-18,1.61050
1986-09-19,1.60400
1986-09-22,1.63900
1986-09-23,1.66100
1986-09-24,1.65800
1986-09-25,1.65900
1986-09-26,1.66100
1986-09-29,1.64100
1986-09-30,1.64700
1986-10-01,1.64050
1986-10-02,1.62650
1986-10-03,1.62050
1986-10-06,1.61950
1986-10-07,1.62950
1986-10-08,1.62800
1986-10-09,1.63100
1986-10-10,1.61850
1986-10-14,1.61550
1986-10-15,1.61500
1986-10-16,1.61900
1986-10-17,1.62100
1986-10-20,1.63130
1986-10-21,1.62980
1986-10-22,1.63100
1986-10-23,1.64320
1986-10-24,1.67350
1986-10-27,1.69300
1986-10-28,1.67650
1986-10-29,1.67600
1986-10-30,1.70350
1986-10-31,1.71100
1986-11-03,1.71820
1986-11-04,1.71600
1986-11-05,1.72600
1986-11-06,1.71950
1986-11-07,1.72000
1986-11-10,1.69900
1986-11-12,1.67950
1986-11-13,1.66900
1986-11-14,1.66150
1986-11-17,1.67500
1986-11-18,1.67500
1986-11-19,1.67100
1986-11-20,1.67000
1986-11-21,1.69250
1986-11-24,1.69000
1986-11-25,1.65950
1986-11-26,1.66000
1986-11-28,1.64300
1986-12-01,1.63800
1986-12-02,1.64450
1986-12-03,1.64150
1986-12-04,1.66300
1986-12-05,1.67250
1986-12-08,1.67950
1986-12-09,1.69100
1986-12-10,1.68250
1986-12-11,1.68800
1986-12-12,1.69500
1986-12-15,1.70050
1986-12-16,1.70500
1986-12-17,1.70100
1986-12-18,1.68830
1986-12-19,1.68500
1986-12-22,1.66000
1986-12-23,1.64150
1986-12-24,1.64400
1986-12-26,1.63900
1986-12-29,1.62350
1986-12-30,1.62550
1986-12-31,1.61400
1987-01-02,1.61000
1987-01-05,1.62900
1987-01-06,1.61320
1987-01-07,1.62050
1987-01-08,1.61100
1987-01-09,1.60570
1987-01-12,1.58170
1987-01-13,1.57600
1987-01-14,1.54000
1987-01-15,1.54700
1987-01-16,1.54500
1987-01-20,1.54150
1987-01-21,1.55100
1987-01-22,1.52250
1987-01-23,1.53700
1987-01-26,1.53250
1987-01-27,1.51550
1987-01-28,1.50300
1987-01-29,1.50300
1987-01-30,1.54600
1987-02-02,1.52550
1987-02-03,1.51800
1987-02-04,1.53250
1987-02-05,1.54950
1987-02-06,1.56600
1987-02-09,1.53250
1987-02-10,1.51800
1987-02-11,1.53800
1987-02-12,1.54600
1987-02-13,1.54900
1987-02-17,1.53350
1987-02-18,1.54800
1987-02-19,1.55300
1987-02-20,1.54520
1987-02-23,1.54750
1987-02-24,1.55000
1987-02-25,1.53950
1987-02-26,1.53600
1987-02-27,1.53850
1987-03-02,1.54170
1987-03-03,1.54500
1987-03-04,1.54850
1987-03-05,1.54400
1987-03-06,1.55100
1987-03-09,1.56470
1987-03-10,1.56350
1987-03-11,1.56980
1987-03-12,1.56000
1987-03-13,1.55400
1987-03-16,1.53750
1987-03-17,1.53950
1987-03-18,1.53800
1987-03-19,1.53450
1987-03-20,1.53700
1987-03-23,1.52350
1987-03-24,1.52350
1987-03-25,1.52480
1987-03-26,1.52700
1987-03-27,1.52000
1987-03-30,1.50700
1987-03-31,1.50550
1987-04-01,1.52150
1987-04-02,1.51600
1987-04-03,1.52100
1987-04-06,1.51950
1987-04-07,1.51500
1987-04-08,1.53000
1987-04-09,1.51450
1987-04-10,1.49600
1987-04-13,1.49950
1987-04-14,1.48600
1987-04-15,1.48900
1987-04-16,1.49300
1987-04-17,1.49650
1987-04-20,1.49350
1987-04-21,1.49450
1987-04-22,1.49750
1987-04-23,1.48250
1987-04-24,1.46350
1987-04-27,1.46050
1987-04-28,1.46800
1987-04-29,1.47450
1987-04-30,1.47700
1987-05-01,1.46100
1987-05-04,1.45250
1987-05-05,1.45400
1987-05-06,1.45550
1987-05-07,1.46050
1987-05-08,1.47100
1987-05-11,1.47850
1987-05-12,1.46900
1987-05-13,1.47050
1987-05-14,1.46950
1987-05-15,1.46160
1987-05-18,1.45950
1987-05-19,1.45900
1987-05-20,1.45400
1987-05-21,1.45900
1987-05-22,1.46050
1987-05-26,1.48800
1987-05-27,1.50700
1987-05-28,1.50650
1987-05-29,1.51250
1987-06-01,1.52200
1987-06-02,1.48800
1987-06-03,1.49380
1987-06-04,1.50350
1987-06-05,1.50400
1987-06-08,1.50150
1987-06-09,1.48330
1987-06-10,1.48700
1987-06-11,1.48400
1987-06-12,1.50000
1987-06-15,1.51250
1987-06-16,1.52100
1987-06-17,1.51840
1987-06-18,1.51600
1987-06-19,1.52200
1987-06-22,1.52850
1987-06-23,1.51900
1987-06-24,1.51150
1987-06-25,1.51900
1987-06-26,1.51450
1987-06-29,1.52200
1987-06-30,1.51550
1987-07-01,1.51950
1987-07-02,1.52200
1987-07-03,1.53070
1987-07-06,1.53450
1987-07-07,1.53450
1987-07-08,1.53370
1987-07-09,1.53500
1987-07-10,1.54050
1987-07-13,1.53700
1987-07-14,1.54050
1987-07-15,1.52300
1987-07-16,1.52920
1987-07-17,1.54750
1987-07-20,1.55050
1987-07-21,1.54800
1987-07-22,1.54580
1987-07-23,1.53700
1987-07-24,1.53600
1987-07-27,1.53880
1987-07-28,1.53860
1987-07-29,1.54050
1987-07-30,1.53880
1987-07-31,1.53850
1987-08-03,1.54400
1987-08-04,1.56800
1987-08-05,1.55750
1987-08-06,1.56200
1987-08-07,1.57250
1987-08-10,1.57350
1987-08-11,1.57720
1987-08-12,1.57270
1987-08-13,1.56600
1987-08-14,1.55800
1987-08-17,1.55760
1987-08-18,1.52700
1987-08-19,1.52650
1987-08-20,1.51450
1987-08-21,1.50470
1987-08-24,1.49700
1987-08-25,1.50300
1987-08-26,1.50400
1987-08-27,1.49300
1987-08-28,1.49220
1987-08-31,1.49350
1987-09-01,1.49750
1987-09-02,1.48900
1987-09-03,1.48300
1987-09-04,1.48700
1987-09-08,1.48430
1987-09-09,1.48700
1987-09-10,1.49600
1987-09-11,1.49050
1987-09-14,1.50800
1987-09-15,1.50480
1987-09-16,1.50600
1987-09-17,1.50700
1987-09-18,1.49670
1987-09-21,1.50530
1987-09-22,1.50800
1987-09-23,1.51250
1987-09-24,1.51090
1987-09-25,1.51130
1987-09-28,1.51400
1987-09-29,1.52880
1987-09-30,1.53360
1987-10-01,1.53400
1987-10-02,1.53520
1987-10-05,1.53550
1987-10-06,1.53070
1987-10-07,1.52400
1987-10-08,1.51870
1987-10-09,1.50900
1987-10-13,1.50960
1987-10-14,1.50150
1987-10-15,1.49000
1987-10-16,1.49300
1987-10-19,1.47730
1987-10-20,1.50100
1987-10-21,1.50600
1987-10-22,1.50500
1987-10-23,1.47900
1987-10-26,1.46300
1987-10-27,1.45350
1987-10-28,1.44400
1987-10-29,1.43500
1987-10-30,1.42900
1987-11-02,1.41630
1987-11-03,1.41420
1987-11-04,1.41100
1987-11-05,1.36800
1987-11-06,1.37900
1987-11-09,1.36550
1987-11-10,1.36600
1987-11-12,1.39800
1987-11-13,1.38850
1987-11-16,1.40000
1987-11-17,1.39000
1987-11-18,1.38350
1987-11-19,1.37680
1987-11-20,1.38000
1987-11-23,1.36900
1987-11-24,1.38650
1987-11-25,1.37150
1987-11-27,1.35850
1987-11-30,1.34550
1987-12-01,1.36100
1987-12-02,1.35200
1987-12-03,1.35900
1987-12-04,1.36450
1987-12-07,1.36650
1987-12-08,1.36450
1987-12-09,1.36100
1987-12-10,1.33450
1987-12-11,1.33100
1987-12-14,1.32820
1987-12-15,1.32800
1987-12-16,1.32850
1987-12-17,1.31700
1987-12-18,1.32750
1987-12-21,1.32950
1987-12-22,1.32350
1987-12-23,1.33050
1987-12-24,1.32150
1987-12-28,1.29000
1987-12-29,1.28900
1987-12-30,1.28950
1987-12-31,1.27150
1988-01-04,1.28500
1988-01-05,1.32500
1988-01-06,1.34700
1988-01-07,1.33780
1988-01-08,1.34930
1988-01-11,1.33770
1988-01-12,1.33460
1988-01-13,1.33030
1988-01-14,1.33620
1988-01-15,1.37200
1988-01-19,1.36600
1988-01-20,1.34900
1988-01-21,1.35100
1988-01-22,1.35670
1988-01-25,1.36160
1988-01-26,1.36050
1988-01-27,1.36150
1988-01-28,1.35650
1988-01-29,1.36730
1988-02-01,1.38250
1988-02-02,1.37300
1988-02-03,1.37950
1988-02-04,1.38200
1988-02-05,1.39200
1988-02-08,1.38650
1988-02-09,1.39320
1988-02-10,1.38630
1988-02-11,1.38750
1988-02-12,1.40700
1988-02-16,1.40200
1988-02-17,1.40270
1988-02-18,1.40670
1988-02-19,1.39950
1988-02-22,1.39120
1988-02-23,1.39020
1988-02-24,1.39470
1988-02-25,1.39600
1988-02-26,1.38750
1988-02-29,1.39250
1988-03-01,1.39170
1988-03-02,1.39870
1988-03-03,1.40700
1988-03-04,1.39930
1988-03-07,1.38380
1988-03-08,1.37750
1988-03-09,1.37900
1988-03-10,1.37950
1988-03-11,1.37200
1988-03-14,1.37250
1988-03-15,1.37700
1988-03-16,1.38400
1988-03-17,1.40140
1988-03-18,1.40650
1988-03-21,1.40020
1988-03-22,1.40200
1988-03-23,1.39800
1988-03-24,1.38870
1988-03-25,1.38650
1988-03-28,1.37070
1988-03-29,1.37450
1988-03-30,1.37300
1988-03-31,1.36250
1988-04-01,1.36500
1988-04-04,1.36350
1988-04-05,1.37570
1988-04-06,1.38300
1988-04-07,1.39050
1988-04-08,1.38280
1988-04-11,1.39580
1988-04-12,1.39820
1988-04-13,1.40500
1988-04-14,1.37400
1988-04-15,1.37250
1988-04-18,1.37100
1988-04-19,1.37540
1988-04-20,1.37520
1988-04-21,1.37520
1988-04-22,1.38350
1988-04-25,1.38850
1988-04-26,1.38660
1988-04-27,1.38800
1988-04-28,1.38460
1988-04-29,1.39350
1988-05-02,1.39800
1988-05-03,1.39500
1988-05-04,1.40000
1988-05-05,1.39930
1988-05-06,1.40200
1988-05-09,1.40100
1988-05-10,1.39490
1988-05-11,1.39400
1988-05-12,1.39600
1988-05-13,1.40020
1988-05-16,1.40450
1988-05-17,1.41950
1988-05-18,1.42150
1988-05-19,1.41720
1988-05-20,1.42070
1988-05-23,1.41750
1988-05-24,1.42200
1988-05-25,1.42500
1988-05-26,1.42400
1988-05-27,1.43650
1988-05-31,1.44380
1988-06-01,1.44120
1988-06-02,1.43700
1988-06-03,1.43950
1988-06-06,1.43250
1988-06-07,1.42900
1988-06-08,1.43250
1988-06-09,1.43570
1988-06-10,1.43730
1988-06-13,1.44250
1988-06-14,1.46270
1988-06-15,1.46600
1988-06-16,1.46140
1988-06-17,1.45750
1988-06-20,1.46350
1988-06-21,1.46260
1988-06-22,1.47310
1988-06-23,1.47800
1988-06-24,1.50700
1988-06-27,1.50550
1988-06-28,1.49800
1988-06-29,1.51550
1988-06-30,1.50600
1988-07-01,1.51350
1988-07-05,1.51650
1988-07-06,1.51370
1988-07-07,1.51000
1988-07-08,1.53070
1988-07-11,1.53470
1988-07-12,1.52320
1988-07-13,1.53100
1988-07-14,1.53200
1988-07-15,1.55570
1988-07-18,1.56260
1988-07-19,1.54800
1988-07-20,1.53670
1988-07-21,1.52900
1988-07-22,1.51800
1988-07-25,1.53430
1988-07-26,1.54600
1988-07-27,1.53830
1988-07-28,1.55100
1988-07-29,1.56200
1988-08-01,1.56200
1988-08-02,1.56250
1988-08-03,1.56250
1988-08-04,1.56840
1988-08-05,1.58100
1988-08-08,1.59050
1988-08-09,1.60300
1988-08-10,1.60050
1988-08-11,1.59050
1988-08-12,1.57520
1988-08-15,1.57800
1988-08-16,1.56980
1988-08-17,1.60400
1988-08-18,1.59730
1988-08-19,1.59200
1988-08-22,1.61170
1988-08-23,1.60500
1988-08-24,1.59550
1988-08-25,1.57250
1988-08-26,1.56600
1988-08-29,1.57550
1988-08-30,1.57600
1988-08-31,1.58500
1988-09-01,1.58100
1988-09-02,1.56400
1988-09-06,1.55350
1988-09-07,1.55470
1988-09-08,1.56300
1988-09-09,1.56230
1988-09-12,1.55380
1988-09-13,1.56020
1988-09-14,1.58350
1988-09-15,1.58200
1988-09-16,1.58450
1988-09-19,1.57900
1988-09-20,1.57470
1988-09-21,1.58360
1988-09-22,1.58750
1988-09-23,1.58500
1988-09-26,1.59360
1988-09-27,1.59080
1988-09-28,1.59000
1988-09-29,1.59320
1988-09-30,1.58350
1988-10-03,1.57880
1988-10-04,1.58010
1988-10-05,1.58330
1988-10-06,1.58300
1988-10-07,1.58000
1988-10-11,1.57100
1988-10-12,1.55100
1988-10-13,1.53950
1988-10-14,1.53080
1988-10-17,1.53000
1988-10-18,1.52450
1988-10-19,1.52980
1988-10-20,1.52250
1988-10-21,1.50770
1988-10-24,1.51590
1988-10-25,1.51750
1988-10-26,1.50410
1988-10-27,1.49550
1988-10-28,1.49800
1988-10-31,1.50150
1988-11-01,1.50050
1988-11-02,1.49450
1988-11-03,1.48500
1988-11-04,1.50370
1988-11-07,1.49400
1988-11-08,1.50170
1988-11-09,1.48150
1988-11-10,1.47700
1988-11-14,1.46500
1988-11-15,1.46350
1988-11-16,1.44650
1988-11-17,1.45250
1988-11-18,1.45870
1988-11-21,1.45200
1988-11-22,1.44730
1988-11-23,1.44050
1988-11-25,1.43700
1988-11-28,1.45080
1988-11-29,1.44530
1988-11-30,1.45350
1988-12-01,1.45250
1988-12-02,1.45030
1988-12-05,1.44500
1988-12-06,1.45230
1988-12-07,1.47900
1988-12-08,1.46600
1988-12-09,1.46120
1988-12-12,1.46620
1988-12-13,1.47100
1988-12-14,1.46540
1988-12-15,1.47250
1988-12-16,1.48950
1988-12-19,1.48800
1988-12-20,1.49900
1988-12-21,1.49400
1988-12-22,1.49750
1988-12-23,1.49850
1988-12-27,1.49950
1988-12-28,1.51350
1988-12-29,1.51500
1988-12-30,1.50200
1989-01-03,1.49730
1989-01-04,1.51880
1989-01-05,1.53100
1989-01-06,1.54900
1989-01-09,1.55750
1989-01-10,1.56450
1989-01-11,1.55520
1989-01-12,1.55620
1989-01-13,1.56270
1989-01-17,1.57650
1989-01-18,1.59030
1989-01-19,1.59100
1989-01-20,1.56850
1989-01-23,1.55750
1989-01-24,1.56100
1989-01-25,1.56800
1989-01-26,1.56770
1989-01-27,1.58650
1989-01-30,1.57920
1989-01-31,1.59970
1989-02-01,1.58400
1989-02-02,1.58550
1989-02-03,1.59750
1989-02-06,1.59650
1989-02-07,1.58650
1989-02-08,1.59100
1989-02-09,1.57950
1989-02-10,1.58250
1989-02-13,1.58950
1989-02-14,1.57000
1989-02-15,1.56350
1989-02-16,1.56420
1989-02-17,1.56000
1989-02-21,1.56900
1989-02-22,1.56850
1989-02-23,1.55400
1989-02-24,1.55700
1989-02-27,1.55250
1989-02-28,1.55490
1989-03-01,1.56850
1989-03-02,1.57470
1989-03-03,1.57470
1989-03-06,1.58400
1989-03-07,1.58350
1989-03-08,1.58600
1989-03-09,1.59000
1989-03-10,1.59200
1989-03-13,1.59750
1989-03-14,1.59020
1989-03-15,1.60900
1989-03-16,1.61150
1989-03-17,1.61800
1989-03-20,1.61550
1989-03-21,1.62200
1989-03-22,1.62300
1989-03-23,1.62550
1989-03-24,1.62850
1989-03-27,1.64150
1989-03-28,1.65300
1989-03-29,1.64450
1989-03-30,1.65850
1989-03-31,1.66250
1989-04-03,1.64950
1989-04-04,1.63220
1989-04-05,1.64200
1989-04-06,1.63950
1989-04-07,1.64900
1989-04-10,1.65630
1989-04-11,1.66500
1989-04-12,1.66750
1989-04-13,1.64700
1989-04-14,1.65000
1989-04-17,1.63630
1989-04-18,1.62850
1989-04-19,1.63600
1989-04-20,1.62770
1989-04-21,1.63300
1989-04-24,1.64300
1989-04-25,1.64420
1989-04-26,1.65820
1989-04-27,1.65880
1989-04-28,1.67350
1989-05-01,1.68950
1989-05-02,1.67800
1989-05-03,1.68350
1989-05-04,1.68650
1989-05-05,1.69880
1989-05-08,1.70500
1989-05-09,1.70420
1989-05-10,1.69300
1989-05-11,1.70550
1989-05-12,1.72000
1989-05-15,1.73800
1989-05-16,1.73600
1989-05-17,1.76450
1989-05-18,1.75600
1989-05-19,1.75830
1989-05-22,1.79230
1989-05-23,1.78830
1989-05-24,1.78600
1989-05-25,1.75620
1989-05-26,1.73700
1989-05-30,1.75550
1989-05-31,1.70600
1989-06-01,1.70500
1989-06-02,1.68500
1989-06-05,1.69500
1989-06-06,1.71350
1989-06-07,1.69900
1989-06-08,1.71300
1989-06-09,1.74000
1989-06-12,1.75550
1989-06-13,1.75270
1989-06-14,1.75250
1989-06-15,1.74920
1989-06-16,1.72100
1989-06-19,1.70550
1989-06-20,1.74000
1989-06-21,1.70300
1989-06-22,1.68520
1989-06-23,1.66500
1989-06-26,1.68450
1989-06-27,1.68550
1989-06-28,1.68900
1989-06-29,1.67700
1989-06-30,1.67900
1989-07-03,1.65400
1989-07-05,1.62050
1989-07-06,1.62250
1989-07-07,1.62000
1989-07-10,1.59600
1989-07-11,1.61700
1989-07-12,1.61450
1989-07-13,1.61950
1989-07-14,1.64650
1989-07-17,1.64750
1989-07-18,1.64100
1989-07-19,1.64680
1989-07-20,1.64150
1989-07-21,1.64570
1989-07-24,1.64500
1989-07-25,1.63150
1989-07-26,1.61300
1989-07-27,1.60800
1989-07-28,1.62420
1989-07-31,1.60650
1989-08-01,1.60750
1989-08-02,1.59220
1989-08-03,1.60730
1989-08-04,1.63500
1989-08-07,1.63800
1989-08-08,1.62680
1989-08-09,1.63550
1989-08-10,1.63100
1989-08-11,1.67250
1989-08-14,1.67520
1989-08-15,1.67850
1989-08-16,1.67250
1989-08-17,1.69700
1989-08-18,1.68500
1989-08-21,1.68170
1989-08-22,1.67250
1989-08-23,1.68750
1989-08-24,1.68800
1989-08-25,1.68470
1989-08-28,1.68800
1989-08-29,1.66950
1989-08-30,1.67700
1989-08-31,1.68800
1989-09-01,1.71000
1989-09-05,1.71770
1989-09-06,1.70500
1989-09-07,1.71300
1989-09-08,1.70900
1989-09-11,1.71550
1989-09-12,1.71600
1989-09-13,1.70960
1989-09-14,1.69850
1989-09-15,1.72690
1989-09-18,1.68500
1989-09-19,1.68750
1989-09-20,1.68050
1989-09-21,1.68370
1989-09-22,1.68900
1989-09-25,1.65700
1989-09-26,1.64000
1989-09-27,1.63200
1989-09-28,1.63230
1989-09-29,1.62280
1989-10-02,1.62450
1989-10-03,1.62550
1989-10-04,1.62750
1989-10-05,1.63700
1989-10-06,1.64550
1989-10-10,1.65700
1989-10-11,1.67000
1989-10-12,1.67300
1989-10-13,1.66150
1989-10-16,1.63500
1989-10-17,1.62350
1989-10-18,1.62550
1989-10-19,1.62200
1989-10-20,1.62600
1989-10-23,1.62500
1989-10-24,1.61200
1989-10-25,1.61200
1989-10-26,1.60900
1989-10-27,1.60200
1989-10-30,1.60700
1989-10-31,1.61450
1989-11-01,1.61400
1989-11-02,1.62350
1989-11-03,1.62200
1989-11-06,1.62420
1989-11-07,1.61950
1989-11-08,1.61700
1989-11-09,1.62170
1989-11-10,1.63770
1989-11-13,1.64100
1989-11-14,1.63150
1989-11-15,1.62300
1989-11-16,1.62850
1989-11-17,1.63200
1989-11-20,1.63250
1989-11-21,1.61830
1989-11-22,1.61470
1989-11-24,1.61500
1989-11-27,1.60550
1989-11-28,1.59600
1989-11-29,1.58850
1989-11-30,1.59150
1989-12-01,1.59250
1989-12-04,1.60000
1989-12-05,1.59000
1989-12-06,1.58650
1989-12-07,1.59250
1989-12-08,1.59800
1989-12-11,1.59700
1989-12-12,1.57800
1989-12-13,1.57600
1989-12-14,1.56400
1989-12-15,1.55000
1989-12-18,1.54770
1989-12-19,1.56200
1989-12-20,1.56250
1989-12-21,1.55800
1989-12-22,1.54950
1989-12-26,1.55100
1989-12-27,1.53600
1989-12-28,1.53950
1989-12-29,1.54100
1990-01-02,1.57680
1990-01-03,1.57850
1990-01-04,1.54200
1990-01-05,1.53700
1990-01-08,1.52380
1990-01-09,1.52700
1990-01-10,1.51250
1990-01-11,1.51600
1990-01-12,1.49450
1990-01-16,1.51650
1990-01-17,1.50670
1990-01-18,1.51850
1990-01-19,1.51450
1990-01-22,1.53200
1990-01-23,1.50800
1990-01-24,1.49650
1990-01-25,1.48800
1990-01-26,1.49800
1990-01-29,1.48600
1990-01-30,1.49100
1990-01-31,1.50400
1990-02-01,1.49820
1990-02-02,1.49700
1990-02-05,1.48020
1990-02-06,1.47690
1990-02-07,1.48150
1990-02-08,1.49480
1990-02-09,1.49700
1990-02-12,1.49580
1990-02-13,1.49700
1990-02-14,1.49230
1990-02-15,1.49550
1990-02-16,1.49350
1990-02-20,1.48500
1990-02-21,1.47470
1990-02-22,1.47250
1990-02-23,1.47700
1990-02-26,1.48700
1990-02-27,1.48330
1990-02-28,1.49150
1990-03-01,1.50600
1990-03-02,1.51350
1990-03-05,1.50000
1990-03-06,1.49950
1990-03-07,1.50670
1990-03-08,1.50930
1990-03-09,1.51230
1990-03-12,1.52390
1990-03-13,1.52800
1990-03-14,1.52700
1990-03-15,1.52200
1990-03-16,1.50950
1990-03-19,1.50870
1990-03-20,1.51670
1990-03-21,1.52100
1990-03-22,1.51500
1990-03-23,1.51850
1990-03-26,1.52650
1990-03-27,1.51800
1990-03-28,1.51600
1990-03-29,1.49800
1990-03-30,1.49750
1990-04-02,1.50750
1990-04-03,1.50270
1990-04-04,1.50650
1990-04-05,1.50100
1990-04-06,1.50130
1990-04-09,1.49620
1990-04-10,1.49630
1990-04-11,1.48400
1990-04-12,1.48280
1990-04-13,1.48500
1990-04-16,1.49030
1990-04-17,1.49050
1990-04-18,1.48400
1990-04-19,1.48280
1990-04-20,1.49130
1990-04-23,1.49300
1990-04-24,1.48800
1990-04-25,1.46700
1990-04-26,1.46150
1990-04-27,1.45700
1990-04-30,1.45050
1990-05-01,1.45550
1990-05-02,1.45550
1990-05-03,1.45440
1990-05-04,1.44470
1990-05-07,1.43250
1990-05-08,1.43300
1990-05-09,1.40400
1990-05-10,1.39550
1990-05-11,1.39520
1990-05-14,1.39570
1990-05-15,1.39800
1990-05-16,1.40000
1990-05-17,1.40400
1990-05-18,1.40480
1990-05-21,1.42400
1990-05-22,1.41800
1990-05-23,1.41230
1990-05-24,1.42000
1990-05-25,1.42550
1990-05-29,1.40980
1990-05-30,1.42100
1990-05-31,1.43300
1990-06-01,1.43600
1990-06-04,1.44100
1990-06-05,1.43470
1990-06-06,1.42850
1990-06-07,1.43850
1990-06-08,1.44780
1990-06-11,1.44050
1990-06-12,1.43700
1990-06-13,1.43280
1990-06-14,1.43550
1990-06-15,1.43600
1990-06-18,1.41650
1990-06-19,1.40770
1990-06-20,1.41450
1990-06-21,1.41550
1990-06-22,1.40900
1990-06-25,1.41070
1990-06-26,1.40600
1990-06-27,1.40800
1990-06-28,1.41370
1990-06-29,1.41550
1990-07-02,1.40400
1990-07-03,1.39450
1990-07-05,1.39970
1990-07-06,1.40150
1990-07-09,1.39550
1990-07-10,1.39630
1990-07-11,1.40350
1990-07-12,1.40500
1990-07-13,1.39300
1990-07-16,1.41650
1990-07-17,1.40700
1990-07-18,1.40880
1990-07-19,1.41000
1990-07-20,1.40750
1990-07-23,1.38850
1990-07-24,1.37500
1990-07-25,1.37400
1990-07-26,1.37820
1990-07-27,1.36850
1990-07-30,1.36500
1990-07-31,1.34770
1990-08-01,1.35550
1990-08-02,1.35650
1990-08-03,1.35100
1990-08-06,1.33220
1990-08-07,1.33100
1990-08-08,1.34400
1990-08-09,1.33850
1990-08-10,1.33900
1990-08-13,1.31650
1990-08-14,1.30600
1990-08-15,1.29300
1990-08-16,1.30350
1990-08-17,1.28150
1990-08-20,1.29180
1990-08-21,1.28680
1990-08-22,1.27350
1990-08-23,1.26050
1990-08-24,1.26850
1990-08-27,1.27500
1990-08-28,1.28150
1990-08-29,1.28500
1990-08-30,1.29600
1990-08-31,1.30850
1990-09-04,1.31750
1990-09-05,1.29750
1990-09-06,1.29880
1990-09-07,1.30400
1990-09-10,1.31900
1990-09-11,1.33050
1990-09-12,1.32320
1990-09-13,1.31390
1990-09-14,1.29050
1990-09-17,1.28700
1990-09-18,1.28250
1990-09-19,1.30600
1990-09-20,1.32000
1990-09-21,1.32220
1990-09-24,1.29750
1990-09-25,1.30200
1990-09-26,1.31120
1990-09-27,1.30800
1990-09-28,1.29950
1990-10-01,1.28950
1990-10-02,1.29200
1990-10-03,1.28500
1990-10-04,1.27700
1990-10-05,1.29100
1990-10-09,1.27750
1990-10-10,1.27800
1990-10-11,1.29100
1990-10-12,1.27850
1990-10-15,1.28850
1990-10-16,1.27900
1990-10-17,1.27350
1990-10-18,1.27400
1990-10-19,1.27000
1990-10-22,1.28200
1990-10-23,1.28170
1990-10-24,1.27000
1990-10-25,1.27700
1990-10-26,1.28100
1990-10-29,1.28700
1990-10-30,1.28950
1990-10-31,1.28700
1990-11-01,1.27620
1990-11-02,1.27070
1990-11-05,1.25050
1990-11-06,1.25000
1990-11-07,1.24400
1990-11-08,1.24850
1990-11-09,1.25000
1990-11-13,1.25370
1990-11-14,1.24600
1990-11-15,1.25220
1990-11-16,1.24400
1990-11-19,1.24570
1990-11-20,1.24730
1990-11-21,1.25130
1990-11-23,1.25850
1990-11-26,1.26750
1990-11-27,1.26000
1990-11-28,1.26830
1990-11-29,1.27700
1990-11-30,1.27650
1990-12-03,1.29200
1990-12-04,1.28420
1990-12-05,1.28350
1990-12-06,1.27250
1990-12-07,1.26300
1990-12-10,1.26200
1990-12-11,1.26750
1990-12-12,1.26450
1990-12-13,1.26550
1990-12-14,1.27420
1990-12-17,1.27500
1990-12-18,1.27030
1990-12-19,1.27000
1990-12-20,1.28980
1990-12-21,1.30900
1990-12-24,1.31600
1990-12-26,1.30700
1990-12-27,1.30600
1990-12-28,1.27950
1990-12-31,1.27700
1991-01-02,1.26220
1991-01-03,1.26650
1991-01-04,1.27550
1991-01-07,1.29210
1991-01-08,1.28800
1991-01-09,1.27320
1991-01-10,1.28850
1991-01-11,1.28000
1991-01-14,1.28310
1991-01-15,1.28730
1991-01-16,1.28900
1991-01-17,1.27250
1991-01-18,1.26200
1991-01-22,1.25820
1991-01-23,1.25320
1991-01-24,1.25800
1991-01-25,1.26000
1991-01-28,1.26350
1991-01-29,1.26050
1991-01-30,1.26750
1991-01-31,1.25800
1991-02-01,1.25250
1991-02-04,1.25120
1991-02-05,1.24900
1991-02-06,1.23470
1991-02-07,1.23750
1991-02-08,1.24450
1991-02-11,1.23550
1991-02-12,1.24500
1991-02-13,1.24950
1991-02-14,1.25700
1991-02-15,1.26800
1991-02-19,1.28150
1991-02-20,1.27980
1991-02-21,1.27430
1991-02-22,1.28950
1991-02-25,1.30400
1991-02-26,1.30500
1991-02-27,1.31600
1991-02-28,1.32650
1991-03-01,1.33200
1991-03-04,1.34000
1991-03-05,1.33550
1991-03-06,1.34550
1991-03-07,1.35000
1991-03-08,1.36450
1991-03-11,1.37050
1991-03-12,1.36250
1991-03-13,1.36950
1991-03-14,1.36850
1991-03-15,1.38730
1991-03-18,1.41200
1991-03-19,1.42850
1991-03-20,1.42300
1991-03-21,1.41050
1991-03-22,1.40930
1991-03-25,1.42900
1991-03-26,1.43530
1991-03-27,1.45450
1991-03-28,1.45550
1991-03-29,1.44500
1991-04-01,1.43820
1991-04-02,1.42430
1991-04-03,1.41610
1991-04-04,1.40150
1991-04-05,1.41900
1991-04-08,1.43220
1991-04-09,1.41250
1991-04-10,1.42400
1991-04-11,1.41200
1991-04-12,1.42650
1991-04-15,1.42350
1991-04-16,1.41800
1991-04-17,1.42600
1991-04-18,1.44300
1991-04-19,1.47150
1991-04-22,1.48100
1991-04-23,1.45950
1991-04-24,1.46980
1991-04-25,1.46580
1991-04-26,1.47950
1991-04-29,1.48400
1991-04-30,1.44900
1991-05-01,1.44500
1991-05-02,1.45900
1991-05-03,1.47600
1991-05-06,1.47020
1991-05-07,1.45900
1991-05-08,1.46500
1991-05-09,1.47300
1991-05-10,1.45900
1991-05-13,1.44400
1991-05-14,1.43220
1991-05-15,1.43150
1991-05-16,1.44100
1991-05-17,1.47100
1991-05-20,1.45870
1991-05-21,1.44950
1991-05-22,1.46000
1991-05-23,1.45630
1991-05-24,1.45460
1991-05-28,1.44550
1991-05-29,1.46300
1991-05-30,1.46600
1991-05-31,1.48220
1991-06-03,1.48950
1991-06-04,1.48500
1991-06-05,1.49620
1991-06-06,1.50250
1991-06-07,1.51900
1991-06-10,1.51180
1991-06-11,1.51450
1991-06-12,1.53250
1991-06-13,1.53730
1991-06-14,1.53350
1991-06-17,1.54600
1991-06-18,1.56210
1991-06-19,1.53870
1991-06-20,1.54170
1991-06-21,1.54680
1991-06-24,1.53350
1991-06-25,1.55250
1991-06-26,1.54400
1991-06-27,1.54950
1991-06-28,1.55820
1991-07-01,1.56500
1991-07-02,1.58050
1991-07-03,1.58300
1991-07-05,1.57550
1991-07-08,1.56350
1991-07-09,1.57350
1991-07-10,1.57200
1991-07-11,1.58980
1991-07-12,1.54990
1991-07-15,1.54780
1991-07-16,1.56150
1991-07-17,1.55350
1991-07-18,1.53550
1991-07-19,1.51500
1991-07-22,1.52300
1991-07-23,1.52550
1991-07-24,1.51180
1991-07-25,1.53050
1991-07-26,1.51500
1991-07-29,1.53250
1991-07-30,1.52880
1991-07-31,1.52600
1991-08-01,1.53570
1991-08-02,1.50800
1991-08-05,1.49900
1991-08-06,1.49520
1991-08-07,1.49450
1991-08-08,1.50750
1991-08-09,1.51500
1991-08-12,1.51000
1991-08-13,1.51400
1991-08-14,1.51850
1991-08-15,1.52300
1991-08-16,1.54050
1991-08-19,1.55100
1991-08-20,1.54850
1991-08-21,1.52300
1991-08-22,1.50500
1991-08-23,1.53200
1991-08-26,1.52750
1991-08-27,1.52270
1991-08-28,1.51730
1991-08-29,1.52550
1991-08-30,1.52850
1991-09-03,1.52650
1991-09-04,1.52380
1991-09-05,1.52730
1991-09-06,1.52250
1991-09-09,1.49000
1991-09-10,1.48050
1991-09-11,1.48630
1991-09-12,1.47750
1991-09-13,1.47600
1991-09-16,1.46350
1991-09-17,1.45850
1991-09-18,1.46780
1991-09-19,1.47770
1991-09-20,1.47250
1991-09-23,1.45900
1991-09-24,1.45750
1991-09-25,1.46450
1991-09-26,1.46570
1991-09-27,1.45950
1991-09-30,1.44900
1991-10-01,1.45200
1991-10-02,1.45380
1991-10-03,1.45760
1991-10-04,1.46850
1991-10-07,1.47250
1991-10-08,1.48600
1991-10-09,1.48100
1991-10-10,1.48200
1991-10-11,1.48200
1991-10-15,1.49450
1991-10-16,1.48800
1991-10-17,1.48850
1991-10-18,1.47650
1991-10-21,1.48100
1991-10-22,1.47950
1991-10-23,1.48900
1991-10-24,1.48850
1991-10-25,1.48950
1991-10-28,1.50030
1991-10-29,1.47850
1991-10-30,1.46400
1991-10-31,1.46500
1991-11-01,1.46100
1991-11-04,1.43480
1991-11-05,1.44900
1991-11-06,1.45100
1991-11-07,1.43900
1991-11-08,1.45100
1991-11-12,1.45150
1991-11-13,1.45300
1991-11-14,1.44750
1991-11-15,1.45300
1991-11-18,1.42600
1991-11-19,1.41900
1991-11-20,1.42200
1991-11-21,1.41880
1991-11-22,1.41070
1991-11-25,1.40850
1991-11-26,1.40100
1991-11-27,1.42750
1991-11-29,1.43600
1991-12-02,1.42350
1991-12-03,1.42900
1991-12-04,1.42900
1991-12-05,1.40800
1991-12-06,1.38970
1991-12-09,1.39050
1991-12-10,1.39550
1991-12-11,1.39200
1991-12-12,1.39700
1991-12-13,1.39850
1991-12-16,1.39500
1991-12-17,1.39500
1991-12-18,1.39450
1991-12-19,1.38330
1991-12-20,1.36200
1991-12-23,1.34600
1991-12-24,1.35500
1991-12-26,1.34450
1991-12-27,1.35100
1991-12-30,1.35550
1991-12-31,1.36150
1992-01-02,1.36500
1992-01-03,1.37620
1992-01-06,1.34900
1992-01-07,1.34920
1992-01-08,1.35100
1992-01-09,1.38300
1992-01-10,1.41100
1992-01-13,1.39820
1992-01-14,1.41150
1992-01-15,1.44370
1992-01-16,1.43700
1992-01-17,1.42250
1992-01-21,1.40370
1992-01-22,1.40600
1992-01-23,1.41700
1992-01-24,1.40950
1992-01-27,1.43750
1992-01-28,1.42100
1992-01-29,1.41850
1992-01-30,1.44200
1992-01-31,1.42900
1992-02-03,1.42450
1992-02-04,1.42150
1992-02-05,1.41750
1992-02-06,1.40700
1992-02-07,1.39000
1992-02-10,1.40330
1992-02-11,1.42450
1992-02-12,1.43920
1992-02-13,1.45950
1992-02-14,1.46800
1992-02-18,1.48950
1992-02-19,1.48880
1992-02-20,1.48950
1992-02-21,1.49400
1992-02-24,1.49070
1992-02-25,1.48550
1992-02-26,1.49900
1992-02-27,1.48900
1992-02-28,1.48450
1992-03-02,1.48780
1992-03-03,1.50700
1992-03-04,1.52400
1992-03-05,1.52420
1992-03-06,1.51700
1992-03-09,1.50800
1992-03-10,1.51850
1992-03-11,1.50850
1992-03-12,1.51300
1992-03-13,1.50750
1992-03-16,1.51050
1992-03-17,1.49650
1992-03-18,1.49280
1992-03-19,1.51500
1992-03-20,1.52550
1992-03-23,1.51750
1992-03-24,1.51450
1992-03-25,1.50000
1992-03-26,1.51650
1992-03-27,1.49650
1992-03-30,1.50420
1992-03-31,1.50200
1992-04-01,1.50900
1992-04-02,1.50270
1992-04-03,1.48900
1992-04-06,1.48870
1992-04-07,1.49200
1992-04-08,1.49230
1992-04-09,1.48700
1992-04-10,1.50800
1992-04-13,1.52500
1992-04-14,1.51350
1992-04-15,1.53350
1992-04-16,1.54300
1992-04-17,1.54500
1992-04-20,1.54850
1992-04-21,1.54740
1992-04-22,1.54150
1992-04-23,1.54200
1992-04-24,1.53300
1992-04-27,1.53000
1992-04-28,1.51730
1992-04-29,1.52200
1992-04-30,1.51700
1992-05-01,1.50100
1992-05-04,1.50450
1992-05-05,1.50830
1992-05-06,1.50200
1992-05-07,1.51170
1992-05-08,1.52900
1992-05-11,1.52800
1992-05-12,1.50450
1992-05-13,1.49450
1992-05-14,1.47600
1992-05-15,1.48850
1992-05-18,1.46500
1992-05-19,1.45950
1992-05-20,1.47050
1992-05-21,1.48250
1992-05-22,1.48900
1992-05-26,1.47920
1992-05-27,1.48650
1992-05-28,1.47680
1992-05-29,1.45620
1992-06-01,1.46170
1992-06-02,1.46100
1992-06-03,1.47030
1992-06-04,1.46150
1992-06-05,1.45000
1992-06-08,1.45230
1992-06-09,1.45600
1992-06-10,1.45200
1992-06-11,1.43150
1992-06-12,1.42700
1992-06-15,1.41500
1992-06-16,1.40700
1992-06-17,1.42000
1992-06-18,1.41250
1992-06-19,1.41650
1992-06-22,1.41500
1992-06-23,1.41700
1992-06-24,1.40450
1992-06-25,1.39200
1992-06-26,1.38450
1992-06-29,1.36800
1992-06-30,1.37470
1992-07-01,1.36650
1992-07-02,1.35800
1992-07-03,1.35750
1992-07-06,1.35380
1992-07-07,1.34850
1992-07-08,1.34800
1992-07-09,1.37200
1992-07-10,1.35600
1992-07-13,1.33600
1992-07-14,1.34810
1992-07-15,1.33620
1992-07-16,1.32800
1992-07-17,1.30700
1992-07-20,1.31300
1992-07-21,1.32250
1992-07-22,1.32200
1992-07-23,1.31600
1992-07-24,1.33000
1992-07-27,1.31280
1992-07-28,1.30390
1992-07-29,1.32070
1992-07-30,1.32100
1992-07-31,1.31950
1992-08-03,1.31980
1992-08-04,1.32000
1992-08-05,1.32350
1992-08-06,1.33100
1992-08-07,1.31280
1992-08-10,1.31720
1992-08-11,1.32520
1992-08-12,1.32150
1992-08-13,1.31400
1992-08-14,1.32420
1992-08-17,1.31500
1992-08-18,1.31120
1992-08-19,1.30240
1992-08-20,1.29150
1992-08-21,1.27900
1992-08-24,1.24250
1992-08-25,1.24800
1992-08-26,1.26000
1992-08-27,1.26500
1992-08-28,1.25900
1992-08-31,1.24650
1992-09-01,1.24050
1992-09-02,1.23950
1992-09-03,1.26300
1992-09-04,1.25150
1992-09-08,1.23270
1992-09-09,1.25200
1992-09-10,1.24950
1992-09-11,1.28900
1992-09-14,1.31550
1992-09-15,1.31450
1992-09-16,1.32050
1992-09-17,1.29500
1992-09-18,1.30500
1992-09-21,1.30050
1992-09-22,1.30200
1992-09-23,1.31050
1992-09-24,1.30550
1992-09-25,1.29700
1992-09-28,1.27150
1992-09-29,1.24650
1992-09-30,1.23720
1992-10-01,1.24500
1992-10-02,1.23520
1992-10-05,1.22600
1992-10-06,1.24900
1992-10-07,1.26450
1992-10-08,1.30120
1992-10-09,1.31450
1992-10-13,1.31380
1992-10-14,1.30400
1992-10-15,1.29420
1992-10-16,1.31850
1992-10-19,1.32300
1992-10-20,1.36100
1992-10-21,1.34800
1992-10-22,1.35100
1992-10-23,1.36300
1992-10-26,1.36850
1992-10-27,1.36600
1992-10-28,1.37000
1992-10-29,1.37600
1992-10-30,1.37700
1992-11-02,1.39850
1992-11-03,1.39250
1992-11-04,1.39800
1992-11-05,1.41700
1992-11-06,1.43150
1992-11-09,1.42650
1992-11-10,1.43750
1992-11-12,1.43500
1992-11-13,1.41300
1992-11-16,1.43900
1992-11-17,1.45500
1992-11-18,1.45600
1992-11-19,1.43400
1992-11-20,1.43200
1992-11-23,1.44000
1992-11-24,1.43730
1992-11-25,1.43100
1992-11-27,1.44200
1992-11-30,1.43750
1992-12-01,1.41500
1992-12-02,1.39150
1992-12-03,1.41150
1992-12-04,1.43420
1992-12-07,1.40000
1992-12-08,1.39350
1992-12-09,1.40700
1992-12-10,1.41250
1992-12-11,1.40550
1992-12-14,1.40850
1992-12-15,1.41000
1992-12-16,1.39700
1992-12-17,1.40150
1992-12-18,1.41150
1992-12-21,1.41400
1992-12-22,1.43500
1992-12-23,1.44200
1992-12-24,1.44850
1992-12-28,1.45500
1992-12-29,1.46300
1992-12-30,1.45950
1992-12-31,1.46600
1993-01-04,1.47900
1993-01-05,1.47020
1993-01-06,1.48700
1993-01-07,1.49250
1993-01-08,1.49500
1993-01-11,1.48850
1993-01-12,1.49750
1993-01-13,1.49250
1993-01-14,1.48150
1993-01-15,1.49700
1993-01-19,1.47450
1993-01-20,1.47050
1993-01-21,1.48100
1993-01-22,1.45950
1993-01-25,1.44320
1993-01-26,1.45250
1993-01-27,1.46050
1993-01-28,1.46100
1993-01-29,1.48800
1993-02-01,1.51850
1993-02-02,1.52400
1993-02-03,1.52520
1993-02-04,1.53050
1993-02-05,1.52800
1993-02-08,1.53210
1993-02-09,1.52850
1993-02-10,1.53450
1993-02-11,1.53490
1993-02-12,1.54040
1993-02-16,1.50750
1993-02-17,1.50500
1993-02-18,1.50950
1993-02-19,1.50700
1993-02-22,1.49050
1993-02-23,1.48400
1993-02-24,1.49750
1993-02-25,1.51550
1993-02-26,1.52600
1993-03-01,1.52650
1993-03-02,1.52150
1993-03-03,1.52700
1993-03-04,1.51850
1993-03-05,1.54670
1993-03-08,1.53850
1993-03-09,1.54330
1993-03-10,1.53620
1993-03-11,1.52450
1993-03-12,1.52230
1993-03-15,1.52200
1993-03-16,1.52300
1993-03-17,1.53350
1993-03-18,1.52150
1993-03-19,1.50950
1993-03-22,1.51460
1993-03-23,1.50970
1993-03-24,1.50800
1993-03-25,1.52170
1993-03-26,1.50880
1993-03-29,1.50900
1993-03-30,1.49600
1993-03-31,1.49150
1993-04-01,1.48240
1993-04-02,1.49100
1993-04-05,1.47700
1993-04-06,1.48950
1993-04-07,1.48850
1993-04-08,1.47970
1993-04-09,1.47650
1993-04-12,1.46300
1993-04-13,1.44550
1993-04-14,1.45750
1993-04-15,1.46550
1993-04-16,1.47700
1993-04-19,1.46980
1993-04-20,1.46370
1993-04-21,1.46200
1993-04-22,1.45800
1993-04-23,1.43000
1993-04-26,1.41800
1993-04-27,1.42620
1993-04-28,1.43300
1993-04-29,1.42900
1993-04-30,1.43500
1993-05-03,1.43250
1993-05-04,1.41700
1993-05-05,1.41750
1993-05-06,1.42050
1993-05-07,1.42900
1993-05-10,1.45450
1993-05-11,1.45850
1993-05-12,1.46100
1993-05-13,1.45830
1993-05-14,1.45100
1993-05-17,1.46900
1993-05-18,1.47870
1993-05-19,1.47450
1993-05-20,1.46400
1993-05-21,1.47300
1993-05-24,1.47170
1993-05-25,1.45900
1993-05-26,1.46250
1993-05-27,1.43800
1993-05-28,1.41850
1993-06-01,1.42500
1993-06-02,1.42500
1993-06-03,1.42870
1993-06-04,1.45900
1993-06-07,1.45550
1993-06-08,1.45750
1993-06-09,1.47420
1993-06-10,1.46820
1993-06-11,1.45000
1993-06-14,1.45000
1993-06-15,1.46330
1993-06-16,1.48600
1993-06-17,1.47850
1993-06-18,1.50050
1993-06-21,1.50150
1993-06-22,1.51340
1993-06-23,1.50750
1993-06-24,1.51800
1993-06-25,1.51280
1993-06-28,1.50480
1993-06-29,1.50100
1993-06-30,1.51050
1993-07-01,1.50650
1993-07-02,1.50900
1993-07-06,1.51100
1993-07-07,1.51700
1993-07-08,1.51450
1993-07-09,1.53150
1993-07-12,1.52900
1993-07-13,1.51850
1993-07-14,1.51150
1993-07-15,1.51700
1993-07-16,1.51500
1993-07-19,1.49850
1993-07-20,1.50550
1993-07-21,1.50080
1993-07-22,1.50220
1993-07-23,1.51850
1993-07-26,1.52100
1993-07-27,1.52100
1993-07-28,1.51400
1993-07-29,1.52400
1993-07-30,1.52300
1993-08-02,1.50250
1993-08-03,1.50130
1993-08-04,1.50650
1993-08-05,1.51110
1993-08-06,1.50100
1993-08-09,1.50350
1993-08-10,1.51770
1993-08-11,1.52820
1993-08-12,1.52650
1993-08-13,1.52650
1993-08-16,1.49750
1993-08-17,1.50650
1993-08-18,1.48950
1993-08-19,1.48500
1993-08-20,1.47700
1993-08-23,1.48550
1993-08-24,1.47950
1993-08-25,1.48550
1993-08-26,1.46850
1993-08-27,1.47100
1993-08-30,1.47380
1993-08-31,1.48050
1993-09-01,1.45900
1993-09-02,1.45170
1993-09-03,1.42900
1993-09-07,1.41690
1993-09-08,1.42300
1993-09-09,1.40070
1993-09-10,1.39450
1993-09-13,1.40800
1993-09-14,1.39750
1993-09-15,1.39050
1993-09-16,1.40170
1993-09-17,1.40100
1993-09-20,1.40350
1993-09-21,1.43000
1993-09-22,1.41900
1993-09-23,1.43400
1993-09-24,1.43850
1993-09-27,1.42600
1993-09-28,1.41300
1993-09-29,1.41300
1993-09-30,1.43100
1993-10-01,1.42470
1993-10-04,1.41870
1993-10-05,1.42150
1993-10-06,1.42200
1993-10-07,1.42600
1993-10-08,1.40550
1993-10-12,1.39950
1993-10-13,1.40580
1993-10-14,1.42270
1993-10-15,1.42700
1993-10-18,1.43450
1993-10-19,1.44500
1993-10-20,1.45520
1993-10-21,1.46850
1993-10-22,1.47580
1993-10-25,1.47200
1993-10-26,1.48300
1993-10-27,1.48200
1993-10-28,1.49200
1993-10-29,1.48300
1993-11-01,1.50150
1993-11-02,1.50150
1993-11-03,1.50200
1993-11-04,1.50350
1993-11-05,1.49250
1993-11-08,1.48520
1993-11-09,1.49600
1993-11-10,1.49400
1993-11-12,1.49780
1993-11-15,1.49150
1993-11-16,1.50050
1993-11-17,1.49750
1993-11-18,1.50300
1993-11-19,1.50700
1993-11-22,1.49350
1993-11-23,1.48920
1993-11-24,1.49270
1993-11-26,1.49800
1993-11-29,1.49100
1993-11-30,1.50020
1993-12-01,1.49650
1993-12-02,1.49780
1993-12-03,1.48970
1993-12-06,1.46650
1993-12-07,1.46620
1993-12-08,1.46650
1993-12-09,1.46750
1993-12-10,1.45670
1993-12-13,1.46500
1993-12-14,1.46570
1993-12-15,1.46650
1993-12-16,1.46000
1993-12-17,1.45500
1993-12-20,1.46300
1993-12-21,1.45150
1993-12-22,1.43770
1993-12-23,1.43400
1993-12-24,1.43900
1993-12-27,1.44500
1993-12-28,1.43850
1993-12-29,1.45700
1993-12-30,1.48400
1993-12-31,1.48800
1994-01-03,1.49100
1994-01-04,1.48750
1994-01-05,1.48070
1994-01-06,1.48070
1994-01-07,1.47000
1994-01-10,1.47300
1994-01-11,1.47750
1994-01-12,1.46600
1994-01-13,1.47750
1994-01-14,1.48100
1994-01-18,1.46420
1994-01-19,1.46100
1994-01-20,1.45400
1994-01-21,1.46450
1994-01-24,1.46500
1994-01-25,1.47100
1994-01-26,1.47050
1994-01-27,1.47180
1994-01-28,1.46250
1994-01-31,1.46270
1994-02-01,1.45000
1994-02-02,1.45250
1994-02-03,1.45050
1994-02-04,1.45680
1994-02-07,1.47070
1994-02-08,1.48000
1994-02-09,1.47600
1994-02-10,1.47800
1994-02-11,1.47650
1994-02-14,1.47050
1994-02-15,1.45350
1994-02-16,1.45450
1994-02-17,1.45650
1994-02-18,1.45100
1994-02-22,1.44930
1994-02-23,1.45400
1994-02-24,1.43930
1994-02-25,1.42850
1994-02-28,1.42500
1994-03-01,1.44000
1994-03-02,1.42750
1994-03-03,1.43250
1994-03-04,1.44050
1994-03-07,1.43850
1994-03-08,1.43950
1994-03-09,1.43550
1994-03-10,1.42050
1994-03-11,1.41650
1994-03-14,1.43700
1994-03-15,1.43850
1994-03-16,1.43350
1994-03-17,1.43350
1994-03-18,1.43450
1994-03-21,1.43700
1994-03-22,1.42950
1994-03-23,1.42850
1994-03-24,1.41900
1994-03-25,1.41650
1994-03-28,1.42180
1994-03-29,1.42550
1994-03-30,1.41650
1994-03-31,1.40970
1994-04-01,1.42650
1994-04-04,1.42750
1994-04-05,1.44260
1994-04-06,1.44890
1994-04-07,1.45120
1994-04-08,1.44350
1994-04-11,1.44170
1994-04-12,1.44980
1994-04-13,1.44170
1994-04-14,1.44530
1994-04-15,1.45280
1994-04-18,1.45750
1994-04-19,1.44250
1994-04-20,1.44000
1994-04-21,1.43430
1994-04-22,1.43760
1994-04-25,1.43280
1994-04-26,1.43330
1994-04-27,1.42400
1994-04-28,1.41950
1994-04-29,1.41100
1994-05-02,1.40000
1994-05-03,1.39950
1994-05-04,1.41050
1994-05-05,1.41660
1994-05-06,1.41470
1994-05-09,1.41250
1994-05-10,1.43020
1994-05-11,1.42800
1994-05-12,1.42700
1994-05-13,1.42550
1994-05-16,1.42620
1994-05-17,1.41570
1994-05-18,1.40750
1994-05-19,1.40980
1994-05-20,1.40570
1994-05-23,1.40700
1994-05-24,1.41400
1994-05-25,1.40170
1994-05-26,1.40380
1994-05-27,1.40250
1994-05-31,1.40330
1994-06-01,1.40050
1994-06-02,1.40500
1994-06-03,1.41700
1994-06-06,1.41500
1994-06-07,1.41260
1994-06-08,1.41300
1994-06-09,1.41550
1994-06-10,1.40600
1994-06-13,1.38840
1994-06-14,1.38350
1994-06-15,1.37350
1994-06-16,1.37200
1994-06-17,1.35920
1994-06-20,1.35000
1994-06-21,1.34450
1994-06-22,1.35200
1994-06-23,1.34750
1994-06-24,1.33200
1994-06-27,1.32100
1994-06-28,1.32800
1994-06-29,1.33150
1994-06-30,1.33250
1994-07-01,1.33550
1994-07-05,1.32880
1994-07-06,1.32100
1994-07-07,1.32500
1994-07-08,1.32200
1994-07-11,1.29600
1994-07-12,1.28450
1994-07-13,1.29550
1994-07-14,1.30750
1994-07-15,1.31250
1994-07-18,1.30550
1994-07-19,1.32200
1994-07-20,1.32000
1994-07-21,1.33150
1994-07-22,1.35000
1994-07-25,1.35000
1994-07-26,1.34900
1994-07-27,1.33570
1994-07-28,1.34100
1994-07-29,1.34450
1994-08-01,1.33150
1994-08-02,1.33400
1994-08-03,1.33500
1994-08-04,1.33550
1994-08-05,1.33450
1994-08-08,1.33150
1994-08-09,1.33410
1994-08-10,1.32700
1994-08-11,1.32800
1994-08-12,1.30950
1994-08-15,1.30270
1994-08-16,1.30120
1994-08-17,1.30800
1994-08-18,1.29900
1994-08-19,1.29250
1994-08-22,1.28900
1994-08-23,1.29800
1994-08-24,1.30200
1994-08-25,1.30650
1994-08-26,1.32370
1994-08-29,1.33700
1994-08-30,1.33250
1994-08-31,1.33150
1994-09-01,1.32400
1994-09-02,1.30850
1994-09-06,1.29500
1994-09-07,1.29550
1994-09-08,1.30550
1994-09-09,1.28300
1994-09-12,1.28200
1994-09-13,1.29150
1994-09-14,1.27800
1994-09-15,1.28450
1994-09-16,1.27350
1994-09-19,1.28800
1994-09-20,1.28700
1994-09-21,1.28250
1994-09-22,1.28450
1994-09-23,1.28350
1994-09-26,1.28750
1994-09-27,1.28350
1994-09-28,1.28450
1994-09-29,1.28500
1994-09-30,1.28650
1994-10-03,1.29300
1994-10-04,1.28900
1994-10-05,1.27800
1994-10-06,1.28050
1994-10-07,1.28170
1994-10-11,1.29050
1994-10-12,1.28700
1994-10-13,1.28400
1994-10-14,1.26300
1994-10-17,1.24900
1994-10-18,1.24900
1994-10-19,1.24600
1994-10-20,1.24700
1994-10-21,1.24830
1994-10-24,1.24700
1994-10-25,1.24500
1994-10-26,1.25050
1994-10-27,1.25150
1994-10-28,1.26100
1994-10-31,1.25500
1994-11-01,1.24800
1994-11-02,1.25400
1994-11-03,1.27400
1994-11-04,1.27200
1994-11-07,1.26700
1994-11-08,1.25900
1994-11-09,1.28000
1994-11-10,1.28650
1994-11-14,1.29400
1994-11-15,1.29950
1994-11-16,1.30560
1994-11-17,1.29800
1994-11-18,1.31900
1994-11-21,1.32200
1994-11-22,1.31950
1994-11-23,1.31400
1994-11-25,1.32250
1994-11-28,1.32750
1994-11-29,1.32550
1994-11-30,1.32500
1994-12-01,1.33050
1994-12-02,1.33100
1994-12-05,1.32700
1994-12-06,1.33000
1994-12-07,1.32830
1994-12-08,1.33700
1994-12-09,1.33850
1994-12-12,1.33350
1994-12-13,1.33050
1994-12-14,1.33010
1994-12-15,1.32620
1994-12-16,1.33120
1994-12-19,1.33080
1994-12-20,1.32990
1994-12-21,1.32600
1994-12-22,1.33290
1994-12-23,1.33430
1994-12-27,1.33050
1994-12-28,1.32860
1994-12-29,1.30970
1994-12-30,1.31000
1995-01-03,1.31300
1995-01-04,1.31300
1995-01-05,1.30350
1995-01-06,1.31000
1995-01-09,1.29450
1995-01-10,1.28900
1995-01-11,1.28650
1995-01-12,1.28050
1995-01-13,1.29100
1995-01-17,1.28700
1995-01-18,1.28850
1995-01-19,1.28150
1995-01-20,1.27150
1995-01-23,1.26950
1995-01-24,1.27100
1995-01-25,1.27550
1995-01-26,1.27350
1995-01-27,1.27450
1995-01-30,1.26800
1995-01-31,1.28450
1995-02-01,1.28900
1995-02-02,1.28420
1995-02-03,1.29100
1995-02-06,1.29480
1995-02-07,1.30150
1995-02-08,1.29680
1995-02-09,1.29300
1995-02-10,1.28470
1995-02-13,1.28380
1995-02-14,1.27820
1995-02-15,1.27870
1995-02-16,1.25900
1995-02-17,1.25900
1995-02-21,1.24800
1995-02-22,1.24900
1995-02-23,1.25000
1995-02-24,1.24830
1995-02-27,1.23580
1995-02-28,1.23320
1995-03-01,1.24050
1995-03-02,1.23700
1995-03-03,1.21600
1995-03-06,1.16950
1995-03-07,1.14450
1995-03-08,1.16400
1995-03-09,1.16120
1995-03-10,1.17850
1995-03-13,1.17400
1995-03-14,1.17700
1995-03-15,1.14850
1995-03-16,1.16420
1995-03-17,1.15050
1995-03-20,1.16400
1995-03-21,1.17670
1995-03-22,1.16750
1995-03-23,1.16650
1995-03-24,1.17600
1995-03-27,1.15950
1995-03-28,1.14950
1995-03-29,1.14120
1995-03-30,1.17100
1995-03-31,1.13300
1995-04-03,1.12420
1995-04-04,1.13700
1995-04-05,1.13220
1995-04-06,1.12800
1995-04-07,1.13500
1995-04-10,1.16050
1995-04-11,1.15250
1995-04-12,1.15620
1995-04-13,1.14950
1995-04-14,1.15220
1995-04-17,1.12920
1995-04-18,1.12600
1995-04-19,1.11720
1995-04-20,1.14300
1995-04-21,1.13600
1995-04-24,1.13750
1995-04-25,1.13200
1995-04-26,1.13950
1995-04-27,1.13500
1995-04-28,1.14550
1995-05-01,1.14600
1995-05-02,1.13500
1995-05-03,1.13300
1995-05-04,1.12900
1995-05-05,1.13200
1995-05-08,1.12450
1995-05-09,1.13200
1995-05-10,1.15400
1995-05-11,1.19000
1995-05-12,1.20500
1995-05-15,1.20850
1995-05-16,1.19850
1995-05-17,1.20050
1995-05-18,1.21800
1995-05-19,1.20100
1995-05-22,1.19900
1995-05-23,1.20450
1995-05-24,1.20000
1995-05-25,1.16500
1995-05-26,1.13800
1995-05-30,1.14400
1995-05-31,1.16750
1995-06-01,1.17100
1995-06-02,1.16900
1995-06-05,1.15550
1995-06-06,1.17000
1995-06-07,1.15800
1995-06-08,1.16850
1995-06-09,1.15850
1995-06-12,1.15450
1995-06-13,1.16030
1995-06-14,1.15600
1995-06-15,1.17050
1995-06-16,1.16220
1995-06-19,1.16450
1995-06-20,1.15700
1995-06-21,1.15200
1995-06-22,1.15800
1995-06-23,1.14750
1995-06-26,1.15150
1995-06-27,1.14500
1995-06-28,1.16250
1995-06-29,1.15000
1995-06-30,1.15150
1995-07-03,1.14600
1995-07-05,1.14680
1995-07-06,1.14880
1995-07-07,1.15800
1995-07-10,1.16130
1995-07-11,1.16600
1995-07-12,1.16600
1995-07-13,1.16050
1995-07-14,1.16350
1995-07-17,1.16630
1995-07-18,1.15850
1995-07-19,1.15750
1995-07-20,1.15030
1995-07-21,1.15650
1995-07-24,1.15030
1995-07-25,1.16000
1995-07-26,1.15250
1995-07-27,1.14680
1995-07-28,1.14600
1995-07-31,1.15050
1995-08-01,1.14600
1995-08-02,1.15880
1995-08-03,1.14930
1995-08-04,1.14950
1995-08-07,1.16550
1995-08-08,1.16900
1995-08-09,1.16400
1995-08-10,1.17800
1995-08-11,1.19100
1995-08-14,1.19400
1995-08-15,1.22400
1995-08-16,1.22730
1995-08-17,1.22650
1995-08-18,1.22100
1995-08-21,1.22100
1995-08-22,1.23100
1995-08-23,1.22550
1995-08-24,1.22100
1995-08-25,1.21840
1995-08-28,1.20400
1995-08-29,1.21100
1995-08-30,1.21100
1995-08-31,1.20600
1995-09-01,1.20100
1995-09-05,1.20150
1995-09-06,1.21400
1995-09-07,1.21400
1995-09-08,1.21700
1995-09-11,1.20650
1995-09-12,1.20180
1995-09-13,1.22050
1995-09-14,1.21050
1995-09-15,1.20950
1995-09-18,1.21050
1995-09-19,1.20250
1995-09-20,1.17850
1995-09-21,1.14530
1995-09-22,1.13550
1995-09-25,1.14950
1995-09-26,1.16200
1995-09-27,1.15200
1995-09-28,1.14700
1995-09-29,1.15600
1995-10-02,1.15070
1995-10-03,1.16100
1995-10-04,1.15170
1995-10-05,1.14670
1995-10-06,1.14800
1995-10-10,1.14800
1995-10-11,1.15550
1995-10-12,1.15320
1995-10-13,1.15850
1995-10-16,1.14950
1995-10-17,1.14850
1995-10-18,1.15430
1995-10-19,1.15050
1995-10-20,1.14150
1995-10-23,1.12600
1995-10-24,1.13070
1995-10-25,1.13500
1995-10-26,1.13900
1995-10-27,1.13250
1995-10-30,1.13400
1995-10-31,1.13600
1995-11-01,1.13950
1995-11-02,1.14150
1995-11-03,1.13750
1995-11-06,1.13920
1995-11-07,1.13950
1995-11-08,1.14350
1995-11-09,1.13870
1995-11-10,1.13550
1995-11-13,1.14300
1995-11-14,1.14000
1995-11-15,1.13470
1995-11-16,1.14200
1995-11-17,1.13530
1995-11-20,1.13900
1995-11-21,1.13890
1995-11-22,1.13450
1995-11-24,1.14350
1995-11-27,1.15900
1995-11-28,1.15450
1995-11-29,1.16290
1995-11-30,1.17550
1995-12-01,1.17400
1995-12-04,1.16860
1995-12-05,1.16800
1995-12-06,1.16900
1995-12-07,1.16850
1995-12-08,1.16870
1995-12-11,1.16930
1995-12-12,1.17510
1995-12-13,1.17800
1995-12-14,1.16370
1995-12-15,1.16500
1995-12-18,1.14850
1995-12-19,1.15350
1995-12-20,1.15670
1995-12-21,1.15750
1995-12-22,1.15920
1995-12-26,1.15600
1995-12-27,1.15300
1995-12-28,1.15650
1995-12-29,1.15400
1996-01-02,1.15730
1996-01-03,1.16050
1996-01-04,1.17370
1996-01-05,1.16050
1996-01-08,1.16310
1996-01-09,1.16580
1996-01-10,1.16350
1996-01-11,1.16170
1996-01-12,1.16050
1996-01-16,1.17550
1996-01-17,1.18470
1996-01-18,1.18660
1996-01-19,1.19420
1996-01-22,1.18860
1996-01-23,1.19200
1996-01-24,1.19360
1996-01-25,1.19530
1996-01-26,1.20790
1996-01-29,1.20800
1996-01-30,1.21330
1996-01-31,1.21230
1996-02-01,1.21950
1996-02-02,1.21800
1996-02-05,1.19700
1996-02-06,1.20220
1996-02-07,1.20880
1996-02-08,1.20550
1996-02-09,1.20850
1996-02-12,1.20150
1996-02-13,1.20700
1996-02-14,1.19810
1996-02-15,1.19950
1996-02-16,1.18790
1996-02-20,1.18450
1996-02-21,1.18670
1996-02-22,1.18150
1996-02-23,1.17280
1996-02-26,1.17850
1996-02-27,1.18200
1996-02-28,1.19530
1996-02-29,1.19900
1996-03-01,1.20530
1996-03-04,1.20220
1996-03-05,1.19980
1996-03-06,1.20090
1996-03-07,1.20180
1996-03-08,1.20620
1996-03-11,1.20160
1996-03-12,1.19700
1996-03-13,1.19150
1996-03-14,1.19000
1996-03-15,1.18920
1996-03-18,1.19130
1996-03-19,1.19140
1996-03-20,1.19100
1996-03-21,1.19530
1996-03-22,1.19450
1996-03-25,1.19280
1996-03-26,1.19230
1996-03-27,1.19930
1996-03-28,1.19050
1996-03-29,1.18970
1996-04-01,1.19480
1996-04-02,1.19300
1996-04-03,1.19460
1996-04-04,1.19370
1996-04-05,1.19700
1996-04-08,1.19200
1996-04-09,1.20580
1996-04-10,1.21780
1996-04-11,1.21150
1996-04-12,1.22620
1996-04-15,1.23060
1996-04-16,1.23150
1996-04-17,1.22600
1996-04-18,1.22250
1996-04-19,1.22250
1996-04-22,1.22750
1996-04-23,1.22950
1996-04-24,1.23260
1996-04-25,1.23590
1996-04-26,1.23600
1996-04-29,1.23320
1996-04-30,1.24150
1996-05-01,1.24970
1996-05-02,1.24450
1996-05-03,1.24200
1996-05-06,1.24550
1996-05-07,1.24020
1996-05-08,1.23340
1996-05-09,1.23550
1996-05-10,1.24760
1996-05-13,1.24920
1996-05-14,1.25110
1996-05-15,1.25330
1996-05-16,1.25800
1996-05-17,1.25460
1996-05-20,1.26250
1996-05-21,1.26730
1996-05-22,1.26600
1996-05-23,1.26370
1996-05-24,1.26700
1996-05-28,1.27400
1996-05-29,1.27100
1996-05-30,1.25860
1996-05-31,1.25100
1996-06-03,1.25150
1996-06-04,1.25820
1996-06-05,1.25740
1996-06-06,1.26100
1996-06-07,1.26680
1996-06-10,1.26630
1996-06-11,1.26790
1996-06-12,1.26440
1996-06-13,1.25900
1996-06-14,1.25300
1996-06-17,1.24850
1996-06-18,1.24910
1996-06-19,1.25350
1996-06-20,1.25410
1996-06-21,1.26370
1996-06-24,1.26180
1996-06-25,1.26150
1996-06-26,1.25900
1996-06-27,1.25150
1996-06-28,1.25050
1996-07-01,1.24950
1996-07-02,1.25130
1996-07-03,1.25300
1996-07-05,1.26600
1996-07-08,1.26350
1996-07-09,1.26120
1996-07-10,1.26450
1996-07-11,1.25700
1996-07-12,1.25800
1996-07-15,1.25590
1996-07-16,1.22070
1996-07-17,1.21150
1996-07-18,1.21450
1996-07-19,1.21650
1996-07-22,1.20750
1996-07-23,1.21300
1996-07-24,1.21380
1996-07-25,1.20800
1996-07-26,1.21100
1996-07-29,1.20730
1996-07-30,1.20350
1996-07-31,1.19780
1996-08-01,1.20080
1996-08-02,1.20400
1996-08-05,1.20300
1996-08-06,1.20490
1996-08-07,1.20950
1996-08-08,1.21030
1996-08-09,1.20500
1996-08-12,1.20100
1996-08-13,1.19930
1996-08-14,1.20800
1996-08-15,1.20570
1996-08-16,1.21120
1996-08-19,1.20660
1996-08-20,1.20770
1996-08-21,1.20040
1996-08-22,1.20710
1996-08-23,1.20000
1996-08-26,1.19350
1996-08-27,1.19370
1996-08-28,1.19280
1996-08-29,1.19850
1996-08-30,1.20090
1996-09-03,1.20800
1996-09-04,1.20600
1996-09-05,1.20720
1996-09-06,1.21650
1996-09-09,1.21850
1996-09-10,1.23310
1996-09-11,1.23260
1996-09-12,1.23950
1996-09-13,1.24130
1996-09-16,1.23940
1996-09-17,1.24500
1996-09-18,1.24230
1996-09-19,1.24400
1996-09-20,1.23950
1996-09-23,1.23410
1996-09-24,1.23780
1996-09-25,1.23590
1996-09-26,1.25350
1996-09-27,1.25650
1996-09-30,1.25550
1996-10-01,1.25450
1996-10-02,1.25450
1996-10-03,1.25380
1996-10-04,1.25660
1996-10-07,1.25620
1996-10-08,1.25080
1996-10-09,1.25370
1996-10-10,1.25200
1996-10-11,1.25470
1996-10-15,1.26800
1996-10-16,1.26580
1996-10-17,1.26950
1996-10-18,1.27170
1996-10-21,1.26400
1996-10-22,1.26480
1996-10-23,1.25460
1996-10-24,1.25650
1996-10-25,1.26000
1996-10-28,1.25850
1996-10-29,1.25450
1996-10-30,1.25300
1996-10-31,1.26230
1996-11-01,1.27000
1996-11-04,1.27180
1996-11-05,1.27780
1996-11-06,1.27840
1996-11-07,1.26700
1996-11-08,1.26600
1996-11-12,1.26350
1996-11-13,1.26840
1996-11-14,1.27450
1996-11-15,1.27920
1996-11-18,1.26730
1996-11-19,1.27050
1996-11-20,1.26530
1996-11-21,1.26670
1996-11-22,1.26950
1996-11-25,1.28650
1996-11-26,1.29050
1996-11-27,1.29240
1996-11-29,1.30330
1996-12-02,1.31400
1996-12-03,1.32850
1996-12-04,1.32300
1996-12-05,1.31380
1996-12-06,1.31550
1996-12-09,1.32680
1996-12-10,1.32750
1996-12-11,1.31050
1996-12-12,1.31400
1996-12-13,1.31670
1996-12-16,1.32700
1996-12-17,1.32100
1996-12-18,1.33220
1996-12-19,1.33700
1996-12-20,1.33250
1996-12-23,1.33750
1996-12-24,1.34500
1996-12-26,1.34530
1996-12-27,1.35030
1996-12-30,1.35150
1996-12-31,1.33900
1997-01-02,1.34300
1997-01-03,1.35870
1997-01-06,1.35810
1997-01-07,1.35400
1997-01-08,1.36500
1997-01-09,1.36830
1997-01-10,1.37680
1997-01-13,1.37900
1997-01-14,1.37650
1997-01-15,1.37380
1997-01-16,1.37720
1997-01-17,1.39450
1997-01-21,1.41450
1997-01-22,1.42730
1997-01-23,1.42300
1997-01-24,1.40810
1997-01-27,1.42260
1997-01-28,1.42910
1997-01-29,1.42550
1997-01-30,1.42260
1997-01-31,1.41900
1997-02-03,1.42050
1997-02-04,1.42600
1997-02-05,1.42850
1997-02-06,1.42550
1997-02-07,1.44480
1997-02-10,1.42650
1997-02-11,1.43450
1997-02-12,1.44830
1997-02-13,1.45310
1997-02-14,1.46320
1997-02-18,1.47050
1997-02-19,1.48870
1997-02-20,1.47670
1997-02-21,1.47250
1997-02-24,1.45560
1997-02-25,1.46420
1997-02-26,1.47730
1997-02-27,1.47800
1997-02-28,1.47350
1997-03-03,1.47700
1997-03-04,1.48720
1997-03-05,1.48120
1997-03-06,1.48600
1997-03-07,1.48520
1997-03-10,1.47320
1997-03-11,1.47260
1997-03-12,1.46560
1997-03-13,1.46420
1997-03-14,1.45820
1997-03-17,1.45850
1997-03-18,1.43950
1997-03-19,1.44690
1997-03-20,1.44940
1997-03-21,1.45950
1997-03-24,1.45640
1997-03-25,1.46750
1997-03-26,1.46510
1997-03-27,1.44900
1997-03-28,1.45050
1997-03-31,1.43830
1997-04-01,1.44270
1997-04-02,1.44450
1997-04-03,1.43350
1997-04-04,1.44220
1997-04-07,1.46480
1997-04-08,1.46920
1997-04-09,1.47700
1997-04-10,1.47040
1997-04-11,1.46600
1997-04-14,1.46890
1997-04-15,1.46930
1997-04-16,1.47150
1997-04-17,1.46900
1997-04-18,1.45890
1997-04-21,1.44960
1997-04-22,1.45960
1997-04-23,1.46240
1997-04-24,1.46150
1997-04-25,1.46900
1997-04-28,1.46900
1997-04-29,1.46680
1997-04-30,1.47450
1997-05-01,1.46850
1997-05-02,1.47000
1997-05-05,1.47410
1997-05-06,1.46150
1997-05-07,1.46210
1997-05-08,1.44400
1997-05-09,1.42300
1997-05-12,1.43850
1997-05-13,1.43760
1997-05-14,1.43950
1997-05-15,1.43550
1997-05-16,1.42050
1997-05-19,1.42880
1997-05-20,1.40750
1997-05-21,1.40600
1997-05-22,1.41450
1997-05-23,1.40480
1997-05-27,1.41650
1997-05-28,1.41620
1997-05-29,1.41200
1997-05-30,1.41450
1997-06-02,1.42850
1997-06-03,1.43830
1997-06-04,1.44810
1997-06-05,1.44820
1997-06-06,1.45400
1997-06-09,1.43770
1997-06-10,1.44450
1997-06-11,1.43750
1997-06-12,1.44130
1997-06-13,1.44050
1997-06-16,1.44160
1997-06-17,1.44650
1997-06-18,1.44780
1997-06-19,1.43630
1997-06-20,1.43990
1997-06-23,1.43280
1997-06-24,1.43930
1997-06-25,1.43830
1997-06-26,1.43820
1997-06-27,1.44960
1997-06-30,1.46060
1997-07-01,1.45900
1997-07-02,1.47190
1997-07-03,1.46600
1997-07-07,1.45900
1997-07-08,1.46550
1997-07-09,1.46020
1997-07-10,1.44980
1997-07-11,1.46010
1997-07-14,1.47200
1997-07-15,1.48030
1997-07-16,1.48320
1997-07-17,1.48150
1997-07-18,1.47300
1997-07-21,1.47550
1997-07-22,1.49000
1997-07-23,1.48400
1997-07-24,1.49950
1997-07-25,1.51500
1997-07-28,1.52000
1997-07-29,1.51700
1997-07-30,1.51500
1997-07-31,1.51450
1997-08-01,1.52600
1997-08-04,1.52550
1997-08-05,1.53600
1997-08-06,1.53170
1997-08-07,1.52950
1997-08-08,1.50700
1997-08-11,1.52300
1997-08-12,1.52850
1997-08-13,1.51010
1997-08-14,1.51950
1997-08-15,1.50550
1997-08-18,1.51200
1997-08-19,1.51650
1997-08-20,1.52700
1997-08-21,1.51650
1997-08-22,1.49780
1997-08-25,1.49960
1997-08-26,1.48750
1997-08-27,1.49650
1997-08-28,1.48330
1997-08-29,1.48890
1997-09-02,1.50600
1997-09-03,1.49860
1997-09-04,1.49700
1997-09-05,1.47530
1997-09-08,1.48750
1997-09-09,1.48850
1997-09-10,1.47740
1997-09-11,1.47100
1997-09-12,1.46620
1997-09-15,1.44940
1997-09-16,1.44800
1997-09-17,1.45930
1997-09-18,1.46650
1997-09-19,1.45880
1997-09-22,1.47260
1997-09-23,1.47450
1997-09-24,1.46010
1997-09-25,1.45780
1997-09-26,1.45300
1997-09-29,1.45100
1997-09-30,1.45480
1997-10-01,1.46090
1997-10-02,1.45600
1997-10-03,1.44910
1997-10-06,1.45210
1997-10-07,1.44500
1997-10-08,1.44550
1997-10-09,1.45610
1997-10-10,1.45720
1997-10-14,1.46150
1997-10-15,1.45800
1997-10-16,1.45580
1997-10-17,1.47550
1997-10-20,1.47320
1997-10-21,1.48850
1997-10-22,1.47930
1997-10-23,1.46850
1997-10-24,1.46360
1997-10-27,1.45520
1997-10-28,1.41150
1997-10-29,1.41780
1997-10-30,1.40590
1997-10-31,1.39950
1997-11-03,1.41340
1997-11-04,1.40700
1997-11-05,1.40730
1997-11-06,1.40500
1997-11-07,1.39580
1997-11-10,1.39120
1997-11-12,1.39980
1997-11-13,1.39750
1997-11-14,1.40650
1997-11-17,1.40960
1997-11-18,1.40350
1997-11-19,1.40430
1997-11-20,1.40830
1997-11-21,1.41820
1997-11-24,1.40550
1997-11-25,1.40730
1997-11-26,1.41800
1997-11-28,1.42550
1997-12-01,1.43300
1997-12-02,1.43310
1997-12-03,1.42850
1997-12-04,1.43080
1997-12-05,1.43900
1997-12-08,1.45250
1997-12-09,1.45700
1997-12-10,1.44600
1997-12-11,1.43350
1997-12-12,1.43330
1997-12-15,1.43050
1997-12-16,1.44150
1997-12-17,1.43430
1997-12-18,1.43940
1997-12-19,1.42780
1997-12-22,1.43800
1997-12-23,1.43380
1997-12-24,1.43460
1997-12-26,1.43420
1997-12-29,1.44740
1997-12-30,1.45580
1997-12-31,1.46100
1998-01-02,1.46700
1998-01-05,1.48030
1998-01-06,1.47900
1998-01-07,1.47650
1998-01-08,1.47320
1998-01-09,1.47630
1998-01-12,1.47440
1998-01-13,1.47650
1998-01-14,1.48280
1998-01-15,1.49330
1998-01-16,1.49750
1998-01-20,1.49830
1998-01-21,1.48610
1998-01-22,1.47010
1998-01-23,1.44490
1998-01-26,1.45850
1998-01-27,1.44980
1998-01-28,1.46230
1998-01-29,1.46730
1998-01-30,1.48200
1998-02-02,1.47300
1998-02-03,1.46890
1998-02-04,1.45900
1998-02-05,1.44730
1998-02-06,1.45560
1998-02-09,1.46530
1998-02-10,1.46500
1998-02-11,1.46330
1998-02-12,1.45100
1998-02-13,1.46550
1998-02-17,1.47310
1998-02-18,1.46900
1998-02-19,1.47150
1998-02-20,1.47050
1998-02-23,1.45060
1998-02-24,1.45390
1998-02-25,1.46530
1998-02-26,1.46550
1998-02-27,1.46620
1998-03-02,1.46600
1998-03-03,1.46940
1998-03-04,1.47700
1998-03-05,1.48410
1998-03-06,1.49390
1998-03-09,1.49500
1998-03-10,1.49150
1998-03-11,1.49300
1998-03-12,1.48530
1998-03-13,1.47650
1998-03-16,1.48250
1998-03-17,1.47880
1998-03-18,1.49050
1998-03-19,1.49390
1998-03-20,1.49930
1998-03-23,1.49020
1998-03-24,1.49000
1998-03-25,1.49400
1998-03-26,1.48950
1998-03-27,1.49720
1998-03-30,1.52100
1998-03-31,1.52450
1998-04-01,1.53350
1998-04-02,1.53170
1998-04-03,1.53020
1998-04-06,1.52850
1998-04-07,1.52970
1998-04-08,1.51040
1998-04-09,1.51270
1998-04-10,1.51560
1998-04-13,1.51230
1998-04-14,1.49250
1998-04-15,1.49300
1998-04-16,1.50410
1998-04-17,1.50050
1998-04-20,1.49370
1998-04-21,1.48250
1998-04-22,1.48400
1998-04-23,1.49100
1998-04-24,1.49030
1998-04-27,1.48600
1998-04-28,1.49300
1998-04-29,1.49550
1998-04-30,1.50050
1998-05-01,1.48830
1998-05-04,1.48950
1998-05-05,1.48350
1998-05-06,1.47350
1998-05-07,1.47030
1998-05-08,1.47950
1998-05-11,1.48600
1998-05-12,1.48050
1998-05-13,1.48090
1998-05-14,1.48400
1998-05-15,1.48790
1998-05-18,1.48800
1998-05-19,1.48250
1998-05-20,1.47580
1998-05-21,1.46450
1998-05-22,1.46500
1998-05-26,1.47000
1998-05-27,1.47220
1998-05-28,1.47550
1998-05-29,1.48200
1998-06-01,1.47650
1998-06-02,1.48000
1998-06-03,1.47780
1998-06-04,1.46750
1998-06-05,1.47700
1998-06-08,1.47720
1998-06-09,1.47730
1998-06-10,1.48850
1998-06-11,1.49050
1998-06-12,1.49700
1998-06-15,1.50950
1998-06-16,1.49750
1998-06-17,1.49200
1998-06-18,1.49650
1998-06-19,1.49400
1998-06-22,1.49700
1998-06-23,1.50650
1998-06-24,1.50800
1998-06-25,1.51040
1998-06-26,1.52550
1998-06-29,1.52750
1998-06-30,1.51500
1998-07-01,1.52850
1998-07-02,1.53550
1998-07-03,1.53000
1998-07-06,1.52550
1998-07-07,1.52810
1998-07-08,1.52800
1998-07-09,1.54200
1998-07-10,1.53850
1998-07-13,1.51850
1998-07-14,1.52050
1998-07-15,1.51530
1998-07-16,1.50700
1998-07-17,1.50500
1998-07-20,1.50450
1998-07-21,1.51230
1998-07-22,1.51000
1998-07-23,1.51200
1998-07-24,1.49480
1998-07-27,1.49950
1998-07-28,1.49250
1998-07-29,1.48700
1998-07-30,1.48700
1998-07-31,1.49150
1998-08-03,1.50200
1998-08-04,1.49700
1998-08-05,1.49150
1998-08-06,1.49080
1998-08-07,1.49820
1998-08-10,1.49730
1998-08-11,1.48950
1998-08-12,1.48350
1998-08-13,1.48850
1998-08-14,1.50900
1998-08-17,1.50290
1998-08-18,1.51050
1998-08-19,1.50700
1998-08-20,1.50450
1998-08-21,1.50300
1998-08-24,1.49960
1998-08-25,1.50300
1998-08-26,1.50530
1998-08-27,1.48200
1998-08-28,1.45300
1998-08-31,1.44170
1998-09-01,1.44050
1998-09-02,1.44500
1998-09-03,1.41930
1998-09-04,1.42520
1998-09-08,1.41230
1998-09-09,1.41650
1998-09-10,1.39050
1998-09-11,1.38600
1998-09-14,1.40470
1998-09-15,1.39450
1998-09-16,1.39550
1998-09-17,1.38500
1998-09-18,1.39000
1998-09-21,1.38050
1998-09-22,1.38950
1998-09-23,1.39550
1998-09-24,1.38800
1998-09-25,1.38050
1998-09-28,1.39000
1998-09-29,1.38950
1998-09-30,1.38080
1998-10-01,1.36400
1998-10-02,1.35230
1998-10-05,1.34700
1998-10-06,1.34420
1998-10-07,1.31800
1998-10-08,1.29350
1998-10-09,1.32300
1998-10-13,1.32860
1998-10-14,1.33250
1998-10-15,1.32300
1998-10-16,1.31480
1998-10-19,1.32350
1998-10-20,1.34620
1998-10-21,1.34800
1998-10-22,1.34230
1998-10-23,1.33750
1998-10-26,1.34630
1998-10-27,1.34970
1998-10-28,1.34830
1998-10-29,1.34520
1998-10-30,1.35480
1998-11-02,1.35000
1998-11-03,1.35590
1998-11-04,1.36700
1998-11-05,1.35850
1998-11-06,1.37420
1998-11-09,1.39950
1998-11-10,1.39200
1998-11-12,1.39550
1998-11-13,1.39070
1998-11-16,1.37350
1998-11-17,1.37400
1998-11-18,1.37470
1998-11-19,1.38700
1998-11-20,1.39120
1998-11-23,1.40660
1998-11-24,1.40900
1998-11-25,1.40750
1998-11-27,1.41520
1998-11-30,1.39630
1998-12-01,1.37830
1998-12-02,1.37000
1998-12-03,1.36670
1998-12-04,1.37100
1998-12-07,1.37560
1998-12-08,1.36590
1998-12-09,1.36030
1998-12-10,1.33960
1998-12-11,1.32950
1998-12-14,1.33380
1998-12-15,1.34150
1998-12-16,1.34410
1998-12-17,1.34870
1998-12-18,1.34820
1998-12-21,1.36300
1998-12-22,1.36550
1998-12-23,1.36300
1998-12-24,1.37600
1998-12-28,1.37200
1998-12-29,1.36300
1998-12-30,1.38050
1998-12-31,1.37350
1999-01-04,1.36660
1999-01-05,1.36940
1999-01-06,1.38520
1999-01-07,1.38630
1999-01-08,1.39700
1999-01-11,1.39630
1999-01-12,1.38900
1999-01-13,1.35850
1999-01-14,1.36180
1999-01-15,1.37850
1999-01-19,1.37520
1999-01-20,1.39020
1999-01-21,1.38550
1999-01-22,1.38290
1999-01-25,1.38230
1999-01-26,1.38700
1999-01-27,1.40120
1999-01-28,1.41650
1999-01-29,1.41680
1999-02-01,1.42320
1999-02-02,1.41110
1999-02-03,1.41350
1999-02-04,1.41700
1999-02-05,1.41730
1999-02-08,1.41750
1999-02-09,1.41830
1999-02-10,1.40830
1999-02-11,1.41540
1999-02-12,1.41570
1999-02-16,1.42900
1999-02-17,1.42470
1999-02-18,1.42500
1999-02-19,1.44620
1999-02-22,1.44830
1999-02-23,1.44950
1999-02-24,1.45200
1999-02-25,1.43450
1999-02-26,1.44950
1999-03-01,1.46200
1999-03-02,1.45820
1999-03-03,1.46100
1999-03-04,1.47000
1999-03-05,1.46860
1999-03-08,1.46120
1999-03-09,1.46750
1999-03-10,1.45660
1999-03-11,1.46850
1999-03-12,1.46080
1999-03-15,1.46600
1999-03-16,1.46650
1999-03-17,1.44830
1999-03-18,1.45340
1999-03-19,1.46200
1999-03-22,1.46400
1999-03-23,1.45860
1999-03-24,1.45750
1999-03-25,1.46810
1999-03-26,1.48450
1999-03-29,1.48770
1999-03-30,1.48900
1999-03-31,1.47750
1999-04-01,1.48100
1999-04-02,1.48100
1999-04-05,1.49120
1999-04-06,1.47250
1999-04-07,1.48070
1999-04-08,1.47240
1999-04-09,1.48320
1999-04-12,1.47950
1999-04-13,1.49000
1999-04-14,1.48790
1999-04-15,1.49730
1999-04-16,1.49930
1999-04-19,1.50970
1999-04-20,1.50650
1999-04-21,1.50800
1999-04-22,1.50950
1999-04-23,1.50710
1999-04-26,1.51320
1999-04-27,1.50850
1999-04-28,1.51370
1999-04-29,1.51900
1999-04-30,1.52570
1999-05-03,1.52520
1999-05-04,1.51700
1999-05-05,1.49750
1999-05-06,1.49200
1999-05-07,1.49100
1999-05-10,1.48950
1999-05-11,1.49980
1999-05-12,1.50250
1999-05-13,1.50800
1999-05-14,1.50580
1999-05-17,1.50130
1999-05-18,1.50300
1999-05-19,1.50500
1999-05-20,1.50830
1999-05-21,1.51750
1999-05-24,1.51150
1999-05-25,1.50500
1999-05-26,1.52200
1999-05-27,1.52650
1999-05-28,1.52800
1999-06-01,1.52300
1999-06-02,1.53650
1999-06-03,1.53750
1999-06-04,1.53850
1999-06-07,1.54250
1999-06-08,1.52500
1999-06-09,1.52500
1999-06-10,1.52400
1999-06-11,1.51950
1999-06-14,1.53000
1999-06-15,1.53150
1999-06-16,1.54920
1999-06-17,1.54550
1999-06-18,1.54120
1999-06-21,1.54580
1999-06-22,1.54550
1999-06-23,1.54780
1999-06-24,1.53950
1999-06-25,1.52900
1999-06-28,1.54160
1999-06-29,1.54950
1999-06-30,1.55550
1999-07-01,1.56900
1999-07-02,1.56780
1999-07-06,1.56500
1999-07-07,1.56900
1999-07-08,1.57310
1999-07-09,1.57750
1999-07-12,1.58280
1999-07-13,1.57770
1999-07-14,1.57170
1999-07-15,1.57100
1999-07-16,1.57450
1999-07-19,1.57380
1999-07-20,1.54050
1999-07-21,1.52670
1999-07-22,1.52850
1999-07-23,1.52940
1999-07-26,1.50690
1999-07-27,1.50650
1999-07-28,1.50200
1999-07-29,1.49000
1999-07-30,1.49250
1999-08-02,1.49950
1999-08-03,1.49750
1999-08-04,1.48620
1999-08-05,1.48050
1999-08-06,1.48630
1999-08-09,1.49720
1999-08-10,1.48950
1999-08-11,1.50240
1999-08-12,1.50600
1999-08-13,1.51570
1999-08-16,1.51730
1999-08-17,1.52150
1999-08-18,1.52300
1999-08-19,1.50250
1999-08-20,1.49880
1999-08-23,1.51450
1999-08-24,1.52420
1999-08-25,1.53150
1999-08-26,1.53390
1999-08-27,1.53030
1999-08-30,1.53320
1999-08-31,1.51300
1999-09-01,1.51350
1999-09-02,1.49380
1999-09-03,1.50730
1999-09-07,1.51080
1999-09-08,1.51030
1999-09-09,1.51720
1999-09-10,1.54400
1999-09-13,1.54250
1999-09-14,1.54080
1999-09-15,1.54550
1999-09-16,1.53840
1999-09-17,1.54410
1999-09-20,1.54350
1999-09-21,1.53280
1999-09-22,1.52670
1999-09-23,1.53930
1999-09-24,1.53000
1999-09-27,1.53610
1999-09-28,1.52400
1999-09-29,1.50750
1999-09-30,1.50220
1999-10-01,1.48670
1999-10-04,1.48780
1999-10-05,1.48940
1999-10-06,1.48750
1999-10-07,1.48600
1999-10-08,1.50000
1999-10-12,1.48320
1999-10-13,1.47900
1999-10-14,1.47350
1999-10-15,1.45920
1999-10-18,1.46200
1999-10-19,1.46810
1999-10-20,1.47900
1999-10-21,1.47300
1999-10-22,1.49750
1999-10-25,1.49920
1999-10-26,1.51350
1999-10-27,1.52000
1999-10-28,1.52380
1999-10-29,1.52430
1999-11-01,1.52910
1999-11-02,1.53050
1999-11-03,1.53440
1999-11-04,1.54360
1999-11-05,1.55130
1999-11-08,1.55350
1999-11-09,1.54650
1999-11-10,1.53980
1999-11-12,1.55750
1999-11-15,1.55600
1999-11-16,1.55420
1999-11-17,1.54110
1999-11-18,1.55640
1999-11-19,1.55430
1999-11-22,1.55100
1999-11-23,1.55900
1999-11-24,1.57210
1999-11-26,1.57950
1999-11-29,1.58780
1999-11-30,1.58930
1999-12-01,1.59200
1999-12-02,1.59500
1999-12-03,1.59250
1999-12-06,1.56080
1999-12-07,1.56450
1999-12-08,1.56000
1999-12-09,1.57410
1999-12-10,1.57450
1999-12-13,1.58340
1999-12-14,1.58950
1999-12-15,1.59030
1999-12-16,1.57580
1999-12-17,1.58880
1999-12-20,1.59000
1999-12-21,1.58470
1999-12-22,1.58630
1999-12-23,1.57700
1999-12-24,1.58550
1999-12-27,1.58350
1999-12-28,1.59400
1999-12-29,1.59770
1999-12-30,1.60150
1999-12-31,1.59300
2000-01-03,1.58080
2000-01-04,1.55650
2000-01-05,1.55260
2000-01-06,1.55400
2000-01-07,1.56230
2000-01-10,1.57040
2000-01-11,1.56050
2000-01-12,1.56600
2000-01-13,1.57070
2000-01-14,1.59450
2000-01-18,1.59420
2000-01-19,1.59650
2000-01-20,1.59150
2000-01-21,1.59730
2000-01-24,1.60900
2000-01-25,1.60850
2000-01-26,1.61020
2000-01-27,1.63170
2000-01-28,1.64850
2000-01-31,1.64950
2000-02-01,1.65400
2000-02-02,1.65020
2000-02-03,1.62550
2000-02-04,1.64700
2000-02-07,1.64260
2000-02-08,1.63010
2000-02-09,1.62320
2000-02-10,1.62800
2000-02-11,1.63050
2000-02-14,1.64350
2000-02-15,1.63300
2000-02-16,1.63020
2000-02-17,1.62740
2000-02-18,1.62820
2000-02-22,1.59830
2000-02-23,1.60820
2000-02-24,1.62000
2000-02-25,1.64750
2000-02-28,1.66150
2000-02-29,1.66650
2000-03-01,1.65680
2000-03-02,1.67140
2000-03-03,1.67120
2000-03-06,1.67500
2000-03-07,1.68100
2000-03-08,1.67700
2000-03-09,1.65950
2000-03-10,1.66610
2000-03-13,1.67020
2000-03-14,1.67150
2000-03-15,1.66180
2000-03-16,1.65930
2000-03-17,1.66200
2000-03-20,1.66050
2000-03-21,1.66150
2000-03-22,1.67500
2000-03-23,1.65220
2000-03-24,1.63330
2000-03-27,1.64680
2000-03-28,1.65510
2000-03-29,1.67250
2000-03-30,1.66050
2000-03-31,1.66300
2000-04-03,1.65870
2000-04-04,1.65000
2000-04-05,1.63300
2000-04-06,1.63900
2000-04-07,1.63830
2000-04-10,1.64350
2000-04-11,1.64150
2000-04-12,1.64900
2000-04-13,1.65200
2000-04-14,1.64080
2000-04-17,1.64400
2000-04-18,1.66030
2000-04-19,1.67550
2000-04-20,1.67720
2000-04-21,1.67600
2000-04-24,1.67120
2000-04-25,1.69850
2000-04-26,1.70850
2000-04-27,1.73100
2000-04-28,1.72500
2000-05-01,1.71350
2000-05-02,1.71850
2000-05-03,1.73690
2000-05-04,1.73530
2000-05-05,1.73230
2000-05-08,1.73050
2000-05-09,1.72190
2000-05-10,1.71500
2000-05-11,1.72520
2000-05-12,1.70900
2000-05-15,1.70330
2000-05-16,1.71520
2000-05-17,1.73980
2000-05-18,1.73770
2000-05-19,1.73470
2000-05-22,1.71850
2000-05-23,1.72950
2000-05-24,1.72080
2000-05-25,1.72100
2000-05-26,1.68280
2000-05-30,1.68850
2000-05-31,1.68830
2000-06-01,1.68780
2000-06-02,1.66800
2000-06-05,1.66300
2000-06-06,1.64300
2000-06-07,1.63650
2000-06-08,1.64100
2000-06-09,1.64430
2000-06-12,1.63560
2000-06-13,1.62550
2000-06-14,1.63180
2000-06-15,1.63860
2000-06-16,1.61780
2000-06-19,1.62300
2000-06-20,1.62800
2000-06-21,1.63900
2000-06-22,1.64550
2000-06-23,1.65650
2000-06-26,1.65100
2000-06-27,1.63790
2000-06-28,1.64200
2000-06-29,1.63750
2000-06-30,1.63170
2000-07-03,1.63230
2000-07-05,1.62200
2000-07-06,1.62500
2000-07-07,1.62780
2000-07-10,1.62750
2000-07-11,1.63350
2000-07-12,1.65100
2000-07-13,1.66080
2000-07-14,1.65320
2000-07-17,1.65750
2000-07-18,1.66080
2000-07-19,1.67810
2000-07-20,1.66800
2000-07-21,1.66380
2000-07-24,1.67000
2000-07-25,1.65280
2000-07-26,1.64930
2000-07-27,1.66050
2000-07-28,1.67530
2000-07-31,1.66890
2000-08-01,1.67580
2000-08-02,1.68870
2000-08-03,1.70870
2000-08-04,1.70530
2000-08-07,1.70050
2000-08-08,1.71470
2000-08-09,1.71870
2000-08-10,1.70650
2000-08-11,1.71810
2000-08-14,1.72140
2000-08-15,1.70950
2000-08-16,1.70930
2000-08-17,1.70850
2000-08-18,1.72350
2000-08-21,1.72750
2000-08-22,1.74050
2000-08-23,1.72820
2000-08-24,1.71170
2000-08-25,1.70950
2000-08-28,1.71300
2000-08-29,1.72380
2000-08-30,1.73600
2000-08-31,1.74250
2000-09-01,1.72300
2000-09-05,1.74880
2000-09-06,1.77800
2000-09-07,1.77200
2000-09-08,1.78690
2000-09-11,1.77150
2000-09-12,1.77100
2000-09-13,1.76350
2000-09-14,1.77360
2000-09-15,1.78050
2000-09-18,1.78700
2000-09-19,1.77650
2000-09-20,1.78450
2000-09-21,1.77150
2000-09-22,1.72950
2000-09-25,1.73900
2000-09-26,1.72790
2000-09-27,1.73250
2000-09-28,1.72880
2000-09-29,1.72650
2000-10-02,1.73220
2000-10-03,1.73650
2000-10-04,1.73950
2000-10-05,1.74910
2000-10-06,1.75150
2000-10-10,1.75150
2000-10-11,1.73280
2000-10-12,1.74150
2000-10-13,1.75950
2000-10-16,1.77900
2000-10-17,1.77730
2000-10-18,1.78750
2000-10-19,1.78750
2000-10-20,1.78850
2000-10-23,1.79850
2000-10-24,1.80050
2000-10-25,1.81650
2000-10-26,1.82500
2000-10-27,1.80650
2000-10-30,1.80680
2000-10-31,1.79780
2000-11-01,1.77650
2000-11-02,1.77990
2000-11-03,1.76670
2000-11-06,1.77250
2000-11-07,1.77280
2000-11-08,1.77750
2000-11-09,1.77390
2000-11-10,1.76570
2000-11-13,1.76370
2000-11-14,1.77230
2000-11-15,1.78150
2000-11-16,1.78830
2000-11-17,1.79150
2000-11-20,1.80000
2000-11-21,1.79950
2000-11-22,1.80500
2000-11-24,1.80850
2000-11-27,1.78030
2000-11-28,1.76330
2000-11-29,1.75950
2000-11-30,1.73650
2000-12-01,1.72850
2000-12-04,1.70600
2000-12-05,1.71530
2000-12-06,1.70780
2000-12-07,1.70150
2000-12-08,1.70630
2000-12-11,1.71500
2000-12-12,1.71440
2000-12-13,1.71750
2000-12-14,1.69900
2000-12-15,1.67950
2000-12-18,1.68450
2000-12-19,1.69400
2000-12-20,1.67650
2000-12-21,1.67220
2000-12-22,1.64850
2000-12-26,1.63420
2000-12-27,1.64350
2000-12-28,1.64500
2000-12-29,1.62020
2001-01-02,1.60750
2001-01-03,1.60250
2001-01-04,1.61150
2001-01-05,1.60250
2001-01-08,1.60760
2001-01-09,1.62100
2001-01-10,1.62550
2001-01-11,1.61230
2001-01-12,1.62320
2001-01-16,1.63900
2001-01-17,1.65200
2001-01-18,1.61950
2001-01-19,1.63340
2001-01-22,1.63700
2001-01-23,1.63300
2001-01-24,1.65470
2001-01-25,1.65580
2001-01-26,1.65820
2001-01-29,1.65600
2001-01-30,1.64550
2001-01-31,1.64250
2001-02-01,1.63300
2001-02-02,1.64250
2001-02-05,1.63550
2001-02-06,1.65380
2001-02-07,1.64750
2001-02-08,1.67070
2001-02-09,1.65600
2001-02-12,1.65570
2001-02-13,1.66830
2001-02-14,1.66900
2001-02-15,1.69200
2001-02-16,1.67630
2001-02-20,1.68700
2001-02-21,1.68970
2001-02-22,1.69030
2001-02-23,1.68850
2001-02-26,1.68950
2001-02-27,1.68370
2001-02-28,1.67360
2001-03-01,1.65570
2001-03-02,1.64650
2001-03-05,1.65380
2001-03-06,1.65230
2001-03-07,1.65820
2001-03-08,1.65930
2001-03-09,1.65450
2001-03-12,1.65550
2001-03-13,1.68380
2001-03-14,1.68400
2001-03-15,1.70020
2001-03-16,1.71600
2001-03-19,1.70680
2001-03-20,1.69570
2001-03-21,1.70850
2001-03-22,1.72330
2001-03-23,1.71550
2001-03-26,1.71550
2001-03-27,1.71980
2001-03-28,1.72450
2001-03-29,1.73230
2001-03-30,1.73600
2001-04-02,1.73170
2001-04-03,1.71200
2001-04-04,1.69510
2001-04-05,1.70200
2001-04-06,1.70000
2001-04-09,1.69550
2001-04-10,1.71650
2001-04-11,1.71610
2001-04-12,1.70620
2001-04-13,1.71270
2001-04-16,1.71800
2001-04-17,1.73100
2001-04-18,1.73750
2001-04-19,1.71700
2001-04-20,1.69260
2001-04-23,1.70870
2001-04-24,1.71150
2001-04-25,1.70750
2001-04-26,1.70600
2001-04-27,1.72320
2001-04-30,1.73450
2001-05-01,1.72550
2001-05-02,1.73070
2001-05-03,1.73550
2001-05-04,1.73040
2001-05-07,1.73050
2001-05-08,1.74200
2001-05-09,1.74290
2001-05-10,1.74850
2001-05-11,1.75220
2001-05-14,1.75160
2001-05-15,1.74320
2001-05-16,1.73290
2001-05-17,1.73930
2001-05-18,1.74860
2001-05-21,1.74850
2001-05-22,1.76660
2001-05-23,1.77550
2001-05-24,1.77930
2001-05-25,1.77900
2001-05-29,1.78400
2001-05-30,1.77750
2001-05-31,1.79700
2001-06-01,1.79920
2001-06-04,1.79680
2001-06-05,1.78050
2001-06-06,1.79880
2001-06-07,1.79230
2001-06-08,1.79270
2001-06-11,1.80460
2001-06-12,1.79600
2001-06-13,1.79020
2001-06-14,1.77530
2001-06-15,1.77260
2001-06-18,1.77700
2001-06-19,1.78610
2001-06-20,1.79240
2001-06-21,1.77970
2001-06-22,1.77300
2001-06-25,1.76550
2001-06-26,1.76550
2001-06-27,1.76480
2001-06-28,1.79830
2001-06-29,1.79680
2001-07-02,1.80030
2001-07-03,1.79700
2001-07-05,1.81850
2001-07-06,1.79450
2001-07-09,1.79640
2001-07-10,1.77950
2001-07-11,1.76080
2001-07-12,1.77250
2001-07-13,1.77380
2001-07-16,1.76900
2001-07-17,1.77080
2001-07-18,1.73100
2001-07-19,1.73270
2001-07-20,1.72550
2001-07-23,1.73530
2001-07-24,1.72140
2001-07-25,1.71450
2001-07-26,1.72360
2001-07-27,1.72500
2001-07-30,1.72670
2001-07-31,1.72850
2001-08-01,1.71580
2001-08-02,1.71230
2001-08-03,1.70540
2001-08-06,1.71350
2001-08-07,1.71650
2001-08-08,1.71270
2001-08-09,1.69480
2001-08-10,1.69180
2001-08-13,1.68850
2001-08-14,1.68080
2001-08-15,1.66680
2001-08-16,1.66080
2001-08-17,1.65830
2001-08-20,1.66350
2001-08-21,1.66480
2001-08-22,1.65520
2001-08-23,1.65800
2001-08-24,1.66600
2001-08-27,1.66970
2001-08-28,1.66600
2001-08-29,1.66900
2001-08-30,1.65750
2001-08-31,1.66980
2001-09-04,1.70750
2001-09-05,1.69960
2001-09-06,1.69080
2001-09-07,1.67710
2001-09-10,1.68700
2001-09-12,1.65930
2001-09-13,1.65260
2001-09-14,1.62460
2001-09-17,1.61430
2001-09-18,1.60370
2001-09-19,1.58580
2001-09-20,1.59200
2001-09-21,1.58780
2001-09-24,1.60410
2001-09-25,1.59140
2001-09-26,1.59900
2001-09-27,1.61380
2001-09-28,1.61880
2001-10-01,1.61960
2001-10-02,1.62270
2001-10-03,1.61570
2001-10-04,1.62480
2001-10-05,1.62040
2001-10-09,1.61930
2001-10-10,1.62780
2001-10-11,1.64750
2001-10-12,1.63250
2001-10-15,1.62880
2001-10-16,1.62980
2001-10-17,1.63550
2001-10-18,1.63870
2001-10-19,1.64270
2001-10-22,1.66190
2001-10-23,1.66420
2001-10-24,1.65920
2001-10-25,1.64900
2001-10-26,1.65350
2001-10-29,1.63200
2001-10-30,1.62450
2001-10-31,1.63470
2001-11-01,1.62950
2001-11-02,1.63150
2001-11-05,1.64230
2001-11-06,1.64000
2001-11-07,1.63280
2001-11-08,1.64550
2001-11-09,1.64000
2001-11-13,1.66680
2001-11-14,1.66410
2001-11-15,1.66440
2001-11-16,1.65520
2001-11-19,1.66350
2001-11-20,1.64910
2001-11-21,1.65750
2001-11-23,1.66800
2001-11-26,1.66350
2001-11-27,1.66000
2001-11-28,1.64850
2001-11-29,1.65460
2001-11-30,1.64050
2001-12-03,1.65500
2001-12-04,1.65450
2001-12-05,1.66390
2001-12-06,1.65530
2001-12-07,1.65900
2001-12-10,1.66730
2001-12-11,1.65850
2001-12-12,1.64950
2001-12-13,1.64230
2001-12-14,1.63070
2001-12-17,1.63300
2001-12-18,1.63400
2001-12-19,1.63890
2001-12-20,1.63590
2001-12-21,1.65400
2001-12-24,1.69200
2001-12-26,1.69170
2001-12-27,1.67800
2001-12-28,1.67900
2001-12-31,1.65980
2002-01-02,1.64240
2002-01-03,1.64950
2002-01-04,1.65070
2002-01-07,1.65100
2002-01-08,1.65530
2002-01-09,1.66150
2002-01-10,1.66230
2002-01-11,1.66020
2002-01-14,1.65690
2002-01-15,1.66020
2002-01-16,1.66380
2002-01-17,1.66850
2002-01-18,1.66350
2002-01-22,1.66290
2002-01-23,1.66540
2002-01-24,1.67570
2002-01-25,1.70250
2002-01-28,1.70900
2002-01-29,1.70380
2002-01-30,1.70450
2002-01-31,1.71900
2002-02-01,1.71790
2002-02-04,1.70210
2002-02-05,1.69700
2002-02-06,1.69480
2002-02-07,1.69480
2002-02-08,1.69000
2002-02-11,1.68350
2002-02-12,1.68550
2002-02-13,1.69700
2002-02-14,1.70050
2002-02-15,1.69800
2002-02-19,1.68950
2002-02-20,1.69990
2002-02-21,1.69870
2002-02-22,1.68900
2002-02-25,1.69480
2002-02-26,1.69950
2002-02-27,1.70850
2002-02-28,1.70250
2002-03-01,1.70600
2002-03-04,1.69700
2002-03-05,1.69770
2002-03-06,1.68190
2002-03-07,1.67300
2002-03-08,1.68100
2002-03-11,1.67750
2002-03-12,1.67670
2002-03-13,1.67390
2002-03-14,1.65950
2002-03-15,1.65960
2002-03-18,1.65850
2002-03-19,1.66220
2002-03-20,1.65680
2002-03-21,1.65550
2002-03-22,1.66230
2002-03-25,1.66600
2002-03-26,1.66900
2002-03-27,1.67860
2002-03-28,1.68500
2002-03-29,1.68200
2002-04-01,1.66070
2002-04-02,1.66550
2002-04-03,1.66070
2002-04-04,1.66540
2002-04-05,1.66370
2002-04-08,1.67400
2002-04-09,1.66760
2002-04-10,1.67020
2002-04-11,1.66040
2002-04-12,1.66780
2002-04-15,1.66660
2002-04-16,1.66380
2002-04-17,1.65500
2002-04-18,1.64850
2002-04-19,1.65080
2002-04-22,1.65430
2002-04-23,1.64900
2002-04-24,1.64450
2002-04-25,1.63080
2002-04-26,1.62930
2002-04-29,1.62150
2002-04-30,1.62160
2002-05-01,1.60100
2002-05-02,1.60980
2002-05-03,1.59200
2002-05-06,1.58910
2002-05-07,1.59300
2002-05-08,1.61020
2002-05-09,1.60050
2002-05-10,1.59460
2002-05-13,1.59830
2002-05-14,1.61550
2002-05-15,1.60540
2002-05-16,1.59930
2002-05-17,1.58100
2002-05-20,1.57850
2002-05-21,1.57980
2002-05-22,1.56860
2002-05-23,1.57550
2002-05-24,1.58270
2002-05-28,1.57430
2002-05-29,1.57570
2002-05-30,1.56210
2002-05-31,1.56930
2002-06-03,1.56380
2002-06-04,1.55920
2002-06-05,1.56720
2002-06-06,1.55900
2002-06-07,1.55500
2002-06-10,1.55850
2002-06-11,1.56200
2002-06-12,1.55950
2002-06-13,1.56380
2002-06-14,1.56260
2002-06-17,1.56320
2002-06-18,1.55680
2002-06-19,1.54220
2002-06-20,1.52350
2002-06-21,1.51240
2002-06-24,1.50050
2002-06-25,1.51400
2002-06-26,1.49400
2002-06-27,1.48850
2002-06-28,1.49200
2002-07-01,1.48450
2002-07-02,1.49000
2002-07-03,1.49070
2002-07-05,1.50620
2002-07-08,1.48930
2002-07-09,1.48200
2002-07-10,1.48880
2002-07-11,1.47930
2002-07-12,1.48320
2002-07-15,1.45820
2002-07-16,1.45480
2002-07-17,1.45400
2002-07-18,1.45400
2002-07-19,1.43870
2002-07-22,1.44080
2002-07-23,1.46450
2002-07-24,1.45610
2002-07-25,1.44980
2002-07-26,1.46820
2002-07-29,1.48930
2002-07-30,1.47490
2002-07-31,1.48330
2002-08-01,1.47030
2002-08-02,1.47080
2002-08-05,1.47700
2002-08-06,1.51300
2002-08-07,1.49700
2002-08-08,1.51460
2002-08-09,1.50300
2002-08-12,1.49650
2002-08-13,1.49520
2002-08-14,1.48130
2002-08-15,1.49070
2002-08-16,1.49150
2002-08-19,1.50150
2002-08-20,1.50270
2002-08-21,1.49990
2002-08-22,1.51880
2002-08-23,1.51280
2002-08-26,1.51250
2002-08-27,1.49690
2002-08-28,1.49680
2002-08-29,1.49410
2002-08-30,1.50070
2002-09-03,1.47300
2002-09-04,1.47510
2002-09-05,1.47330
2002-09-06,1.48250
2002-09-09,1.48480
2002-09-10,1.49600
2002-09-11,1.50670
2002-09-12,1.50420
2002-09-13,1.50200
2002-09-16,1.51000
2002-09-17,1.52020
2002-09-18,1.49820
2002-09-19,1.49200
2002-09-20,1.48800
2002-09-23,1.49100
2002-09-24,1.49180
2002-09-25,1.49330
2002-09-26,1.50290
2002-09-27,1.50080
2002-09-30,1.47580
2002-10-01,1.47930
2002-10-02,1.48360
2002-10-03,1.47940
2002-10-04,1.48930
2002-10-07,1.49000
2002-10-08,1.49590
2002-10-09,1.48370
2002-10-10,1.48410
2002-10-11,1.48600
2002-10-15,1.49580
2002-10-16,1.49240
2002-10-17,1.51190
2002-10-18,1.51400
2002-10-21,1.51100
2002-10-22,1.50150
2002-10-23,1.50040
2002-10-24,1.50620
2002-10-25,1.50140
2002-10-28,1.48820
2002-10-29,1.48700
2002-10-30,1.48930
2002-10-31,1.48050
2002-11-01,1.46730
2002-11-04,1.47000
2002-11-05,1.46350
2002-11-06,1.46630
2002-11-07,1.45060
2002-11-08,1.44340
2002-11-12,1.44650
2002-11-13,1.45770
2002-11-14,1.46150
2002-11-15,1.45420
2002-11-18,1.45550
2002-11-19,1.45270
2002-11-20,1.46490
2002-11-21,1.47140
2002-11-22,1.47680
2002-11-25,1.48390
2002-11-26,1.48780
2002-11-27,1.48950
2002-11-29,1.48600
2002-12-02,1.48450
2002-12-03,1.47670
2002-12-04,1.47290
2002-12-05,1.47310
2002-12-06,1.46020
2002-12-09,1.45950
2002-12-10,1.46280
2002-12-11,1.46210
2002-12-12,1.44900
2002-12-13,1.44210
2002-12-16,1.44480
2002-12-17,1.43230
2002-12-18,1.42960
2002-12-19,1.43100
2002-12-20,1.42500
2002-12-23,1.42500
2002-12-24,1.40970
2002-12-26,1.40390
2002-12-27,1.39540
2002-12-30,1.39220
2002-12-31,1.38330
2003-01-02,1.40150
2003-01-03,1.39750
2003-01-06,1.39280
2003-01-07,1.39830
2003-01-08,1.39630
2003-01-09,1.39430
2003-01-10,1.38600
2003-01-13,1.38680
2003-01-14,1.38400
2003-01-15,1.38290
2003-01-16,1.38280
2003-01-17,1.36780
2003-01-21,1.36870
2003-01-22,1.36290
2003-01-23,1.35800
2003-01-24,1.35280
2003-01-27,1.35540
2003-01-28,1.35600
2003-01-29,1.35120
2003-01-30,1.36290
2003-01-31,1.36830
2003-02-03,1.36310
2003-02-04,1.34930
2003-02-05,1.35400
2003-02-06,1.35410
2003-02-07,1.35840
2003-02-10,1.36600
2003-02-11,1.36530
2003-02-12,1.37000
2003-02-13,1.35590
2003-02-14,1.36180
2003-02-18,1.37450
2003-02-19,1.36970
2003-02-20,1.35600
2003-02-21,1.36180
2003-02-24,1.35920
2003-02-25,1.35380
2003-02-26,1.35500
2003-02-27,1.35980
2003-02-28,1.35570
2003-03-03,1.34680
2003-03-04,1.34000
2003-03-05,1.32990
2003-03-06,1.33140
2003-03-07,1.33380
2003-03-10,1.32470
2003-03-11,1.33160
2003-03-12,1.33150
2003-03-13,1.34900
2003-03-14,1.36900
2003-03-17,1.38450
2003-03-18,1.38430
2003-03-19,1.39030
2003-03-20,1.38700
2003-03-21,1.40000
2003-03-24,1.38470
2003-03-25,1.38050
2003-03-26,1.38270
2003-03-27,1.38070
2003-03-28,1.37240
2003-03-31,1.35380
2003-04-01,1.35370
2003-04-02,1.37940
2003-04-03,1.38090
2003-04-04,1.38750
2003-04-07,1.39950
2003-04-08,1.39050
2003-04-09,1.38580
2003-04-10,1.38460
2003-04-11,1.39330
2003-04-14,1.38950
2003-04-15,1.39120
2003-04-16,1.37850
2003-04-17,1.37700
2003-04-18,1.38100
2003-04-21,1.39010
2003-04-22,1.37080
2003-04-23,1.37590
2003-04-24,1.35900
2003-04-25,1.36120
2003-04-28,1.36950
2003-04-29,1.36880
2003-04-30,1.35450
2003-05-01,1.34200
2003-05-02,1.34800
2003-05-05,1.34400
2003-05-06,1.33310
2003-05-07,1.32640
2003-05-08,1.31720
2003-05-09,1.31140
2003-05-12,1.31070
2003-05-13,1.31680
2003-05-14,1.31570
2003-05-15,1.31510
2003-05-16,1.31020
2003-05-19,1.29450
2003-05-20,1.29400
2003-05-21,1.29030
2003-05-22,1.29400
2003-05-23,1.29300
2003-05-27,1.28510
2003-05-28,1.29900
2003-05-29,1.28980
2003-05-30,1.30220
2003-06-02,1.29730
2003-06-03,1.31270
2003-06-04,1.31290
2003-06-05,1.29730
2003-06-06,1.32330
2003-06-09,1.31310
2003-06-10,1.31920
2003-06-11,1.30600
2003-06-12,1.31040
2003-06-13,1.30470
2003-06-16,1.30090
2003-06-17,1.30510
2003-06-18,1.32050
2003-06-19,1.32460
2003-06-20,1.32900
2003-06-23,1.32680
2003-06-24,1.33100
2003-06-25,1.32570
2003-06-26,1.34790
2003-06-27,1.35080
2003-06-30,1.35190
2003-07-01,1.34120
2003-07-02,1.34740
2003-07-03,1.34650
2003-07-07,1.36810
2003-07-08,1.37650
2003-07-09,1.36650
2003-07-10,1.36090
2003-07-11,1.37240
2003-07-14,1.37220
2003-07-15,1.38180
2003-07-16,1.37600
2003-07-17,1.37720
2003-07-18,1.36730
2003-07-21,1.35510
2003-07-22,1.36230
2003-07-23,1.34600
2003-07-24,1.35170
2003-07-25,1.34300
2003-07-28,1.34560
2003-07-29,1.34970
2003-07-30,1.36420
2003-07-31,1.37360
2003-08-01,1.36680
2003-08-04,1.35050
2003-08-05,1.35200
2003-08-06,1.34910
2003-08-07,1.34750
2003-08-08,1.35730
2003-08-11,1.35900
2003-08-12,1.36600
2003-08-13,1.36600
2003-08-14,1.37170
2003-08-15,1.37240
2003-08-18,1.39280
2003-08-19,1.39220
2003-08-20,1.39040
2003-08-21,1.40580
2003-08-22,1.41810
2003-08-25,1.41410
2003-08-26,1.40900
2003-08-27,1.40990
2003-08-28,1.41250
2003-08-29,1.40050
2003-09-02,1.41250
2003-09-03,1.41330
2003-09-04,1.41250
2003-09-05,1.38900
2003-09-08,1.38420
2003-09-09,1.38250
2003-09-10,1.38750
2003-09-11,1.38650
2003-09-12,1.37640
2003-09-15,1.37800
2003-09-16,1.39410
2003-09-17,1.38270
2003-09-18,1.38430
2003-09-19,1.37100
2003-09-22,1.35480
2003-09-23,1.35320
2003-09-24,1.35470
2003-09-25,1.34630
2003-09-26,1.34400
2003-09-29,1.33120
2003-09-30,1.32080
2003-10-01,1.31480
2003-10-02,1.31400
2003-10-03,1.33530
2003-10-06,1.32150
2003-10-07,1.31400
2003-10-08,1.31270
2003-10-09,1.32390
2003-10-10,1.31120
2003-10-14,1.32000
2003-10-15,1.32850
2003-10-16,1.32780
2003-10-17,1.33470
2003-10-20,1.33030
2003-10-21,1.32960
2003-10-22,1.31420
2003-10-23,1.31240
2003-10-24,1.30670
2003-10-27,1.31590
2003-10-28,1.32870
2003-10-29,1.32930
2003-10-30,1.32500
2003-10-31,1.33820
2003-11-03,1.36070
2003-11-04,1.35930
2003-11-05,1.36530
2003-11-06,1.37370
2003-11-07,1.36350
2003-11-10,1.36620
2003-11-12,1.34730
2003-11-13,1.34250
2003-11-14,1.33330
2003-11-17,1.32450
2003-11-18,1.30550
2003-11-19,1.30320
2003-11-20,1.30200
2003-11-21,1.29850
2003-11-24,1.31980
2003-11-25,1.31720
2003-11-26,1.29900
2003-11-28,1.29170
2003-12-01,1.30030
2003-12-02,1.28750
2003-12-03,1.28880
2003-12-04,1.29060
2003-12-05,1.27550
2003-12-08,1.26630
2003-12-09,1.26640
2003-12-10,1.26570
2003-12-11,1.27580
2003-12-12,1.26280
2003-12-15,1.26350
2003-12-16,1.25950
2003-12-17,1.25530
2003-12-18,1.25550
2003-12-19,1.25650
2003-12-22,1.25400
2003-12-23,1.25830
2003-12-24,1.24660
2003-12-26,1.25230
2003-12-29,1.24930
2003-12-30,1.24520
2003-12-31,1.23800
2004-01-02,1.23900
2004-01-05,1.23220
2004-01-06,1.22720
2004-01-07,1.23850
2004-01-08,1.22530
2004-01-09,1.21900
2004-01-12,1.22250
2004-01-13,1.22620
2004-01-14,1.22680
2004-01-15,1.24220
2004-01-16,1.26590
2004-01-20,1.24680
2004-01-21,1.24260
2004-01-22,1.23380
2004-01-23,1.24300
2004-01-26,1.24840
2004-01-27,1.23890
2004-01-28,1.24300
2004-01-29,1.26210
2004-01-30,1.25930
2004-02-02,1.26280
2004-02-03,1.24780
2004-02-04,1.24970
2004-02-05,1.24430
2004-02-06,1.23430
2004-02-09,1.23730
2004-02-10,1.23310
2004-02-11,1.22930
2004-02-12,1.23050
2004-02-13,1.23720
2004-02-17,1.22690
2004-02-18,1.22990
2004-02-19,1.24260
2004-02-20,1.25720
2004-02-23,1.25550
2004-02-24,1.24010
2004-02-25,1.25870
2004-02-26,1.26620
2004-02-27,1.26800
2004-03-01,1.27030
2004-03-02,1.29630
2004-03-03,1.30380
2004-03-04,1.29020
2004-03-05,1.27260
2004-03-08,1.27880
2004-03-09,1.27070
2004-03-10,1.29000
2004-03-11,1.27840
2004-03-12,1.28650
2004-03-15,1.27850
2004-03-16,1.28000
2004-03-17,1.28360
2004-03-18,1.25720
2004-03-19,1.27100
2004-03-22,1.25600
2004-03-23,1.26030
2004-03-24,1.26800
2004-03-25,1.27500
2004-03-26,1.28780
2004-03-29,1.28720
2004-03-30,1.27900
2004-03-31,1.26770
2004-04-01,1.26270
2004-04-02,1.29320
2004-04-05,1.30490
2004-04-06,1.29280
2004-04-07,1.27690
2004-04-08,1.28290
2004-04-09,1.28190
2004-04-12,1.28400
2004-04-13,1.30250
2004-04-14,1.29920
2004-04-15,1.30360
2004-04-16,1.29120
2004-04-19,1.29080
2004-04-20,1.30800
2004-04-21,1.31200
2004-04-22,1.31360
2004-04-23,1.32020
2004-04-26,1.31110
2004-04-27,1.29680
2004-04-28,1.30950
2004-04-29,1.29510
2004-04-30,1.29840
2004-05-03,1.30100
2004-05-04,1.28300
2004-05-05,1.27450
2004-05-06,1.28330
2004-05-07,1.30200
2004-05-10,1.30300
2004-05-11,1.30450
2004-05-12,1.28900
2004-05-13,1.30760
2004-05-14,1.30050
2004-05-17,1.27900
2004-05-18,1.28240
2004-05-19,1.27780
2004-05-20,1.28800
2004-05-21,1.27970
2004-05-24,1.28210
2004-05-25,1.26900
2004-05-26,1.27240
2004-05-27,1.24600
2004-05-28,1.25330
2004-06-01,1.25100
2004-06-02,1.24590
2004-06-03,1.25200
2004-06-04,1.24400
2004-06-07,1.23710
2004-06-08,1.23730
2004-06-09,1.25260
2004-06-10,1.24420
2004-06-11,1.25970
2004-06-14,1.25700
2004-06-15,1.25040
2004-06-16,1.26780
2004-06-17,1.25650
2004-06-18,1.24430
2004-06-21,1.24690
2004-06-22,1.25100
2004-06-23,1.25360
2004-06-24,1.24250
2004-06-25,1.25040
2004-06-28,1.24820
2004-06-29,1.26150
2004-06-30,1.25200
2004-07-01,1.25090
2004-07-02,1.23360
2004-07-06,1.23450
2004-07-07,1.22640
2004-07-08,1.22470
2004-07-09,1.22580
2004-07-12,1.22430
2004-07-13,1.23910
2004-07-14,1.22880
2004-07-15,1.23400
2004-07-16,1.22670
2004-07-19,1.22810
2004-07-20,1.23810
2004-07-21,1.25490
2004-07-22,1.24610
2004-07-23,1.26320
2004-07-26,1.26340
2004-07-27,1.27500
2004-07-28,1.27610
2004-07-29,1.27540
2004-07-30,1.27960
2004-08-02,1.27840
2004-08-03,1.27890
2004-08-04,1.27480
2004-08-05,1.27640
2004-08-06,1.25150
2004-08-09,1.25490
2004-08-10,1.25280
2004-08-11,1.26050
2004-08-12,1.25870
2004-08-13,1.24050
2004-08-16,1.24380
2004-08-17,1.24710
2004-08-18,1.24960
2004-08-19,1.24200
2004-08-20,1.24890
2004-08-23,1.26500
2004-08-24,1.27250
2004-08-25,1.27340
2004-08-26,1.27460
2004-08-27,1.28300
2004-08-30,1.27900
2004-08-31,1.26410
2004-09-01,1.26150
2004-09-02,1.26150
2004-09-03,1.27130
2004-09-07,1.27010
2004-09-08,1.26240
2004-09-09,1.26400
2004-09-10,1.25600
2004-09-13,1.25930
2004-09-14,1.25810
2004-09-15,1.27040
2004-09-16,1.27130
2004-09-17,1.27060
2004-09-20,1.27290
2004-09-21,1.25950
2004-09-22,1.26080
2004-09-23,1.25840
2004-09-24,1.26380
2004-09-27,1.25890
2004-09-28,1.26130
2004-09-29,1.26200
2004-09-30,1.24710
2004-10-01,1.24960
2004-10-04,1.26630
2004-10-05,1.26200
2004-10-06,1.26380
2004-10-07,1.26450
2004-10-08,1.24880
2004-10-12,1.25640
2004-10-13,1.26000
2004-10-14,1.24520
2004-10-15,1.23270
2004-10-18,1.22960
2004-10-19,1.22980
2004-10-20,1.21810
2004-10-21,1.21680
2004-10-22,1.21630
2004-10-25,1.19820
2004-10-26,1.20150
2004-10-27,1.20530
2004-10-28,1.19620
2004-10-29,1.19880
2004-11-01,1.20280
2004-11-02,1.20750
2004-11-03,1.19680
2004-11-04,1.18580
2004-11-05,1.18060
2004-11-08,1.17980
2004-11-09,1.18080
2004-11-10,1.17920
2004-11-12,1.17280
2004-11-15,1.17870
2004-11-16,1.17430
2004-11-17,1.16500
2004-11-18,1.16910
2004-11-19,1.15850
2004-11-22,1.16240
2004-11-23,1.15810
2004-11-24,1.14950
2004-11-26,1.13890
2004-11-29,1.14010
2004-11-30,1.14210
2004-12-01,1.14400
2004-12-02,1.15120
2004-12-03,1.13910
2004-12-06,1.13810
2004-12-07,1.13850
2004-12-08,1.15850
2004-12-09,1.15450
2004-12-10,1.16130
2004-12-13,1.15340
2004-12-14,1.15660
2004-12-15,1.13930
2004-12-16,1.15550
2004-12-17,1.15710
2004-12-20,1.14820
2004-12-21,1.15260
2004-12-22,1.15250
2004-12-23,1.14440
2004-12-24,1.14230
2004-12-27,1.13510
2004-12-28,1.13380
2004-12-29,1.13700
2004-12-30,1.13420
2004-12-31,1.14120
2005-01-03,1.14660
2005-01-04,1.16740
2005-01-05,1.16730
2005-01-06,1.17330
2005-01-07,1.18590
2005-01-10,1.17920
2005-01-11,1.17580
2005-01-12,1.16490
2005-01-13,1.17260
2005-01-14,1.18210
2005-01-18,1.18390
2005-01-19,1.18330
2005-01-20,1.19040
2005-01-21,1.18530
2005-01-24,1.18560
2005-01-25,1.19600
2005-01-26,1.18280
2005-01-27,1.18590
2005-01-28,1.18760
2005-01-31,1.18770
2005-02-01,1.19370
2005-02-02,1.19490
2005-02-03,1.20290
2005-02-04,1.20590
2005-02-07,1.22220
2005-02-08,1.22030
2005-02-09,1.21700
2005-02-10,1.20870
2005-02-11,1.20950
2005-02-14,1.19750
2005-02-15,1.19380
2005-02-16,1.19110
2005-02-17,1.18250
2005-02-18,1.18220
2005-02-22,1.16170
2005-02-23,1.16380
2005-02-24,1.16910
2005-02-25,1.16860
2005-02-28,1.15850
2005-03-01,1.16540
2005-03-02,1.17550
2005-03-03,1.17870
2005-03-04,1.16800
2005-03-07,1.17570
2005-03-08,1.16070
2005-03-09,1.16080
2005-03-10,1.15460
2005-03-11,1.15010
2005-03-14,1.16210
2005-03-15,1.16510
2005-03-16,1.15220
2005-03-17,1.15630
2005-03-18,1.16490
2005-03-21,1.17850
2005-03-22,1.17570
2005-03-23,1.19530
2005-03-24,1.19900
2005-03-25,1.19980
2005-03-28,1.20600
2005-03-29,1.20340
2005-03-30,1.19640
2005-03-31,1.19520
2005-04-01,1.20420
2005-04-04,1.21080
2005-04-05,1.20800
2005-04-06,1.20610
2005-04-07,1.20120
2005-04-08,1.19850
2005-04-11,1.19350
2005-04-12,1.20370
2005-04-13,1.20000
2005-04-14,1.21350
2005-04-15,1.20110
2005-04-18,1.18570
2005-04-19,1.18430
2005-04-20,1.17970
2005-04-21,1.17880
2005-04-22,1.18210
2005-04-25,1.18850
2005-04-26,1.18940
2005-04-27,1.19200
2005-04-28,1.19180
2005-04-29,1.18980
2005-05-02,1.19800
2005-05-03,1.19720
2005-05-04,1.19270
2005-05-05,1.19690
2005-05-06,1.20580
2005-05-09,1.20570
2005-05-10,1.20100
2005-05-11,1.20670
2005-05-12,1.21520
2005-05-13,1.22270
2005-05-16,1.22230
2005-05-17,1.22050
2005-05-18,1.21890
2005-05-19,1.22350
2005-05-20,1.23350
2005-05-23,1.23110
2005-05-24,1.22930
2005-05-25,1.22640
2005-05-26,1.23590
2005-05-27,1.23240
2005-05-31,1.24470
2005-06-01,1.25290
2005-06-02,1.25150
2005-06-03,1.25450
2005-06-06,1.24890
2005-06-07,1.24640
2005-06-08,1.24560
2005-06-09,1.25520
2005-06-10,1.26880
2005-06-13,1.27780
2005-06-14,1.27760
2005-06-15,1.27100
2005-06-16,1.27420
2005-06-17,1.26310
2005-06-20,1.27220
2005-06-21,1.27020
2005-06-22,1.27110
2005-06-23,1.27760
2005-06-24,1.27490
2005-06-27,1.26940
2005-06-28,1.27910
2005-06-29,1.27860
2005-06-30,1.28270
2005-07-01,1.29650
2005-07-05,1.30360
2005-07-06,1.30410
2005-07-07,1.29780
2005-07-08,1.30200
2005-07-11,1.28860
2005-07-12,1.27540
2005-07-13,1.29000
2005-07-14,1.28990
2005-07-15,1.29620
2005-07-18,1.29160
2005-07-19,1.30350
2005-07-20,1.29710
2005-07-21,1.28870
2005-07-22,1.29510
2005-07-25,1.29650
2005-07-26,1.30070
2005-07-27,1.29860
2005-07-28,1.28800
2005-07-29,1.28700
2005-08-01,1.27800
2005-08-02,1.27530
2005-08-03,1.26160
2005-08-04,1.25840
2005-08-05,1.26630
2005-08-08,1.26070
2005-08-09,1.26180
2005-08-10,1.26080
2005-08-11,1.24870
2005-08-12,1.24900
2005-08-15,1.25530
2005-08-16,1.25730
2005-08-17,1.25980
2005-08-18,1.27050
2005-08-19,1.27560
2005-08-22,1.26920
2005-08-23,1.27220
2005-08-24,1.26840
2005-08-25,1.25560
2005-08-26,1.25410
2005-08-29,1.26420
2005-08-30,1.27030
2005-08-31,1.25460
2005-09-01,1.24000
2005-09-02,1.22870
2005-09-06,1.23660
2005-09-07,1.23990
2005-09-08,1.24420
2005-09-09,1.24130
2005-09-12,1.25700
2005-09-13,1.26250
2005-09-14,1.25790
2005-09-15,1.26730
2005-09-16,1.27100
2005-09-19,1.27610
2005-09-20,1.27570
2005-09-21,1.27100
2005-09-22,1.27870
2005-09-23,1.28870
2005-09-26,1.29350
2005-09-27,1.29670
2005-09-28,1.29610
2005-09-29,1.29640
2005-09-30,1.28900
2005-10-03,1.30220
2005-10-04,1.30180
2005-10-05,1.29230
2005-10-06,1.27470
2005-10-07,1.27960
2005-10-11,1.28800
2005-10-12,1.28500
2005-10-13,1.29840
2005-10-14,1.28420
2005-10-17,1.29100
2005-10-18,1.30200
2005-10-19,1.29440
2005-10-20,1.29150
2005-10-21,1.29160
2005-10-24,1.28570
2005-10-25,1.27620
2005-10-26,1.28100
2005-10-27,1.27310
2005-10-28,1.27670
2005-10-31,1.29000
2005-11-01,1.29030
2005-11-02,1.27800
2005-11-03,1.28930
2005-11-04,1.30550
2005-11-07,1.30810
2005-11-08,1.31020
2005-11-09,1.31150
2005-11-10,1.31000
2005-11-14,1.32020
2005-11-15,1.31970
2005-11-16,1.32550
2005-11-17,1.32200
2005-11-18,1.31880
2005-11-21,1.31900
2005-11-22,1.31950
2005-11-23,1.31440
2005-11-25,1.31970
2005-11-28,1.31100
2005-11-29,1.31330
2005-11-30,1.31480
2005-12-01,1.32100
2005-12-02,1.31980
2005-12-05,1.30830
2005-12-06,1.30660
2005-12-07,1.31340
2005-12-08,1.29970
2005-12-09,1.30240
2005-12-12,1.28800
2005-12-13,1.29520
2005-12-14,1.27880
2005-12-15,1.28890
2005-12-16,1.28970
2005-12-19,1.29320
2005-12-20,1.31100
2005-12-21,1.31530
2005-12-22,1.31030
2005-12-23,1.31400
2005-12-27,1.31420
2005-12-28,1.31290
2005-12-29,1.31430
2005-12-30,1.31480
2006-01-03,1.29380
2006-01-04,1.28010
2006-01-05,1.27700
2006-01-06,1.26950
2006-01-09,1.27940
2006-01-10,1.28050
2006-01-11,1.27340
2006-01-12,1.28590
2006-01-13,1.27990
2006-01-17,1.28330
2006-01-18,1.28230
2006-01-19,1.28220
2006-01-20,1.28260
2006-01-23,1.26050
2006-01-24,1.25950
2006-01-25,1.26360
2006-01-26,1.26840
2006-01-27,1.27980
2006-01-30,1.28640
2006-01-31,1.27840
2006-02-01,1.28410
2006-02-02,1.28450
2006-02-03,1.29440
2006-02-06,1.30110
2006-02-07,1.29820
2006-02-08,1.30320
2006-02-09,1.30100
2006-02-10,1.30490
2006-02-13,1.30740
2006-02-14,1.30970
2006-02-15,1.31070
2006-02-16,1.31270
2006-02-17,1.31230
2006-02-21,1.30820
2006-02-22,1.31140
2006-02-23,1.30830
2006-02-24,1.31580
2006-02-27,1.32010
2006-02-28,1.31110
2006-03-01,1.31650
2006-03-02,1.30410
2006-03-03,1.29900
2006-03-06,1.30020
2006-03-07,1.31260
2006-03-08,1.30880
2006-03-09,1.31360
2006-03-10,1.32010
2006-03-13,1.31410
2006-03-14,1.30080
2006-03-15,1.29990
2006-03-16,1.29310
2006-03-17,1.28930
2006-03-20,1.29110
2006-03-21,1.30380
2006-03-22,1.30240
2006-03-23,1.31590
2006-03-24,1.30990
2006-03-27,1.30920
2006-03-28,1.30050
2006-03-29,1.30910
2006-03-30,1.29890
2006-03-31,1.30250
2006-04-03,1.30440
2006-04-04,1.28980
2006-04-05,1.28570
2006-04-06,1.29130
2006-04-07,1.30290
2006-04-10,1.30430
2006-04-11,1.29970
2006-04-12,1.29950
2006-04-13,1.29790
2006-04-14,1.29900
2006-04-17,1.27760
2006-04-18,1.27590
2006-04-19,1.27050
2006-04-20,1.27760
2006-04-21,1.27510
2006-04-24,1.27010
2006-04-25,1.26870
2006-04-26,1.26750
2006-04-27,1.26110
2006-04-28,1.24110
2006-05-01,1.23860
2006-05-02,1.23450
2006-05-03,1.23510
2006-05-04,1.22970
2006-05-05,1.22570
2006-05-08,1.22760
2006-05-09,1.22230
2006-05-10,1.21860
2006-05-11,1.21060
2006-05-12,1.20200
2006-05-15,1.20870
2006-05-16,1.21180
2006-05-17,1.21780
2006-05-18,1.21230
2006-05-19,1.21820
2006-05-22,1.20490
2006-05-23,1.20830
2006-05-24,1.21880
2006-05-25,1.21840
2006-05-26,1.22650
2006-05-30,1.21100
2006-05-31,1.21590
2006-06-01,1.21970
2006-06-02,1.20830
2006-06-05,1.20270
2006-06-06,1.21550
2006-06-07,1.22080
2006-06-08,1.23300
2006-06-09,1.23220
2006-06-12,1.23450
2006-06-13,1.23560
2006-06-14,1.22710
2006-06-15,1.23170
2006-06-16,1.23260
2006-06-19,1.24130
2006-06-20,1.24020
2006-06-21,1.23290
2006-06-22,1.24210
2006-06-23,1.24690
2006-06-26,1.24550
2006-06-27,1.24240
2006-06-28,1.24790
2006-06-29,1.24900
2006-06-30,1.22470
2006-07-03,1.22530
2006-07-05,1.23360
2006-07-06,1.22990
2006-07-07,1.22230
2006-07-10,1.22940
2006-07-11,1.22860
2006-07-12,1.23440
2006-07-13,1.23260
2006-07-14,1.23580
2006-07-17,1.24760
2006-07-18,1.25290
2006-07-19,1.24970
2006-07-20,1.24350
2006-07-21,1.23730
2006-07-24,1.24640
2006-07-25,1.25340
2006-07-26,1.24880
2006-07-27,1.23540
2006-07-28,1.23330
2006-07-31,1.23110
2006-08-01,1.23170
2006-08-02,1.22930
2006-08-03,1.23320
2006-08-04,1.22090
2006-08-07,1.22230
2006-08-08,1.22610
2006-08-09,1.22280
2006-08-10,1.23730
2006-08-11,1.23880
2006-08-14,1.24030
2006-08-15,1.23720
2006-08-16,1.22720
2006-08-17,1.22760
2006-08-18,1.23390
2006-08-21,1.22260
2006-08-22,1.23410
2006-08-23,1.23570
2006-08-24,1.23810
2006-08-25,1.23750
2006-08-28,1.23580
2006-08-29,1.23560
2006-08-30,1.22930
2006-08-31,1.23360
2006-09-01,1.23080
2006-09-05,1.23470
2006-09-06,1.23780
2006-09-07,1.24050
2006-09-08,1.24800
2006-09-11,1.24510
2006-09-12,1.24820
2006-09-13,1.24910
2006-09-14,1.24990
2006-09-15,1.25800
2006-09-18,1.25410
2006-09-19,1.25120
2006-09-20,1.24980
2006-09-21,1.25190
2006-09-22,1.23490
2006-09-25,1.23850
2006-09-26,1.24360
2006-09-27,1.24510
2006-09-28,1.24740
2006-09-29,1.25040
2006-10-02,1.24260
2006-10-03,1.24530
2006-10-04,1.25170
2006-10-05,1.25290
2006-10-06,1.26070
2006-10-10,1.26910
2006-10-11,1.27020
2006-10-12,1.27080
2006-10-13,1.27520
2006-10-16,1.27150
2006-10-17,1.26450
2006-10-18,1.27210
2006-10-19,1.26210
2006-10-20,1.25870
2006-10-23,1.26800
2006-10-24,1.26580
2006-10-25,1.26480
2006-10-26,1.25670
2006-10-27,1.24960
2006-10-30,1.24880
2006-10-31,1.24240
2006-11-01,1.24330
2006-11-02,1.24430
2006-11-03,1.25490
2006-11-06,1.25660
2006-11-07,1.24600
2006-11-08,1.24940
2006-11-09,1.24210
2006-11-10,1.23880
2006-11-13,1.24410
2006-11-14,1.24490
2006-11-15,1.24720
2006-11-16,1.24670
2006-11-17,1.24430
2006-11-20,1.24340
2006-11-21,1.24190
2006-11-22,1.22760
2006-11-24,1.21140
2006-11-27,1.20830
2006-11-28,1.20620
2006-11-29,1.20980
2006-11-30,1.19660
2006-12-01,1.19470
2006-12-04,1.19470
2006-12-05,1.19110
2006-12-06,1.19330
2006-12-07,1.19530
2006-12-08,1.20390
2006-12-11,1.20360
2006-12-12,1.20300
2006-12-13,1.20630
2006-12-14,1.21260
2006-12-15,1.22070
2006-12-18,1.22430
2006-12-19,1.21410
2006-12-20,1.21690
2006-12-21,1.21650
2006-12-22,1.22070
2006-12-26,1.22000
2006-12-27,1.22530
2006-12-28,1.22070
2006-12-29,1.21950
2007-01-02,1.21250
2007-01-03,1.22630
2007-01-04,1.23140
2007-01-05,1.23660
2007-01-08,1.23570
2007-01-09,1.24170
2007-01-10,1.24590
2007-01-11,1.24820
2007-01-12,1.24850
2007-01-16,1.24800
2007-01-17,1.24560
2007-01-18,1.24960
2007-01-19,1.24790
2007-01-22,1.24840
2007-01-23,1.24040
2007-01-24,1.24810
2007-01-25,1.24390
2007-01-26,1.25340
2007-01-29,1.25280
2007-01-30,1.25300
2007-01-31,1.24700
2007-02-01,1.24270
2007-02-02,1.24760
2007-02-05,1.24810
2007-02-06,1.24140
2007-02-07,1.23980
2007-02-08,1.24710
2007-02-09,1.24840
2007-02-12,1.25320
2007-02-13,1.24890
2007-02-14,1.23990
2007-02-15,1.23620
2007-02-16,1.23410
2007-02-20,1.23690
2007-02-21,1.23930
2007-02-22,1.23830
2007-02-23,1.23320
2007-02-26,1.23270
2007-02-27,1.22050
2007-02-28,1.21890
2007-03-01,1.22260
2007-03-02,1.21730
2007-03-05,1.22180
2007-03-06,1.22410
2007-03-07,1.22080
2007-03-08,1.22870
2007-03-09,1.23320
2007-03-12,1.22500
2007-03-13,1.22180
2007-03-14,1.21390
2007-03-15,1.21420
2007-03-16,1.20790
2007-03-19,1.21250
2007-03-20,1.21370
2007-03-21,1.21510
2007-03-22,1.21150
2007-03-23,1.21690
2007-03-26,1.21440
2007-03-27,1.21300
2007-03-28,1.21470
2007-03-29,1.21660
2007-03-30,1.21260
2007-04-02,1.21390
2007-04-03,1.21920
2007-04-04,1.21940
2007-04-05,1.21450
2007-04-06,1.22150
2007-04-09,1.22500
2007-04-10,1.21650
2007-04-11,1.21940
2007-04-12,1.21570
2007-04-13,1.21540
2007-04-16,1.21320
2007-04-17,1.20920
2007-04-18,1.20560
2007-04-19,1.20440
2007-04-20,1.20810
2007-04-23,1.20880
2007-04-24,1.20310
2007-04-25,1.20300
2007-04-26,1.20920
2007-04-27,1.20810
2007-04-30,1.20640
2007-05-01,1.21510
2007-05-02,1.21380
2007-05-03,1.21510
2007-05-04,1.21150
2007-05-07,1.20960
2007-05-08,1.21820
2007-05-09,1.21650
2007-05-10,1.21920
2007-05-11,1.21880
2007-05-14,1.21940
2007-05-15,1.21350
2007-05-16,1.22200
2007-05-17,1.22680
2007-05-18,1.22670
2007-05-21,1.23060
2007-05-22,1.23000
2007-05-23,1.22660
2007-05-24,1.22940
2007-05-25,1.22810
2007-05-29,1.22270
2007-05-30,1.22590
2007-05-31,1.22520
2007-06-01,1.22990
2007-06-04,1.22310
2007-06-05,1.21870
2007-06-06,1.21760
2007-06-07,1.22430
2007-06-08,1.23450
2007-06-11,1.23860
2007-06-12,1.24240
2007-06-13,1.24470
2007-06-14,1.24520
2007-06-15,1.24280
2007-06-18,1.24090
2007-06-19,1.24020
2007-06-20,1.23740
2007-06-21,1.24040
2007-06-22,1.23160
2007-06-25,1.23050
2007-06-26,1.22840
2007-06-27,1.22910
2007-06-28,1.22860
2007-06-29,1.22400
2007-07-02,1.21120
2007-07-03,1.21520
2007-07-05,1.21780
2007-07-06,1.21810
2007-07-09,1.21700
2007-07-10,1.20740
2007-07-11,1.20440
2007-07-12,1.20330
2007-07-13,1.20190
2007-07-16,1.20180
2007-07-17,1.20300
2007-07-18,1.19970
2007-07-19,1.20230
2007-07-20,1.19980
2007-07-23,1.20540
2007-07-24,1.20500
2007-07-25,1.21400
2007-07-26,1.20680
2007-07-27,1.20730
2007-07-30,1.20150
2007-07-31,1.20210
2007-08-01,1.20130
2007-08-02,1.20600
2007-08-03,1.19330
2007-08-06,1.18730
2007-08-07,1.19540
2007-08-08,1.19460
2007-08-09,1.19670
2007-08-10,1.19690
2007-08-13,1.20570
2007-08-14,1.20950
2007-08-15,1.21810
2007-08-16,1.21750
2007-08-17,1.20430
2007-08-20,1.20660
2007-08-21,1.20330
2007-08-22,1.20620
2007-08-23,1.20610
2007-08-24,1.20150
2007-08-27,1.20320
2007-08-28,1.20060
2007-08-29,1.19860
2007-08-30,1.20320
2007-08-31,1.20710
2007-09-03,1.20710
2007-09-04,1.21090
2007-09-05,1.20250
2007-09-06,1.20080
2007-09-07,1.18820
2007-09-10,1.18600
2007-09-11,1.18640
2007-09-12,1.18440
2007-09-13,1.18700
2007-09-14,1.19140
2007-09-17,1.18740
2007-09-18,1.18910
2007-09-19,1.18560
2007-09-20,1.16970
2007-09-21,1.17350
2007-09-24,1.17390
2007-09-25,1.16810
2007-09-26,1.17100
2007-09-27,1.17350
2007-09-28,1.16720
2007-10-01,1.16830
2007-10-02,1.17500
2007-10-03,1.17910
2007-10-04,1.17520
2007-10-05,1.17600
2007-10-08,1.17600
2007-10-09,1.18380
2007-10-10,1.18080
2007-10-11,1.18010
2007-10-12,1.18520
2007-10-15,1.17990
2007-10-16,1.18310
2007-10-17,1.18160
2007-10-18,1.16970
2007-10-19,1.17180
2007-10-22,1.17770
2007-10-23,1.17270
2007-10-24,1.17260
2007-10-25,1.16710
2007-10-26,1.16270
2007-10-29,1.16540
2007-10-30,1.16150
2007-10-31,1.15890
2007-11-01,1.15910
2007-11-02,1.15430
2007-11-05,1.15360
2007-11-06,1.14530
2007-11-07,1.13350
2007-11-08,1.12650
2007-11-09,1.12320
2007-11-13,1.12560
2007-11-14,1.12220
2007-11-15,1.12240
2007-11-16,1.11700
2007-11-19,1.11630
2007-11-20,1.10990
2007-11-21,1.10370
2007-11-22,1.10370
2007-11-23,1.10260
2007-11-26,1.10050
2007-11-27,1.10540
2007-11-28,1.11860
2007-11-29,1.11770
2007-11-30,1.12870
2007-12-03,1.12910
2007-12-04,1.11720
2007-12-05,1.12490
2007-12-06,1.12760
2007-12-07,1.12960
2007-12-10,1.12760
2007-12-11,1.13300
2007-12-12,1.13550
2007-12-13,1.14320
2007-12-14,1.15360
2007-12-17,1.15220
2007-12-18,1.15290
2007-12-19,1.15630
2007-12-20,1.15630
2007-12-21,1.15660
2007-12-24,1.15670
2007-12-26,1.15040
2007-12-27,1.14090
2007-12-28,1.12750
2007-12-31,1.13290
2008-01-02,1.11740
2008-01-03,1.11340
2008-01-04,1.10640
2008-01-07,1.11760
2008-01-08,1.11380
2008-01-09,1.11510
2008-01-10,1.10690
2008-01-11,1.10260
2008-01-14,1.09280
2008-01-15,1.09170
2008-01-16,1.10080
2008-01-17,1.09930
2008-01-18,1.10100
2008-01-22,1.09860
2008-01-23,1.08980
2008-01-24,1.08690
2008-01-25,1.09860
2008-01-28,1.08780
2008-01-29,1.09400
2008-01-30,1.09270
2008-01-31,1.08450
2008-02-01,1.08210
2008-02-04,1.08920
2008-02-05,1.10050
2008-02-06,1.09770
2008-02-07,1.10490
2008-02-08,1.10380
2008-02-11,1.10230
2008-02-12,1.10060
2008-02-13,1.10740
2008-02-14,1.09840
2008-02-15,1.09130
2008-02-19,1.09300
2008-02-20,1.10030
2008-02-21,1.09160
2008-02-22,1.08560
2008-02-25,1.08560
2008-02-26,1.08490
2008-02-27,1.06370
2008-02-28,1.05330
2008-02-29,1.04350
2008-03-03,1.04310
2008-03-04,1.03540
2008-03-05,1.03640
2008-03-06,1.02910
2008-03-07,1.02500
2008-03-10,1.01920
2008-03-11,1.02920
2008-03-12,1.02170
2008-03-13,1.01160
2008-03-14,1.00720
2008-03-17,0.98600
2008-03-18,0.98990
2008-03-19,1.00060
2008-03-20,1.01070
2008-03-21,1.00850
2008-03-24,1.02300
2008-03-25,1.00880
2008-03-26,0.99550
2008-03-27,0.99320
2008-03-28,0.99810
2008-03-31,0.99210
2008-04-01,1.01080
2008-04-02,1.01480
2008-04-03,1.00790
2008-04-04,1.00520
2008-04-07,1.01440
2008-04-08,1.01400
2008-04-09,1.00190
2008-04-10,1.00510
2008-04-11,1.00160
2008-04-14,0.99750
2008-04-15,1.00190
2008-04-16,0.99790
2008-04-17,1.00250
2008-04-18,1.02530
2008-04-21,1.01210
2008-04-22,1.00040
2008-04-23,1.01460
2008-04-24,1.03410
2008-04-25,1.03350
2008-04-28,1.03390
2008-04-29,1.03290
2008-04-30,1.04220
2008-05-01,1.04780
2008-05-02,1.05620
2008-05-05,1.05390
2008-05-06,1.04850
2008-05-07,1.05830
2008-05-08,1.05100
2008-05-09,1.04320
2008-05-12,1.04430
2008-05-13,1.04900
2008-05-14,1.05580
2008-05-15,1.05310
2008-05-16,1.04480
2008-05-19,1.05450
2008-05-20,1.03760
2008-05-21,1.02970
2008-05-22,1.03240
2008-05-23,1.02350
2008-05-27,1.02840
2008-05-28,1.03820
2008-05-29,1.04800
2008-05-30,1.04260
2008-06-02,1.03790
2008-06-03,1.04370
2008-06-04,1.04080
2008-06-05,1.03980
2008-06-06,1.02370
2008-06-09,1.02370
2008-06-10,1.04040
2008-06-11,1.03280
2008-06-12,1.04410
2008-06-13,1.04850
2008-06-16,1.04350
2008-06-17,1.04280
2008-06-18,1.04130
2008-06-19,1.04570
2008-06-20,1.03450
2008-06-23,1.04740
2008-06-24,1.03840
2008-06-25,1.04240
2008-06-26,1.02740
2008-06-27,1.02050
2008-06-30,1.02020
2008-07-01,1.01830
2008-07-02,1.01510
2008-07-03,1.02730
2008-07-07,1.03280
2008-07-08,1.03240
2008-07-09,1.03010
2008-07-10,1.02820
2008-07-11,1.01790
2008-07-14,1.01620
2008-07-15,1.00890
2008-07-16,1.01480
2008-07-17,1.01970
2008-07-18,1.02070
2008-07-21,1.02070
2008-07-22,1.02830
2008-07-23,1.03720
2008-07-24,1.03900
2008-07-25,1.03860
2008-07-28,1.03320
2008-07-29,1.04540
2008-07-30,1.04840
2008-07-31,1.04890
2008-08-01,1.04800
2008-08-04,1.04920
2008-08-05,1.05480
2008-08-06,1.06020
2008-08-07,1.06170
2008-08-08,1.08010
2008-08-11,1.08280
2008-08-12,1.08800
2008-08-13,1.08550
2008-08-14,1.09110
2008-08-15,1.09600
2008-08-18,1.09590
2008-08-19,1.09270
2008-08-20,1.10080
2008-08-21,1.08620
2008-08-22,1.09700
2008-08-25,1.09260
2008-08-26,1.10040
2008-08-27,1.10090
2008-08-28,1.09940
2008-08-29,1.10190
2008-09-02,1.10700
2008-09-03,1.10550
2008-09-04,1.10940
2008-09-05,1.11100
2008-09-08,1.13060
2008-09-09,1.12500
2008-09-10,1.13600
2008-09-11,1.13950
2008-09-12,1.13350
2008-09-15,1.11940
2008-09-16,1.11990
2008-09-17,1.12080
2008-09-18,1.09880
2008-09-19,1.11070
2008-09-22,1.08340
2008-09-23,1.08130
2008-09-24,1.08890
2008-09-25,1.08830
2008-09-26,1.08900
2008-09-29,1.09640
2008-09-30,1.11890
2008-10-01,1.12090
2008-10-02,1.13390
2008-10-03,1.12950
2008-10-06,1.14560
2008-10-07,1.13990
2008-10-08,1.12720
2008-10-09,1.13110
2008-10-10,1.12210
2008-10-14,1.13470
2008-10-15,1.13460
2008-10-16,1.13320
2008-10-17,1.13390
2008-10-20,1.15110
2008-10-21,1.15810
2008-10-22,1.16560
2008-10-23,1.16250
2008-10-24,1.15260
2008-10-27,1.15810
2008-10-28,1.16120
2008-10-29,1.13710
2008-10-30,1.14500
2008-10-31,1.16690
2008-11-03,1.16810
2008-11-04,1.16270
2008-11-05,1.16060
2008-11-06,1.17450
2008-11-07,1.17610
2008-11-10,1.17840
2008-11-12,1.17900
2008-11-13,1.19950
2008-11-14,1.18700
2008-11-17,1.19540
2008-11-18,1.19760
2008-11-19,1.21030
2008-11-20,1.21970
2008-11-21,1.22370
2008-11-24,1.19680
2008-11-25,1.18630
2008-11-26,1.20640
2008-11-28,1.21650
2008-12-01,1.20760
2008-12-02,1.20620
2008-12-03,1.21420
2008-12-04,1.19710
2008-12-05,1.22380
2008-12-08,1.20360
2008-12-09,1.20620
2008-12-10,1.19490
2008-12-11,1.18720
2008-12-12,1.17960
2008-12-15,1.15900
2008-12-16,1.14060
2008-12-17,1.08520
2008-12-18,1.07750
2008-12-19,1.11050
2008-12-22,1.09490
2008-12-23,1.08560
2008-12-24,1.07880
2008-12-26,1.07000
2008-12-29,1.04140
2008-12-30,1.05670
2008-12-31,1.06730
2009-01-02,1.06850
2009-01-05,1.10770
2009-01-06,1.12120
2009-01-07,1.09410
2009-01-08,1.09250
2009-01-09,1.10960
2009-01-12,1.11390
2009-01-13,1.12120
2009-01-14,1.11790
2009-01-15,1.12320
2009-01-16,1.11770
2009-01-20,1.14320
2009-01-21,1.14730
2009-01-22,1.15380
2009-01-23,1.16290
2009-01-26,1.14370
2009-01-27,1.13880
2009-01-28,1.14420
2009-01-29,1.15070
2009-01-30,1.16120
2009-02-02,1.16400
2009-02-03,1.14190
2009-02-04,1.15790
2009-02-05,1.16540
2009-02-06,1.16940
2009-02-09,1.15660
2009-02-10,1.15350
2009-02-11,1.15990
2009-02-12,1.16340
2009-02-13,1.15810
2009-02-17,1.17440
2009-02-18,1.18130
2009-02-19,1.17420
2009-02-20,1.16810
2009-02-23,1.16330
2009-02-24,1.16700
2009-02-25,1.16460
2009-02-26,1.16470
2009-02-27,1.16720
2009-03-02,1.17230
2009-03-03,1.17550
2009-03-04,1.17620
2009-03-05,1.17270
2009-03-06,1.15250
2009-03-09,1.16340
2009-03-10,1.15400
2009-03-11,1.15850
2009-03-12,1.18930
2009-03-13,1.18800
2009-03-16,1.18190
2009-03-17,1.18260
2009-03-18,1.16670
2009-03-19,1.11840
2009-03-20,1.12430
2009-03-23,1.12900
2009-03-24,1.12850
2009-03-25,1.12390
2009-03-26,1.12720
2009-03-27,1.14350
2009-03-30,1.15320
2009-03-31,1.13950
2009-04-01,1.14650
2009-04-02,1.13490
2009-04-03,1.13210
2009-04-06,1.13880
2009-04-07,1.14430
2009-04-08,1.14590
2009-04-09,1.15830
2009-04-10,1.15750
2009-04-13,1.13560
2009-04-14,1.13870
2009-04-15,1.14530
2009-04-16,1.14710
2009-04-17,1.16740
2009-04-20,1.17130
2009-04-21,1.16540
2009-04-22,1.16340
2009-04-23,1.15810
2009-04-24,1.13680
2009-04-27,1.14720
2009-04-28,1.15170
2009-04-29,1.13090
2009-04-30,1.14020
2009-05-01,1.13640
2009-05-04,1.12890
2009-05-05,1.12970
2009-05-06,1.13130
2009-05-07,1.12780
2009-05-08,1.12020
2009-05-11,1.10670
2009-05-12,1.10520
2009-05-13,1.10610
2009-05-14,1.10600
2009-05-15,1.11320
2009-05-18,1.11810
2009-05-19,1.11210
2009-05-20,1.10220
2009-05-21,1.10100
2009-05-22,1.08470
2009-05-26,1.08330
2009-05-27,1.08610
2009-05-28,1.08380
2009-05-29,1.06920
2009-06-01,1.06880
2009-06-02,1.06240
2009-06-03,1.06840
2009-06-04,1.06790
2009-06-05,1.08520
2009-06-08,1.09290
2009-06-09,1.08220
2009-06-10,1.08160
2009-06-11,1.07210
2009-06-12,1.07560
2009-06-15,1.09420
2009-06-16,1.08530
2009-06-17,1.08700
2009-06-18,1.08270
2009-06-19,1.07730
2009-06-22,1.08750
2009-06-23,1.07070
2009-06-24,1.08420
2009-06-25,1.09600
2009-06-26,1.08560
2009-06-29,1.08490
2009-06-30,1.08670
2009-07-01,1.07200
2009-07-02,1.08360
2009-07-03,1.08630
2009-07-06,1.08770
2009-07-07,1.08580
2009-07-08,1.09230
2009-07-09,1.07730
2009-07-10,1.08560
2009-07-13,1.08420
2009-07-14,1.08500
2009-07-15,1.07460
2009-07-16,1.07550
2009-07-17,1.07660
2009-07-20,1.06880
2009-07-21,1.06770
2009-07-22,1.06590
2009-07-23,1.06670
2009-07-24,1.07010
2009-07-27,1.07290
2009-07-28,1.07040
2009-07-29,1.08820
2009-07-30,1.08940
2009-07-31,1.06680
2009-08-03,1.05780
2009-08-04,1.06050
2009-08-05,1.06300
2009-08-06,1.06580
2009-08-07,1.08260
2009-08-10,1.08550
2009-08-11,1.08250
2009-08-12,1.07650
2009-08-13,1.07150
2009-08-14,1.07190
2009-08-17,1.07870
2009-08-18,1.07950
2009-08-19,1.06300
2009-08-20,1.06590
2009-08-21,1.06130
2009-08-24,1.06060
2009-08-25,1.05750
2009-08-26,1.06970
2009-08-27,1.06670
2009-08-28,1.05600
2009-08-31,1.05690
2009-09-01,1.06530
2009-09-02,1.06280
2009-09-03,1.05980
2009-09-04,1.06130
2009-09-08,1.04630
2009-09-09,1.04030
2009-09-10,1.03960
2009-09-11,1.03730
2009-09-14,1.03590
2009-09-15,1.03740
2009-09-16,1.03280
2009-09-17,1.02900
2009-09-18,1.02930
2009-09-21,1.03170
2009-09-22,1.02370
2009-09-23,1.02590
2009-09-24,1.02790
2009-09-25,1.02770
2009-09-28,1.03010
2009-09-29,1.03850
2009-09-30,1.03750
2009-10-01,1.04240
2009-10-02,1.03450
2009-10-05,1.03220
2009-10-06,1.02480
2009-10-07,1.03330
2009-10-08,1.02700
2009-10-09,1.03160
2009-10-13,1.02300
2009-10-14,1.01720
2009-10-15,1.01360
2009-10-16,1.01880
2009-10-19,1.01300
2009-10-20,1.01440
2009-10-21,1.00640
2009-10-22,1.00690
2009-10-23,1.00700
2009-10-26,1.01360
2009-10-27,1.02180
2009-10-28,1.02320
2009-10-29,1.01940
2009-10-30,1.02380
2009-11-02,1.01770
2009-11-03,1.03060
2009-11-04,1.01830
2009-11-05,1.01700
2009-11-06,1.01820
2009-11-09,1.00770
2009-11-10,1.00920
2009-11-12,1.01640
2009-11-13,1.01410
2009-11-16,1.00750
2009-11-17,1.01920
2009-11-18,1.00800
2009-11-19,1.01490
2009-11-20,1.01770
2009-11-23,1.00970
2009-11-24,1.01160
2009-11-25,1.00040
2009-11-27,1.00630
2009-11-30,1.00500
2009-12-01,0.99840
2009-12-02,1.00060
2009-12-03,0.99950
2009-12-04,1.01360
2009-12-07,1.01990
2009-12-08,1.02450
2009-12-09,1.02620
2009-12-10,1.02700
2009-12-11,1.03560
2009-12-14,1.03210
2009-12-15,1.04210
2009-12-16,1.03550
2009-12-17,1.04910
2009-12-18,1.04520
2009-12-21,1.04410
2009-12-22,1.04860
2009-12-23,1.03800
2009-12-24,1.03690
2009-12-28,1.03410
2009-12-29,1.03650
2009-12-30,1.03910
2009-12-31,1.03580
2010-01-04,1.02940
2010-01-05,1.03220
2010-01-06,1.02820
2010-01-07,1.03410
2010-01-08,1.02960
2010-01-11,1.01540
2010-01-12,1.01600
2010-01-13,1.01940
2010-01-14,1.02060
2010-01-15,1.02640
2010-01-19,1.03400
2010-01-20,1.04530
2010-01-21,1.04260
2010-01-22,1.04000
2010-01-25,1.04030
2010-01-26,1.04660
2010-01-27,1.04720
2010-01-28,1.05170
2010-01-29,1.05570
2010-02-01,1.05860
2010-02-02,1.05570
2010-02-03,1.05900
2010-02-04,1.06550
2010-02-05,1.07790
2010-02-08,1.06960
2010-02-09,1.06410
2010-02-10,1.06820
2010-02-11,1.07470
2010-02-12,1.07670
2010-02-16,1.06810
2010-02-17,1.07680
2010-02-18,1.08060
2010-02-19,1.08240
2010-02-22,1.07730
2010-02-23,1.08180
2010-02-24,1.07790
2010-02-25,1.08580
2010-02-26,1.07110
2010-03-01,1.08270
2010-03-02,1.07900
2010-03-03,1.06520
2010-03-04,1.07800
2010-03-05,1.07510
2010-03-08,1.07440
2010-03-09,1.07650
2010-03-10,1.07020
2010-03-11,1.06890
2010-03-12,1.05990
2010-03-15,1.06350
2010-03-16,1.05560
2010-03-17,1.05510
2010-03-18,1.06300
2010-03-19,1.06150
2010-03-22,1.05800
2010-03-23,1.05610
2010-03-24,1.06920
2010-03-25,1.06970
2010-03-26,1.06620
2010-03-29,1.06340
2010-03-30,1.06710
2010-03-31,1.05280
2010-04-01,1.05590
2010-04-02,1.06320
2010-04-05,1.06190
2010-04-06,1.07040
2010-04-07,1.07160
2010-04-08,1.07230
2010-04-09,1.06720
2010-04-12,1.05980
2010-04-13,1.05730
2010-04-14,1.05120
2010-04-15,1.05950
2010-04-16,1.06240
2010-04-19,1.06500
2010-04-20,1.06730
2010-04-21,1.07080
2010-04-22,1.07780
2010-04-23,1.07430
2010-04-26,1.07530
2010-04-27,1.08370
2010-04-28,1.09100
2010-04-29,1.08240
2010-04-30,1.07670
2010-05-03,1.08680
2010-05-04,1.09870
2010-05-05,1.11180
2010-05-06,1.10920
2010-05-07,1.10850
2010-05-10,1.10690
2010-05-11,1.10590
2010-05-12,1.11010
2010-05-13,1.11460
2010-05-14,1.13040
2010-05-17,1.13920
2010-05-18,1.13420
2010-05-19,1.15640
2010-05-20,1.15000
2010-05-21,1.14850
2010-05-24,1.15610
2010-05-25,1.15930
2010-05-26,1.16020
2010-05-27,1.15000
2010-05-28,1.15340
2010-06-01,1.15480
2010-06-02,1.15750
2010-06-03,1.15400
2010-06-04,1.16140
2010-06-07,1.16130
2010-06-08,1.15100
2010-06-09,1.14550
2010-06-10,1.14180
2010-06-11,1.15210
2010-06-14,1.13780
2010-06-15,1.13100
2010-06-16,1.12670
2010-06-17,1.11370
2010-06-18,1.11070
2010-06-21,1.10800
2010-06-22,1.10470
2010-06-23,1.10530
2010-06-24,1.10480
2010-06-25,1.09370
2010-06-28,1.08600
2010-06-29,1.08100
2010-06-30,1.07740
2010-07-01,1.06750
2010-07-02,1.06350
2010-07-06,1.05870
2010-07-07,1.05450
2010-07-08,1.05020
2010-07-09,1.05770
2010-07-12,1.06210
2010-07-13,1.05240
2010-07-14,1.05560
2010-07-15,1.04210
2010-07-16,1.05220
2010-07-19,1.05240
2010-07-20,1.04810
2010-07-21,1.05200
2010-07-22,1.04030
2010-07-23,1.05290
2010-07-26,1.04800
2010-07-27,1.06220
2010-07-28,1.05780
2010-07-29,1.04120
2010-07-30,1.04100
2010-08-02,1.03790
2010-08-03,1.03840
2010-08-04,1.05140
2010-08-05,1.04750
2010-08-06,1.03650
2010-08-09,1.04570
2010-08-10,1.05750
2010-08-11,1.05840
2010-08-12,1.04850
2010-08-13,1.05260
2010-08-16,1.03780
2010-08-17,1.04340
2010-08-18,1.04040
2010-08-19,1.03100
2010-08-20,1.03720
2010-08-23,1.03910
2010-08-24,1.03070
2010-08-25,1.02730
2010-08-26,1.02530
2010-08-27,1.02680
2010-08-30,1.02440
2010-08-31,1.01500
2010-09-01,1.01490
2010-09-02,1.01180
2010-09-03,1.01740
2010-09-07,1.01140
2010-09-08,1.01060
2010-09-09,1.01490
2010-09-10,1.01750
2010-09-13,1.00790
2010-09-14,0.99380
2010-09-15,1.00320
2010-09-16,1.01430
2010-09-17,1.00920
2010-09-20,1.00500
2010-09-21,1.00380
2010-09-22,0.98650
2010-09-23,0.98430
2010-09-24,0.98280
2010-09-27,0.98310
2010-09-28,0.97560
2010-09-29,0.97520
2010-09-30,0.98080
2010-10-01,0.97610
2010-10-04,0.97230
2010-10-05,0.96630
2010-10-06,0.96040
2010-10-07,0.96670
2010-10-08,0.96090
2010-10-12,0.95930
2010-10-13,0.95880
2010-10-14,0.95300
2010-10-15,0.95620
2010-10-18,0.95580
2010-10-19,0.97020
2010-10-20,0.96150
2010-10-21,0.96420
2010-10-22,0.97920
2010-10-25,0.97110
2010-10-26,0.98240
2010-10-27,0.98930
2010-10-28,0.98340
2010-10-29,0.98500
2010-11-01,0.99350
2010-11-02,0.97820
2010-11-03,0.97930
2010-11-04,0.96290
2010-11-05,0.95800
2010-11-08,0.96420
2010-11-09,0.96460
2010-11-10,0.97390
2010-11-12,0.97580
2010-11-15,0.98370
2010-11-16,0.99240
2010-11-17,0.98950
2010-11-18,0.99690
2010-11-19,0.99790
2010-11-22,0.99170
2010-11-23,0.99510
2010-11-24,0.99450
2010-11-26,1.00160
2010-11-29,1.00120
2010-11-30,0.99850
2010-12-01,0.99970
2010-12-02,0.99010
2010-12-03,0.97640
2010-12-06,0.98480
2010-12-07,0.98280
2010-12-08,0.98790
2010-12-09,0.98460
2010-12-10,0.97960
2010-12-13,0.96680
2010-12-14,0.96100
2010-12-15,0.96190
2010-12-16,0.96600
2010-12-17,0.97070
2010-12-20,0.96380
2010-12-21,0.95850
2010-12-22,0.95030
2010-12-23,0.96200
2010-12-27,0.96260
2010-12-28,0.95160
2010-12-29,0.94960
2010-12-30,0.93690
2011-01-03,0.93290
2011-01-04,0.94780
2011-01-05,0.96440
2011-01-06,0.96300
2011-01-07,0.96500
2011-01-10,0.96860
2011-01-11,0.97550
2011-01-12,0.97170
2011-01-13,0.96240
2011-01-14,0.96570
2011-01-18,0.96330
2011-01-19,0.95850
2011-01-20,0.96560
2011-01-21,0.95900
2011-01-24,0.94880
2011-01-25,0.94510
2011-01-26,0.94360
2011-01-27,0.94640
2011-01-28,0.94290
2011-01-31,0.94020
2011-02-01,0.93880
2011-02-02,0.94060
2011-02-03,0.94350
2011-02-04,0.95570
2011-02-07,0.95690
2011-02-08,0.95700
2011-02-09,0.96110
2011-02-10,0.96590
2011-02-11,0.97550
2011-02-14,0.97080
2011-02-15,0.96770
2011-02-16,0.96160
2011-02-17,0.95080
2011-02-18,0.94830
2011-02-22,0.93930
2011-02-23,0.93200
2011-02-24,0.92520
2011-02-25,0.92820
2011-02-28,0.93050
2011-03-01,0.92840
2011-03-02,0.92200
2011-03-03,0.93060
2011-03-04,0.92630
2011-03-07,0.92560
2011-03-08,0.93460
2011-03-09,0.92980
2011-03-10,0.93200
2011-03-11,0.92760
2011-03-14,0.92530
2011-03-15,0.91870
2011-03-16,0.91200
2011-03-17,0.89980
2011-03-18,0.90250
2011-03-21,0.90570
2011-03-22,0.90410
2011-03-23,0.90640
2011-03-24,0.90610
2011-03-25,0.91430
2011-03-28,0.91690
2011-03-29,0.92050
2011-03-30,0.92130
2011-03-31,0.91570
2011-04-01,0.92430
2011-04-04,0.92240
2011-04-05,0.92420
2011-04-06,0.91720
2011-04-07,0.91780
2011-04-08,0.91050
2011-04-11,0.90670
2011-04-12,0.89800
2011-04-13,0.89390
2011-04-14,0.89240
2011-04-15,0.89350
2011-04-18,0.89860
2011-04-19,0.89900
2011-04-20,0.89140
2011-04-21,0.88210
2011-04-22,0.88650
2011-04-25,0.88060
2011-04-26,0.88030
2011-04-27,0.88070
2011-04-28,0.87360
2011-04-29,0.86660
2011-05-02,0.86400
2011-05-03,0.86090
2011-05-04,0.85820
2011-05-05,0.86980
2011-05-06,0.87320
2011-05-09,0.87530
2011-05-10,0.88050
2011-05-11,0.88460
2011-05-12,0.88420
2011-05-13,0.89070
2011-05-16,0.88180
2011-05-17,0.88480
2011-05-18,0.87920
2011-05-19,0.88400
2011-05-20,0.87760
2011-05-23,0.88310
2011-05-24,0.88000
2011-05-25,0.87200
2011-05-26,0.86660
2011-05-27,0.85200
2011-05-31,0.85250
2011-06-01,0.84010
2011-06-02,0.84380
2011-06-03,0.83520
2011-06-06,0.83600
2011-06-07,0.83880
2011-06-08,0.83690
2011-06-09,0.84120
2011-06-10,0.84190
2011-06-13,0.83690
2011-06-14,0.84440
2011-06-15,0.85080
2011-06-16,0.85070
2011-06-17,0.84620
2011-06-20,0.84160
2011-06-21,0.84330
2011-06-22,0.83560
2011-06-23,0.83790
2011-06-24,0.83730
2011-06-27,0.83670
2011-06-28,0.82980
2011-06-29,0.83490
2011-06-30,0.84130
2011-07-01,0.84790
2011-07-05,0.84520
2011-07-06,0.83930
2011-07-07,0.84400
2011-07-08,0.83760
2011-07-11,0.83510
2011-07-12,0.83350
2011-07-13,0.82130
2011-07-14,0.81670
2011-07-15,0.81580
2011-07-18,0.81770
2011-07-19,0.81660
2011-07-20,0.82040
2011-07-21,0.81720
2011-07-22,0.81660
2011-07-25,0.80620
2011-07-26,0.80270
2011-07-27,0.80230
2011-07-28,0.80410
2011-07-29,0.78810
2011-08-01,0.78130
2011-08-02,0.77120
2011-08-03,0.76600
2011-08-04,0.76740
2011-08-05,0.76000
2011-08-08,0.75530
2011-08-09,0.73130
2011-08-10,0.72960
2011-08-11,0.75590
2011-08-12,0.77110
2011-08-15,0.78020
2011-08-16,0.79260
2011-08-17,0.78910
2011-08-18,0.79040
2011-08-19,0.78560
2011-08-22,0.78770
2011-08-23,0.78910
2011-08-24,0.79500
2011-08-25,0.79590
2011-08-26,0.80550
2011-08-29,0.81880
2011-08-30,0.81730
2011-08-31,0.80380
2011-09-01,0.79510
2011-09-02,0.78620
2011-09-06,0.85930
2011-09-07,0.85990
2011-09-08,0.87140
2011-09-09,0.88400
2011-09-12,0.88340
2011-09-13,0.87950
2011-09-14,0.87720
2011-09-15,0.87050
2011-09-16,0.87530
2011-09-19,0.88390
2011-09-20,0.88790
2011-09-21,0.89320
2011-09-22,0.90730
2011-09-23,0.90350
2011-09-26,0.90220
2011-09-27,0.89590
2011-09-28,0.89550
2011-09-29,0.89470
2011-09-30,0.90480
2011-10-03,0.91510
2011-10-04,0.92230
2011-10-05,0.92280
2011-10-06,0.92190
2011-10-07,0.91510
2011-10-11,0.90650
2011-10-12,0.89440
2011-10-13,0.90000
2011-10-14,0.89340
2011-10-17,0.89790
2011-10-18,0.90120
2011-10-19,0.90220
2011-10-20,0.90020
2011-10-21,0.88520
2011-10-24,0.88040
2011-10-25,0.87940
2011-10-26,0.88410
2011-10-27,0.86090
2011-10-28,0.86250
2011-10-31,0.87060
2011-11-01,0.89010
2011-11-02,0.88080
2011-11-03,0.88340
2011-11-04,0.88800
2011-11-07,0.90120
2011-11-08,0.89660
2011-11-09,0.90600
2011-11-10,0.90580
2011-11-14,0.90720
2011-11-15,0.91770
2011-11-16,0.91690
2011-11-17,0.91670
2011-11-18,0.91590
2011-11-21,0.91580
2011-11-22,0.91450
2011-11-23,0.92020
2011-11-25,0.92890
2011-11-28,0.92150
2011-11-29,0.91940
2011-11-30,0.91060
2011-12-01,0.91350
2011-12-02,0.92190
2011-12-05,0.91790
2011-12-06,0.92670
2011-12-07,0.92510
2011-12-08,0.92750
2011-12-09,0.92430
2011-12-12,0.93600
2011-12-13,0.94180
2011-12-14,0.95300
2011-12-15,0.94020
2011-12-16,0.93720
2011-12-19,0.93640
2011-12-20,0.93090
2011-12-21,0.93780
2011-12-22,0.93680
2011-12-23,0.93790
2011-12-27,0.93390
2011-12-28,0.94300
2011-12-29,0.94120
2011-12-30,0.93740
2012-01-03,0.93190
2012-01-04,0.94170
2012-01-05,0.95280
2012-01-06,0.95550
2012-01-09,0.95200
2012-01-10,0.94860
2012-01-11,0.95540
2012-01-12,0.94440
2012-01-13,0.95340
2012-01-17,0.94920
2012-01-18,0.94270
2012-01-19,0.93350
2012-01-20,0.93270
2012-01-23,0.92680
2012-01-24,0.92900
2012-01-25,0.93100
2012-01-26,0.91740
2012-01-27,0.91420
2012-01-30,0.91780
2012-01-31,0.92200
2012-02-01,0.91410
2012-02-02,0.91440
2012-02-03,0.92080
2012-02-06,0.91880
2012-02-07,0.91290
2012-02-08,0.91260
2012-02-09,0.91030
2012-02-10,0.91760
2012-02-13,0.91490
2012-02-14,0.91850
2012-02-15,0.92230
2012-02-16,0.92090
2012-02-17,0.91800
2012-02-21,0.91140
2012-02-22,0.91070
2012-02-23,0.90590
2012-02-24,0.89490
2012-02-27,0.89870
2012-02-28,0.89610
2012-02-29,0.90230
2012-03-01,0.90510
2012-03-02,0.91340
2012-03-05,0.91160
2012-03-06,0.91860
2012-03-07,0.91690
2012-03-08,0.90920
2012-03-09,0.92000
2012-03-12,0.91770
2012-03-13,0.91980
2012-03-14,0.93130
2012-03-15,0.92360
2012-03-16,0.91600
2012-03-19,0.91090
2012-03-20,0.91220
2012-03-21,0.91430
2012-03-22,0.91360
2012-03-23,0.90850
2012-03-26,0.90410
2012-03-27,0.90380
2012-03-28,0.90640
2012-03-29,0.90840
2012-03-30,0.90260
2012-04-02,0.90370
2012-04-03,0.90240
2012-04-04,0.91680
2012-04-05,0.92000
2012-04-06,0.91760
2012-04-09,0.91800
2012-04-10,0.91950
2012-04-11,0.91650
2012-04-12,0.91250
2012-04-13,0.91890
2012-04-16,0.91990
2012-04-17,0.91560
2012-04-18,0.91620
2012-04-19,0.91550
2012-04-20,0.90950
2012-04-23,0.91520
2012-04-24,0.90980
2012-04-25,0.90970
2012-04-26,0.90810
2012-04-27,0.90660
2012-04-30,0.90810
2012-05-01,0.90870
2012-05-02,0.91350
2012-05-03,0.91380
2012-05-04,0.91760
2012-05-07,0.92040
2012-05-08,0.92280
2012-05-09,0.92720
2012-05-10,0.92690
2012-05-11,0.92830
2012-05-14,0.93490
2012-05-15,0.94050
2012-05-16,0.94350
2012-05-17,0.94500
2012-05-18,0.94420
2012-05-21,0.94060
2012-05-22,0.94310
2012-05-23,0.95550
2012-05-24,0.95580
2012-05-25,0.95920
2012-05-29,0.96170
2012-05-30,0.96820
2012-05-31,0.97130
2012-06-01,0.96710
2012-06-04,0.96100
2012-06-05,0.96560
2012-06-06,0.95790
2012-06-07,0.95580
2012-06-08,0.96200
2012-06-11,0.96040
2012-06-12,0.96240
2012-06-13,0.95330
2012-06-14,0.95250
2012-06-15,0.95060
2012-06-18,0.95470
2012-06-19,0.94610
2012-06-20,0.94530
2012-06-21,0.95420
2012-06-22,0.95720
2012-06-25,0.96210
2012-06-26,0.96300
2012-06-27,0.96420
2012-06-28,0.96610
2012-06-29,0.94850
2012-07-02,0.95440
2012-07-03,0.95170
2012-07-05,0.96980
2012-07-06,0.97770
2012-07-09,0.97640
2012-07-10,0.97980
2012-07-11,0.98080
2012-07-12,0.98430
2012-07-13,0.98170
2012-07-16,0.97910
2012-07-17,0.98180
2012-07-18,0.97950
2012-07-19,0.97980
2012-07-20,0.98630
2012-07-23,0.99040
2012-07-24,0.99570
2012-07-25,0.98990
2012-07-26,0.97800
2012-07-27,0.97090
2012-07-30,0.98040
2012-07-31,0.97530
2012-08-01,0.97670
2012-08-02,0.98860
2012-08-03,0.96970
2012-08-06,0.96690
2012-08-07,0.96720
2012-08-08,0.97140
2012-08-09,0.97810
2012-08-10,0.97640
2012-08-13,0.97330
2012-08-14,0.97420
2012-08-15,0.97740
2012-08-16,0.97190
2012-08-17,0.97520
2012-08-20,0.97300
2012-08-21,0.96300
2012-08-22,0.96280
2012-08-23,0.95420
2012-08-24,0.95810
2012-08-27,0.95970
2012-08-28,0.95580
2012-08-29,0.95780
2012-08-30,0.96080
2012-08-31,0.95460
2012-09-04,0.95580
2012-09-05,0.95480
2012-09-06,0.95390
2012-09-07,0.94520
2012-09-10,0.94380
2012-09-11,0.93870
2012-09-12,0.93760
2012-09-13,0.93950
2012-09-14,0.92500
2012-09-17,0.92660
2012-09-18,0.92880
2012-09-19,0.92660
2012-09-20,0.93360
2012-09-21,0.93270
2012-09-24,0.93710
2012-09-25,0.93480
2012-09-26,0.94010
2012-09-27,0.93880
2012-09-28,0.94000
2012-10-01,0.93760
2012-10-02,0.93420
2012-10-03,0.93820
2012-10-04,0.93160
2012-10-05,0.92840
2012-10-09,0.94000
2012-10-10,0.93920
2012-10-11,0.93530
2012-10-12,0.93340
2012-10-15,0.93300
2012-10-16,0.92730
2012-10-17,0.92170
2012-10-18,0.92250
2012-10-19,0.92860
2012-10-22,0.92630
2012-10-23,0.93280
2012-10-24,0.93420
2012-10-25,0.93360
2012-10-26,0.93480
2012-10-29,0.93660
2012-10-30,0.93090
2012-10-31,0.93110
2012-11-01,0.93260
2012-11-02,0.93960
2012-11-05,0.94340
2012-11-06,0.94240
2012-11-07,0.94540
2012-11-08,0.94620
2012-11-09,0.94830
2012-11-13,0.94700
2012-11-14,0.94500
2012-11-15,0.94180
2012-11-16,0.94720
2012-11-19,0.94040
2012-11-20,0.94030
2012-11-21,0.93940
2012-11-23,0.92960
2012-11-26,0.92840
2012-11-27,0.93100
2012-11-28,0.93130
2012-11-29,0.92930
2012-11-30,0.92640
2012-12-03,0.92500
2012-12-04,0.92720
2012-12-05,0.92620
2012-12-06,0.93300
2012-12-07,0.93330
2012-12-10,0.93300
2012-12-11,0.93330
2012-12-12,0.92860
2012-12-13,0.92430
2012-12-14,0.91960
2012-12-17,0.91740
2012-12-18,0.91300
2012-12-19,0.91150
2012-12-20,0.91300
2012-12-21,0.91720
2012-12-24,0.91610
2012-12-26,0.91280
2012-12-27,0.91380
2012-12-28,0.91300
2012-12-31,0.91550
2013-01-02,0.91660
2013-01-03,0.92220
2013-01-04,0.92620
2013-01-07,0.92270
2013-01-08,0.92500
2013-01-09,0.92440
2013-01-10,0.91620
2013-01-11,0.91200
2013-01-14,0.91740
2013-01-15,0.92750
2013-01-16,0.93130
2013-01-17,0.93310
2013-01-18,0.93460
2013-01-22,0.92780
2013-01-23,0.92950
2013-01-24,0.92880
2013-01-25,0.92520
2013-01-28,0.92720
2013-01-29,0.92160
2013-01-30,0.91240
2013-01-31,0.90930
2013-02-01,0.90300
2013-02-04,0.90870
2013-02-05,0.90840
2013-02-06,0.91000
2013-02-07,0.91760
2013-02-08,0.91830
2013-02-11,0.91860
2013-02-12,0.91720
2013-02-13,0.91820
2013-02-14,0.92320
2013-02-15,0.92260
2013-02-19,0.92200
2013-02-20,0.92410
2013-02-21,0.93170
2013-02-22,0.93140
2013-02-25,0.93140
2013-02-26,0.93260
2013-02-27,0.93100
2013-02-28,0.93360
2013-03-01,0.94480
2013-03-04,0.94230
2013-03-05,0.94330
2013-03-06,0.94700
2013-03-07,0.94320
2013-03-08,0.95350
2013-03-11,0.94960
2013-03-12,0.94720
2013-03-13,0.95180
2013-03-14,0.95120
2013-03-15,0.93960
2013-03-18,0.94490
2013-03-19,0.94600
2013-03-20,0.94390
2013-03-21,0.94540
2013-03-22,0.94020
2013-03-25,0.94730
2013-03-26,0.94840
2013-03-27,0.95340
2013-03-28,0.94680
2013-03-29,0.94900
2013-04-01,0.94600
2013-04-02,0.94850
2013-04-03,0.94510
2013-04-04,0.94580
2013-04-05,0.93240
2013-04-08,0.93460
2013-04-09,0.93170
2013-04-10,0.93330
2013-04-11,0.92940
2013-04-12,0.92900
2013-04-15,0.93030
2013-04-16,0.92560
2013-04-17,0.93060
2013-04-18,0.93060
2013-04-19,0.93240
2013-04-22,0.93490
2013-04-23,0.94270
2013-04-24,0.94840
2013-04-25,0.94550
2013-04-26,0.94140
2013-04-29,0.93700
2013-04-30,0.92980
2013-05-01,0.92680
2013-05-02,0.93480
2013-05-03,0.93400
2013-05-06,0.93930
2013-05-07,0.94020
2013-05-08,0.93490
2013-05-09,0.94060
2013-05-10,0.95940
2013-05-13,0.95760
2013-05-14,0.96020
2013-05-15,0.96800
2013-05-16,0.96180
2013-05-17,0.97310
2013-05-20,0.96750
2013-05-21,0.96800
2013-05-22,0.98140
2013-05-23,0.96680
2013-05-24,0.96210
2013-05-28,0.97340
2013-05-29,0.96130
2013-05-30,0.95580
2013-05-31,0.95830
2013-06-03,0.94420
2013-06-04,0.94850
2013-06-05,0.94220
2013-06-06,0.93000
2013-06-07,0.93420
2013-06-10,0.93570
2013-06-11,0.92710
2013-06-12,0.91810
2013-06-13,0.92340
2013-06-14,0.92220
2013-06-17,0.92540
2013-06-18,0.91860
2013-06-19,0.91920
2013-06-20,0.92960
2013-06-21,0.93540
2013-06-24,0.93450
2013-06-25,0.93880
2013-06-26,0.94320
2013-06-27,0.94640
2013-06-28,0.94500
2013-07-01,0.94520
2013-07-02,0.94920
2013-07-03,0.94750
2013-07-05,0.96240
2013-07-08,0.96440
2013-07-09,0.97360
2013-07-10,0.96820
2013-07-11,0.94960
2013-07-12,0.94680
2013-07-15,0.95080
2013-07-16,0.94080
2013-07-17,0.94280
2013-07-18,0.94680
2013-07-19,0.94010
2013-07-22,0.93570
2013-07-23,0.93680
2013-07-24,0.93540
2013-07-25,0.93360
2013-07-26,0.92890
2013-07-29,0.93080
2013-07-30,0.92980
2013-07-31,0.92840
2013-08-01,0.93530
2013-08-02,0.92930
2013-08-05,0.93020
2013-08-06,0.92660
2013-08-07,0.92220
2013-08-08,0.91940
2013-08-09,0.92210
2013-08-12,0.92480
2013-08-13,0.93400
2013-08-14,0.93540
2013-08-15,0.93340
2013-08-16,0.92690
2013-08-19,0.92470
2013-08-20,0.91780
2013-08-21,0.92110
2013-08-22,0.92360
2013-08-23,0.92070
2013-08-26,0.92290
2013-08-27,0.91860
2013-08-28,0.92210
2013-08-29,0.93160
2013-08-30,0.93130
2013-09-03,0.93630
2013-09-04,0.93560
2013-09-05,0.94370
2013-09-06,0.93850
2013-09-09,0.93140
2013-09-10,0.93440
2013-09-11,0.93140
2013-09-12,0.92860
2013-09-13,0.93190
2013-09-16,0.92580
2013-09-17,0.92660
2013-09-18,0.92600
2013-09-19,0.91120
2013-09-20,0.91040
2013-09-23,0.91000
2013-09-24,0.91140
2013-09-25,0.90820
2013-09-26,0.91050
2013-09-27,0.90500
2013-09-30,0.90410
2013-10-01,0.90640
2013-10-02,0.90170
2013-10-03,0.89720
2013-10-04,0.90520
2013-10-07,0.90500
2013-10-08,0.90400
2013-10-09,0.91040
2013-10-10,0.91040
2013-10-11,0.91030
2013-10-15,0.91520
2013-10-16,0.91630
2013-10-17,0.90280
2013-10-18,0.90130
2013-10-21,0.90190
2013-10-22,0.89470
2013-10-23,0.89180
2013-10-24,0.89160
2013-10-25,0.89390
2013-10-28,0.89540
2013-10-29,0.89820
2013-10-30,0.89640
2013-10-31,0.90560
2013-11-01,0.91240
2013-11-04,0.91060
2013-11-05,0.91260
2013-11-06,0.91090
2013-11-07,0.91840
2013-11-08,0.92200
2013-11-12,0.91760
2013-11-13,0.91550
2013-11-14,0.91520
2013-11-15,0.91520
2013-11-18,0.91210
2013-11-19,0.91140
2013-11-20,0.91580
2013-11-21,0.91460
2013-11-22,0.90720
2013-11-25,0.91250
2013-11-26,0.90800
2013-11-27,0.90910
2013-11-29,0.90470
2013-12-02,0.90760
2013-12-03,0.90300
2013-12-04,0.90520
2013-12-05,0.89760
2013-12-06,0.89390
2013-12-09,0.89140
2013-12-10,0.88760
2013-12-11,0.88560
2013-12-12,0.89020
2013-12-13,0.89040
2013-12-16,0.88760
2013-12-17,0.88700
2013-12-18,0.88720
2013-12-19,0.89640
2013-12-20,0.89520
2013-12-23,0.89420
2013-12-24,0.89610
2013-12-26,0.89630
2013-12-27,0.88930
2013-12-30,0.88660
2013-12-31,0.89040
2014-01-02,0.89980
2014-01-03,0.90440
2014-01-06,0.90360
2014-01-07,0.90860
2014-01-08,0.91020
2014-01-09,0.90850
2014-01-10,0.90320
2014-01-13,0.90260
2014-01-14,0.90090
2014-01-15,0.90840
2014-01-16,0.90640
2014-01-17,0.91000
2014-01-21,0.90920
2014-01-22,0.91160
2014-01-23,0.90020
2014-01-24,0.89490
2014-01-27,0.89560
2014-01-28,0.89840
2014-01-29,0.89480
2014-01-30,0.90420
2014-01-31,0.90520
2014-02-03,0.90140
2014-02-04,0.90500
2014-02-05,0.90420
2014-02-06,0.89920
2014-02-07,0.89920
2014-02-10,0.89670
2014-02-11,0.89690
2014-02-12,0.90060
2014-02-13,0.89440
2014-02-14,0.89280
2014-02-18,0.88780
2014-02-19,0.88680
2014-02-20,0.89120
2014-02-21,0.88880
2014-02-24,0.88850
2014-02-25,0.88700
2014-02-26,0.89220
2014-02-27,0.88720
2014-02-28,0.88100
2014-03-03,0.88100
2014-03-04,0.88690
2014-03-05,0.88720
2014-03-06,0.88100
2014-03-07,0.87850
2014-03-10,0.87810
2014-03-11,0.87830
2014-03-12,0.87430
2014-03-13,0.87260
2014-03-14,0.87120
2014-03-17,0.87260
2014-03-18,0.87430
2014-03-19,0.87470
2014-03-20,0.88330
2014-03-21,0.88360
2014-03-24,0.88400
2014-03-25,0.88620
2014-03-26,0.88540
2014-03-27,0.88590
2014-03-28,0.88690
2014-03-31,0.88400
2014-04-01,0.88250
2014-04-02,0.88700
2014-04-03,0.89210
2014-04-04,0.89180
2014-04-07,0.88760
2014-04-08,0.88360
2014-04-09,0.88160
2014-04-10,0.87580
2014-04-11,0.87480
2014-04-14,0.87840
2014-04-15,0.88050
2014-04-16,0.88130
2014-04-17,0.88120
2014-04-18,0.88320
2014-04-21,0.88510
2014-04-22,0.88510
2014-04-23,0.88280
2014-04-24,0.88170
2014-04-25,0.88090
2014-04-28,0.88070
2014-04-29,0.88450
2014-04-30,0.88000
2014-05-01,0.87970
2014-05-02,0.87890
2014-05-05,0.87740
2014-05-06,0.87440
2014-05-07,0.87580
2014-05-08,0.87840
2014-05-09,0.88600
2014-05-12,0.88760
2014-05-13,0.88940
2014-05-14,0.88940
2014-05-15,0.88980
2014-05-16,0.89100
2014-05-19,0.89160
2014-05-20,0.89160
2014-05-21,0.89510
2014-05-22,0.89480
2014-05-23,0.89580
2014-05-27,0.89770
2014-05-28,0.89820
2014-05-29,0.89700
2014-05-30,0.89440
2014-06-02,0.89800
2014-06-03,0.89640
2014-06-04,0.89560
2014-06-05,0.89440
2014-06-06,0.89380
2014-06-09,0.89740
2014-06-10,0.89960
2014-06-11,0.89980
2014-06-12,0.89820
2014-06-13,0.90080
2014-06-16,0.89690
2014-06-17,0.89980
2014-06-18,0.89760
2014-06-19,0.89320
2014-06-20,0.89600
2014-06-23,0.89480
2014-06-24,0.89550
2014-06-25,0.89180
2014-06-26,0.89330
2014-06-27,0.89190
2014-06-30,0.88680
2014-07-01,0.88710
2014-07-02,0.88860
2014-07-03,0.89340
2014-07-07,0.89340
2014-07-08,0.89240
2014-07-09,0.89180
2014-07-10,0.89260
2014-07-11,0.89260
2014-07-14,0.89180
2014-07-15,0.89530
2014-07-16,0.89840
2014-07-17,0.89730
2014-07-18,0.89890
2014-07-21,0.89800
2014-07-22,0.90220
2014-07-23,0.90240
2014-07-24,0.90240
2014-07-25,0.90450
2014-07-28,0.90370
2014-07-29,0.90680
2014-07-30,0.90960
2014-07-31,0.90860
2014-08-01,0.90480
2014-08-04,0.90680
2014-08-05,0.91020
2014-08-06,0.90950
2014-08-07,0.90860
2014-08-08,0.90500
2014-08-11,0.90630
2014-08-12,0.90820
2014-08-13,0.90790
2014-08-14,0.90560
2014-08-15,0.90260
2014-08-18,0.90660
2014-08-19,0.90890
2014-08-20,0.91160
2014-08-21,0.91120
2014-08-22,0.91420
2014-08-25,0.91440
2014-08-26,0.91670
2014-08-27,0.91480
2014-08-28,0.91500
2014-08-29,0.91740
2014-09-02,0.91960
2014-09-03,0.91860
2014-09-04,0.93270
2014-09-05,0.93060
2014-09-08,0.93170
2014-09-09,0.93480
2014-09-10,0.93820
2014-09-11,0.93490
2014-09-12,0.93370
2014-09-15,0.93440
2014-09-16,0.93140
2014-09-17,0.93460
2014-09-18,0.93440
2014-09-19,0.94040
2014-09-22,0.94100
2014-09-23,0.93860
2014-09-24,0.94460
2014-09-25,0.94670
2014-09-26,0.95130
2014-09-29,0.94980
2014-09-30,0.95540
2014-10-01,0.95660
2014-10-02,0.95320
2014-10-03,0.96700
2014-10-06,0.96260
2014-10-07,0.96060
2014-10-08,0.95640
2014-10-09,0.95450
2014-10-10,0.95680
2014-10-14,0.95360
2014-10-15,0.94440
2014-10-16,0.94250
2014-10-17,0.94680
2014-10-20,0.94380
2014-10-21,0.94820
2014-10-22,0.95300
2014-10-23,0.95350
2014-10-24,0.95140
2014-10-27,0.94840
2014-10-28,0.94630
2014-10-29,0.94520
2014-10-30,0.95520
2014-10-31,0.96230
2014-11-03,0.96550
2014-11-04,0.95960
2014-11-05,0.96400
2014-11-06,0.97020
2014-11-07,0.96840
2014-11-10,0.96780
2014-11-12,0.96500
2014-11-13,0.96340
2014-11-14,0.96160
2014-11-17,0.96530
2014-11-18,0.95830
2014-11-19,0.95720
2014-11-20,0.95960
2014-11-21,0.96960
2014-11-24,0.96760
2014-11-25,0.96450
2014-11-26,0.96140
2014-11-28,0.96580
2014-12-01,0.96310
2014-12-02,0.97200
2014-12-03,0.97790
2014-12-04,0.96740
2014-12-05,0.97720
2014-12-08,0.97780
2014-12-09,0.96800
2014-12-10,0.96800
2014-12-11,0.96880
2014-12-12,0.96200
2014-12-15,0.96320
2014-12-16,0.96040
2014-12-17,0.96790
2014-12-18,0.97940
2014-12-19,0.98320
2014-12-22,0.98200
2014-12-23,0.98720
2014-12-24,0.98650
2014-12-29,0.98780
2014-12-30,0.98800
2014-12-31,0.99340
2015-01-02,1.00040
2015-01-05,1.00790
2015-01-06,1.00620
2015-01-07,1.01600
2015-01-08,1.01690
2015-01-09,1.01510
2015-01-12,1.01500
2015-01-13,1.01950
2015-01-14,1.01720
2015-01-15,0.89300
2015-01-16,0.84880
2015-01-20,0.87510
2015-01-21,0.85960
2015-01-22,0.86780
2015-01-23,0.87600
2015-01-26,0.89880
2015-01-27,0.90420
2015-01-28,0.90550
2015-01-29,0.92260
2015-01-30,0.92100
2015-02-02,0.92620
2015-02-03,0.92340
2015-02-04,0.92380
2015-02-05,0.92480
2015-02-06,0.92280
2015-02-09,0.92580
2015-02-10,0.92630
2015-02-11,0.92880
2015-02-12,0.92830
2015-02-13,0.93080
2015-02-17,0.93460
2015-02-18,0.94460
2015-02-19,0.94720
2015-02-20,0.94190
2015-02-23,0.94940
2015-02-24,0.95160
2015-02-25,0.94960
2015-02-26,0.95400
2015-02-27,0.95130
2015-03-02,0.95530
2015-03-03,0.95900
2015-03-04,0.96400
2015-03-05,0.97360
2015-03-06,0.98460
2015-03-09,0.98730
2015-03-10,0.99960
2015-03-11,1.00740
2015-03-12,1.00340
2015-03-13,1.00470
2015-03-16,1.00740
2015-03-17,1.00400
2015-03-18,0.99520
2015-03-19,0.99210
2015-03-20,0.97660
2015-03-23,0.96680
2015-03-24,0.95860
2015-03-25,0.95740
2015-03-26,0.96140
2015-03-27,0.95860
2015-03-30,0.96780
2015-03-31,0.97120
2015-04-01,0.96710
2015-04-02,0.95780
2015-04-03,0.95040
2015-04-06,0.95240
2015-04-07,0.96400
2015-04-08,0.96340
2015-04-09,0.97540
2015-04-10,0.98070
2015-04-13,0.97800
2015-04-14,0.97120
2015-04-15,0.97210
2015-04-16,0.95840
2015-04-17,0.95280
2015-04-20,0.95430
2015-04-21,0.95280
2015-04-22,0.96620
2015-04-23,0.95500
2015-04-24,0.95330
2015-04-27,0.95340
2015-04-28,0.95380
2015-04-29,0.93580
2015-04-30,0.94100
2015-05-01,0.93400
2015-05-04,0.93570
2015-05-05,0.92620
2015-05-06,0.91500
2015-05-07,0.91960
2015-05-08,0.92740
2015-05-11,0.93440
2015-05-12,0.92660
2015-05-13,0.91620
2015-05-14,0.91460
2015-05-15,0.91740
2015-05-18,0.92300
2015-05-19,0.93670
2015-05-20,0.93950
2015-05-21,0.93460
2015-05-22,0.94280
2015-05-26,0.95030
2015-05-27,0.95080
2015-05-28,0.94580
2015-05-29,0.94040
2015-06-01,0.94670
2015-06-02,0.93430
2015-06-03,0.93360
2015-06-04,0.93420
2015-06-05,0.94360
2015-06-08,0.93320
2015-06-09,0.92950
2015-06-10,0.92920
2015-06-11,0.93640
2015-06-12,0.92600
2015-06-15,0.93510
2015-06-16,0.93250
2015-06-17,0.92720
2015-06-18,0.91960
2015-06-19,0.92060
2015-06-22,0.91880
2015-06-23,0.93360
2015-06-24,0.93600
2015-06-25,0.93750
2015-06-26,0.93510
2015-06-29,0.92800
2015-06-30,0.93460
2015-07-01,0.94560
2015-07-02,0.94360
2015-07-06,0.94320
2015-07-07,0.94820
2015-07-08,0.94580
2015-07-09,0.94950
2015-07-10,0.94110
2015-07-13,0.94920
2015-07-14,0.94590
2015-07-15,0.95210
2015-07-16,0.95620
2015-07-17,0.96080
2015-07-20,0.96300
2015-07-21,0.95900
2015-07-22,0.96130
2015-07-23,0.95810
2015-07-24,0.96200
2015-07-27,0.95970
2015-07-28,0.96380
2015-07-29,0.96300
2015-07-30,0.96960
2015-07-31,0.96360
2015-08-03,0.96820
2015-08-04,0.97320
2015-08-05,0.98100
2015-08-06,0.98080
2015-08-07,0.98240
2015-08-10,0.98480
2015-08-11,0.98690
2015-08-12,0.96910
2015-08-13,0.97600
2015-08-14,0.97800
2015-08-17,0.97700
2015-08-18,0.97640
2015-08-19,0.97020
2015-08-20,0.96210
2015-08-21,0.94880
2015-08-24,0.93470
2015-08-25,0.94880
2015-08-26,0.94720
2015-08-27,0.96310
2015-08-28,0.96220
2015-08-31,0.96810
2015-09-01,0.96220
2015-09-02,0.96900
2015-09-03,0.97640
2015-09-04,0.97540
2015-09-08,0.97800
2015-09-09,0.97670
2015-09-10,0.97350
2015-09-11,0.97350
2015-09-14,0.96870
2015-09-15,0.97550
2015-09-16,0.96880
2015-09-17,0.97100
2015-09-18,0.96140
2015-09-21,0.97020
2015-09-22,0.97330
2015-09-23,0.97800
2015-09-24,0.97300
2015-09-25,0.97600
2015-09-28,0.97350
2015-09-29,0.97100
2015-09-30,0.97730
2015-10-01,0.97440
2015-10-02,0.96840
2015-10-05,0.97460
2015-10-06,0.96780
2015-10-07,0.97160
2015-10-08,0.96740
2015-10-09,0.96150
2015-10-13,0.95940
2015-10-14,0.95170
2015-10-15,0.94890
2015-10-16,0.95360
2015-10-19,0.95600
2015-10-20,0.95400
2015-10-21,0.95700
2015-10-22,0.97100
2015-10-23,0.97690
2015-10-26,0.98150
2015-10-27,0.98480
2015-10-28,0.98480
2015-10-29,0.99150
2015-10-30,0.98580
2015-11-02,0.98530
2015-11-03,0.99220
2015-11-04,0.99330
2015-11-05,0.99640
2015-11-06,1.00480
2015-11-09,1.00170
2015-11-10,1.00760
2015-11-12,1.00140
2015-11-13,1.00880
2015-11-16,1.00790
2015-11-17,1.01690
2015-11-18,1.01980
2015-11-19,1.01400
2015-11-20,1.01830
2015-11-23,1.02050
2015-11-24,1.01610
2015-11-25,1.02200
2015-11-27,1.03050
2015-11-30,1.02820
2015-12-01,1.02960
2015-12-02,1.02740
2015-12-03,0.99960
2015-12-04,0.99860
2015-12-07,1.00260
2015-12-08,0.99400
2015-12-09,0.98660
2015-12-10,0.98880
2015-12-11,0.98280
2015-12-14,0.98230
2015-12-15,0.99210
2015-12-16,0.98520
2015-12-17,0.99870
2015-12-18,0.99400
2015-12-21,0.99120
2015-12-22,0.98660
2015-12-23,0.99380
2015-12-24,0.98720
2015-12-28,0.98780
2015-12-29,0.99240
2015-12-30,0.98900
2015-12-31,1.00170
2016-01-04,1.00420
2016-01-05,1.00960
2016-01-06,1.00840
2016-01-07,1.00180
2016-01-08,0.99720
2016-01-11,1.00000
2016-01-12,1.00300
2016-01-13,1.00640
2016-01-14,1.00720
2016-01-15,0.99840
2016-01-19,1.00320
2016-01-20,1.00320
2016-01-21,1.01120
2016-01-22,1.01480
2016-01-25,1.01480
2016-01-26,1.01890
2016-01-27,1.01760
2016-01-28,1.01340
2016-01-29,1.02260
2016-02-01,1.02020
2016-02-02,1.01810
2016-02-03,1.00700
2016-02-04,0.99260
2016-02-05,0.99380
2016-02-08,0.98850
2016-02-09,0.97200
2016-02-10,0.97790
2016-02-11,0.97060
2016-02-12,0.97680
2016-02-16,0.98840
2016-02-17,0.99260
2016-02-18,0.99400
2016-02-19,0.98930
2016-02-22,0.99860
2016-02-23,0.99200
2016-02-24,0.98600
2016-02-25,0.98940
2016-02-26,0.99670
2016-02-29,0.99600
2016-03-01,0.99940
2016-03-02,0.99810
2016-03-03,0.99200
2016-03-04,0.99260
2016-03-07,0.99690
2016-03-08,0.99390
2016-03-09,0.99570
2016-03-10,0.98570
2016-03-11,0.98130
2016-03-14,0.98600
2016-03-15,0.98520
2016-03-16,0.98790
2016-03-17,0.96800
2016-03-18,0.96820
2016-03-21,0.96780
2016-03-22,0.97050
2016-03-23,0.97310
2016-03-24,0.97660
2016-03-25,0.97800
2016-03-28,0.97320
2016-03-29,0.97440
2016-03-30,0.96360
2016-03-31,0.95830
2016-04-01,0.95880
2016-04-04,0.95970
2016-04-05,0.95720
2016-04-06,0.95370
2016-04-07,0.95520
2016-04-08,0.95360
2016-04-11,0.95380
2016-04-12,0.95460
2016-04-13,0.96510
2016-04-14,0.96670
2016-04-15,0.96700
2016-04-18,0.96360
2016-04-19,0.95990
2016-04-20,0.96710
2016-04-21,0.97220
2016-04-22,0.97740
2016-04-25,0.97420
2016-04-26,0.97130
2016-04-27,0.97100
2016-04-28,0.96870
2016-04-29,0.95980
2016-05-02,0.95560
2016-05-03,0.95410
2016-05-04,0.95740
2016-05-05,0.96860
2016-05-06,0.96970
2016-05-09,0.96980
2016-05-10,0.97460
2016-05-11,0.96990
2016-05-12,0.96930
2016-05-13,0.97560
2016-05-16,0.97720
2016-05-17,0.97610
2016-05-18,0.98220
2016-05-19,0.98940
2016-05-20,0.99200
2016-05-23,0.99190
2016-05-24,0.99300
2016-05-25,0.99080
2016-05-26,0.98980
2016-05-27,0.99160
2016-05-31,0.99340
2016-06-01,0.98920
2016-06-02,0.99020
2016-06-03,0.97810
2016-06-06,0.97200
2016-06-07,0.96630
2016-06-08,0.95940
2016-06-09,0.96390
2016-06-10,0.96320
2016-06-13,0.96620
2016-06-14,0.96400
2016-06-15,0.96470
2016-06-16,0.96620
2016-06-17,0.96100
2016-06-20,0.96160
2016-06-21,0.95960
2016-06-22,0.95840
2016-06-23,0.95660
2016-06-24,0.97020
2016-06-27,0.97870
2016-06-28,0.98120
2016-06-29,0.97940
2016-06-30,0.97920
2016-07-01,0.97300
2016-07-05,0.97680
2016-07-06,0.97780
2016-07-07,0.97810
2016-07-08,0.98430
2016-07-11,0.98300
2016-07-12,0.98690
2016-07-13,0.98340
2016-07-14,0.98060
2016-07-15,0.98340
2016-07-18,0.98220
2016-07-19,0.98500
2016-07-20,0.98720
2016-07-21,0.98690
2016-07-22,0.98880
2016-07-25,0.98690
2016-07-26,0.99240
2016-07-27,0.99360
2016-07-28,0.98060
2016-07-29,0.96900
2016-08-01,0.96710
2016-08-02,0.96430
2016-08-03,0.97160
2016-08-04,0.97380
2016-08-05,0.97960
2016-08-08,0.98380
2016-08-09,0.98260
2016-08-10,0.97590
2016-08-11,0.97220
2016-08-12,0.97380
2016-08-15,0.97140
2016-08-16,0.96220
2016-08-17,0.96400
2016-08-18,0.95760
2016-08-19,0.95940
2016-08-22,0.96250
2016-08-23,0.96220
2016-08-24,0.96730
2016-08-25,0.96840
2016-08-26,0.97180
2016-08-29,0.97800
2016-08-30,0.98220
2016-08-31,0.98300
2016-09-01,0.97920
2016-09-02,0.98040
2016-09-06,0.97180
2016-09-07,0.97020
2016-09-08,0.97260
2016-09-09,0.97700
2016-09-12,0.97360
2016-09-13,0.97400
2016-09-14,0.97080
2016-09-15,0.97140
2016-09-16,0.97940
2016-09-19,0.97980
2016-09-20,0.97810
2016-09-21,0.97580
2016-09-22,0.96780
2016-09-23,0.97020
2016-09-26,0.96680
2016-09-27,0.97180
2016-09-28,0.97240
2016-09-29,0.96550
2016-09-30,0.96940
2016-10-03,0.97400
2016-10-04,0.97800
2016-10-05,0.97700
2016-10-06,0.97980
2016-10-07,0.98060
2016-10-11,0.98780
2016-10-12,0.99020
2016-10-13,0.98700
2016-10-14,0.99020
2016-10-17,0.98800
2016-10-18,0.98860
2016-10-19,0.98940
2016-10-20,0.99160
2016-10-21,0.99510
2016-10-24,0.99200
2016-10-25,0.99400
2016-10-26,0.99270
2016-10-27,0.99400
2016-10-28,0.99320
2016-10-31,0.98900
2016-11-01,0.97900
2016-11-02,0.97010
2016-11-03,0.97460
2016-11-04,0.96820
2016-11-07,0.97580
2016-11-08,0.97570
2016-11-09,0.98120
2016-11-10,0.98780
2016-11-14,0.99780
2016-11-15,1.00150
2016-11-16,1.00190
2016-11-17,1.00480
2016-11-18,1.00940
2016-11-21,1.01120
2016-11-22,1.01000
2016-11-23,1.01560
2016-11-25,1.01360
2016-11-28,1.01580
2016-11-29,1.01320
2016-11-30,1.01870
2016-12-01,1.01260
2016-12-02,1.01100
2016-12-05,1.01030
2016-12-06,1.00930
2016-12-07,1.00650
2016-12-08,1.01540
2016-12-09,1.01840
2016-12-12,1.01570
2016-12-13,1.01180
2016-12-14,1.00990
2016-12-15,1.03340
2016-12-16,1.02580
2016-12-19,1.02260
2016-12-20,1.02820
2016-12-21,1.02620
2016-12-22,1.02460
2016-12-23,1.02680
2016-12-27,1.02840
2016-12-28,1.03130
2016-12-29,1.02300
2016-12-30,1.01600
2017-01-03,1.02660
2017-01-04,1.02280
2017-01-05,1.01070
2017-01-06,1.01500
2017-01-09,1.01480
2017-01-10,1.01580
2017-01-11,1.02030
2017-01-12,1.00660
2017-01-13,1.00980
2017-01-17,1.00280
2017-01-18,1.00280
2017-01-19,1.00940
2017-01-23,0.99900
2017-01-24,0.99980
2017-01-25,0.99960
2017-01-26,1.00110
2017-01-27,0.99920
2017-01-30,0.99760
2017-01-31,0.98880
2017-02-01,0.99300
2017-02-02,0.98940
2017-02-03,0.99100
2017-02-06,0.99340
2017-02-07,0.99700
2017-02-08,0.99340
2017-02-09,1.00130
2017-02-10,1.00280
2017-02-13,1.00540
2017-02-14,1.00720
2017-02-15,1.00620
2017-02-16,0.99920
2017-02-17,1.00220
2017-02-21,1.00830
2017-02-22,1.01090
2017-02-23,1.00620
2017-02-24,1.00550
2017-02-27,1.00510
2017-02-28,1.00220
2017-03-01,1.00720
2017-03-02,1.01200
2017-03-03,1.01180
2017-03-06,1.01140
2017-03-07,1.01300
2017-03-08,1.01460
2017-03-09,1.01310
2017-03-10,1.01040
2017-03-13,1.00680
2017-03-14,1.00780
2017-03-15,1.00800
2017-03-16,0.99530
2017-03-17,0.99780
2017-03-20,0.99660
2017-03-21,0.99360
2017-03-22,0.99000
2017-03-23,0.99240
2017-03-24,0.99100
2017-03-27,0.98300
2017-03-28,0.98500
2017-03-29,0.99660
2017-03-30,0.99690
2017-03-31,0.99980
2017-04-03,1.00290
2017-04-04,1.00220
2017-04-05,1.00500
2017-04-06,1.00460
2017-04-07,1.00660
2017-04-10,1.00770
2017-04-11,1.00720
2017-04-12,1.00540
2017-04-13,1.00470
2017-04-14,1.00380
2017-04-17,1.00220
2017-04-18,0.99780
2017-04-19,0.99860
2017-04-20,0.99600
2017-04-21,0.99870
2017-04-24,0.99640
2017-04-25,0.99250
2017-04-26,0.99570
2017-04-27,0.99480
2017-04-28,0.99440
2017-05-01,0.99550
2017-05-02,0.99130
2017-05-03,0.99130
2017-05-04,0.98900
2017-05-05,0.98760
2017-05-08,0.99790
2017-05-09,1.00740
2017-05-10,1.00880
2017-05-11,1.00610
2017-05-12,1.00080
2017-05-15,0.99640
2017-05-16,0.98780
2017-05-17,0.98080
2017-05-18,0.97630
2017-05-19,0.97540
2017-05-22,0.97360
2017-05-23,0.97400
2017-05-24,0.97690
2017-05-25,0.97200
2017-05-26,0.97530
2017-05-30,0.97440
2017-05-31,0.96840
2017-06-01,0.97120
2017-06-02,0.96420
2017-06-05,0.96570
2017-06-06,0.96280
2017-06-07,0.96570
2017-06-08,0.96750
2017-06-09,0.97000
2017-06-12,0.96880
2017-06-13,0.96920
2017-06-14,0.96620
2017-06-15,0.97490
2017-06-16,0.97390
2017-06-19,0.97450
2017-06-20,0.97590
2017-06-21,0.97440
2017-06-22,0.97280
2017-06-23,0.96920
2017-06-26,0.97060
2017-06-27,0.96380
2017-06-28,0.96080
2017-06-29,0.95690
2017-06-30,0.95860
2017-07-03,0.96320
2017-07-05,0.96520
2017-07-06,0.96340
2017-07-07,0.96440
2017-07-10,0.96580
2017-07-11,0.96720
2017-07-12,0.96480
2017-07-13,0.96850
2017-07-14,0.96540
2017-07-17,0.96270
2017-07-18,0.95260
2017-07-19,0.95480
2017-07-20,0.95070
2017-07-21,0.94680
2017-07-24,0.94560
2017-07-25,0.94960
2017-07-26,0.95800
2017-07-27,0.96560
2017-07-28,0.96850
2017-07-31,0.96500
2017-08-01,0.96550
2017-08-02,0.96840
2017-08-03,0.96900
2017-08-04,0.97210
2017-08-07,0.97280
2017-08-08,0.97660
2017-08-09,0.96490
2017-08-10,0.96470
2017-08-11,0.96200
2017-08-14,0.97140
2017-08-15,0.97180
2017-08-16,0.97440
2017-08-17,0.96330
2017-08-18,0.96420
2017-08-21,0.96290
2017-08-22,0.96680
2017-08-23,0.96670
2017-08-24,0.96460
2017-08-25,0.95740
2017-08-28,0.95540
2017-08-29,0.94800
2017-08-30,0.95830
2017-08-31,0.96100
2017-09-01,0.96260
2017-09-05,0.95770
2017-09-06,0.95370
2017-09-07,0.94980
2017-09-08,0.94560
2017-09-11,0.95330
2017-09-12,0.95960
2017-09-13,0.96390
2017-09-14,0.96600
2017-09-15,0.95940
2017-09-18,0.96300
2017-09-19,0.96280
2017-09-20,0.96170
2017-09-21,0.96920
2017-09-22,0.96940
2017-09-25,0.96820
2017-09-26,0.97060
2017-09-27,0.97450
2017-09-28,0.97100
2017-09-29,0.96880
2017-10-02,0.97370
2017-10-03,0.97340
2017-10-04,0.97560
2017-10-05,0.97920
2017-10-06,0.97770
2017-10-10,0.97440
2017-10-11,0.97320
2017-10-12,0.97600
2017-10-13,0.97450
2017-10-16,0.97350
2017-10-17,0.98040
2017-10-18,0.98170
2017-10-19,0.97510
2017-10-20,0.98440
2017-10-23,0.98620
2017-10-24,0.98900
2017-10-25,0.98880
2017-10-26,0.99500
2017-10-27,0.99900
2017-10-30,0.99690
2017-10-31,0.99680
2017-11-01,1.00140
2017-11-02,0.99770
2017-11-03,1.00020
2017-11-06,0.99900
2017-11-07,0.99960
2017-11-08,0.99970
2017-11-09,0.99580
2017-11-13,0.99750
2017-11-14,0.99140
2017-11-15,0.99020
2017-11-16,0.99260
2017-11-17,0.98820
2017-11-20,0.99230
2017-11-21,0.99160
2017-11-22,0.98380
2017-11-24,0.97880
2017-11-27,0.98040
2017-11-28,0.98310
2017-11-29,0.98370
2017-11-30,0.98380
2017-12-01,0.97620
2017-12-04,0.98580
2017-12-05,0.98680
2017-12-06,0.99040
2017-12-07,0.99210
2017-12-08,0.99280
2017-12-11,0.99000
2017-12-12,0.99260
2017-12-13,0.98940
2017-12-14,0.99000
2017-12-15,0.99030
2017-12-18,0.98560
2017-12-19,0.98570
2017-12-20,0.98590
2017-12-21,0.98900
2017-12-22,0.98980
2017-12-26,0.98910
2017-12-27,0.98700
2017-12-28,0.97740
2017-12-29,0.97380
2018-01-02,0.97180
2018-01-03,0.97620
2018-01-04,0.97530
2018-01-05,0.97520
2018-01-08,0.97620
2018-01-09,0.98320
2018-01-10,0.97800
2018-01-11,0.97480
2018-01-12,0.97130
2018-01-16,0.96180
2018-01-17,0.96160
2018-01-18,0.95860
2018-01-19,0.96120
2018-01-22,0.96360
2018-01-23,0.95980
2018-01-24,0.94520
2018-01-25,0.93570
2018-01-26,0.93420
2018-01-29,0.93800
2018-01-30,0.93550
2018-01-31,0.93210
2018-02-01,0.92880
2018-02-02,0.93200
2018-02-05,0.93660
2018-02-06,0.93680
2018-02-07,0.94380
2018-02-08,0.93860
2018-02-09,0.93930
2018-02-12,0.93920
2018-02-13,0.93350
2018-02-14,0.93190
2018-02-15,0.92320
2018-02-16,0.92580
2018-02-20,0.93540
2018-02-21,0.93750
2018-02-22,0.93450
2018-02-23,0.93560
2018-02-26,0.93880
2018-02-27,0.93980
2018-02-28,0.94300
2018-03-01,0.94610
2018-03-02,0.93780
2018-03-05,0.93970
2018-03-06,0.93850
2018-03-07,0.94260
2018-03-08,0.94990
2018-03-09,0.94930
2018-03-12,0.94890
2018-03-13,0.94370
2018-03-14,0.94610
2018-03-15,0.95020
2018-03-16,0.95320
2018-03-19,0.95090
2018-03-20,0.95490
2018-03-21,0.95400
2018-03-22,0.94910
2018-03-23,0.94650
2018-03-26,0.94420
2018-03-27,0.94740
2018-03-28,0.95380
2018-03-29,0.95600
2018-03-30,0.95320
2018-04-02,0.95580
2018-04-03,0.95900
2018-04-04,0.95950
2018-04-05,0.96330
2018-04-06,0.96020
2018-04-09,0.95740
2018-04-10,0.95740
2018-04-11,0.95780
2018-04-12,0.96250
2018-04-13,0.96310
2018-04-16,0.95960
2018-04-17,0.96660
2018-04-18,0.96700
2018-04-19,0.97140
2018-04-20,0.97440
2018-04-23,0.97760
2018-04-24,0.98040
2018-04-25,0.98280
2018-04-26,0.98800
2018-04-27,0.98840
2018-04-30,0.99110
2018-05-01,0.99540
2018-05-02,0.99750
2018-05-03,0.99780
2018-05-04,1.00050
2018-05-07,1.00230
2018-05-08,1.00160
2018-05-09,1.00420
2018-05-10,1.00360
2018-05-11,0.99960
2018-05-14,0.99760
2018-05-15,0.99980
2018-05-16,1.00040
2018-05-17,1.00140
2018-05-18,0.99700
2018-05-21,0.99780
2018-05-22,0.99240
2018-05-23,0.99520
2018-05-24,0.99160
2018-05-25,0.99120
2018-05-29,0.99240
2018-05-30,0.98900
2018-05-31,0.98440
2018-06-01,0.98670
2018-06-04,0.98840
2018-06-05,0.98600
2018-06-06,0.98440
2018-06-07,0.98220
2018-06-08,0.98600
2018-06-11,0.98480
2018-06-12,0.98410
2018-06-13,0.98440
2018-06-14,0.99420
2018-06-15,0.99620
2018-06-18,0.99520
2018-06-19,0.99510
2018-06-20,0.99560
2018-06-21,0.99210
2018-06-22,0.99020
2018-06-25,0.98740
2018-06-26,0.99010
2018-06-27,0.99620
2018-06-28,0.99790
2018-06-29,0.99220
2018-07-02,0.99460
2018-07-03,0.99220
2018-07-05,0.99240
2018-07-06,0.99010
2018-07-09,0.99200
2018-07-10,0.99260
2018-07-11,0.99320
2018-07-12,1.00090
2018-07-13,1.00280
2018-07-16,0.99740
2018-07-17,0.99920
2018-07-18,0.99940
2018-07-19,1.00160
2018-07-20,0.99440
2018-07-23,0.99270
2018-07-24,0.99440
2018-07-25,0.99420
2018-07-26,0.99380
2018-07-27,0.99400
2018-07-30,0.98850
2018-07-31,0.98950
2018-08-01,0.99230
2018-08-02,0.99430
2018-08-03,0.99260
2018-08-06,0.99630
2018-08-07,0.99440
2018-08-08,0.99430
2018-08-09,0.99060
2018-08-10,0.99540
2018-08-13,0.99340
2018-08-14,0.99300
2018-08-15,0.99420
2018-08-16,0.99620
2018-08-17,0.99480
2018-08-20,0.99430
2018-08-21,0.98760
2018-08-22,0.98360
2018-08-23,0.98480
2018-08-24,0.98240
2018-08-27,0.98020
2018-08-28,0.97520
2018-08-29,0.97320
2018-08-30,0.97090
2018-08-31,0.96980
2018-09-04,0.97530
2018-09-05,0.97160
2018-09-06,0.96820
2018-09-07,0.96840
2018-09-10,0.97400
2018-09-11,0.97370
2018-09-12,0.97040
2018-09-13,0.96800
2018-09-14,0.96650
2018-09-17,0.96200
2018-09-18,0.96200
2018-09-19,0.96700
2018-09-20,0.96240
2018-09-21,0.95930
2018-09-24,0.96200
2018-09-25,0.96460
2018-09-26,0.96810
2018-09-27,0.97760
2018-09-28,0.97580
2018-10-01,0.98400
2018-10-02,0.98440
2018-10-03,0.98940
2018-10-04,0.99250
2018-10-05,0.99220
2018-10-09,0.99280
2018-10-10,0.99080
2018-10-11,0.99200
2018-10-12,0.99160
2018-10-15,0.98680
2018-10-16,0.98940
2018-10-17,0.99260
2018-10-18,0.99400
2018-10-19,0.99680
2018-10-22,0.99630
2018-10-23,0.99430
2018-10-24,0.99820
2018-10-25,1.00090
2018-10-26,0.99800
2018-10-29,1.00060
2018-10-30,1.00460
2018-10-31,1.00570
2018-11-01,1.00330
2018-11-02,1.00360
2018-11-05,1.00550
2018-11-06,1.00420
2018-11-07,0.99980
2018-11-08,1.00330
2018-11-09,1.00620
2018-11-13,1.00830
2018-11-14,1.00670
2018-11-15,1.00580
2018-11-16,1.00120
2018-11-19,0.99380
2018-11-20,0.99440
2018-11-21,0.99520
2018-11-23,0.99760
2018-11-26,0.99840
2018-11-27,0.99980
2018-11-28,0.99940
2018-11-29,0.99660
2018-11-30,0.99870
2018-12-03,0.99750
2018-12-04,0.99750
2018-12-06,0.99260
2018-12-07,0.99140
2018-12-10,0.98960
2018-12-11,0.99310
2018-12-12,0.99200
2018-12-13,0.99380
2018-12-14,0.99700
2018-12-17,0.99340
2018-12-18,0.99300
2018-12-19,0.99180
2018-12-20,0.99180
2018-12-21,0.99140
2018-12-26,0.99080
2018-12-27,0.99020
2018-12-28,0.98380
2018-12-31,0.98320
2019-01-02,0.98840
2019-01-03,0.98890
2019-01-04,0.98590
2019-01-07,0.98100
2019-01-08,0.98100
2019-01-09,0.97670
2019-01-10,0.98170
2019-01-11,0.98290
2019-01-15,0.98850
2019-01-16,0.98990
2019-01-17,0.99440
2019-01-18,0.99540
2019-01-22,0.99720
2019-01-23,0.99460
2019-01-24,0.99650
2019-01-25,0.99300
2019-01-28,0.99100
2019-01-29,0.99500
2019-01-30,0.99880
2019-01-31,0.99380
2019-02-01,0.99400
2019-02-04,0.99740
2019-02-05,1.00050
2019-02-06,1.00090
2019-02-07,1.00100
2019-02-08,1.00000
2019-02-11,1.00400
2019-02-12,1.00680
2019-02-13,1.00730
2019-02-14,1.00640
2019-02-15,1.00630
2019-02-19,1.00180
2019-02-21,1.00100
2019-02-22,0.99980
2019-02-25,1.00060
2019-02-26,1.00020
2019-02-27,1.00030
2019-02-28,0.99740
2019-03-01,0.99870
2019-03-04,0.99940
2019-03-05,1.00450
2019-03-06,1.00380
2019-03-07,1.01060
2019-03-08,1.00740
2019-03-11,1.01100
2019-03-12,1.00780
2019-03-13,1.00460
2019-03-14,1.00440
2019-03-15,1.00260
2019-03-18,1.00040
2019-03-19,1.00010
2019-03-20,0.99740
2019-03-21,0.99240
2019-03-22,0.99400
2019-03-25,0.99180
2019-03-26,0.99400
2019-03-27,0.99460
2019-03-28,0.99520
2019-03-29,0.99620
2019-04-01,0.99880
2019-04-02,0.99860
2019-04-03,0.99700
2019-04-04,1.00020
2019-04-05,1.00030
2019-04-08,0.99940
2019-04-09,0.99990
2019-04-10,1.00190
2019-04-11,1.00270
2019-04-12,1.00170
2019-04-15,1.00390
2019-04-16,1.00660
2019-04-17,1.00990
2019-04-18,1.01540
2019-04-19,1.01440
2019-04-22,1.01550
2019-04-23,1.02180
2019-04-24,1.01840
2019-04-25,1.01990
2019-04-26,1.01900
2019-04-29,1.02010
2019-04-30,1.02000
2019-05-01,1.01370
2019-05-02,1.01800
2019-05-03,1.01780
2019-05-06,1.01790
2019-05-07,1.02150
2019-05-08,1.01810
2019-05-09,1.01330
2019-05-10,1.01090
2019-05-13,1.00640
2019-05-14,1.00880
2019-05-15,1.00900
2019-05-16,1.01010
2019-05-17,1.01080
2019-05-20,1.00820
2019-05-21,1.01040
2019-05-22,1.00900
2019-05-23,1.00400
2019-05-24,1.00210
2019-05-28,1.00860
2019-05-29,1.00660
2019-05-30,1.00740
2019-05-31,1.00340
2019-06-03,0.99940
2019-06-04,0.99400
2019-06-05,0.99190
2019-06-06,0.98860
2019-06-07,0.98770
2019-06-10,0.98980
2019-06-11,0.99250
2019-06-12,0.99440
2019-06-13,0.99460
2019-06-14,0.99900
2019-06-17,0.99820
2019-06-18,0.99940
2019-06-19,0.99600
2019-06-20,0.98210
2019-06-21,0.97890
2019-06-24,0.97200
2019-06-25,0.97260
2019-06-26,0.97600
2019-06-27,0.97660
2019-06-28,0.97580
2019-07-01,0.98640
2019-07-02,0.98600
2019-07-03,0.98640
2019-07-05,0.99230
2019-07-08,0.99380
2019-07-09,0.99280
2019-07-10,0.98920
2019-07-11,0.98860
2019-07-12,0.98450
2019-07-15,0.98470
2019-07-16,0.98900
2019-07-17,0.98700
2019-07-18,0.98620
2019-07-19,0.98230
2019-07-22,0.98150
2019-07-23,0.98480
2019-07-24,0.98540
2019-07-25,0.98990
2019-07-26,0.99330
2019-07-29,0.99160
2019-07-30,0.99080
2019-07-31,0.99020
2019-08-01,0.99380
2019-08-02,0.98200
2019-08-05,0.97210
2019-08-06,0.97820
2019-08-07,0.97080
2019-08-08,0.97510
2019-08-09,0.97100
2019-08-12,0.96960
2019-08-13,0.97440
2019-08-14,0.97360
2019-08-15,0.97620
2019-08-16,0.98000
2019-08-19,0.98080
2019-08-20,0.97920
2019-08-21,0.98160
2019-08-22,0.98340
2019-08-23,0.97480
2019-08-26,0.97820
2019-08-27,0.98150
2019-08-28,0.98070
2019-08-29,0.98530
2019-08-30,0.98990
2019-09-03,0.98720
2019-09-04,0.98170
2019-09-05,0.98680
2019-09-06,0.98660
2019-09-09,0.99100
2019-09-10,0.99080
2019-09-11,0.99330
2019-09-12,0.98910
2019-09-13,0.98980
2019-09-16,0.99190
2019-09-17,0.99250
2019-09-18,0.99500
2019-09-19,0.99270
2019-09-20,0.99300
2019-09-23,0.98940
2019-09-24,0.98720
2019-09-25,0.99090
2019-09-26,0.99280
2019-09-27,0.99190
2019-09-30,0.99780
2019-10-01,0.99360
2019-10-02,0.99750
2019-10-03,0.99740
2019-10-04,0.99580
2019-10-07,0.99470
2019-10-08,0.99400
2019-10-09,0.99500
2019-10-10,0.99540
2019-10-11,0.99670
2019-10-15,0.99820
2019-10-16,0.99590
2019-10-17,0.98700
2019-10-18,0.98560
2019-10-21,0.98650
2019-10-22,0.98890
2019-10-23,0.99070
2019-10-24,0.99230
2019-10-25,0.99450
2019-10-28,0.99600
2019-10-29,0.99360
2019-10-30,0.99090
2019-10-31,0.98680
2019-11-01,0.98550
2019-11-04,0.98710
2019-11-05,0.99320
2019-11-06,0.99200
2019-11-07,0.99540
2019-11-08,0.99710
2019-11-12,0.99290
2019-11-13,0.98920
2019-11-14,0.98780
2019-11-15,0.99030
2019-11-18,0.98790
2019-11-19,0.99120
2019-11-20,0.99210
2019-11-21,0.99200
2019-11-22,0.99670
2019-11-25,0.99640
2019-11-26,0.99780
2019-11-27,0.99960
2019-11-29,1.00010
2019-12-02,0.99200
2019-12-03,0.98620
2019-12-04,0.98930
2019-12-05,0.98720
2019-12-06,0.99090
2019-12-09,0.98790
2019-12-10,0.98520
2019-12-11,0.98560
2019-12-12,0.98600
2019-12-13,0.98380
2019-12-16,0.98390
2019-12-17,0.98110
2019-12-18,0.98190
2019-12-19,0.97770
2019-12-20,0.98240
2019-12-23,0.98200
2019-12-24,0.98070
2019-12-26,0.98080
2019-12-27,0.97410
2019-12-30,0.96770
2019-12-31,0.96770
2020-01-02,0.97210
2020-01-03,0.97030
2020-01-06,0.96880
2020-01-07,0.97160
2020-01-08,0.97250
2020-01-09,0.97240
2020-01-10,0.97290
2020-01-13,0.97050
2020-01-14,0.96770
2020-01-15,0.96340
2020-01-16,0.96500
2020-01-17,0.96830
2020-01-21,0.96810
2020-01-22,0.96960
2020-01-23,0.96980
2020-01-24,0.97120
2020-01-27,0.96950
2020-01-28,0.97380
2020-01-29,0.97470
2020-01-30,0.96920
2020-01-31,0.96450
2020-02-03,0.96550
2020-02-04,0.96930
2020-02-05,0.97290
2020-02-06,0.97500
2020-02-07,0.97770
2020-02-10,0.97780
2020-02-11,0.97610
2020-02-12,0.97670
2020-02-13,0.97880
2020-02-14,0.98180
2020-02-18,0.98140
2020-02-19,0.98390
2020-02-20,0.98310
2020-02-21,0.97810
2020-02-24,0.97760
2020-02-25,0.97650
2020-02-26,0.97590
2020-02-27,0.97180
2020-02-28,0.96710
2020-03-02,0.95770
2020-03-03,0.95630
2020-03-04,0.95540
2020-03-05,0.94870
2020-03-06,0.93650
2020-03-09,0.92960
2020-03-10,0.93300
2020-03-11,0.93810
2020-03-12,0.95400
2020-03-13,0.95410
2020-03-16,0.94670
2020-03-17,0.96470
2020-03-18,0.97270
2020-03-19,0.98470
2020-03-20,0.98660
2020-03-23,0.98240
2020-03-24,0.98130
2020-03-25,0.97810
2020-03-26,0.96450
2020-03-27,0.95580
2020-03-30,0.96060
2020-03-31,0.96270
2020-04-01,0.96750
2020-04-02,0.97270
2020-04-03,0.97770
2020-04-06,0.97680
2020-04-07,0.97070
2020-04-08,0.97100
2020-04-09,0.96600
2020-04-10,0.96480
2020-04-13,0.96740
2020-04-14,0.96060
2020-04-15,0.96470
2020-04-16,0.96950
2020-04-17,0.96620
2020-04-20,0.96700
2020-04-21,0.96910
2020-04-22,0.97110
2020-04-23,0.97310
2020-04-24,0.97500
2020-04-27,0.97560
2020-04-28,0.97430
2020-04-29,0.97480
2020-04-30,0.96690
2020-05-01,0.95990
2020-05-04,0.96470
2020-05-05,0.97210
2020-05-06,0.97450
2020-05-07,0.97460
2020-05-08,0.96990
2020-05-11,0.97220
2020-05-12,0.96800
2020-05-13,0.97040
2020-05-14,0.97270
2020-05-15,0.97260
2020-05-18,0.96990
2020-05-19,0.97250
2020-05-20,0.96490
2020-05-21,0.97030
2020-05-22,0.97220
2020-05-26,0.96680
2020-05-27,0.96960
2020-05-28,0.96420
2020-05-29,0.96180
2020-06-01,0.96130
2020-06-02,0.96230
2020-06-03,0.96130
2020-06-04,0.95650
2020-06-05,0.96220
2020-06-08,0.95670
2020-06-09,0.94870
2020-06-10,0.94500
2020-06-11,0.93820
2020-06-12,0.95150
2020-06-15,0.95030
2020-06-16,0.94940
2020-06-17,0.95120
2020-06-18,0.95100
2020-06-19,0.95190
2020-06-22,0.94750
2020-06-23,0.94380
2020-06-24,0.94710
2020-06-25,0.94850
2020-06-26,0.94800
2020-06-29,0.95040
2020-06-30,0.94670
2020-07-01,0.94550
2020-07-02,0.94550
2020-07-06,0.94160
2020-07-07,0.94100
2020-07-08,0.93820
2020-07-09,0.93970
2020-07-10,0.93950
2020-07-13,0.94100
2020-07-14,0.93850
2020-07-15,0.94390
2020-07-16,0.94320
2020-07-17,0.93880
2020-07-20,0.93890
2020-07-21,0.93400
2020-07-22,0.92880
2020-07-23,0.92500
2020-07-24,0.92220
2020-07-27,0.92040
2020-07-28,0.91690
2020-07-29,0.91410
2020-07-30,0.91200
2020-07-31,0.91130
2020-08-03,0.91940
2020-08-04,0.91540
2020-08-05,0.90530
2020-08-06,0.91010
2020-08-07,0.91400
2020-08-10,0.91540
2020-08-11,0.91630
2020-08-12,0.91090
2020-08-13,0.90970
2020-08-14,0.90910
2020-08-17,0.90580
2020-08-18,0.90290
2020-08-19,0.91140
2020-08-20,0.90820
2020-08-21,0.91310
2020-08-24,0.91090
2020-08-25,0.90890
2020-08-26,0.90860
2020-08-27,0.90770
2020-08-28,0.90410
2020-08-31,0.90120
2020-09-01,0.90720
2020-09-02,0.91070
2020-09-03,0.91040
2020-09-04,0.91470
2020-09-08,0.91660
2020-09-09,0.91310
2020-09-10,0.90770
2020-09-11,0.90920
2020-09-14,0.90710
2020-09-15,0.90850
2020-09-16,0.90800
2020-09-17,0.90980
2020-09-18,0.90960
2020-09-21,0.91630
2020-09-22,0.92000
2020-09-23,0.92330
2020-09-24,0.92640
2020-09-25,0.92910
2020-09-28,0.92470
2020-09-29,0.92150
2020-09-30,0.91880
2020-10-01,0.91790
2020-10-02,0.92040
2020-10-05,0.91530
2020-10-06,0.91530
2020-10-07,0.91680
2020-10-08,0.91760
2020-10-09,0.91030
2020-10-13,0.91470
2020-10-14,0.91270
2020-10-15,0.91430
2020-10-16,0.91530
2020-10-19,0.90920
2020-10-20,0.90710
2020-10-21,0.90420
2020-10-22,0.90740
2020-10-23,0.90550
2020-10-26,0.90730
2020-10-27,0.90660
2020-10-28,0.90970
2020-10-29,0.91710
2020-10-30,0.91650
2020-11-02,0.92000
2020-11-03,0.91260
2020-11-04,0.91070
2020-11-05,0.90630
2020-11-06,0.89860
2020-11-09,0.91270
2020-11-10,0.91360
2020-11-12,0.91360
2020-11-13,0.91330
2020-11-16,0.91210
2020-11-17,0.91090
2020-11-18,0.90960
2020-11-19,0.91190
2020-11-20,0.91180
2020-11-23,0.91310
2020-11-24,0.91210
2020-11-25,0.90900
2020-11-30,0.90600
2020-12-01,0.90050
2020-12-02,0.89610
2020-12-03,0.89060
2020-12-04,0.89080
2020-12-07,0.88920
2020-12-08,0.88860
2020-12-09,0.89010
2020-12-10,0.88780
2020-12-11,0.89020
2020-12-14,0.88720
2020-12-15,0.88590
2020-12-16,0.88610
2020-12-17,0.88410
2020-12-18,0.88500
2020-12-21,0.88590
2020-12-22,0.88890
2020-12-23,0.88820
2020-12-28,0.88980
2020-12-29,0.88380
2020-12-30,0.88320
2020-12-31,0.88410
2021-01-04,0.88110
2021-01-05,0.87840
2021-01-06,0.88100
2021-01-07,0.88410
2021-01-08,0.88430
2021-01-11,0.88970
2021-01-12,0.88920
2021-01-13,0.88740
2021-01-14,0.88700
2021-01-15,0.88940
2021-01-19,0.88880
2021-01-21,0.88700
2021-01-22,0.88530
2021-01-25,0.88820
2021-01-26,0.88800
2021-01-27,0.88900
2021-01-28,0.88870
2021-01-29,0.89050
2021-02-01,0.89650
2021-02-02,0.89870
2021-02-03,0.89930
2021-02-04,0.90310
2021-02-05,0.89960
2021-02-08,0.89860
2021-02-09,0.89300
2021-02-10,0.88910
2021-02-11,0.89070
2021-02-12,0.89110
2021-02-16,0.89230
2021-02-17,0.89850
2021-02-18,0.89680
2021-02-19,0.89480
2021-02-22,0.89580
2021-02-23,0.90220
2021-02-24,0.90740
2021-02-25,0.90330
2021-02-26,0.90920
2021-03-01,0.91380
2021-03-02,0.91410
2021-03-03,0.91800
2021-03-04,0.92570
2021-03-05,0.93050
2021-03-08,0.93550
2021-03-09,0.92920
2021-03-10,0.93170
2021-03-11,0.92440
2021-03-12,0.92810
2021-03-15,0.92830
2021-03-16,0.92610
2021-03-17,0.92760
2021-03-18,0.92810
2021-03-19,0.93010
2021-03-22,0.92330
2021-03-23,0.93270
2021-03-24,0.93550
2021-03-25,0.93930
2021-03-26,0.93980
2021-03-29,0.93810
2021-03-30,0.94270
2021-03-31,0.94180
2021-04-01,0.94090
2021-04-02,0.94190
2021-04-05,0.93590
2021-04-06,0.93250
2021-04-07,0.92740
2021-04-08,0.92490
2021-04-09,0.92490
2021-04-12,0.92280
2021-04-13,0.92130
2021-04-14,0.92280
2021-04-15,0.92270
2021-04-16,0.91960
2021-04-19,0.91550
2021-04-20,0.91450
2021-04-21,0.91660
2021-04-22,0.91820
2021-04-23,0.91520
2021-04-26,0.91450
2021-04-27,0.91340
2021-04-28,0.91240
2021-04-29,0.90990
2021-04-30,0.91270
2021-05-03,0.91160
2021-05-04,0.91360
2021-05-05,0.91300
2021-05-06,0.90960
2021-05-07,0.90090
2021-05-10,0.89860
2021-05-11,0.90200
2021-05-12,0.90880
2021-05-13,0.90680
2021-05-14,0.90210
2021-05-17,0.90160
2021-05-18,0.89860
2021-05-19,0.90030
2021-05-20,0.89850
2021-05-21,0.89870
2021-05-24,0.89730
2021-05-25,0.89710
2021-05-26,0.89730
2021-05-27,0.89770
2021-05-28,0.89950
2021-06-01,0.89540
2021-06-02,0.89800
2021-06-03,0.90510
2021-06-04,0.89900
2021-06-07,0.89690
2021-06-08,0.89630
2021-06-09,0.89580
2021-06-10,0.89510
2021-06-11,0.89930
2021-06-14,0.89910
2021-06-15,0.89850
2021-06-16,0.89860
2021-06-17,0.91730
2021-06-18,0.92150
2021-06-21,0.91840
2021-06-22,0.92000
2021-06-23,0.91690
2021-06-24,0.91880
2021-06-25,0.91750
2021-06-28,0.91840
2021-06-29,0.92010
2021-06-30,0.92530
2021-07-01,0.92530
2021-07-02,0.92240
2021-07-06,0.92450
2021-07-07,0.92520
2021-07-08,0.91530
2021-07-09,0.91510
2021-07-12,0.91540
2021-07-13,0.91640
2021-07-14,0.91540
2021-07-15,0.91860
2021-07-16,0.91920
2021-07-19,0.91790
2021-07-20,0.92180
2021-07-21,0.91790
2021-07-22,0.91950
2021-07-23,0.92110
2021-07-26,0.91570
2021-07-27,0.91350
2021-07-28,0.91340
2021-07-29,0.90620
2021-07-30,0.90610
2021-08-02,0.90510
2021-08-03,0.90470
2021-08-04,0.90610
2021-08-05,0.90700
2021-08-06,0.91420
2021-08-09,0.91910
2021-08-10,0.92260
2021-08-11,0.92150
2021-08-12,0.92300
2021-08-13,0.91620
2021-08-16,0.91230
2021-08-17,0.91440
2021-08-18,0.91790
2021-08-19,0.91730
2021-08-20,0.91760
2021-08-23,0.91370
2021-08-24,0.91300
2021-08-25,0.91370
2021-08-26,0.91740
2021-08-27,0.91220
2021-08-30,0.91720
2021-08-31,0.91610
2021-09-01,0.91450
2021-09-02,0.91590
2021-09-03,0.91360
2021-09-07,0.91790
2021-09-08,0.92190
2021-09-09,0.91730
2021-09-10,0.91800
2021-09-13,0.92130
2021-09-14,0.91930
2021-09-15,0.91960
2021-09-16,0.92510
2021-09-17,0.93080
2021-09-20,0.92770
2021-09-21,0.92350
2021-09-22,0.92230
2021-09-23,0.92430
2021-09-24,0.92460
2021-09-27,0.92560
2021-09-28,0.92820
2021-09-29,0.93350
2021-09-30,0.93390
2021-10-01,0.92970
2021-10-04,0.92480
2021-10-05,0.92710
2021-10-06,0.92790
2021-10-07,0.92800
2021-10-08,0.92720
2021-10-12,0.93020
2021-10-13,0.92600
2021-10-14,0.92320
2021-10-15,0.92410
2021-10-18,0.92320
2021-10-19,0.92270
2021-10-20,0.91970
2021-10-21,0.91730
2021-10-22,0.91640
2021-10-25,0.91930
2021-10-26,0.92040
2021-10-27,0.91830
2021-10-28,0.91230
2021-10-29,0.91650
2021-11-01,0.91050
2021-11-02,0.91450
2021-11-03,0.91210
2021-11-04,0.91270
2021-11-05,0.91330
2021-11-08,0.91320
2021-11-09,0.91180
2021-11-10,0.91640
2021-11-12,0.92110
2021-11-15,0.92170
2021-11-16,0.92980
2021-11-17,0.92860
2021-11-18,0.92600
2021-11-19,0.92620
2021-11-22,0.93000
2021-11-23,0.93250
2021-11-24,0.93540
2021-11-26,0.92340
2021-11-29,0.92500
2021-11-30,0.92170
2021-12-01,0.91950
2021-12-02,0.92050
2021-12-03,0.91850
2021-12-06,0.92560
2021-12-07,0.92640
2021-12-08,0.92170
2021-12-09,0.92600
2021-12-10,0.92050
2021-12-13,0.92120
2021-12-14,0.92360
2021-12-15,0.92580
2021-12-16,0.92150
2021-12-17,0.92260
2021-12-20,0.92000
2021-12-21,0.92420
2021-12-22,0.92010
2021-12-23,0.91860
2021-12-27,0.91750
2021-12-28,0.91670
2021-12-29,0.91490
2021-12-30,0.91460
2022-01-03,0.91880
2022-01-04,0.91540
2022-01-05,0.91610
2022-01-06,0.91960
2022-01-07,0.91910
2022-01-10,0.92520
2022-01-11,0.92370
2022-01-12,0.91340
2022-01-13,0.91020
2022-01-14,0.91330
2022-01-18,0.91680
2022-01-19,0.91550
2022-01-20,0.91570
2022-01-21,0.91200
2022-01-24,0.91460
2022-01-25,0.91940
2022-01-26,0.92130
2022-01-27,0.93180
2022-01-28,0.92980
2022-01-31,0.93030
2022-02-01,0.92310
2022-02-02,0.91860
2022-02-03,0.92130
2022-02-04,0.92480
2022-02-07,0.92430
2022-02-08,0.92440
2022-02-09,0.92330
2022-02-10,0.92300
2022-02-11,0.92550
2022-02-14,0.92650
2022-02-15,0.92580
2022-02-16,0.92190
2022-02-17,0.92020
2022-02-18,0.92100
2022-02-22,0.92040
2022-02-23,0.91790
2022-02-24,0.92660
2022-02-25,0.92740
2022-02-28,0.91790
2022-03-01,0.91860
2022-03-02,0.92160
2022-03-03,0.92040
2022-03-04,0.91830
2022-03-07,0.92670
2022-03-08,0.93020
2022-03-09,0.92640
2022-03-10,0.92940
2022-03-11,0.93260
2022-03-14,0.93580
2022-03-15,0.94150
2022-03-16,0.94140
2022-03-17,0.93490
2022-03-18,0.93370
2022-03-21,0.93030
2022-03-22,0.93250
2022-03-23,0.93180
2022-03-24,0.93080
2022-03-25,0.93080
2022-03-28,0.93440
2022-03-29,0.93030
2022-03-30,0.92330
2022-03-31,0.92110
2022-04-01,0.92560
2022-04-04,0.92560
2022-04-05,0.92920
2022-04-06,0.93250
2022-04-07,0.93320
2022-04-08,0.93330
2022-04-11,0.93080
2022-04-12,0.93020
2022-04-13,0.93350
2022-04-14,0.94260
2022-04-15,0.94310
2022-04-18,0.94410
2022-04-19,0.94820
2022-04-20,0.94690
2022-04-21,0.95330
2022-04-22,0.95870
2022-04-25,0.95850
2022-04-26,0.96100
2022-04-27,0.96950
2022-04-28,0.97240
2022-04-29,0.97230
2022-05-02,0.97700
2022-05-03,0.97850
2022-05-04,0.98290
2022-05-05,0.98740
2022-05-06,0.98580
2022-05-09,0.99270
2022-05-10,0.99490
2022-05-11,0.99070
2022-05-12,1.00040
2022-05-13,1.00140
2022-05-16,1.00280
2022-05-17,0.99310
2022-05-18,0.99020
2022-05-19,0.97290
2022-05-20,0.97490
2022-05-23,0.96640
2022-05-24,0.95970
2022-05-25,0.96370
2022-05-26,0.95950
2022-05-27,0.95750
2022-05-31,0.95700
2022-06-01,0.96440
2022-06-02,0.95920
2022-06-03,0.96250
2022-06-06,0.96900
2022-06-07,0.97310
2022-06-08,0.97500
2022-06-09,0.97780
2022-06-10,0.98860
2022-06-13,0.99660
2022-06-14,1.00160
2022-06-15,1.00210
2022-06-16,0.96630
2022-06-17,0.97170
2022-06-21,0.96600
2022-06-22,0.96150
2022-06-23,0.96060
2022-06-24,0.95690
2022-06-27,0.95510
2022-06-28,0.95630
2022-06-29,0.95410
2022-06-30,0.95500
2022-07-01,0.96230
2022-07-05,0.96900
2022-07-06,0.97140
2022-07-07,0.97340
2022-07-08,0.97750
2022-07-11,0.97940
2022-07-12,0.98120
2022-07-13,0.97840
2022-07-14,0.98290
2022-07-15,0.97760
2022-07-18,0.97640
2022-07-19,0.96830
2022-07-20,0.97210
2022-07-21,0.96930
2022-07-22,0.96130
2022-07-25,0.96510
2022-07-26,0.96340
2022-07-27,0.96500
2022-07-28,0.95680
2022-07-29,0.95130
2022-08-01,0.94860
2022-08-02,0.95430
2022-08-03,0.96300
2022-08-04,0.95650
2022-08-05,0.96350
2022-08-08,0.95450
2022-08-09,0.95250
2022-08-10,0.94100
2022-08-11,0.93910
2022-08-12,0.94300
2022-08-15,0.94490
2022-08-16,0.95060
2022-08-17,0.95370
2022-08-18,0.95460
2022-08-19,0.95900
2022-08-22,0.96520
2022-08-23,0.96320
2022-08-24,0.96640
2022-08-25,0.96480
2022-08-26,0.96350
2022-08-29,0.96880
2022-08-30,0.97460
2022-08-31,0.97480
2022-09-01,0.98380
2022-09-02,0.98010
2022-09-06,0.98390
2022-09-07,0.98080
2022-09-08,0.97260
2022-09-09,0.96040
2022-09-12,0.95190
2022-09-13,0.96080
2022-09-14,0.96120
2022-09-15,0.96070
2022-09-16,0.96470
2022-09-19,0.96630
2022-09-20,0.96280
2022-09-21,0.96520
2022-09-22,0.98060
2022-09-23,0.98160
2022-09-26,0.99240
2022-09-27,0.98960
2022-09-28,0.97560
2022-09-29,0.97980
2022-09-30,0.98450
2022-10-03,0.99290
2022-10-04,0.98060
2022-10-05,0.98380
2022-10-06,0.98990
2022-10-07,0.99140
2022-10-11,0.99400
2022-10-12,0.99800
2022-10-13,0.99870
2022-10-14,1.00490
2022-10-17,0.99530
2022-10-18,0.99620
2022-10-19,1.00390
2022-10-20,1.00030
2022-10-21,0.99810
2022-10-24,1.00070
2022-10-25,0.99610
2022-10-26,0.98650
2022-10-27,0.98990
2022-10-28,0.99680
2022-10-31,1.00060
2022-11-01,0.99950
2022-11-02,0.99880
2022-11-03,1.01310
2022-11-04,0.99810
2022-11-07,0.99060
2022-11-08,0.98420
2022-11-09,0.98360
2022-11-10,0.96720
2022-11-14,0.94270
2022-11-15,0.94440
2022-11-16,0.94450
2022-11-17,0.95400
2022-11-18,0.95220
2022-11-21,0.95860
2022-11-22,0.95310
2022-11-23,0.94320
2022-11-25,0.94590
2022-11-28,0.94630
2022-11-29,0.95060
2022-11-30,0.94860
2022-12-01,0.93770
2022-12-02,0.93690
2022-12-05,0.94210
2022-12-06,0.94060
2022-12-07,0.94010
2022-12-08,0.93580
2022-12-09,0.93200
2022-12-12,0.93560
2022-12-13,0.92680
2022-12-14,0.92380
2022-12-15,0.92880
2022-12-16,0.93240
2022-12-19,0.93030
2022-12-20,0.92590
2022-12-21,0.92770
2022-12-22,0.93100
2022-12-23,0.93350
2022-12-27,0.92850
2022-12-28,0.92750
2022-12-29,0.92330
2022-12-30,0.92410
2023-01-03,0.93680
2023-01-04,0.92710
2023-01-05,0.93640
2023-01-06,0.92930
2023-01-09,0.91800
2023-01-10,0.92250
2023-01-11,0.92990
2023-01-12,0.92880
2023-01-13,0.92840
2023-01-17,0.92150
2023-01-18,0.91400
2023-01-19,0.91620
2023-01-20,0.92210
2023-01-23,0.92310
2023-01-24,0.92300
2023-01-25,0.91990
2023-01-26,0.92100
2023-01-27,0.92180
2023-01-30,0.92310
2023-01-31,0.91860
2023-02-01,0.91470
2023-02-02,0.91200
2023-02-03,0.92500
2023-02-06,0.92780
2023-02-07,0.92390
2023-02-08,0.91980
2023-02-09,0.91920
2023-02-10,0.92460
2023-02-13,0.92070
2023-02-14,0.92240
2023-02-15,0.92380
2023-02-16,0.92450
2023-02-17,0.92660
2023-02-21,0.92670
2023-02-22,0.92970
2023-02-23,0.93430
2023-02-24,0.94000
2023-02-27,0.93750
2023-02-28,0.93760
2023-03-01,0.93870
2023-03-02,0.94200
2023-03-03,0.93810
2023-03-06,0.93080
2023-03-07,0.94130
2023-03-08,0.93950
2023-03-09,0.93630
2023-03-10,0.92130
2023-03-13,0.91180
2023-03-14,0.91370
2023-03-15,0.92430
2023-03-16,0.92990
2023-03-17,0.92840
2023-03-20,0.92670
2023-03-21,0.92380
2023-03-22,0.92370
2023-03-23,0.91450
2023-03-24,0.91810
2023-03-27,0.91630
2023-03-28,0.91980
2023-03-29,0.91950
2023-03-30,0.91400
2023-03-31,0.91290
2023-04-03,0.91300
2023-04-04,0.90710
2023-04-05,0.90500
2023-04-06,0.90400
2023-04-07,0.90490
2023-04-10,0.91120
2023-04-11,0.90400
2023-04-12,0.89680
2023-04-13,0.88740
2023-04-14,0.89550
2023-04-17,0.89940
2023-04-18,0.89800
2023-04-19,0.89840
2023-04-20,0.89440
2023-04-21,0.89260
2023-04-24,0.88870
2023-04-25,0.89250
2023-04-26,0.89010
2023-04-27,0.89570
2023-04-28,0.89110
2023-05-01,0.89610
2023-05-02,0.89310
2023-05-03,0.88710
2023-05-04,0.88610
2023-05-05,0.89130
2023-05-08,0.88940
2023-05-09,0.89160
2023-05-10,0.89110
2023-05-11,0.89530
2023-05-12,0.89710
2023-05-15,0.89490
2023-05-16,0.89650
2023-05-17,0.89920
2023-05-18,0.90460
2023-05-19,0.89890
2023-05-22,0.89910
2023-05-23,0.90140
2023-05-24,0.90580
2023-05-25,0.90600
2023-05-26,0.90600
2023-05-30,0.90480
2023-05-31,0.91290
2023-06-01,0.90770
2023-06-02,0.90750
2023-06-05,0.90580
2023-06-06,0.90760
2023-06-07,0.90890
2023-06-08,0.90030
2023-06-09,0.90260
2023-06-12,0.90990
2023-06-13,0.90530
2023-06-14,0.89720
2023-06-15,0.89270
2023-06-16,0.89430
2023-06-20,0.89930
2023-06-21,0.89500
2023-06-22,0.89670
2023-06-23,0.89790
2023-06-26,0.89460
2023-06-27,0.89410
2023-06-28,0.89750
2023-06-29,0.89840
2023-06-30,0.89470
2023-07-03,0.89560
2023-07-05,0.89800
2023-07-06,0.89650
2023-07-07,0.88870
2023-07-10,0.88690
2023-07-11,0.88050
2023-07-12,0.86760
2023-07-13,0.85950
2023-07-14,0.86160
2023-07-17,0.86020
2023-07-18,0.85820
2023-07-19,0.85980
2023-07-20,0.86710
2023-07-21,0.86580
2023-07-24,0.86640
2023-07-25,0.86440
2023-07-26,0.86250
2023-07-27,0.86860
2023-07-28,0.86870
2023-07-31,0.86880
2023-08-01,0.87630
2023-08-02,0.87790
2023-08-03,0.87420
2023-08-04,0.87130
2023-08-07,0.87420
2023-08-08,0.87570
2023-08-09,0.87700
2023-08-10,0.87360
2023-08-11,0.87650
2023-08-14,0.87750
2023-08-15,0.87690
2023-08-16,0.87860
2023-08-17,0.87920
2023-08-18,0.88170
2023-08-21,0.87990
2023-08-22,0.88000
2023-08-23,0.87850
2023-08-24,0.88250
2023-08-25,0.88600
2023-08-28,0.88320
2023-08-29,0.87980
2023-08-30,0.87720
2023-08-31,0.88370
2023-09-01,0.88570
2023-09-05,0.88880
2023-09-06,0.89240
2023-09-07,0.89270
2023-09-08,0.89270
2023-09-11,0.89100
2023-09-12,0.89130
2023-09-13,0.89250
2023-09-14,0.89490
2023-09-15,0.89600
2023-09-18,0.89640
2023-09-19,0.89790
2023-09-20,0.89530
2023-09-21,0.90330
2023-09-22,0.90640
2023-09-25,0.91200
2023-09-26,0.91440
2023-09-27,0.91980
2023-09-28,0.91500
2023-09-29,0.91410
2023-10-02,0.91760
2023-10-03,0.92260
2023-10-04,0.91600
2023-10-05,0.91410
2023-10-06,0.90820
2023-10-10,0.90390
2023-10-11,0.90250
2023-10-12,0.90640
2023-10-13,0.90180
2023-10-16,0.90070
2023-10-17,0.89950
2023-10-18,0.89850
2023-10-19,0.89560
2023-10-20,0.89180
2023-10-23,0.89190
2023-10-24,0.89350
2023-10-25,0.89510
2023-10-26,0.89950
2023-10-27,0.90210
2023-10-30,0.90170
2023-10-31,0.91000
2023-11-01,0.91030
2023-11-02,0.90610
2023-11-03,0.89840
2023-11-06,0.89690
2023-11-07,0.90050
2023-11-08,0.89800
2023-11-09,0.89960
2023-11-13,0.90140
2023-11-14,0.89050
2023-11-15,0.88720
2023-11-16,0.88820
2023-11-17,0.88700
2023-11-20,0.88410
2023-11-21,0.88310
2023-11-22,0.88530
2023-11-24,0.88180
2023-11-27,0.88110
2023-11-28,0.87630
2023-11-29,0.87520
2023-11-30,0.87250
2023-12-01,0.87060
2023-12-04,0.87300
2023-12-05,0.87600
2023-12-06,0.87410
2023-12-07,0.87580
2023-12-08,0.88100
2023-12-11,0.87950
2023-12-12,0.87570
2023-12-13,0.87610
2023-12-14,0.86390
2023-12-15,0.86880
2023-12-18,0.86820
2023-12-19,0.86090
2023-12-20,0.86150
2023-12-21,0.85770
2023-12-22,0.85640
2023-12-26,0.85520
2023-12-27,0.84170
2023-12-28,0.83960
2023-12-29,0.84050
2024-01-02,0.84830
2024-01-03,0.85230
2024-01-04,0.85030
2024-01-05,0.84860
2024-01-08,0.84660
2024-01-09,0.85150
2024-01-10,0.85140
2024-01-11,0.85560
2024-01-12,0.85230
2024-01-16,0.86040
2024-01-17,0.86670
2024-01-18,0.86850
2024-01-19,0.86940
2024-01-22,0.86860
2024-01-23,0.87180
2024-01-24,0.86310
2024-01-25,0.86740
2024-01-26,0.86350
2024-01-29,0.86400
2024-01-30,0.86240
2024-01-31,0.85870
2024-02-01,0.85790
2024-02-02,0.86760
2024-02-05,0.87110
2024-02-06,0.87020
2024-02-07,0.87310
2024-02-08,0.87360
2024-02-09,0.87500
2024-02-12,0.87590
2024-02-13,0.88630
2024-02-14,0.88520
2024-02-15,0.88080
2024-02-16,0.88130
2024-02-20,0.88070
2024-02-21,0.87990
2024-02-22,0.88160
2024-02-23,0.88040
2024-02-26,0.88010
2024-02-27,0.87920
2024-02-28,0.87860
2024-02-29,0.88330
2024-03-01,0.88440
2024-03-04,0.88410
2024-03-05,0.88370
2024-03-06,0.88120
2024-03-07,0.87810
2024-03-08,0.87660
2024-03-11,0.87830
2024-03-12,0.87820
2024-03-13,0.87800
2024-03-14,0.88340
2024-03-15,0.88370
2024-03-18,0.88620
2024-03-19,0.88820
2024-03-20,0.89110
2024-03-21,0.89930
2024-03-22,0.89830
2024-03-25,0.89830
2024-03-26,0.90270
2024-03-27,0.90560
2024-03-28,0.90060
2024-03-29,0.90150
2024-04-01,0.90550
2024-04-02,0.90710
2024-04-03,0.90380
2024-04-04,0.90490
2024-04-05,0.90050
2024-04-08,0.90510
2024-04-09,0.90320
2024-04-10,0.91270
2024-04-11,0.91070
2024-04-12,0.91200
2024-04-15,0.91370
2024-04-16,0.91280
2024-04-17,0.91210
2024-04-18,0.91150
2024-04-19,0.90920
2024-04-22,0.91190
2024-04-23,0.91170
2024-04-24,0.91410
2024-04-25,0.91340
2024-04-26,0.91420
2024-04-29,0.91080
2024-04-30,0.91740
2024-05-01,0.91950
2024-05-02,0.91190
2024-05-03,0.90470
2024-05-06,0.90520
2024-05-07,0.90720
2024-05-08,0.90760
2024-05-09,0.90720
2024-05-10,0.90630
2024-05-13,0.90750
2024-05-14,0.90670
2024-05-15,0.90410
2024-05-16,0.90440
2024-05-17,0.90790
2024-05-20,0.90970
2024-05-21,0.91080
2024-05-22,0.91400
2024-05-23,0.91440
2024-05-24,0.91430
2024-05-28,0.91060
2024-05-29,0.91350
2024-05-30,0.90360
2024-05-31,0.90340
2024-06-03,0.89540
2024-06-04,0.89040
2024-06-05,0.89400
2024-06-06,0.89170
2024-06-07,0.89600
2024-06-10,0.89680
2024-06-11,0.89870
2024-06-12,0.89180
2024-06-13,0.89350
2024-06-14,0.89070
2024-06-17,0.89140
2024-06-18,0.88420
2024-06-20,0.89120
2024-06-21,0.89380
2024-06-24,0.89390
2024-06-25,0.89440
2024-06-26,0.89730
2024-06-27,0.89800
2024-06-28,0.89920
2024-07-01,0.90390
2024-07-02,0.90460
2024-07-03,0.90070
2024-07-05,0.89760
2024-07-08,0.89710
2024-07-09,0.89780
2024-07-10,0.89920
2024-07-11,0.89390
2024-07-12,0.89420
2024-07-15,0.89490
2024-07-16,0.89530
2024-07-17,0.88460
2024-07-18,0.88580
2024-07-19,0.88840
2024-07-22,0.89000
2024-07-23,0.89150
2024-07-24,0.88380
2024-07-25,0.88020
2024-07-26,0.88260
2024-07-29,0.88600
2024-07-30,0.88520
2024-07-31,0.87970
2024-08-01,0.87440
2024-08-02,0.86050
2024-08-05,0.85280
2024-08-06,0.85330
2024-08-07,0.86520
2024-08-08,0.86560
2024-08-09,0.86390
2024-08-12,0.86730
2024-08-13,0.86540
2024-08-14,0.86380
2024-08-15,0.87120
2024-08-16,0.86850
2024-08-19,0.86290
2024-08-20,0.85760
2024-08-21,0.85150
2024-08-22,0.85180
2024-08-23,0.84920
2024-08-26,0.84790
2024-08-27,0.84390
2024-08-28,0.84200
2024-08-29,0.84660
2024-08-30,0.84930
2024-09-03,0.85030
2024-09-04,0.84820
2024-09-05,0.84530
2024-09-06,0.84280
2024-09-09,0.84800
2024-09-10,0.84590
2024-09-11,0.85050
2024-09-12,0.85270
2024-09-13,0.84790
2024-09-16,0.84530
2024-09-17,0.84700
2024-09-18,0.84590
2024-09-19,0.84780
2024-09-20,0.84960
2024-09-23,0.84750
2024-09-24,0.84590
2024-09-25,0.84950
2024-09-26,0.84630
2024-09-27,0.84240
2024-09-30,0.84440
2024-10-01,0.84580
2024-10-02,0.84950
2024-10-03,0.85400
2024-10-04,0.85890
2024-10-07,0.85550
2024-10-08,0.85760
2024-10-09,0.85950
2024-10-10,0.85730
2024-10-11,0.85740
2024-10-15,0.86210
2024-10-16,0.86420
2024-10-17,0.86540
2024-10-18,0.86590
2024-10-21,0.86580
2024-10-22,0.86540
2024-10-23,0.86650
2024-10-24,0.86680
2024-10-25,0.86640
2024-10-28,0.86590
2024-10-29,0.86840
2024-10-30,0.86640
2024-10-31,0.86480
2024-11-01,0.87040
2024-11-04,0.86320
2024-11-05,0.86350
2024-11-06,0.87610
2024-11-07,0.87240
2024-11-08,0.87550
2024-11-12,0.88270
2024-11-13,0.88500
2024-11-14,0.88780
2024-11-15,0.88780
2024-11-18,0.88500
2024-11-19,0.88240
2024-11-20,0.88550
2024-11-21,0.88660
2024-11-22,0.89460
2024-11-25,0.88740
2024-11-26,0.88760
2024-11-27,0.88060
2024-11-29,0.88220
2024-12-02,0.88660
2024-12-03,0.88520
2024-12-04,0.88350
2024-12-05,0.87940
2024-12-06,0.87760
2024-12-09,0.87740
2024-12-10,0.88230
2024-12-11,0.88300
2024-12-12,0.88790
2024-12-13,0.89290
2024-12-16,0.89340
2024-12-17,0.89300
2024-12-18,0.89370
2024-12-19,0.89940
2024-12-20,0.89280
2024-12-23,0.89910
2024-12-24,0.90090
2024-12-26,0.90000
2024-12-27,0.90180
2024-12-30,0.90660
2024-12-31,0.90680
2025-01-02,0.91240
2025-01-03,0.90960
2025-01-06,0.90430
2025-01-07,0.90760
2025-01-08,0.91070
2025-01-09,0.91240
2025-01-10,0.91720
2025-01-13,0.91920
2025-01-14,0.91390
2025-01-15,0.91290
2025-01-16,0.91100
2025-01-17,0.91480
2025-01-21,0.90690
2025-01-22,0.90700
2025-01-23,0.90720
2025-01-24,0.90440
2025-01-27,0.90060
2025-01-28,0.90510
2025-01-29,0.90770
2025-01-30,0.90850
2025-01-31,0.90880
2025-02-03,0.91390
2025-02-04,0.90580
2025-02-05,0.90090
2025-02-06,0.90550
2025-02-07,0.91010
2025-02-10,0.91100
2025-02-11,0.91330
2025-02-12,0.91300
2025-02-13,0.90480
2025-02-14,0.89830
2025-02-18,0.90230
2025-02-19,0.90540
2025-02-20,0.89930
2025-02-21,0.89900
2025-02-24,0.89660
2025-02-25,0.89280
2025-02-26,0.89310
2025-02-27,0.89810
2025-02-28,0.90190
2025-03-03,0.89720
2025-03-04,0.89000
2025-03-05,0.89000
2025-03-06,0.88410
2025-03-07,0.87740
2025-03-10,0.88130
2025-03-11,0.88000
2025-03-12,0.88270
2025-03-13,0.88490
2025-03-14,0.88550
2025-03-17,0.88120
2025-03-18,0.87730
2025-03-19,0.88000
2025-03-20,0.88260
2025-03-21,0.88340
2025-03-24,0.88420
2025-03-25,0.88190
2025-03-26,0.88390
2025-03-27,0.88180
2025-03-28,0.88090
2025-03-31,0.88430
2025-04-01,0.88270
2025-04-02,0.88190
2025-04-03,0.85900
2025-04-04,0.85470
2025-04-07,0.85970
2025-04-08,0.85600
2025-04-09,0.84130
2025-04-10,0.82830
2025-04-11,0.81530
2025-04-14,0.81390
2025-04-15,0.82090
2025-04-16,0.81420
2025-04-17,0.82030
2025-04-18,0.81740
2025-04-21,0.80690
2025-04-22,0.81500
2025-04-23,0.82710
2025-04-24,0.82710
2025-04-25,0.82850
2025-04-28,0.82540
2025-04-29,0.82410
2025-04-30,0.82270
2025-05-01,0.83210
2025-05-02,0.82620
2025-05-05,0.82390
2025-05-06,0.82420
2025-05-07,0.82150
2025-05-08,0.82910
2025-05-09,0.82980
2025-05-12,0.84270
2025-05-13,0.84120
2025-05-14,0.83970
2025-05-15,0.83590
2025-05-16,0.83960
2025-05-19,0.83420
2025-05-20,0.83210
2025-05-21,0.82510
2025-05-22,0.82910
2025-05-23,0.82140
2025-05-27,0.82780
2025-05-28,0.82760
2025-05-29,0.82270
2025-05-30,0.82290
2025-06-02,0.81730
2025-06-03,0.82420
2025-06-04,0.81830
2025-06-05,0.82100
2025-06-06,0.82200
2025-06-09,0.82050
2025-06-10,0.82190
2025-06-11,0.81950
2025-06-12,0.81250
2025-06-13,0.81160
2025-06-16,0.81150
2025-06-17,0.81410
2025-06-18,0.81740
2025-06-20,0.81750
2025-06-23,0.81330
2025-06-24,0.80490
2025-06-25,0.80570
2025-06-26,0.79900
2025-06-27,0.79890
2025-06-30,0.79380
2025-07-01,0.79290
2025-07-02,0.79210
2025-07-03,0.79510
2025-07-07,0.79690
2025-07-08,0.79710
2025-07-09,0.79570
2025-07-10,0.79710
2025-07-11,0.79620
2025-07-14,0.79770
2025-07-15,0.80040
2025-07-16,0.80140
2025-07-17,0.80430
2025-07-18,0.80010
2025-07-21,0.79730
2025-07-22,0.79260
2025-07-23,0.79360
2025-07-24,0.79570
2025-07-25,0.79650
2025-07-28,0.80250
2025-07-29,0.80710
2025-07-30,0.81110
2025-07-31,0.81230
2025-08-01,0.80680
2025-08-04,0.80830
2025-08-05,0.80710
2025-08-06,0.80520
2025-08-07,0.80740
2025-08-08,0.80730
2025-08-11,0.81260
2025-08-12,0.80810
2025-08-13,0.80430
2025-08-14,0.80780
2025-08-15,0.80610
2025-08-18,0.80680
2025-08-19,0.80700
2025-08-20,0.80440
2025-08-21,0.80850
2025-08-22,0.80160
2025-08-25,0.80340
2025-08-26,0.80310
2025-08-27,0.80370
2025-08-28,0.80170
2025-08-29,0.79960
2025-09-02,0.80330
2025-09-03,0.80320
2025-09-04,0.80590
2025-09-05,0.79580
2025-09-08,0.79350
2025-09-09,0.79610
2025-09-10,0.79790
2025-09-11,0.79610
2025-09-12,0.79750
2025-09-15,0.79380
2025-09-16,0.78770
2025-09-17,0.78710
2025-09-18,0.79270
2025-09-19,0.79490
2025-09-22,0.79350
2025-09-23,0.79220
2025-09-24,0.79510
2025-09-25,0.80060
2025-09-26,0.79850
2025-09-29,0.79700
2025-09-30,0.79660
2025-10-01,0.79840
2025-10-02,0.79940
2025-10-03,0.79490
2025-10-06,0.79540
2025-10-07,0.79700
2025-10-08,0.80200
2025-10-09,0.80590
2025-10-10,0.80150
2025-10-14,0.80100
2025-10-15,0.79720
2025-10-16,0.79570
2025-10-17,0.79190
2025-10-20,0.79180
2025-10-21,0.79500
2025-10-22,0.79580
2025-10-23,0.79560
2025-10-24,0.79580
2025-10-27,0.79650
2025-10-28,0.79270
2025-10-29,0.79580
2025-10-30,0.80200
2025-10-31,0.80270
2025-11-03,0.80730
2025-11-04,0.80910
2025-11-05,0.81070
2025-11-06,0.80690
2025-11-07,0.80400
2025-11-10,0.80620
2025-11-12,0.79720
2025-11-13,0.79170
2025-11-14,0.79330
2025-11-17,0.79560
2025-11-18,0.79960
2025-11-19,0.80460
2025-11-20,0.80540
2025-11-21,0.80870
2025-11-24,0.80840
2025-11-25,0.80910
2025-11-26,0.80480
2025-11-28,0.80360
2025-12-01,0.80350
2025-12-02,0.80460
2025-12-03,0.80040
2025-12-04,0.80220
2025-12-05,0.80500
2025-12-08,0.80780
2025-12-09,0.80610
2025-12-10,0.80270
2025-12-11,0.79320
2025-12-12,0.79600
2025-12-15,0.79630
2025-12-16,0.79490
2025-12-17,0.79480
2025-12-18,0.79420
2025-12-19,0.79500
2025-12-22,0.79250
2025-12-23,0.78970
2025-12-24,0.78870
2025-12-26,0.79000
2025-12-29,0.78990
2025-12-30,0.79070
2025-12-31,0.79360
2026-01-02,0.79180
2026-01-05,0.79240
2026-01-06,0.79540
2026-01-07,0.79670
2026-01-08,0.79930
2026-01-09,0.80120
2026-01-12,0.79720
2026-01-13,0.80050
2026-01-14,0.79870
2026-01-15,0.80300
2026-01-16,0.80260
2026-01-20,0.78910
2026-01-21,0.79290
2026-01-22,0.79050
2026-01-23,0.78790
2026-01-26,0.77530
2026-01-27,0.76660
2026-01-28,0.76940
2026-01-29,0.76740
2026-01-30,0.77100
2026-02-02,0.77970
2026-02-03,0.77490
2026-02-04,0.77670
2026-02-05,0.77720
2026-02-06,0.77580
2026-02-09,0.76790
2026-02-10,0.76680
2026-02-11,0.77000
2026-02-12,0.76930
2026-02-13,0.76850
2026-02-17,0.77180
2026-02-18,0.77230
2026-02-19,0.77580
2026-02-20,0.77560
2026-02-23,0.77340
2026-02-24,0.77340
2026-02-25,0.77280
2026-02-26,0.77380
2026-02-27,0.76860
2026-03-02,0.77970
2026-03-03,0.78280
2026-03-04,0.77980
2026-03-05,0.78190
2026-03-06,0.77780
2026-03-09,0.77870
2026-03-10,0.77530
2026-03-11,0.78060
2026-03-12,0.78440
2026-03-13,0.78980
2026-03-16,0.78870
2026-03-17,0.78570
2026-03-18,0.78920
2026-03-19,0.79240
2026-03-20,0.78900
2026-03-23,0.78780
2026-03-24,0.79140
2026-03-25,0.79180
2026-03-26,0.79350
2026-03-27,0.79700
2026-03-30,0.80010
2026-03-31,0.80270
2026-04-01,0.79330
2026-04-02,0.79850
2026-04-03,0.79990
2026-04-06,0.79790
2026-04-07,0.79970
2026-04-08,0.78990
2026-04-09,0.78890
2026-04-10,0.78930
2026-04-13,0.78760
2026-04-14,0.78100
2026-04-15,0.78150
2026-04-16,0.78330
2026-04-17,0.77950
2026-04-20,0.77820
2026-04-21,0.78000
2026-04-22,0.78350
2026-04-23,0.78430
2026-04-24,0.78480
2026-04-27,0.78450
2026-04-28,0.78880
2026-04-29,0.79020
2026-04-30,0.78240
2026-05-01,0.77960
2026-05-04,0.78350
2026-05-05,0.78220
2026-05-06,0.77930
2026-05-07,0.77770
2026-05-08,0.77730
2026-05-11,0.77730
2026-05-12,0.78170
2026-05-13,0.78250
2026-05-14,0.78300
2026-05-15,0.78680
2026-05-18,0.78560
2026-05-19,0.78970
2026-05-20,0.78760
2026-05-21,0.78930
2026-05-22,0.78570
2026-05-26,0.78600
2026-05-27,0.78710
2026-05-28,0.78450
2026-05-29,0.78110
